order_id,item_id,order_status,customer_id,product_id,brand_id,category_id,store_id,staff_id,order_date,required_date,shipped_date,region_id,latency_days,Late_Deliveries,Locality_Flag,quantity,list_price,local_price,discount,total_amount_US,total_amount_EG
1,1,4,259,20,1,3,1,2,20160101,20160103,20160103,137,2.0,False,Non local,1,599.99,28480.52631665,0.2,119.998,5696.1052633300005
1,2,4,259,8,9,6,1,2,20160101,20160103,20160103,137,2.0,False,Non local,2,1799.99,85442.52831665,0.07,251.99860000000004,11961.953964331002
1,3,4,259,10,8,4,1,2,20160101,20160103,20160103,137,2.0,False,Non local,2,1549.0,73528.45091500001,0.05,154.9,7352.845091500001
1,4,4,259,16,1,3,1,2,20160101,20160103,20160103,137,2.0,False,Non local,2,599.99,28480.52631665,0.05,59.999,2848.0526316650003
1,5,4,259,4,9,6,1,2,20160101,20160103,20160103,137,2.0,False,Non local,1,2899.99,137657.69681665,0.2,579.9979999999999,27531.539363329997
2,1,4,1212,20,1,3,2,6,20160101,20160104,20160103,66,2.0,False,Non local,1,599.99,28480.52631665,0.07,41.999300000000005,1993.6368421655002
2,2,4,1212,16,1,3,2,6,20160101,20160104,20160103,66,2.0,False,Non local,2,599.99,28480.52631665,0.05,59.999,2848.0526316650003
3,1,4,523,3,8,6,2,7,20160102,20160105,20160103,126,1.0,False,Non local,1,999.99,47467.86031665,0.05,49.999500000000005,2373.3930158325
3,2,4,523,20,1,3,2,7,20160102,20160105,20160103,126,1.0,False,Non local,1,599.99,28480.52631665,0.05,29.9995,1424.0263158325001
4,1,4,175,2,5,6,1,3,20160103,20160104,20160105,68,2.0,True,Non local,2,749.99,35600.776566650005,0.1,149.99800000000002,7120.155313330001
5,1,4,1324,10,8,4,2,6,20160103,20160106,20160106,47,3.0,False,Non local,2,1549.0,73528.45091500001,0.05,154.9,7352.845091500001
5,2,4,1324,17,4,3,2,6,20160103,20160106,20160106,47,3.0,False,Non local,1,429.0,20363.915715000003,0.07,30.03,1425.4741000500003
5,3,4,1324,26,1,2,2,6,20160103,20160106,20160106,47,3.0,False,Non local,1,599.99,28480.52631665,0.07,41.999300000000005,1993.6368421655002
6,1,4,94,18,4,3,2,6,20160104,20160107,20160105,32,1.0,False,Non local,1,449.0,21313.282415,0.07,31.430000000000003,1491.9297690500002
6,2,4,94,12,1,3,2,6,20160104,20160107,20160105,32,1.0,False,Non local,2,549.99,26107.10956665,0.05,54.999,2610.710956665
6,3,4,94,20,1,3,2,6,20160104,20160107,20160105,32,1.0,False,Non local,1,599.99,28480.52631665,0.1,59.999,2848.0526316650003
6,4,4,94,3,8,6,2,6,20160104,20160107,20160105,32,1.0,False,Non local,2,999.99,47467.86031665,0.07,139.9986,6645.500444331001
6,5,4,94,9,9,5,2,6,20160104,20160107,20160105,32,1.0,False,Non local,2,2999.99,142404.53031665,0.07,419.9986,19936.634244331002
7,1,4,324,15,1,3,2,6,20160104,20160107,20160105,139,1.0,False,Non local,1,529.99,25157.74286665,0.07,37.09930000000001,1761.0420006655004
7,2,4,324,3,8,6,2,6,20160104,20160107,20160105,139,1.0,False,Non local,1,999.99,47467.86031665,0.1,99.99900000000001,4746.786031665
7,3,4,324,17,4,3,2,6,20160104,20160107,20160105,139,1.0,False,Non local,2,429.0,20363.915715000003,0.1,85.80000000000001,4072.7831430000006
8,1,4,1204,22,1,1,2,7,20160104,20160105,20160105,74,1.0,False,Non local,1,269.99,12815.97576665,0.05,13.499500000000001,640.7987883325001
8,2,4,1204,20,1,3,2,7,20160104,20160105,20160105,74,1.0,False,Non local,2,599.99,28480.52631665,0.07,83.99860000000001,3987.2736843310004
9,1,4,60,7,9,6,1,2,20160105,20160108,20160108,51,3.0,False,Non local,2,3999.99,189872.86531665,0.1,799.998,37974.57306333
10,1,4,442,14,1,3,2,6,20160105,20160106,20160106,166,1.0,False,Non local,1,269.99,12815.97576665,0.1,26.999000000000002,1281.5975766650001
11,1,4,1326,8,9,6,2,7,20160105,20160108,20160107,181,2.0,False,Non local,1,1799.99,85442.52831665,0.05,89.99950000000001,4272.1264158325
11,2,4,1326,22,1,1,2,7,20160105,20160108,20160107,181,2.0,False,Non local,2,269.99,12815.97576665,0.1,53.998000000000005,2563.1951533300003
11,3,4,1326,16,1,3,2,7,20160105,20160108,20160107,181,2.0,False,Non local,2,599.99,28480.52631665,0.2,239.996,11392.210526660001
12,1,4,91,4,9,6,1,2,20160106,20160108,20160109,71,3.0,True,Non local,2,2899.99,137657.69681665,0.1,579.9979999999999,27531.539363329997
12,2,4,91,11,8,4,1,2,20160106,20160108,20160109,71,3.0,True,Non local,1,1680.99,79793.79645165,0.05,84.04950000000001,3989.6898225825007
13,1,4,873,13,1,3,2,6,20160108,20160111,20160111,134,3.0,False,Non local,1,269.99,12815.97576665,0.1,26.999000000000002,1281.5975766650001
13,2,4,873,17,4,3,2,6,20160108,20160111,20160111,134,3.0,False,Non local,2,429.0,20363.915715000003,0.05,42.900000000000006,2036.3915715000003
13,3,4,873,20,1,3,2,6,20160108,20160111,20160111,134,3.0,False,Non local,2,599.99,28480.52631665,0.1,119.998,5696.1052633300005
13,4,4,873,16,1,3,2,6,20160108,20160111,20160111,134,3.0,False,Non local,2,599.99,28480.52631665,0.05,59.999,2848.0526316650003
14,1,4,258,6,8,6,1,3,20160109,20160111,20160112,28,3.0,True,Non local,1,469.99,22309.64276665,0.07,32.899300000000004,1561.6749936655
15,1,4,450,12,1,3,2,7,20160109,20160110,20160112,163,3.0,True,Non local,2,549.99,26107.10956665,0.07,76.99860000000001,3654.995339331
15,2,4,450,8,9,6,2,7,20160109,20160110,20160112,163,3.0,True,Non local,1,1799.99,85442.52831665,0.07,125.99930000000002,5980.976982165501
15,3,4,450,18,4,3,2,7,20160109,20160110,20160112,163,3.0,True,Non local,2,449.0,21313.282415,0.05,44.900000000000006,2131.3282415000003
15,4,4,450,23,1,1,2,7,20160109,20160110,20160112,163,3.0,True,Non local,2,299.99,14240.02581665,0.2,119.99600000000001,5696.010326660001
16,1,4,552,8,9,6,1,3,20160112,20160115,20160115,105,3.0,False,Non local,1,1799.99,85442.52831665,0.2,359.99800000000005,17088.50566333
16,2,4,552,21,1,1,1,3,20160112,20160115,20160115,105,3.0,False,Non local,1,269.99,12815.97576665,0.05,13.499500000000001,640.7987883325001
16,3,4,552,13,1,3,1,3,20160112,20160115,20160115,105,3.0,False,Non local,2,269.99,12815.97576665,0.07,37.79860000000001,1794.2366073310002
16,4,4,552,14,1,3,1,3,20160112,20160115,20160115,105,3.0,False,Non local,1,269.99,12815.97576665,0.07,18.899300000000004,897.1183036655001
17,1,4,1175,8,9,6,1,3,20160112,20160114,20160114,154,2.0,False,Non local,1,1799.99,85442.52831665,0.07,125.99930000000002,5980.976982165501
17,2,4,1175,23,1,1,1,3,20160112,20160114,20160114,154,2.0,False,Non local,1,299.99,14240.02581665,0.1,29.999000000000002,1424.0025816650002
17,3,4,1175,5,3,6,1,3,20160112,20160114,20160114,154,2.0,False,Non local,1,1320.99,62705.19585165,0.1,132.09900000000002,6270.5195851650005
17,4,4,1175,20,1,3,1,3,20160112,20160114,20160114,154,2.0,False,Non local,2,599.99,28480.52631665,0.2,239.996,11392.210526660001
18,1,4,541,2,5,6,1,3,20160114,20160117,20160115,64,1.0,False,Non local,2,749.99,35600.776566650005,0.2,299.99600000000004,14240.310626660003
18,2,4,541,22,1,1,1,3,20160114,20160117,20160115,64,1.0,False,Non local,1,269.99,12815.97576665,0.05,13.499500000000001,640.7987883325001
18,3,4,541,7,9,6,1,3,20160114,20160117,20160115,64,1.0,False,Non local,1,3999.99,189872.86531665,0.1,399.999,18987.286531665
18,4,4,541,25,1,2,1,3,20160114,20160117,20160115,64,1.0,False,Non local,2,499.99,23733.692816650004,0.05,49.999,2373.3692816650005
18,5,4,541,9,9,5,1,3,20160114,20160117,20160115,64,1.0,False,Non local,2,2999.99,142404.53031665,0.1,599.9979999999999,28480.90606333
19,1,4,696,10,8,4,1,2,20160114,20160117,20160116,37,2.0,False,Non local,1,1549.0,73528.45091500001,0.07,108.43,5146.991564050001
19,2,4,696,9,9,5,1,2,20160114,20160117,20160116,37,2.0,False,Non local,2,2999.99,142404.53031665,0.2,1199.9959999999999,56961.81212666
20,1,4,923,9,9,5,1,2,20160114,20160116,20160117,132,3.0,True,Non local,1,2999.99,142404.53031665,0.07,209.9993,9968.317122165501
20,2,4,923,10,8,4,1,2,20160114,20160116,20160117,132,3.0,True,Non local,2,1549.0,73528.45091500001,0.07,216.86,10293.983128100002
21,1,4,1250,14,1,3,2,6,20160115,20160116,20160118,152,3.0,True,Non local,1,269.99,12815.97576665,0.05,13.499500000000001,640.7987883325001
21,2,4,1250,17,4,3,2,6,20160115,20160116,20160118,152,3.0,True,Non local,1,429.0,20363.915715000003,0.1,42.900000000000006,2036.3915715000003
21,3,4,1250,10,8,4,2,6,20160115,20160116,20160118,152,3.0,True,Non local,1,1549.0,73528.45091500001,0.07,108.43,5146.991564050001
22,1,4,1035,15,1,3,1,2,20160116,20160118,20160117,2,1.0,False,Non local,2,529.99,25157.74286665,0.2,211.996,10063.097146660002
22,2,4,1035,22,1,1,1,2,20160116,20160118,20160117,2,1.0,False,Non local,1,269.99,12815.97576665,0.05,13.499500000000001,640.7987883325001
23,1,4,1149,4,9,6,1,2,20160116,20160119,20160119,109,3.0,False,Non local,2,2899.99,137657.69681665,0.05,289.99899999999997,13765.769681664999
23,2,4,1149,23,1,1,1,2,20160116,20160119,20160119,109,3.0,False,Non local,2,299.99,14240.02581665,0.1,59.998000000000005,2848.0051633300004
23,3,4,1149,13,1,3,1,2,20160116,20160119,20160119,109,3.0,False,Non local,1,269.99,12815.97576665,0.2,53.998000000000005,2563.1951533300003
24,1,4,636,3,8,6,2,7,20160118,20160120,20160119,81,1.0,False,Non local,2,999.99,47467.86031665,0.1,199.99800000000002,9493.57206333
24,2,4,636,18,4,3,2,7,20160118,20160120,20160119,81,1.0,False,Non local,2,449.0,21313.282415,0.07,62.86000000000001,2983.8595381000005
25,1,4,657,23,1,1,2,6,20160118,20160121,20160121,63,3.0,False,local,2,299.99,14240.02581665,0.2,119.99600000000001,5696.010326660001
25,2,4,657,10,8,4,2,6,20160118,20160121,20160121,63,3.0,False,local,2,1549.0,73528.45091500001,0.2,619.6,29411.380366000005
25,3,4,657,22,1,1,2,6,20160118,20160121,20160121,63,3.0,False,local,1,269.99,12815.97576665,0.2,53.998000000000005,2563.1951533300003
25,4,4,657,14,1,3,2,6,20160118,20160121,20160121,63,3.0,False,local,1,269.99,12815.97576665,0.2,53.998000000000005,2563.1951533300003
25,5,4,657,21,1,1,2,6,20160118,20160121,20160121,63,3.0,False,local,1,269.99,12815.97576665,0.1,26.999000000000002,1281.5975766650001
26,1,4,1280,7,9,6,2,7,20160118,20160121,20160119,158,1.0,False,Non local,1,3999.99,189872.86531665,0.05,199.9995,9493.6432658325
26,2,4,1280,2,5,6,2,7,20160118,20160121,20160119,158,1.0,False,Non local,1,749.99,35600.776566650005,0.2,149.99800000000002,7120.155313330001
26,3,4,1280,12,1,3,2,7,20160118,20160121,20160119,158,1.0,False,Non local,1,549.99,26107.10956665,0.2,109.998,5221.42191333
26,4,4,1280,21,1,1,2,7,20160118,20160121,20160119,158,1.0,False,Non local,2,269.99,12815.97576665,0.07,37.79860000000001,1794.2366073310002
27,1,4,57,5,3,6,2,7,20160119,20160121,20160120,48,1.0,False,Non local,1,1320.99,62705.19585165,0.2,264.19800000000004,12541.039170330001
27,2,4,57,19,4,3,2,7,20160119,20160121,20160120,48,1.0,False,Non local,1,449.0,21313.282415,0.2,89.80000000000001,4262.656483000001
27,3,4,57,26,1,2,2,7,20160119,20160121,20160120,48,1.0,False,Non local,2,599.99,28480.52631665,0.07,83.99860000000001,3987.2736843310004
27,4,4,57,8,9,6,2,7,20160119,20160121,20160120,48,1.0,False,Non local,1,1799.99,85442.52831665,0.07,125.99930000000002,5980.976982165501
28,1,4,252,5,3,6,2,6,20160119,20160120,20160121,39,2.0,True,Non local,1,1320.99,62705.19585165,0.05,66.04950000000001,3135.2597925825003
28,2,4,252,7,9,6,2,6,20160119,20160120,20160121,39,2.0,True,Non local,2,3999.99,189872.86531665,0.2,1599.996,75949.14612666
28,3,4,252,14,1,3,2,6,20160119,20160120,20160121,39,2.0,True,Non local,2,269.99,12815.97576665,0.1,53.998000000000005,2563.1951533300003
28,4,4,252,6,8,6,2,6,20160119,20160120,20160121,39,2.0,True,Non local,1,469.99,22309.64276665,0.05,23.4995,1115.4821383325
29,1,4,437,24,1,2,2,6,20160120,20160122,20160121,1,1.0,False,Non local,2,549.99,26107.10956665,0.05,54.999,2610.710956665
29,2,4,437,6,8,6,2,6,20160120,20160122,20160121,1,1.0,False,Non local,1,469.99,22309.64276665,0.2,93.998,4461.92855333
29,3,4,437,21,1,1,2,6,20160120,20160122,20160121,1,1.0,False,Non local,2,269.99,12815.97576665,0.1,53.998000000000005,2563.1951533300003
29,4,4,437,8,9,6,2,6,20160120,20160122,20160121,1,1.0,False,Non local,1,1799.99,85442.52831665,0.2,359.99800000000005,17088.50566333
29,5,4,437,14,1,3,2,6,20160120,20160122,20160121,1,1.0,False,Non local,2,269.99,12815.97576665,0.05,26.999000000000002,1281.5975766650001
30,1,4,1348,26,1,2,2,6,20160120,20160121,20160121,44,1.0,False,Non local,1,599.99,28480.52631665,0.05,29.9995,1424.0263158325001
30,2,4,1348,17,4,3,2,6,20160120,20160121,20160121,44,1.0,False,Non local,1,429.0,20363.915715000003,0.07,30.03,1425.4741000500003
30,3,4,1348,19,4,3,2,6,20160120,20160121,20160121,44,1.0,False,Non local,1,449.0,21313.282415,0.1,44.900000000000006,2131.3282415000003
30,4,4,1348,4,9,6,2,6,20160120,20160121,20160121,44,1.0,False,Non local,1,2899.99,137657.69681665,0.1,289.99899999999997,13765.769681664999
30,5,4,1348,7,9,6,2,6,20160120,20160121,20160121,44,1.0,False,Non local,2,3999.99,189872.86531665,0.1,799.998,37974.57306333
31,1,4,1238,11,8,4,3,8,20160120,20160122,20160122,164,2.0,False,Non local,2,1680.99,79793.79645165,0.05,168.09900000000002,7979.379645165001
31,2,4,1238,9,9,5,3,8,20160120,20160122,20160122,164,2.0,False,Non local,2,2999.99,142404.53031665,0.2,1199.9959999999999,56961.81212666
32,1,4,1259,8,9,6,1,3,20160121,20160124,20160122,51,1.0,False,Non local,2,1799.99,85442.52831665,0.07,251.99860000000004,11961.953964331002
32,2,4,1259,12,1,3,1,3,20160121,20160124,20160122,51,1.0,False,Non local,2,549.99,26107.10956665,0.07,76.99860000000001,3654.995339331
32,3,4,1259,25,1,2,1,3,20160121,20160124,20160122,51,1.0,False,Non local,2,499.99,23733.692816650004,0.1,99.998,4746.738563330001
33,1,4,236,23,1,1,2,6,20160121,20160122,20160122,121,1.0,False,Non local,2,299.99,14240.02581665,0.07,41.9986,1993.6036143310002
33,2,4,236,7,9,6,2,6,20160121,20160122,20160122,121,1.0,False,Non local,1,3999.99,189872.86531665,0.1,399.999,18987.286531665
34,1,4,80,8,9,6,2,6,20160122,20160125,20160123,7,1.0,False,Non local,2,1799.99,85442.52831665,0.07,251.99860000000004,11961.953964331002
34,2,4,80,10,8,4,2,6,20160122,20160125,20160123,7,1.0,False,Non local,2,1549.0,73528.45091500001,0.1,309.8,14705.690183000002
34,3,4,80,17,4,3,2,6,20160122,20160125,20160123,7,1.0,False,Non local,2,429.0,20363.915715000003,0.2,171.60000000000002,8145.566286000001
35,1,4,813,18,4,3,2,7,20160122,20160125,20160124,84,2.0,False,Non local,1,449.0,21313.282415,0.05,22.450000000000003,1065.6641207500002
35,2,4,813,20,1,3,2,7,20160122,20160125,20160124,84,2.0,False,Non local,2,599.99,28480.52631665,0.05,59.999,2848.0526316650003
35,3,4,813,5,3,6,2,7,20160122,20160125,20160124,84,2.0,False,Non local,1,1320.99,62705.19585165,0.2,264.19800000000004,12541.039170330001
35,4,4,813,21,1,1,2,7,20160122,20160125,20160124,84,2.0,False,Non local,2,269.99,12815.97576665,0.07,37.79860000000001,1794.2366073310002
35,5,4,813,22,1,1,2,7,20160122,20160125,20160124,84,2.0,False,Non local,1,269.99,12815.97576665,0.07,18.899300000000004,897.1183036655001
36,1,4,1321,9,9,5,2,6,20160123,20160124,20160124,104,1.0,False,Non local,1,2999.99,142404.53031665,0.07,209.9993,9968.317122165501
36,2,4,1321,5,3,6,2,6,20160123,20160124,20160124,104,1.0,False,Non local,1,1320.99,62705.19585165,0.05,66.04950000000001,3135.2597925825003
36,3,4,1321,3,8,6,2,6,20160123,20160124,20160124,104,1.0,False,Non local,2,999.99,47467.86031665,0.2,399.99600000000004,18987.14412666
37,1,4,164,16,1,3,2,6,20160125,20160128,20160126,106,1.0,False,Non local,2,599.99,28480.52631665,0.05,59.999,2848.0526316650003
38,1,4,583,7,9,6,2,7,20160125,20160127,20160126,25,1.0,False,Non local,2,3999.99,189872.86531665,0.05,399.999,18987.286531665
38,2,4,583,23,1,1,2,7,20160125,20160127,20160126,25,1.0,False,Non local,1,299.99,14240.02581665,0.07,20.9993,996.8018071655001
38,3,4,583,25,1,2,2,7,20160125,20160127,20160126,25,1.0,False,Non local,1,499.99,23733.692816650004,0.2,99.998,4746.738563330001
38,4,4,583,10,8,4,2,7,20160125,20160127,20160126,25,1.0,False,Non local,2,1549.0,73528.45091500001,0.1,309.8,14705.690183000002
38,5,4,583,24,1,2,2,7,20160125,20160127,20160126,25,1.0,False,Non local,1,549.99,26107.10956665,0.07,38.499300000000005,1827.4976696655
39,1,4,1296,22,1,1,2,7,20160125,20160126,20160126,96,1.0,False,Non local,2,269.99,12815.97576665,0.2,107.99600000000001,5126.3903066600005
39,2,4,1296,16,1,3,2,7,20160125,20160126,20160126,96,1.0,False,Non local,2,599.99,28480.52631665,0.2,239.996,11392.210526660001
39,3,4,1296,3,8,6,2,7,20160125,20160126,20160126,96,1.0,False,Non local,2,999.99,47467.86031665,0.05,99.99900000000001,4746.786031665
39,4,4,1296,15,1,3,2,7,20160125,20160126,20160126,96,1.0,False,Non local,1,529.99,25157.74286665,0.1,52.999,2515.7742866650005
40,1,4,348,17,4,3,1,3,20160127,20160128,20160129,64,2.0,True,Non local,1,429.0,20363.915715000003,0.2,85.80000000000001,4072.7831430000006
40,2,4,348,8,9,6,1,3,20160127,20160128,20160129,64,2.0,True,Non local,2,1799.99,85442.52831665,0.2,719.9960000000001,34177.01132666
41,1,4,979,5,3,6,2,6,20160127,20160130,20160129,156,2.0,False,Non local,1,1320.99,62705.19585165,0.1,132.09900000000002,6270.5195851650005
41,2,4,979,19,4,3,2,6,20160127,20160130,20160129,156,2.0,False,Non local,2,449.0,21313.282415,0.2,179.60000000000002,8525.312966000001
41,3,4,979,26,1,2,2,6,20160127,20160130,20160129,156,2.0,False,Non local,2,599.99,28480.52631665,0.2,239.996,11392.210526660001
42,1,4,1095,19,4,3,2,7,20160127,20160128,20160130,114,3.0,True,Non local,1,449.0,21313.282415,0.05,22.450000000000003,1065.6641207500002
43,1,4,1434,13,1,3,2,7,20160127,20160128,20160130,33,3.0,True,Non local,2,269.99,12815.97576665,0.1,53.998000000000005,2563.1951533300003
43,2,4,1434,12,1,3,2,7,20160127,20160128,20160130,33,3.0,True,Non local,2,549.99,26107.10956665,0.05,54.999,2610.710956665
44,1,4,861,7,9,6,2,7,20160128,20160131,20160130,142,2.0,False,Non local,1,3999.99,189872.86531665,0.1,399.999,18987.286531665
44,2,4,861,16,1,3,2,7,20160128,20160131,20160130,142,2.0,False,Non local,1,599.99,28480.52631665,0.05,29.9995,1424.0263158325001
45,1,4,1220,4,9,6,2,7,20160128,20160131,20160131,66,3.0,False,Non local,2,2899.99,137657.69681665,0.2,1159.9959999999999,55063.078726659995
45,2,4,1220,22,1,1,2,7,20160128,20160131,20160131,66,3.0,False,Non local,1,269.99,12815.97576665,0.07,18.899300000000004,897.1183036655001
45,3,4,1220,21,1,1,2,7,20160128,20160131,20160131,66,3.0,False,Non local,2,269.99,12815.97576665,0.05,26.999000000000002,1281.5975766650001
46,1,4,746,17,4,3,2,7,20160129,20160131,20160131,49,2.0,False,Non local,1,429.0,20363.915715000003,0.1,42.900000000000006,2036.3915715000003
47,1,4,1234,6,8,6,2,7,20160129,20160130,20160131,27,2.0,True,Non local,1,469.99,22309.64276665,0.05,23.4995,1115.4821383325
47,2,4,1234,15,1,3,2,7,20160129,20160130,20160131,27,2.0,True,Non local,1,529.99,25157.74286665,0.1,52.999,2515.7742866650005
47,3,4,1234,25,1,2,2,7,20160129,20160130,20160131,27,2.0,True,Non local,2,499.99,23733.692816650004,0.07,69.99860000000001,3322.716994331001
47,4,4,1234,13,1,3,2,7,20160129,20160130,20160131,27,2.0,True,Non local,1,269.99,12815.97576665,0.2,53.998000000000005,2563.1951533300003
48,1,4,1012,11,8,4,2,7,20160130,20160201,20160202,32,3.0,True,Non local,1,1680.99,79793.79645165,0.1,168.09900000000002,7979.379645165001
48,2,4,1012,4,9,6,2,7,20160130,20160201,20160202,32,3.0,True,Non local,1,2899.99,137657.69681665,0.2,579.9979999999999,27531.539363329997
48,3,4,1012,5,3,6,2,7,20160130,20160201,20160202,32,3.0,True,Non local,2,1320.99,62705.19585165,0.1,264.19800000000004,12541.039170330001
48,4,4,1012,14,1,3,2,7,20160130,20160201,20160202,32,3.0,True,Non local,2,269.99,12815.97576665,0.07,37.79860000000001,1794.2366073310002
49,1,4,608,13,1,3,2,6,20160131,20160201,20160202,162,2.0,True,Non local,2,269.99,12815.97576665,0.07,37.79860000000001,1794.2366073310002
50,1,4,872,3,8,6,3,8,20160131,20160203,20160202,89,2.0,False,Non local,1,999.99,47467.86031665,0.05,49.999500000000005,2373.3930158325
50,2,4,872,26,1,2,3,8,20160131,20160203,20160202,89,2.0,False,Non local,2,599.99,28480.52631665,0.07,83.99860000000001,3987.2736843310004
50,3,4,872,13,1,3,3,8,20160131,20160203,20160202,89,2.0,False,Non local,2,269.99,12815.97576665,0.2,107.99600000000001,5126.3903066600005
51,1,4,1047,13,1,3,2,7,20160201,20160202,20160203,80,2.0,True,Non local,1,269.99,12815.97576665,0.05,13.499500000000001,640.7987883325001
51,2,4,1047,20,1,3,2,7,20160201,20160202,20160203,80,2.0,True,Non local,1,599.99,28480.52631665,0.05,29.9995,1424.0263158325001
51,3,4,1047,26,1,2,2,7,20160201,20160202,20160203,80,2.0,True,Non local,2,599.99,28480.52631665,0.2,239.996,11392.210526660001
52,1,4,767,25,1,2,1,2,20160203,20160204,20160205,83,2.0,True,Non local,1,499.99,23733.692816650004,0.07,34.999300000000005,1661.3584971655005
53,1,4,965,8,9,6,2,6,20160203,20160204,20160205,101,2.0,True,Non local,2,1799.99,85442.52831665,0.2,719.9960000000001,34177.01132666
53,2,4,965,23,1,1,2,6,20160203,20160204,20160205,101,2.0,True,Non local,2,299.99,14240.02581665,0.05,29.999000000000002,1424.0025816650002
53,3,4,965,14,1,3,2,6,20160203,20160204,20160205,101,2.0,True,Non local,2,269.99,12815.97576665,0.2,107.99600000000001,5126.3903066600005
53,4,4,965,25,1,2,2,6,20160203,20160204,20160205,101,2.0,True,Non local,2,499.99,23733.692816650004,0.1,99.998,4746.738563330001
54,1,4,535,26,1,2,2,7,20160204,20160207,20160207,25,3.0,False,Non local,2,599.99,28480.52631665,0.2,239.996,11392.210526660001
54,2,4,535,3,8,6,2,7,20160204,20160207,20160207,25,3.0,False,Non local,1,999.99,47467.86031665,0.2,199.99800000000002,9493.57206333
55,1,4,1173,21,1,1,2,6,20160204,20160207,20160206,138,2.0,False,Non local,1,269.99,12815.97576665,0.05,13.499500000000001,640.7987883325001
55,2,4,1173,25,1,2,2,6,20160204,20160207,20160206,138,2.0,False,Non local,2,499.99,23733.692816650004,0.2,199.996,9493.477126660002
55,3,4,1173,15,1,3,2,6,20160204,20160207,20160206,138,2.0,False,Non local,2,529.99,25157.74286665,0.2,211.996,10063.097146660002
56,1,4,1241,20,1,3,2,6,20160204,20160206,20160207,55,3.0,True,Non local,2,599.99,28480.52631665,0.07,83.99860000000001,3987.2736843310004
57,1,4,1305,23,1,1,2,7,20160204,20160206,20160206,169,2.0,False,Non local,2,299.99,14240.02581665,0.1,59.998000000000005,2848.0051633300004
57,2,4,1305,19,4,3,2,7,20160204,20160206,20160206,169,2.0,False,Non local,2,449.0,21313.282415,0.2,179.60000000000002,8525.312966000001
57,3,4,1305,13,1,3,2,7,20160204,20160206,20160206,169,2.0,False,Non local,1,269.99,12815.97576665,0.07,18.899300000000004,897.1183036655001
58,1,4,504,14,1,3,2,6,20160205,20160207,20160207,70,2.0,False,Non local,2,269.99,12815.97576665,0.05,26.999000000000002,1281.5975766650001
58,2,4,504,18,4,3,2,6,20160205,20160207,20160207,70,2.0,False,Non local,1,449.0,21313.282415,0.07,31.430000000000003,1491.9297690500002
58,3,4,504,23,1,1,2,6,20160205,20160207,20160207,70,2.0,False,Non local,1,299.99,14240.02581665,0.1,29.999000000000002,1424.0025816650002
59,1,4,563,21,1,1,2,7,20160205,20160207,20160206,39,1.0,False,Non local,1,269.99,12815.97576665,0.05,13.499500000000001,640.7987883325001
59,2,4,563,2,5,6,2,7,20160205,20160207,20160206,39,1.0,False,Non local,1,749.99,35600.776566650005,0.1,74.99900000000001,3560.0776566650006
59,3,4,563,17,4,3,2,7,20160205,20160207,20160206,39,1.0,False,Non local,2,429.0,20363.915715000003,0.1,85.80000000000001,4072.7831430000006
60,1,4,151,14,1,3,1,3,20160206,20160208,20160207,23,1.0,False,Non local,2,269.99,12815.97576665,0.05,26.999000000000002,1281.5975766650001
60,2,4,151,4,9,6,1,3,20160206,20160208,20160207,23,1.0,False,Non local,1,2899.99,137657.69681665,0.1,289.99899999999997,13765.769681664999
60,3,4,151,15,1,3,1,3,20160206,20160208,20160207,23,1.0,False,Non local,1,529.99,25157.74286665,0.07,37.09930000000001,1761.0420006655004
60,4,4,151,22,1,1,1,3,20160206,20160208,20160207,23,1.0,False,Non local,1,269.99,12815.97576665,0.2,53.998000000000005,2563.1951533300003
61,1,4,277,25,1,2,2,7,20160206,20160209,20160209,10,3.0,False,Non local,1,499.99,23733.692816650004,0.1,49.999,2373.3692816650005
61,2,4,277,15,1,3,2,7,20160206,20160209,20160209,10,3.0,False,Non local,2,529.99,25157.74286665,0.05,52.999,2515.7742866650005
61,3,4,277,5,3,6,2,7,20160206,20160209,20160209,10,3.0,False,Non local,2,1320.99,62705.19585165,0.2,528.3960000000001,25082.078340660002
62,1,4,208,14,1,3,1,2,20160207,20160210,20160210,120,3.0,False,Non local,1,269.99,12815.97576665,0.07,18.899300000000004,897.1183036655001
62,2,4,208,8,9,6,1,2,20160207,20160210,20160210,120,3.0,False,Non local,2,1799.99,85442.52831665,0.1,359.99800000000005,17088.50566333
62,3,4,208,22,1,1,1,2,20160207,20160210,20160210,120,3.0,False,Non local,2,269.99,12815.97576665,0.1,53.998000000000005,2563.1951533300003
63,1,4,1075,25,1,2,2,7,20160207,20160209,20160209,66,2.0,False,Non local,2,499.99,23733.692816650004,0.1,99.998,4746.738563330001
63,2,4,1075,19,4,3,2,7,20160207,20160209,20160209,66,2.0,False,Non local,2,449.0,21313.282415,0.05,44.900000000000006,2131.3282415000003
63,3,4,1075,3,8,6,2,7,20160207,20160209,20160209,66,2.0,False,Non local,1,999.99,47467.86031665,0.1,99.99900000000001,4746.786031665
64,1,4,1185,25,1,2,2,6,20160207,20160208,20160209,186,2.0,True,Non local,2,499.99,23733.692816650004,0.1,99.998,4746.738563330001
64,2,4,1185,22,1,1,2,6,20160207,20160208,20160209,186,2.0,True,Non local,2,269.99,12815.97576665,0.2,107.99600000000001,5126.3903066600005
64,3,4,1185,23,1,1,2,6,20160207,20160208,20160209,186,2.0,True,Non local,2,299.99,14240.02581665,0.2,119.99600000000001,5696.010326660001
64,4,4,1185,24,1,2,2,6,20160207,20160208,20160209,186,2.0,True,Non local,2,549.99,26107.10956665,0.1,109.998,5221.42191333
65,1,4,996,12,1,3,2,6,20160208,20160209,20160211,162,3.0,True,Non local,1,549.99,26107.10956665,0.1,54.999,2610.710956665
66,1,4,1253,2,5,6,2,7,20160209,20160212,20160212,194,3.0,False,Non local,1,749.99,35600.776566650005,0.2,149.99800000000002,7120.155313330001
66,2,4,1253,23,1,1,2,7,20160209,20160212,20160212,194,3.0,False,Non local,1,299.99,14240.02581665,0.07,20.9993,996.8018071655001
66,3,4,1253,12,1,3,2,7,20160209,20160212,20160212,194,3.0,False,Non local,1,549.99,26107.10956665,0.07,38.499300000000005,1827.4976696655
67,1,4,526,23,1,1,3,8,20160209,20160211,20160210,19,1.0,False,Non local,2,299.99,14240.02581665,0.2,119.99600000000001,5696.010326660001
67,2,4,526,12,1,3,3,8,20160209,20160211,20160210,19,1.0,False,Non local,2,549.99,26107.10956665,0.1,109.998,5221.42191333
67,3,4,526,21,1,1,3,8,20160209,20160211,20160210,19,1.0,False,Non local,1,269.99,12815.97576665,0.2,53.998000000000005,2563.1951533300003
67,4,4,526,5,3,6,3,8,20160209,20160211,20160210,19,1.0,False,Non local,2,1320.99,62705.19585165,0.1,264.19800000000004,12541.039170330001
67,5,4,526,19,4,3,3,8,20160209,20160211,20160210,19,1.0,False,Non local,1,449.0,21313.282415,0.2,89.80000000000001,4262.656483000001
68,1,4,381,13,1,3,2,6,20160210,20160211,20160213,48,3.0,True,Non local,2,269.99,12815.97576665,0.07,37.79860000000001,1794.2366073310002
68,2,4,381,17,4,3,2,6,20160210,20160211,20160213,48,3.0,True,Non local,1,429.0,20363.915715000003,0.1,42.900000000000006,2036.3915715000003
69,1,4,1413,22,1,1,2,7,20160210,20160212,20160211,116,1.0,False,Non local,2,269.99,12815.97576665,0.1,53.998000000000005,2563.1951533300003
69,2,4,1413,5,3,6,2,7,20160210,20160212,20160211,116,1.0,False,Non local,1,1320.99,62705.19585165,0.2,264.19800000000004,12541.039170330001
69,3,4,1413,10,8,4,2,7,20160210,20160212,20160211,116,1.0,False,Non local,1,1549.0,73528.45091500001,0.05,77.45,3676.4225457500006
70,1,3,50,3,8,6,3,9,20160211,20160211,,19,,False,Non local,2,999.99,47467.86031665,0.05,99.99900000000001,4746.786031665
70,2,3,50,18,4,3,3,9,20160211,20160211,,19,,False,Non local,1,449.0,21313.282415,0.2,89.80000000000001,4262.656483000001
70,3,3,50,20,1,3,3,9,20160211,20160211,,19,,False,Non local,1,599.99,28480.52631665,0.05,29.9995,1424.0263158325001
71,1,4,797,26,1,2,2,7,20160211,20160214,20160212,75,1.0,False,Non local,2,599.99,28480.52631665,0.05,59.999,2848.0526316650003
71,2,4,797,24,1,2,2,7,20160211,20160214,20160212,75,1.0,False,Non local,1,549.99,26107.10956665,0.2,109.998,5221.42191333
71,3,4,797,18,4,3,2,7,20160211,20160214,20160212,75,1.0,False,Non local,1,449.0,21313.282415,0.1,44.900000000000006,2131.3282415000003
72,1,4,1386,17,4,3,1,2,20160212,20160215,20160213,71,1.0,False,Non local,2,429.0,20363.915715000003,0.07,60.06,2850.9482001000006
72,2,4,1386,12,1,3,1,2,20160212,20160215,20160213,71,1.0,False,Non local,1,549.99,26107.10956665,0.05,27.4995,1305.3554783325
72,3,4,1386,13,1,3,1,2,20160212,20160215,20160213,71,1.0,False,Non local,2,269.99,12815.97576665,0.1,53.998000000000005,2563.1951533300003
73,1,4,612,22,1,1,2,7,20160212,20160215,20160214,117,2.0,False,Non local,1,269.99,12815.97576665,0.07,18.899300000000004,897.1183036655001
73,2,4,612,26,1,2,2,7,20160212,20160215,20160214,117,2.0,False,Non local,2,599.99,28480.52631665,0.05,59.999,2848.0526316650003
73,3,4,612,3,8,6,2,7,20160212,20160215,20160214,117,2.0,False,Non local,2,999.99,47467.86031665,0.07,139.9986,6645.500444331001
73,4,4,612,25,1,2,2,7,20160212,20160215,20160214,117,2.0,False,Non local,1,499.99,23733.692816650004,0.07,34.999300000000005,1661.3584971655005
73,5,4,612,23,1,1,2,7,20160212,20160215,20160214,117,2.0,False,Non local,2,299.99,14240.02581665,0.2,119.99600000000001,5696.010326660001
74,1,4,264,16,1,3,2,7,20160213,20160215,20160215,138,2.0,False,Non local,2,599.99,28480.52631665,0.05,59.999,2848.0526316650003
74,2,4,264,6,8,6,2,7,20160213,20160215,20160215,138,2.0,False,Non local,1,469.99,22309.64276665,0.07,32.899300000000004,1561.6749936655
75,1,4,587,3,8,6,2,6,20160214,20160215,20160217,163,3.0,True,Non local,1,999.99,47467.86031665,0.1,99.99900000000001,4746.786031665
75,2,4,587,7,9,6,2,6,20160214,20160215,20160217,163,3.0,True,Non local,2,3999.99,189872.86531665,0.07,559.9986,26582.201144331
75,3,4,587,15,1,3,2,6,20160214,20160215,20160217,163,3.0,True,Non local,1,529.99,25157.74286665,0.2,105.998,5031.548573330001
76,1,3,9,12,1,3,2,6,20160216,20160216,,9,,False,Non local,1,549.99,26107.10956665,0.05,27.4995,1305.3554783325
76,2,3,9,11,8,4,2,6,20160216,20160216,,9,,False,Non local,2,1680.99,79793.79645165,0.1,336.19800000000004,15958.759290330003
76,3,3,9,5,3,6,2,6,20160216,20160216,,9,,False,Non local,1,1320.99,62705.19585165,0.07,92.4693,4389.363709615501
77,1,4,385,20,1,3,1,2,20160216,20160219,20160219,46,3.0,False,Non local,1,599.99,28480.52631665,0.07,41.999300000000005,1993.6368421655002
77,2,4,385,24,1,2,1,2,20160216,20160219,20160219,46,3.0,False,Non local,2,549.99,26107.10956665,0.1,109.998,5221.42191333
77,3,4,385,26,1,2,1,2,20160216,20160219,20160219,46,3.0,False,Non local,1,599.99,28480.52631665,0.2,119.998,5696.1052633300005
77,4,4,385,25,1,2,1,2,20160216,20160219,20160219,46,3.0,False,Non local,1,499.99,23733.692816650004,0.2,99.998,4746.738563330001
78,1,4,1182,17,4,3,2,7,20160216,20160218,20160219,143,3.0,True,Non local,1,429.0,20363.915715000003,0.07,30.03,1425.4741000500003
78,2,4,1182,19,4,3,2,7,20160216,20160218,20160219,143,3.0,True,Non local,1,449.0,21313.282415,0.2,89.80000000000001,4262.656483000001
78,3,4,1182,18,4,3,2,7,20160216,20160218,20160219,143,3.0,True,Non local,2,449.0,21313.282415,0.1,89.80000000000001,4262.656483000001
78,4,4,1182,14,1,3,2,7,20160216,20160218,20160219,143,3.0,True,Non local,2,269.99,12815.97576665,0.1,53.998000000000005,2563.1951533300003
79,1,4,529,9,9,5,1,3,20160217,20160220,20160220,179,3.0,False,Non local,2,2999.99,142404.53031665,0.1,599.9979999999999,28480.90606333
79,2,4,529,17,4,3,1,3,20160217,20160220,20160220,179,3.0,False,Non local,2,429.0,20363.915715000003,0.05,42.900000000000006,2036.3915715000003
79,3,4,529,6,8,6,1,3,20160217,20160220,20160220,179,3.0,False,Non local,1,469.99,22309.64276665,0.1,46.999,2230.964276665
79,4,4,529,25,1,2,1,3,20160217,20160220,20160220,179,3.0,False,Non local,2,499.99,23733.692816650004,0.07,69.99860000000001,3322.716994331001
80,1,4,397,26,1,2,2,6,20160217,20160220,20160219,70,2.0,False,Non local,1,599.99,28480.52631665,0.1,59.999,2848.0526316650003
80,2,4,397,24,1,2,2,6,20160217,20160220,20160219,70,2.0,False,Non local,1,549.99,26107.10956665,0.1,54.999,2610.710956665
80,3,4,397,17,4,3,2,6,20160217,20160220,20160219,70,2.0,False,Non local,1,429.0,20363.915715000003,0.2,85.80000000000001,4072.7831430000006
81,1,4,521,10,8,4,2,6,20160217,20160219,20160218,177,1.0,False,Non local,2,1549.0,73528.45091500001,0.2,619.6,29411.380366000005
81,2,4,521,23,1,1,2,6,20160217,20160219,20160218,177,1.0,False,Non local,2,299.99,14240.02581665,0.05,29.999000000000002,1424.0025816650002
81,3,4,521,25,1,2,2,6,20160217,20160219,20160218,177,1.0,False,Non local,2,499.99,23733.692816650004,0.05,49.999,2373.3692816650005
82,1,4,1223,25,1,2,2,6,20160218,20160221,20160220,116,2.0,False,Non local,2,499.99,23733.692816650004,0.1,99.998,4746.738563330001
82,2,4,1223,11,8,4,2,6,20160218,20160221,20160220,116,2.0,False,Non local,2,1680.99,79793.79645165,0.2,672.3960000000001,31917.518580660006
83,1,4,393,20,1,3,1,3,20160219,20160220,20160220,69,1.0,False,Non local,1,599.99,28480.52631665,0.2,119.998,5696.1052633300005
83,2,4,393,3,8,6,1,3,20160219,20160220,20160220,69,1.0,False,Non local,2,999.99,47467.86031665,0.05,99.99900000000001,4746.786031665
84,1,4,317,23,1,1,2,7,20160220,20160222,20160221,106,1.0,False,Non local,2,299.99,14240.02581665,0.07,41.9986,1993.6036143310002
84,2,4,317,15,1,3,2,7,20160220,20160222,20160221,106,1.0,False,Non local,2,529.99,25157.74286665,0.07,74.19860000000001,3522.0840013310008
85,1,4,1174,4,9,6,2,7,20160220,20160223,20160221,166,1.0,False,Non local,2,2899.99,137657.69681665,0.05,289.99899999999997,13765.769681664999
85,2,4,1174,18,4,3,2,7,20160220,20160223,20160221,166,1.0,False,Non local,1,449.0,21313.282415,0.07,31.430000000000003,1491.9297690500002
86,1,4,276,9,9,5,2,7,20160221,20160222,20160223,143,2.0,True,Non local,2,2999.99,142404.53031665,0.1,599.9979999999999,28480.90606333
86,2,4,276,23,1,1,2,7,20160221,20160222,20160223,143,2.0,True,Non local,2,299.99,14240.02581665,0.07,41.9986,1993.6036143310002
86,3,4,276,21,1,1,2,7,20160221,20160222,20160223,143,2.0,True,Non local,2,269.99,12815.97576665,0.2,107.99600000000001,5126.3903066600005
86,4,4,276,15,1,3,2,7,20160221,20160222,20160223,143,2.0,True,Non local,1,529.99,25157.74286665,0.1,52.999,2515.7742866650005
87,1,4,516,20,1,3,2,6,20160221,20160222,20160223,119,2.0,True,Non local,2,599.99,28480.52631665,0.2,239.996,11392.210526660001
87,2,4,516,23,1,1,2,6,20160221,20160222,20160223,119,2.0,True,Non local,2,299.99,14240.02581665,0.1,59.998000000000005,2848.0051633300004
88,1,4,1069,10,8,4,2,6,20160221,20160222,20160223,162,2.0,True,Non local,1,1549.0,73528.45091500001,0.07,108.43,5146.991564050001
88,2,4,1069,8,9,6,2,6,20160221,20160222,20160223,162,2.0,True,Non local,2,1799.99,85442.52831665,0.1,359.99800000000005,17088.50566333
88,3,4,1069,7,9,6,2,6,20160221,20160222,20160223,162,2.0,True,Non local,1,3999.99,189872.86531665,0.1,399.999,18987.286531665
89,1,4,668,5,3,6,3,8,20160221,20160224,20160224,173,3.0,False,Non local,1,1320.99,62705.19585165,0.05,66.04950000000001,3135.2597925825003
89,2,4,668,6,8,6,3,8,20160221,20160224,20160224,173,3.0,False,Non local,2,469.99,22309.64276665,0.1,93.998,4461.92855333
90,1,4,414,3,8,6,2,7,20160223,20160225,20160224,156,1.0,False,Non local,1,999.99,47467.86031665,0.1,99.99900000000001,4746.786031665
90,2,4,414,6,8,6,2,7,20160223,20160225,20160224,156,1.0,False,Non local,1,469.99,22309.64276665,0.07,32.899300000000004,1561.6749936655
91,1,4,648,11,8,4,1,2,20160225,20160227,20160228,133,3.0,True,Non local,1,1680.99,79793.79645165,0.1,168.09900000000002,7979.379645165001
91,2,4,648,25,1,2,1,2,20160225,20160227,20160228,133,3.0,True,Non local,1,499.99,23733.692816650004,0.05,24.9995,1186.6846408325002
91,3,4,648,15,1,3,1,2,20160225,20160227,20160228,133,3.0,True,Non local,2,529.99,25157.74286665,0.07,74.19860000000001,3522.0840013310008
91,4,4,648,13,1,3,1,2,20160225,20160227,20160228,133,3.0,True,Non local,2,269.99,12815.97576665,0.07,37.79860000000001,1794.2366073310002
92,1,4,1309,8,9,6,2,7,20160225,20160228,20160228,146,3.0,False,Non local,1,1799.99,85442.52831665,0.1,179.99900000000002,8544.252831665
93,1,4,1328,22,1,1,1,3,20160226,20160228,20160227,127,1.0,False,Non local,2,269.99,12815.97576665,0.07,37.79860000000001,1794.2366073310002
93,2,4,1328,17,4,3,1,3,20160226,20160228,20160227,127,1.0,False,Non local,1,429.0,20363.915715000003,0.05,21.450000000000003,1018.1957857500001
93,3,4,1328,21,1,1,1,3,20160226,20160228,20160227,127,1.0,False,Non local,1,269.99,12815.97576665,0.1,26.999000000000002,1281.5975766650001
93,4,4,1328,2,5,6,1,3,20160226,20160228,20160227,127,1.0,False,Non local,1,749.99,35600.776566650005,0.2,149.99800000000002,7120.155313330001
93,5,4,1328,10,8,4,1,3,20160226,20160228,20160227,127,1.0,False,Non local,2,1549.0,73528.45091500001,0.07,216.86,10293.983128100002
94,1,4,929,12,1,3,1,2,20160227,20160228,20160229,137,2.0,True,Non local,1,549.99,26107.10956665,0.05,27.4995,1305.3554783325
94,2,4,929,4,9,6,1,2,20160227,20160228,20160229,137,2.0,True,Non local,1,2899.99,137657.69681665,0.2,579.9979999999999,27531.539363329997
94,3,4,929,11,8,4,1,2,20160227,20160228,20160229,137,2.0,True,Non local,1,1680.99,79793.79645165,0.2,336.19800000000004,15958.759290330003
94,4,4,929,21,1,1,1,2,20160227,20160228,20160229,137,2.0,True,Non local,2,269.99,12815.97576665,0.07,37.79860000000001,1794.2366073310002
95,1,4,218,10,8,4,2,7,20160227,20160229,20160228,9,1.0,False,Non local,2,1549.0,73528.45091500001,0.2,619.6,29411.380366000005
95,2,4,218,19,4,3,2,7,20160227,20160229,20160228,9,1.0,False,Non local,1,449.0,21313.282415,0.1,44.900000000000006,2131.3282415000003
95,3,4,218,8,9,6,2,7,20160227,20160229,20160228,9,1.0,False,Non local,2,1799.99,85442.52831665,0.2,719.9960000000001,34177.01132666
95,4,4,218,20,1,3,2,7,20160227,20160229,20160228,9,1.0,False,Non local,2,599.99,28480.52631665,0.05,59.999,2848.0526316650003
96,1,4,1094,26,1,2,2,7,20160227,20160229,20160228,65,1.0,False,Non local,1,599.99,28480.52631665,0.1,59.999,2848.0526316650003
96,2,4,1094,23,1,1,2,7,20160227,20160229,20160228,65,1.0,False,Non local,1,299.99,14240.02581665,0.05,14.999500000000001,712.0012908325001
97,1,4,204,20,1,3,2,7,20160228,20160229,20160301,50,2.0,True,Non local,2,599.99,28480.52631665,0.2,239.996,11392.210526660001
97,2,4,204,2,5,6,2,7,20160228,20160229,20160301,50,2.0,True,Non local,1,749.99,35600.776566650005,0.07,52.499300000000005,2492.0543596655007
97,3,4,204,6,8,6,2,7,20160228,20160229,20160301,50,2.0,True,Non local,2,469.99,22309.64276665,0.2,187.996,8923.85710666
97,4,4,204,19,4,3,2,7,20160228,20160229,20160301,50,2.0,True,Non local,1,449.0,21313.282415,0.1,44.900000000000006,2131.3282415000003
98,1,4,1194,19,4,3,2,6,20160228,20160229,20160229,86,1.0,False,Non local,1,449.0,21313.282415,0.07,31.430000000000003,1491.9297690500002
98,2,4,1194,21,1,1,2,6,20160228,20160229,20160229,86,1.0,False,Non local,1,269.99,12815.97576665,0.1,26.999000000000002,1281.5975766650001
98,3,4,1194,2,5,6,2,6,20160228,20160229,20160229,86,1.0,False,Non local,1,749.99,35600.776566650005,0.2,149.99800000000002,7120.155313330001
98,4,4,1194,22,1,1,2,6,20160228,20160229,20160229,86,1.0,False,Non local,2,269.99,12815.97576665,0.2,107.99600000000001,5126.3903066600005
99,1,4,1165,13,1,3,3,9,20160229,20160301,20160303,176,3.0,True,Non local,1,269.99,12815.97576665,0.2,53.998000000000005,2563.1951533300003
99,2,4,1165,21,1,1,3,9,20160229,20160301,20160303,176,3.0,True,Non local,1,269.99,12815.97576665,0.2,53.998000000000005,2563.1951533300003
99,3,4,1165,25,1,2,3,9,20160229,20160301,20160303,176,3.0,True,Non local,2,499.99,23733.692816650004,0.05,49.999,2373.3692816650005
99,4,4,1165,7,9,6,3,9,20160229,20160301,20160303,176,3.0,True,Non local,2,3999.99,189872.86531665,0.07,559.9986,26582.201144331
99,5,4,1165,23,1,1,3,9,20160229,20160301,20160303,176,3.0,True,Non local,2,299.99,14240.02581665,0.2,119.99600000000001,5696.010326660001
100,1,4,1237,12,1,3,2,7,20160301,20160304,20160303,42,2.0,False,Non local,2,549.99,26107.10956665,0.05,54.999,2610.710956665
100,2,4,1237,11,8,4,2,7,20160301,20160304,20160303,42,2.0,False,Non local,2,1680.99,79793.79645165,0.1,336.19800000000004,15958.759290330003
100,3,4,1237,7,9,6,2,7,20160301,20160304,20160303,42,2.0,False,Non local,2,3999.99,189872.86531665,0.2,1599.996,75949.14612666
100,4,4,1237,16,1,3,2,7,20160301,20160304,20160303,42,2.0,False,Non local,2,599.99,28480.52631665,0.2,239.996,11392.210526660001
100,5,4,1237,24,1,2,2,7,20160301,20160304,20160303,42,2.0,False,Non local,2,549.99,26107.10956665,0.1,109.998,5221.42191333
101,1,4,271,12,1,3,3,8,20160301,20160304,20160304,13,3.0,False,Non local,2,549.99,26107.10956665,0.2,219.996,10442.84382666
102,1,4,336,15,1,3,2,7,20160302,20160305,20160303,36,1.0,False,Non local,1,529.99,25157.74286665,0.05,26.4995,1257.8871433325003
102,2,4,336,22,1,1,2,7,20160302,20160305,20160303,36,1.0,False,Non local,1,269.99,12815.97576665,0.07,18.899300000000004,897.1183036655001
103,1,4,991,17,4,3,1,2,20160303,20160306,20160305,132,2.0,False,Non local,1,429.0,20363.915715000003,0.07,30.03,1425.4741000500003
103,2,4,991,3,8,6,1,2,20160303,20160306,20160305,132,2.0,False,Non local,1,999.99,47467.86031665,0.05,49.999500000000005,2373.3930158325
103,3,4,991,18,4,3,1,2,20160303,20160306,20160305,132,2.0,False,Non local,1,449.0,21313.282415,0.2,89.80000000000001,4262.656483000001
103,4,4,991,15,1,3,1,2,20160303,20160306,20160305,132,2.0,False,Non local,2,529.99,25157.74286665,0.1,105.998,5031.548573330001
103,5,4,991,9,9,5,1,2,20160303,20160306,20160305,132,2.0,False,Non local,2,2999.99,142404.53031665,0.1,599.9979999999999,28480.90606333
104,1,4,7,19,4,3,2,7,20160303,20160305,20160305,7,2.0,False,Non local,2,449.0,21313.282415,0.1,89.80000000000001,4262.656483000001
104,2,4,7,26,1,2,2,7,20160303,20160305,20160305,7,2.0,False,Non local,1,599.99,28480.52631665,0.05,29.9995,1424.0263158325001
105,1,4,306,11,8,4,2,7,20160303,20160305,20160304,140,1.0,False,Non local,2,1680.99,79793.79645165,0.2,672.3960000000001,31917.518580660006
105,2,4,306,3,8,6,2,7,20160303,20160305,20160304,140,1.0,False,Non local,1,999.99,47467.86031665,0.05,49.999500000000005,2373.3930158325
105,3,4,306,9,9,5,2,7,20160303,20160305,20160304,140,1.0,False,Non local,1,2999.99,142404.53031665,0.05,149.99949999999998,7120.2265158325
106,1,4,422,17,4,3,3,9,20160304,20160305,20160305,20,1.0,False,Non local,1,429.0,20363.915715000003,0.1,42.900000000000006,2036.3915715000003
106,2,4,422,13,1,3,3,9,20160304,20160305,20160305,20,1.0,False,Non local,2,269.99,12815.97576665,0.1,53.998000000000005,2563.1951533300003
107,1,4,633,19,4,3,1,2,20160306,20160309,20160309,83,3.0,False,Non local,1,449.0,21313.282415,0.2,89.80000000000001,4262.656483000001
107,2,4,633,13,1,3,1,2,20160306,20160309,20160309,83,3.0,False,Non local,2,269.99,12815.97576665,0.1,53.998000000000005,2563.1951533300003
108,1,4,12,11,8,4,2,6,20160306,20160309,20160307,12,1.0,False,Non local,1,1680.99,79793.79645165,0.1,168.09900000000002,7979.379645165001
108,2,4,12,22,1,1,2,6,20160306,20160309,20160307,12,1.0,False,Non local,2,269.99,12815.97576665,0.07,37.79860000000001,1794.2366073310002
108,3,4,12,16,1,3,2,6,20160306,20160309,20160307,12,1.0,False,Non local,2,599.99,28480.52631665,0.05,59.999,2848.0526316650003
109,1,4,1255,22,1,1,2,6,20160306,20160309,20160309,156,3.0,False,Non local,2,269.99,12815.97576665,0.1,53.998000000000005,2563.1951533300003
109,2,4,1255,6,8,6,2,6,20160306,20160309,20160309,156,3.0,False,Non local,1,469.99,22309.64276665,0.07,32.899300000000004,1561.6749936655
110,1,4,677,14,1,3,3,9,20160306,20160308,20160309,102,3.0,True,Non local,1,269.99,12815.97576665,0.1,26.999000000000002,1281.5975766650001
111,1,4,630,14,1,3,2,6,20160307,20160310,20160310,167,3.0,False,Non local,1,269.99,12815.97576665,0.1,26.999000000000002,1281.5975766650001
111,2,4,630,12,1,3,2,6,20160307,20160310,20160310,167,3.0,False,Non local,2,549.99,26107.10956665,0.07,76.99860000000001,3654.995339331
112,1,4,469,23,1,1,2,6,20160308,20160311,20160310,39,2.0,False,Non local,2,299.99,14240.02581665,0.2,119.99600000000001,5696.010326660001
112,2,4,469,25,1,2,2,6,20160308,20160311,20160310,39,2.0,False,Non local,2,499.99,23733.692816650004,0.07,69.99860000000001,3322.716994331001
112,3,4,469,24,1,2,2,6,20160308,20160311,20160310,39,2.0,False,Non local,2,549.99,26107.10956665,0.05,54.999,2610.710956665
112,4,4,469,5,3,6,2,6,20160308,20160311,20160310,39,2.0,False,Non local,1,1320.99,62705.19585165,0.2,264.19800000000004,12541.039170330001
113,1,4,1078,12,1,3,2,6,20160308,20160311,20160311,151,3.0,False,Non local,2,549.99,26107.10956665,0.07,76.99860000000001,3654.995339331
113,2,4,1078,24,1,2,2,6,20160308,20160311,20160311,151,3.0,False,Non local,2,549.99,26107.10956665,0.1,109.998,5221.42191333
113,3,4,1078,6,8,6,2,6,20160308,20160311,20160311,151,3.0,False,Non local,1,469.99,22309.64276665,0.07,32.899300000000004,1561.6749936655
113,4,4,1078,23,1,1,2,6,20160308,20160311,20160311,151,3.0,False,Non local,1,299.99,14240.02581665,0.2,59.998000000000005,2848.0051633300004
113,5,4,1078,5,3,6,2,6,20160308,20160311,20160311,151,3.0,False,Non local,2,1320.99,62705.19585165,0.2,528.3960000000001,25082.078340660002
114,1,4,1431,12,1,3,2,7,20160308,20160310,20160311,45,3.0,True,Non local,1,549.99,26107.10956665,0.05,27.4995,1305.3554783325
114,2,4,1431,2,5,6,2,7,20160308,20160310,20160311,45,3.0,True,Non local,1,749.99,35600.776566650005,0.07,52.499300000000005,2492.0543596655007
114,3,4,1431,13,1,3,2,7,20160308,20160310,20160311,45,3.0,True,Non local,2,269.99,12815.97576665,0.1,53.998000000000005,2563.1951533300003
115,1,4,1369,22,1,1,2,7,20160309,20160311,20160311,162,2.0,False,Non local,1,269.99,12815.97576665,0.2,53.998000000000005,2563.1951533300003
115,2,4,1369,19,4,3,2,7,20160309,20160311,20160311,162,2.0,False,Non local,1,449.0,21313.282415,0.1,44.900000000000006,2131.3282415000003
116,1,4,471,26,1,2,2,7,20160310,20160311,20160311,172,1.0,False,Non local,1,599.99,28480.52631665,0.05,29.9995,1424.0263158325001
117,1,4,740,22,1,1,2,6,20160310,20160313,20160311,146,1.0,False,Non local,2,269.99,12815.97576665,0.2,107.99600000000001,5126.3903066600005
117,2,4,740,26,1,2,2,6,20160310,20160313,20160311,146,1.0,False,Non local,1,599.99,28480.52631665,0.05,29.9995,1424.0263158325001
117,3,4,740,14,1,3,2,6,20160310,20160313,20160311,146,1.0,False,Non local,1,269.99,12815.97576665,0.2,53.998000000000005,2563.1951533300003
117,4,4,740,19,4,3,2,6,20160310,20160313,20160311,146,1.0,False,Non local,1,449.0,21313.282415,0.05,22.450000000000003,1065.6641207500002
118,1,4,577,18,4,3,1,2,20160312,20160314,20160313,58,1.0,False,Non local,1,449.0,21313.282415,0.07,31.430000000000003,1491.9297690500002
118,2,4,577,4,9,6,1,2,20160312,20160314,20160313,58,1.0,False,Non local,1,2899.99,137657.69681665,0.07,202.9993,9636.0387771655
118,3,4,577,6,8,6,1,2,20160312,20160314,20160313,58,1.0,False,Non local,1,469.99,22309.64276665,0.07,32.899300000000004,1561.6749936655
118,4,4,577,3,8,6,1,2,20160312,20160314,20160313,58,1.0,False,Non local,2,999.99,47467.86031665,0.1,199.99800000000002,9493.57206333
118,5,4,577,23,1,1,1,2,20160312,20160314,20160313,58,1.0,False,Non local,2,299.99,14240.02581665,0.07,41.9986,1993.6036143310002
119,1,4,925,25,1,2,2,7,20160312,20160314,20160314,140,2.0,False,Non local,1,499.99,23733.692816650004,0.05,24.9995,1186.6846408325002
120,1,4,327,13,1,3,2,7,20160314,20160315,20160317,16,3.0,True,Non local,2,269.99,12815.97576665,0.05,26.999000000000002,1281.5975766650001
120,2,4,327,6,8,6,2,7,20160314,20160315,20160317,16,3.0,True,Non local,2,469.99,22309.64276665,0.05,46.999,2230.964276665
120,3,4,327,10,8,4,2,7,20160314,20160315,20160317,16,3.0,True,Non local,2,1549.0,73528.45091500001,0.05,154.9,7352.845091500001
120,4,4,327,17,4,3,2,7,20160314,20160315,20160317,16,3.0,True,Non local,1,429.0,20363.915715000003,0.05,21.450000000000003,1018.1957857500001
120,5,4,327,16,1,3,2,7,20160314,20160315,20160317,16,3.0,True,Non local,2,599.99,28480.52631665,0.2,239.996,11392.210526660001
121,1,4,755,5,3,6,2,6,20160314,20160315,20160316,183,2.0,True,Non local,1,1320.99,62705.19585165,0.2,264.19800000000004,12541.039170330001
121,2,4,755,14,1,3,2,6,20160314,20160315,20160316,183,2.0,True,Non local,2,269.99,12815.97576665,0.1,53.998000000000005,2563.1951533300003
121,3,4,755,4,9,6,2,6,20160314,20160315,20160316,183,2.0,True,Non local,2,2899.99,137657.69681665,0.1,579.9979999999999,27531.539363329997
121,4,4,755,24,1,2,2,6,20160314,20160315,20160316,183,2.0,True,Non local,2,549.99,26107.10956665,0.07,76.99860000000001,3654.995339331
121,5,4,755,2,5,6,2,6,20160314,20160315,20160316,183,2.0,True,Non local,2,749.99,35600.776566650005,0.05,74.99900000000001,3560.0776566650006
122,1,4,786,16,1,3,2,6,20160314,20160316,20160315,175,1.0,False,Non local,1,599.99,28480.52631665,0.1,59.999,2848.0526316650003
123,1,4,766,12,1,3,2,6,20160315,20160318,20160317,150,2.0,False,Non local,2,549.99,26107.10956665,0.1,109.998,5221.42191333
124,1,4,403,16,1,3,1,3,20160316,20160318,20160317,132,1.0,False,Non local,1,599.99,28480.52631665,0.05,29.9995,1424.0263158325001
124,2,4,403,4,9,6,1,3,20160316,20160318,20160317,132,1.0,False,Non local,1,2899.99,137657.69681665,0.07,202.9993,9636.0387771655
124,3,4,403,7,9,6,1,3,20160316,20160318,20160317,132,1.0,False,Non local,2,3999.99,189872.86531665,0.05,399.999,18987.286531665
125,1,4,685,17,4,3,2,6,20160316,20160319,20160317,151,1.0,False,Non local,1,429.0,20363.915715000003,0.1,42.900000000000006,2036.3915715000003
126,1,4,1365,9,9,5,2,7,20160316,20160318,20160318,38,2.0,False,Non local,2,2999.99,142404.53031665,0.05,299.99899999999997,14240.453031665
127,1,4,484,17,4,3,3,8,20160317,20160318,20160319,85,2.0,True,Non local,1,429.0,20363.915715000003,0.07,30.03,1425.4741000500003
127,2,4,484,20,1,3,3,8,20160317,20160318,20160319,85,2.0,True,Non local,1,599.99,28480.52631665,0.1,59.999,2848.0526316650003
127,3,4,484,4,9,6,3,8,20160317,20160318,20160319,85,2.0,True,Non local,2,2899.99,137657.69681665,0.07,405.9986,19272.077554331
128,1,4,86,24,1,2,2,6,20160318,20160320,20160321,67,3.0,True,Non local,2,549.99,26107.10956665,0.1,109.998,5221.42191333
128,2,4,86,16,1,3,2,6,20160318,20160320,20160321,67,3.0,True,Non local,2,599.99,28480.52631665,0.1,119.998,5696.1052633300005
128,3,4,86,4,9,6,2,6,20160318,20160320,20160321,67,3.0,True,Non local,2,2899.99,137657.69681665,0.2,1159.9959999999999,55063.078726659995
128,4,4,86,3,8,6,2,6,20160318,20160320,20160321,67,3.0,True,Non local,2,999.99,47467.86031665,0.2,399.99600000000004,18987.14412666
129,1,4,84,18,4,3,2,7,20160319,20160321,20160321,65,2.0,False,Non local,1,449.0,21313.282415,0.1,44.900000000000006,2131.3282415000003
129,2,4,84,9,9,5,2,7,20160319,20160321,20160321,65,2.0,False,Non local,1,2999.99,142404.53031665,0.1,299.99899999999997,14240.453031665
130,1,4,1049,26,1,2,2,6,20160319,20160322,20160320,186,1.0,False,Non local,1,599.99,28480.52631665,0.05,29.9995,1424.0263158325001
130,2,4,1049,5,3,6,2,6,20160319,20160322,20160320,186,1.0,False,Non local,2,1320.99,62705.19585165,0.07,184.9386,8778.727419231001
131,1,4,316,22,1,1,3,8,20160319,20160322,20160320,85,1.0,False,Non local,2,269.99,12815.97576665,0.2,107.99600000000001,5126.3903066600005
131,2,4,316,4,9,6,3,8,20160319,20160322,20160320,85,1.0,False,Non local,2,2899.99,137657.69681665,0.07,405.9986,19272.077554331
131,3,4,316,24,1,2,3,8,20160319,20160322,20160320,85,1.0,False,Non local,2,549.99,26107.10956665,0.1,109.998,5221.42191333
132,1,4,46,2,5,6,1,3,20160320,20160322,20160323,37,3.0,True,Non local,2,749.99,35600.776566650005,0.05,74.99900000000001,3560.0776566650006
132,2,4,46,20,1,3,1,3,20160320,20160322,20160323,37,3.0,True,Non local,1,599.99,28480.52631665,0.05,29.9995,1424.0263158325001
132,3,4,46,9,9,5,1,3,20160320,20160322,20160323,37,3.0,True,Non local,1,2999.99,142404.53031665,0.1,299.99899999999997,14240.453031665
133,1,4,409,13,1,3,2,7,20160320,20160322,20160321,163,1.0,False,Non local,2,269.99,12815.97576665,0.05,26.999000000000002,1281.5975766650001
133,2,4,409,22,1,1,2,7,20160320,20160322,20160321,163,1.0,False,Non local,1,269.99,12815.97576665,0.2,53.998000000000005,2563.1951533300003
134,1,4,679,19,4,3,2,7,20160320,20160321,20160321,188,1.0,False,Non local,2,449.0,21313.282415,0.1,89.80000000000001,4262.656483000001
134,2,4,679,2,5,6,2,7,20160320,20160321,20160321,188,1.0,False,Non local,2,749.99,35600.776566650005,0.07,104.99860000000001,4984.108719331001
134,3,4,679,18,4,3,2,7,20160320,20160321,20160321,188,1.0,False,Non local,2,449.0,21313.282415,0.07,62.86000000000001,2983.8595381000005
135,1,4,1354,5,3,6,2,7,20160321,20160323,20160323,150,2.0,False,Non local,2,1320.99,62705.19585165,0.05,132.09900000000002,6270.5195851650005
135,2,4,1354,18,4,3,2,7,20160321,20160323,20160323,150,2.0,False,Non local,2,449.0,21313.282415,0.05,44.900000000000006,2131.3282415000003
135,3,4,1354,25,1,2,2,7,20160321,20160323,20160323,150,2.0,False,Non local,1,499.99,23733.692816650004,0.2,99.998,4746.738563330001
135,4,4,1354,2,5,6,2,7,20160321,20160323,20160323,150,2.0,False,Non local,1,749.99,35600.776566650005,0.05,37.499500000000005,1780.0388283325003
136,1,4,1192,7,9,6,3,8,20160321,20160324,20160323,54,2.0,False,Non local,2,3999.99,189872.86531665,0.2,1599.996,75949.14612666
136,2,4,1192,3,8,6,3,8,20160321,20160324,20160323,54,2.0,False,Non local,2,999.99,47467.86031665,0.05,99.99900000000001,4746.786031665
137,1,4,370,23,1,1,2,7,20160323,20160326,20160325,88,2.0,False,Non local,1,299.99,14240.02581665,0.07,20.9993,996.8018071655001
137,2,4,370,22,1,1,2,7,20160323,20160326,20160325,88,2.0,False,Non local,1,269.99,12815.97576665,0.1,26.999000000000002,1281.5975766650001
138,1,4,438,16,1,3,2,7,20160323,20160324,20160325,38,2.0,True,Non local,2,599.99,28480.52631665,0.1,119.998,5696.1052633300005
138,2,4,438,6,8,6,2,7,20160323,20160324,20160325,38,2.0,True,Non local,1,469.99,22309.64276665,0.2,93.998,4461.92855333
139,1,4,710,19,4,3,2,7,20160323,20160324,20160326,116,3.0,True,Non local,2,449.0,21313.282415,0.07,62.86000000000001,2983.8595381000005
139,2,4,710,3,8,6,2,7,20160323,20160324,20160326,116,3.0,True,Non local,1,999.99,47467.86031665,0.07,69.9993,3322.7502221655004
140,1,4,1264,15,1,3,2,7,20160323,20160326,20160326,128,3.0,False,Non local,1,529.99,25157.74286665,0.2,105.998,5031.548573330001
140,2,4,1264,21,1,1,2,7,20160323,20160326,20160326,128,3.0,False,Non local,1,269.99,12815.97576665,0.2,53.998000000000005,2563.1951533300003
140,3,4,1264,12,1,3,2,7,20160323,20160326,20160326,128,3.0,False,Non local,2,549.99,26107.10956665,0.2,219.996,10442.84382666
140,4,4,1264,3,8,6,2,7,20160323,20160326,20160326,128,3.0,False,Non local,1,999.99,47467.86031665,0.05,49.999500000000005,2373.3930158325
141,1,4,557,18,4,3,2,7,20160325,20160327,20160326,152,1.0,False,Non local,1,449.0,21313.282415,0.2,89.80000000000001,4262.656483000001
142,1,4,170,16,1,3,1,3,20160326,20160327,20160327,108,1.0,False,Non local,2,599.99,28480.52631665,0.1,119.998,5696.1052633300005
142,2,4,170,11,8,4,1,3,20160326,20160327,20160327,108,1.0,False,Non local,2,1680.99,79793.79645165,0.1,336.19800000000004,15958.759290330003
142,3,4,170,19,4,3,1,3,20160326,20160327,20160327,108,1.0,False,Non local,1,449.0,21313.282415,0.07,31.430000000000003,1491.9297690500002
143,1,4,693,6,8,6,2,7,20160326,20160328,20160328,12,2.0,False,Non local,1,469.99,22309.64276665,0.2,93.998,4461.92855333
144,1,4,1124,8,9,6,2,7,20160326,20160329,20160329,53,3.0,False,Non local,2,1799.99,85442.52831665,0.05,179.99900000000002,8544.252831665
145,1,4,366,11,8,4,2,6,20160327,20160329,20160330,81,3.0,True,Non local,1,1680.99,79793.79645165,0.2,336.19800000000004,15958.759290330003
145,2,4,366,9,9,5,2,6,20160327,20160329,20160330,81,3.0,True,Non local,2,2999.99,142404.53031665,0.1,599.9979999999999,28480.90606333
146,1,4,288,3,8,6,1,3,20160328,20160330,20160330,105,2.0,False,Non local,2,999.99,47467.86031665,0.2,399.99600000000004,18987.14412666
146,2,4,288,12,1,3,1,3,20160328,20160330,20160330,105,2.0,False,Non local,1,549.99,26107.10956665,0.1,54.999,2610.710956665
146,3,4,288,20,1,3,1,3,20160328,20160330,20160330,105,2.0,False,Non local,2,599.99,28480.52631665,0.1,119.998,5696.1052633300005
146,4,4,288,6,8,6,1,3,20160328,20160330,20160330,105,2.0,False,Non local,2,469.99,22309.64276665,0.05,46.999,2230.964276665
146,5,4,288,2,5,6,1,3,20160328,20160330,20160330,105,2.0,False,Non local,1,749.99,35600.776566650005,0.07,52.499300000000005,2492.0543596655007
147,1,4,55,26,1,2,2,7,20160328,20160331,20160331,44,3.0,False,Non local,2,599.99,28480.52631665,0.2,239.996,11392.210526660001
148,1,4,714,14,1,3,2,6,20160328,20160330,20160330,48,2.0,False,Non local,1,269.99,12815.97576665,0.05,13.499500000000001,640.7987883325001
149,1,4,763,12,1,3,2,6,20160328,20160330,20160329,80,1.0,False,Non local,2,549.99,26107.10956665,0.07,76.99860000000001,3654.995339331
149,2,4,763,21,1,1,2,6,20160328,20160330,20160329,80,1.0,False,Non local,2,269.99,12815.97576665,0.07,37.79860000000001,1794.2366073310002
150,1,4,332,7,9,6,1,2,20160329,20160331,20160401,132,3.0,True,Non local,1,3999.99,189872.86531665,0.1,399.999,18987.286531665
150,2,4,332,3,8,6,1,2,20160329,20160331,20160401,132,3.0,True,Non local,1,999.99,47467.86031665,0.2,199.99800000000002,9493.57206333
150,3,4,332,17,4,3,1,2,20160329,20160331,20160401,132,3.0,True,Non local,1,429.0,20363.915715000003,0.07,30.03,1425.4741000500003
150,4,4,332,25,1,2,1,2,20160329,20160331,20160401,132,3.0,True,Non local,2,499.99,23733.692816650004,0.07,69.99860000000001,3322.716994331001
151,1,4,926,17,4,3,1,2,20160329,20160401,20160331,170,2.0,False,Non local,1,429.0,20363.915715000003,0.1,42.900000000000006,2036.3915715000003
151,2,4,926,26,1,2,1,2,20160329,20160401,20160331,170,2.0,False,Non local,1,599.99,28480.52631665,0.1,59.999,2848.0526316650003
152,1,4,76,6,8,6,2,6,20160329,20160330,20160330,61,1.0,False,Non local,2,469.99,22309.64276665,0.2,187.996,8923.85710666
152,2,4,76,22,1,1,2,6,20160329,20160330,20160330,61,1.0,False,Non local,2,269.99,12815.97576665,0.2,107.99600000000001,5126.3903066600005
152,3,4,76,16,1,3,2,6,20160329,20160330,20160330,61,1.0,False,Non local,2,599.99,28480.52631665,0.07,83.99860000000001,3987.2736843310004
153,1,4,498,16,1,3,2,6,20160330,20160402,20160401,60,2.0,False,Non local,1,599.99,28480.52631665,0.07,41.999300000000005,1993.6368421655002
153,2,4,498,8,9,6,2,6,20160330,20160402,20160401,60,2.0,False,Non local,1,1799.99,85442.52831665,0.07,125.99930000000002,5980.976982165501
153,3,4,498,15,1,3,2,6,20160330,20160402,20160401,60,2.0,False,Non local,2,529.99,25157.74286665,0.05,52.999,2515.7742866650005
154,1,4,1286,12,1,3,1,2,20160331,20160401,20160401,137,1.0,False,Non local,1,549.99,26107.10956665,0.1,54.999,2610.710956665
155,1,4,371,8,9,6,2,6,20160402,20160403,20160404,157,2.0,True,Non local,1,1799.99,85442.52831665,0.1,179.99900000000002,8544.252831665
156,1,4,357,18,4,3,1,3,20160403,20160406,20160405,82,2.0,False,Non local,2,449.0,21313.282415,0.2,179.60000000000002,8525.312966000001
156,2,4,357,17,4,3,1,3,20160403,20160406,20160405,82,2.0,False,Non local,2,429.0,20363.915715000003,0.05,42.900000000000006,2036.3915715000003
156,3,4,357,6,8,6,1,3,20160403,20160406,20160405,82,2.0,False,Non local,1,469.99,22309.64276665,0.07,32.899300000000004,1561.6749936655
157,1,4,43,4,9,6,3,8,20160403,20160406,20160406,40,3.0,False,Non local,1,2899.99,137657.69681665,0.1,289.99899999999997,13765.769681664999
157,2,4,43,7,9,6,3,8,20160403,20160406,20160406,40,3.0,False,Non local,2,3999.99,189872.86531665,0.07,559.9986,26582.201144331
158,1,3,117,24,1,2,3,9,20160404,20160404,,19,,False,Non local,1,549.99,26107.10956665,0.1,54.999,2610.710956665
159,1,4,32,13,1,3,1,2,20160404,20160406,20160406,30,2.0,False,Non local,1,269.99,12815.97576665,0.2,53.998000000000005,2563.1951533300003
160,1,4,205,21,1,1,2,7,20160404,20160406,20160406,118,2.0,False,Non local,1,269.99,12815.97576665,0.07,18.899300000000004,897.1183036655001
160,2,4,205,15,1,3,2,7,20160404,20160406,20160406,118,2.0,False,Non local,2,529.99,25157.74286665,0.07,74.19860000000001,3522.0840013310008
160,3,4,205,18,4,3,2,7,20160404,20160406,20160406,118,2.0,False,Non local,2,449.0,21313.282415,0.1,89.80000000000001,4262.656483000001
160,4,4,205,11,8,4,2,7,20160404,20160406,20160406,118,2.0,False,Non local,1,1680.99,79793.79645165,0.05,84.04950000000001,3989.6898225825007
161,1,4,251,24,1,2,2,7,20160404,20160407,20160405,117,1.0,False,Non local,2,549.99,26107.10956665,0.07,76.99860000000001,3654.995339331
161,2,4,251,22,1,1,2,7,20160404,20160407,20160405,117,1.0,False,Non local,1,269.99,12815.97576665,0.05,13.499500000000001,640.7987883325001
161,3,4,251,7,9,6,2,7,20160404,20160407,20160405,117,1.0,False,Non local,2,3999.99,189872.86531665,0.05,399.999,18987.286531665
162,1,4,31,18,4,3,1,3,20160406,20160408,20160407,29,1.0,False,Non local,1,449.0,21313.282415,0.07,31.430000000000003,1491.9297690500002
162,2,4,31,21,1,1,1,3,20160406,20160408,20160407,29,1.0,False,Non local,2,269.99,12815.97576665,0.07,37.79860000000001,1794.2366073310002
162,3,4,31,3,8,6,1,3,20160406,20160408,20160407,29,1.0,False,Non local,2,999.99,47467.86031665,0.1,199.99800000000002,9493.57206333
163,1,4,1325,12,1,3,2,7,20160406,20160407,20160407,67,1.0,False,Non local,1,549.99,26107.10956665,0.1,54.999,2610.710956665
163,2,4,1325,18,4,3,2,7,20160406,20160407,20160407,67,1.0,False,Non local,1,449.0,21313.282415,0.2,89.80000000000001,4262.656483000001
164,1,4,610,4,9,6,2,7,20160407,20160408,20160409,8,2.0,True,Non local,2,2899.99,137657.69681665,0.05,289.99899999999997,13765.769681664999
164,2,4,610,10,8,4,2,7,20160407,20160408,20160409,8,2.0,True,Non local,2,1549.0,73528.45091500001,0.05,154.9,7352.845091500001
164,3,4,610,14,1,3,2,7,20160407,20160408,20160409,8,2.0,True,Non local,1,269.99,12815.97576665,0.1,26.999000000000002,1281.5975766650001
165,1,4,574,4,9,6,1,3,20160408,20160410,20160410,37,2.0,False,Non local,2,2899.99,137657.69681665,0.05,289.99899999999997,13765.769681664999
165,2,4,574,23,1,1,1,3,20160408,20160410,20160410,37,2.0,False,Non local,1,299.99,14240.02581665,0.2,59.998000000000005,2848.0051633300004
165,3,4,574,2,5,6,1,3,20160408,20160410,20160410,37,2.0,False,Non local,1,749.99,35600.776566650005,0.05,37.499500000000005,1780.0388283325003
166,1,4,338,10,8,4,2,6,20160408,20160411,20160411,151,3.0,False,Non local,2,1549.0,73528.45091500001,0.1,309.8,14705.690183000002
166,2,4,338,11,8,4,2,6,20160408,20160411,20160411,151,3.0,False,Non local,1,1680.99,79793.79645165,0.2,336.19800000000004,15958.759290330003
167,1,4,1034,12,1,3,2,7,20160408,20160409,20160411,146,3.0,True,Non local,1,549.99,26107.10956665,0.05,27.4995,1305.3554783325
167,2,4,1034,10,8,4,2,7,20160408,20160409,20160411,146,3.0,True,Non local,1,1549.0,73528.45091500001,0.2,309.8,14705.690183000002
167,3,4,1034,13,1,3,2,7,20160408,20160409,20160411,146,3.0,True,Non local,2,269.99,12815.97576665,0.05,26.999000000000002,1281.5975766650001
167,4,4,1034,7,9,6,2,7,20160408,20160409,20160411,146,3.0,True,Non local,2,3999.99,189872.86531665,0.05,399.999,18987.286531665
168,1,4,1147,6,8,6,1,3,20160409,20160412,20160411,179,2.0,False,Non local,1,469.99,22309.64276665,0.1,46.999,2230.964276665
168,2,4,1147,11,8,4,1,3,20160409,20160412,20160411,179,2.0,False,Non local,2,1680.99,79793.79645165,0.07,235.3386,11171.131503231001
168,3,4,1147,12,1,3,1,3,20160409,20160412,20160411,179,2.0,False,Non local,2,549.99,26107.10956665,0.07,76.99860000000001,3654.995339331
168,4,4,1147,22,1,1,1,3,20160409,20160412,20160411,179,2.0,False,Non local,2,269.99,12815.97576665,0.2,107.99600000000001,5126.3903066600005
169,1,4,99,20,1,3,2,7,20160410,20160411,20160411,10,1.0,False,Non local,2,599.99,28480.52631665,0.1,119.998,5696.1052633300005
169,2,4,99,5,3,6,2,7,20160410,20160411,20160411,10,1.0,False,Non local,1,1320.99,62705.19585165,0.05,66.04950000000001,3135.2597925825003
169,3,4,99,10,8,4,2,7,20160410,20160411,20160411,10,1.0,False,Non local,1,1549.0,73528.45091500001,0.2,309.8,14705.690183000002
169,4,4,99,11,8,4,2,7,20160410,20160411,20160411,10,1.0,False,Non local,1,1680.99,79793.79645165,0.2,336.19800000000004,15958.759290330003
169,5,4,99,14,1,3,2,7,20160410,20160411,20160411,10,1.0,False,Non local,2,269.99,12815.97576665,0.05,26.999000000000002,1281.5975766650001
170,1,4,1200,12,1,3,2,7,20160410,20160411,20160413,9,3.0,True,Non local,2,549.99,26107.10956665,0.1,109.998,5221.42191333
170,2,4,1200,24,1,2,2,7,20160410,20160411,20160413,9,3.0,True,Non local,1,549.99,26107.10956665,0.05,27.4995,1305.3554783325
170,3,4,1200,7,9,6,2,7,20160410,20160411,20160413,9,3.0,True,Non local,1,3999.99,189872.86531665,0.2,799.998,37974.57306333
170,4,4,1200,18,4,3,2,7,20160410,20160411,20160413,9,3.0,True,Non local,2,449.0,21313.282415,0.05,44.900000000000006,2131.3282415000003
171,1,4,237,8,9,6,1,3,20160411,20160414,20160414,105,3.0,False,Non local,1,1799.99,85442.52831665,0.05,89.99950000000001,4272.1264158325
172,1,4,1079,23,1,1,2,7,20160411,20160412,20160414,81,3.0,True,Non local,1,299.99,14240.02581665,0.07,20.9993,996.8018071655001
172,2,4,1079,16,1,3,2,7,20160411,20160412,20160414,81,3.0,True,Non local,1,599.99,28480.52631665,0.2,119.998,5696.1052633300005
173,1,4,117,14,1,3,3,8,20160411,20160414,20160413,19,2.0,False,Non local,1,269.99,12815.97576665,0.05,13.499500000000001,640.7987883325001
173,2,4,117,16,1,3,3,8,20160411,20160414,20160413,19,2.0,False,Non local,1,599.99,28480.52631665,0.2,119.998,5696.1052633300005
173,3,4,117,20,1,3,3,8,20160411,20160414,20160413,19,2.0,False,Non local,2,599.99,28480.52631665,0.05,59.999,2848.0526316650003
174,1,4,1361,22,1,1,2,7,20160412,20160413,20160415,195,3.0,True,Non local,2,269.99,12815.97576665,0.2,107.99600000000001,5126.3903066600005
174,2,4,1361,19,4,3,2,7,20160412,20160413,20160415,195,3.0,True,Non local,2,449.0,21313.282415,0.1,89.80000000000001,4262.656483000001
175,1,4,951,5,3,6,2,6,20160413,20160414,20160414,17,1.0,False,Non local,1,1320.99,62705.19585165,0.1,132.09900000000002,6270.5195851650005
175,2,4,951,2,5,6,2,6,20160413,20160414,20160414,17,1.0,False,Non local,2,749.99,35600.776566650005,0.2,299.99600000000004,14240.310626660003
175,3,4,951,21,1,1,2,6,20160413,20160414,20160414,17,1.0,False,Non local,2,269.99,12815.97576665,0.1,53.998000000000005,2563.1951533300003
175,4,4,951,19,4,3,2,6,20160413,20160414,20160414,17,1.0,False,Non local,1,449.0,21313.282415,0.07,31.430000000000003,1491.9297690500002
176,1,4,643,2,5,6,2,7,20160415,20160416,20160417,81,2.0,True,Non local,2,749.99,35600.776566650005,0.07,104.99860000000001,4984.108719331001
176,2,4,643,11,8,4,2,7,20160415,20160416,20160417,81,2.0,True,Non local,2,1680.99,79793.79645165,0.2,672.3960000000001,31917.518580660006
176,3,4,643,16,1,3,2,7,20160415,20160416,20160417,81,2.0,True,Non local,2,599.99,28480.52631665,0.05,59.999,2848.0526316650003
177,1,4,121,20,1,3,1,2,20160416,20160419,20160419,31,3.0,False,Non local,2,599.99,28480.52631665,0.1,119.998,5696.1052633300005
178,1,4,756,10,8,4,2,6,20160416,20160417,20160418,188,2.0,True,Non local,2,1549.0,73528.45091500001,0.2,619.6,29411.380366000005
178,2,4,756,12,1,3,2,6,20160416,20160417,20160418,188,2.0,True,Non local,1,549.99,26107.10956665,0.05,27.4995,1305.3554783325
178,3,4,756,3,8,6,2,6,20160416,20160417,20160418,188,2.0,True,Non local,1,999.99,47467.86031665,0.1,99.99900000000001,4746.786031665
178,4,4,756,18,4,3,2,6,20160416,20160417,20160418,188,2.0,True,Non local,1,449.0,21313.282415,0.07,31.430000000000003,1491.9297690500002
179,1,4,616,13,1,3,2,6,20160417,20160419,20160419,74,2.0,False,Non local,2,269.99,12815.97576665,0.05,26.999000000000002,1281.5975766650001
179,2,4,616,26,1,2,2,6,20160417,20160419,20160419,74,2.0,False,Non local,1,599.99,28480.52631665,0.1,59.999,2848.0526316650003
179,3,4,616,18,4,3,2,6,20160417,20160419,20160419,74,2.0,False,Non local,1,449.0,21313.282415,0.2,89.80000000000001,4262.656483000001
179,4,4,616,12,1,3,2,6,20160417,20160419,20160419,74,2.0,False,Non local,2,549.99,26107.10956665,0.2,219.996,10442.84382666
179,5,4,616,20,1,3,2,6,20160417,20160419,20160419,74,2.0,False,Non local,2,599.99,28480.52631665,0.1,119.998,5696.1052633300005
180,1,4,918,16,1,3,2,7,20160417,20160420,20160419,99,2.0,False,Non local,1,599.99,28480.52631665,0.07,41.999300000000005,1993.6368421655002
181,1,4,459,10,8,4,1,3,20160418,20160420,20160420,170,2.0,False,Non local,1,1549.0,73528.45091500001,0.05,77.45,3676.4225457500006
181,2,4,459,11,8,4,1,3,20160418,20160420,20160420,170,2.0,False,Non local,1,1680.99,79793.79645165,0.1,168.09900000000002,7979.379645165001
181,3,4,459,15,1,3,1,3,20160418,20160420,20160420,170,2.0,False,Non local,2,529.99,25157.74286665,0.2,211.996,10063.097146660002
181,4,4,459,24,1,2,1,3,20160418,20160420,20160420,170,2.0,False,Non local,2,549.99,26107.10956665,0.05,54.999,2610.710956665
182,1,4,854,25,1,2,2,6,20160418,20160419,20160420,16,2.0,True,Non local,2,499.99,23733.692816650004,0.05,49.999,2373.3692816650005
182,2,4,854,24,1,2,2,6,20160418,20160419,20160420,16,2.0,True,Non local,2,549.99,26107.10956665,0.07,76.99860000000001,3654.995339331
183,1,4,22,11,8,4,2,7,20160419,20160420,20160420,21,1.0,False,Non local,2,1680.99,79793.79645165,0.2,672.3960000000001,31917.518580660006
183,2,4,22,12,1,3,2,7,20160419,20160420,20160420,21,1.0,False,Non local,2,549.99,26107.10956665,0.05,54.999,2610.710956665
183,3,4,22,19,4,3,2,7,20160419,20160420,20160420,21,1.0,False,Non local,1,449.0,21313.282415,0.07,31.430000000000003,1491.9297690500002
183,4,4,22,17,4,3,2,7,20160419,20160420,20160420,21,1.0,False,Non local,1,429.0,20363.915715000003,0.07,30.03,1425.4741000500003
184,1,4,134,4,9,6,2,7,20160419,20160421,20160422,12,3.0,True,Non local,1,2899.99,137657.69681665,0.2,579.9979999999999,27531.539363329997
184,2,4,134,5,3,6,2,7,20160419,20160421,20160422,12,3.0,True,Non local,1,1320.99,62705.19585165,0.1,132.09900000000002,6270.5195851650005
184,3,4,134,14,1,3,2,7,20160419,20160421,20160422,12,3.0,True,Non local,1,269.99,12815.97576665,0.1,26.999000000000002,1281.5975766650001
185,1,3,24,20,1,3,1,2,20160420,20160420,,23,,False,Non local,1,599.99,28480.52631665,0.1,59.999,2848.0526316650003
185,2,3,24,8,9,6,1,2,20160420,20160420,,23,,False,Non local,1,1799.99,85442.52831665,0.05,89.99950000000001,4272.1264158325
186,1,4,1127,4,9,6,2,6,20160421,20160422,20160424,38,3.0,True,Non local,1,2899.99,137657.69681665,0.1,289.99899999999997,13765.769681664999
186,2,4,1127,6,8,6,2,6,20160421,20160422,20160424,38,3.0,True,Non local,1,469.99,22309.64276665,0.1,46.999,2230.964276665
187,1,4,183,5,3,6,2,6,20160422,20160423,20160424,81,2.0,True,Non local,1,1320.99,62705.19585165,0.05,66.04950000000001,3135.2597925825003
188,1,4,390,7,9,6,2,6,20160422,20160423,20160425,143,3.0,True,Non local,2,3999.99,189872.86531665,0.07,559.9986,26582.201144331
189,1,4,1288,16,1,3,1,2,20160423,20160424,20160426,127,3.0,True,Non local,2,599.99,28480.52631665,0.2,239.996,11392.210526660001
190,1,4,98,24,1,2,2,6,20160423,20160425,20160425,15,2.0,False,Non local,1,549.99,26107.10956665,0.05,27.4995,1305.3554783325
190,2,4,98,15,1,3,2,6,20160423,20160425,20160425,15,2.0,False,Non local,1,529.99,25157.74286665,0.2,105.998,5031.548573330001
190,3,4,98,3,8,6,2,6,20160423,20160425,20160425,15,2.0,False,Non local,2,999.99,47467.86031665,0.2,399.99600000000004,18987.14412666
191,1,4,919,25,1,2,1,2,20160427,20160428,20160428,28,1.0,False,Non local,1,499.99,23733.692816650004,0.05,24.9995,1186.6846408325002
191,2,4,919,12,1,3,1,2,20160427,20160428,20160428,28,1.0,False,Non local,2,549.99,26107.10956665,0.2,219.996,10442.84382666
191,3,4,919,3,8,6,1,2,20160427,20160428,20160428,28,1.0,False,Non local,1,999.99,47467.86031665,0.07,69.9993,3322.7502221655004
191,4,4,919,8,9,6,1,2,20160427,20160428,20160428,28,1.0,False,Non local,2,1799.99,85442.52831665,0.05,179.99900000000002,8544.252831665
191,5,4,919,23,1,1,1,2,20160427,20160428,20160428,28,1.0,False,Non local,1,299.99,14240.02581665,0.05,14.999500000000001,712.0012908325001
192,1,4,728,8,9,6,2,7,20160427,20160428,20160429,1,2.0,True,Non local,2,1799.99,85442.52831665,0.1,359.99800000000005,17088.50566333
192,2,4,728,25,1,2,2,7,20160427,20160428,20160429,1,2.0,True,Non local,1,499.99,23733.692816650004,0.07,34.999300000000005,1661.3584971655005
192,3,4,728,2,5,6,2,7,20160427,20160428,20160429,1,2.0,True,Non local,1,749.99,35600.776566650005,0.05,37.499500000000005,1780.0388283325003
192,4,4,728,24,1,2,2,7,20160427,20160428,20160429,1,2.0,True,Non local,2,549.99,26107.10956665,0.07,76.99860000000001,3654.995339331
192,5,4,728,10,8,4,2,7,20160427,20160428,20160429,1,2.0,True,Non local,2,1549.0,73528.45091500001,0.2,619.6,29411.380366000005
193,1,4,1366,12,1,3,1,3,20160428,20160430,20160430,2,2.0,False,Non local,2,549.99,26107.10956665,0.1,109.998,5221.42191333
194,1,4,558,21,1,1,2,7,20160428,20160430,20160501,10,3.0,True,Non local,2,269.99,12815.97576665,0.2,107.99600000000001,5126.3903066600005
195,1,4,727,18,4,3,2,7,20160428,20160501,20160501,17,3.0,False,Non local,1,449.0,21313.282415,0.2,89.80000000000001,4262.656483000001
195,2,4,727,14,1,3,2,7,20160428,20160501,20160501,17,3.0,False,Non local,1,269.99,12815.97576665,0.05,13.499500000000001,640.7987883325001
195,3,4,727,5,3,6,2,7,20160428,20160501,20160501,17,3.0,False,Non local,2,1320.99,62705.19585165,0.2,528.3960000000001,25082.078340660002
195,4,4,727,4,9,6,2,7,20160428,20160501,20160501,17,3.0,False,Non local,2,2899.99,137657.69681665,0.2,1159.9959999999999,55063.078726659995
195,5,4,727,21,1,1,2,7,20160428,20160501,20160501,17,3.0,False,Non local,2,269.99,12815.97576665,0.1,53.998000000000005,2563.1951533300003
196,1,4,1247,6,8,6,2,6,20160428,20160430,20160501,94,3.0,True,Non local,1,469.99,22309.64276665,0.05,23.4995,1115.4821383325
196,2,4,1247,3,8,6,2,6,20160428,20160430,20160501,94,3.0,True,Non local,2,999.99,47467.86031665,0.07,139.9986,6645.500444331001
196,3,4,1247,10,8,4,2,6,20160428,20160430,20160501,94,3.0,True,Non local,2,1549.0,73528.45091500001,0.07,216.86,10293.983128100002
196,4,4,1247,12,1,3,2,6,20160428,20160430,20160501,94,3.0,True,Non local,1,549.99,26107.10956665,0.07,38.499300000000005,1827.4976696655
196,5,4,1247,20,1,3,2,6,20160428,20160430,20160501,94,3.0,True,Non local,1,599.99,28480.52631665,0.1,59.999,2848.0526316650003
197,1,4,127,4,9,6,2,7,20160430,20160503,20160503,34,3.0,False,Non local,2,2899.99,137657.69681665,0.2,1159.9959999999999,55063.078726659995
197,2,4,127,2,5,6,2,7,20160430,20160503,20160503,34,3.0,False,Non local,2,749.99,35600.776566650005,0.07,104.99860000000001,4984.108719331001
198,1,4,640,6,8,6,2,6,20160501,20160504,20160503,178,2.0,False,Non local,2,469.99,22309.64276665,0.05,46.999,2230.964276665
198,2,4,640,20,1,3,2,6,20160501,20160504,20160503,178,2.0,False,Non local,2,599.99,28480.52631665,0.07,83.99860000000001,3987.2736843310004
198,3,4,640,8,9,6,2,6,20160501,20160504,20160503,178,2.0,False,Non local,2,1799.99,85442.52831665,0.2,719.9960000000001,34177.01132666
198,4,4,640,13,1,3,2,6,20160501,20160504,20160503,178,2.0,False,Non local,2,269.99,12815.97576665,0.05,26.999000000000002,1281.5975766650001
198,5,4,640,17,4,3,2,6,20160501,20160504,20160503,178,2.0,False,Non local,1,429.0,20363.915715000003,0.05,21.450000000000003,1018.1957857500001
199,1,4,760,25,1,2,2,7,20160501,20160504,20160504,53,3.0,False,Non local,2,499.99,23733.692816650004,0.05,49.999,2373.3692816650005
199,2,4,760,18,4,3,2,7,20160501,20160504,20160504,53,3.0,False,Non local,2,449.0,21313.282415,0.07,62.86000000000001,2983.8595381000005
199,3,4,760,4,9,6,2,7,20160501,20160504,20160504,53,3.0,False,Non local,1,2899.99,137657.69681665,0.2,579.9979999999999,27531.539363329997
200,1,4,1074,23,1,1,2,6,20160501,20160503,20160503,81,2.0,False,Non local,2,299.99,14240.02581665,0.05,29.999000000000002,1424.0025816650002
200,2,4,1074,22,1,1,2,6,20160501,20160503,20160503,81,2.0,False,Non local,2,269.99,12815.97576665,0.07,37.79860000000001,1794.2366073310002
201,1,4,280,24,1,2,3,9,20160501,20160504,20160502,52,1.0,False,Non local,1,549.99,26107.10956665,0.05,27.4995,1305.3554783325
201,2,4,280,7,9,6,3,9,20160501,20160504,20160502,52,1.0,False,Non local,1,3999.99,189872.86531665,0.2,799.998,37974.57306333
201,3,4,280,14,1,3,3,9,20160501,20160504,20160502,52,1.0,False,Non local,2,269.99,12815.97576665,0.1,53.998000000000005,2563.1951533300003
201,4,4,280,17,4,3,3,9,20160501,20160504,20160502,52,1.0,False,Non local,1,429.0,20363.915715000003,0.05,21.450000000000003,1018.1957857500001
202,1,4,600,8,9,6,1,2,20160503,20160505,20160504,71,1.0,False,Non local,1,1799.99,85442.52831665,0.07,125.99930000000002,5980.976982165501
202,2,4,600,17,4,3,1,2,20160503,20160505,20160504,71,1.0,False,Non local,1,429.0,20363.915715000003,0.05,21.450000000000003,1018.1957857500001
202,3,4,600,15,1,3,1,2,20160503,20160505,20160504,71,1.0,False,Non local,2,529.99,25157.74286665,0.05,52.999,2515.7742866650005
202,4,4,600,25,1,2,1,2,20160503,20160505,20160504,71,1.0,False,Non local,2,499.99,23733.692816650004,0.05,49.999,2373.3692816650005
203,1,4,1102,26,1,2,3,9,20160503,20160505,20160506,176,3.0,True,Non local,1,599.99,28480.52631665,0.05,29.9995,1424.0263158325001
203,2,4,1102,3,8,6,3,9,20160503,20160505,20160506,176,3.0,True,Non local,2,999.99,47467.86031665,0.1,199.99800000000002,9493.57206333
203,3,4,1102,17,4,3,3,9,20160503,20160505,20160506,176,3.0,True,Non local,2,429.0,20363.915715000003,0.2,171.60000000000002,8145.566286000001
203,4,4,1102,19,4,3,3,9,20160503,20160505,20160506,176,3.0,True,Non local,2,449.0,21313.282415,0.07,62.86000000000001,2983.8595381000005
204,1,4,591,6,8,6,2,7,20160504,20160507,20160506,112,2.0,False,Non local,2,469.99,22309.64276665,0.07,65.79860000000001,3123.349987331
204,2,4,591,17,4,3,2,7,20160504,20160507,20160506,112,2.0,False,Non local,2,429.0,20363.915715000003,0.1,85.80000000000001,4072.7831430000006
205,1,4,635,22,1,1,2,6,20160504,20160505,20160506,44,2.0,True,Non local,2,269.99,12815.97576665,0.05,26.999000000000002,1281.5975766650001
205,2,4,635,24,1,2,2,6,20160504,20160505,20160506,44,2.0,True,Non local,2,549.99,26107.10956665,0.1,109.998,5221.42191333
206,1,4,743,25,1,2,3,9,20160504,20160506,20160505,13,1.0,False,Non local,1,499.99,23733.692816650004,0.05,24.9995,1186.6846408325002
206,2,4,743,20,1,3,3,9,20160504,20160506,20160505,13,1.0,False,Non local,1,599.99,28480.52631665,0.2,119.998,5696.1052633300005
207,1,4,105,12,1,3,2,7,20160505,20160507,20160507,79,2.0,False,Non local,2,549.99,26107.10956665,0.2,219.996,10442.84382666
207,2,4,105,5,3,6,2,7,20160505,20160507,20160507,79,2.0,False,Non local,1,1320.99,62705.19585165,0.05,66.04950000000001,3135.2597925825003
207,3,4,105,11,8,4,2,7,20160505,20160507,20160507,79,2.0,False,Non local,2,1680.99,79793.79645165,0.07,235.3386,11171.131503231001
207,4,4,105,7,9,6,2,7,20160505,20160507,20160507,79,2.0,False,Non local,2,3999.99,189872.86531665,0.1,799.998,37974.57306333
208,1,4,815,6,8,6,2,7,20160506,20160507,20160509,112,3.0,True,Non local,2,469.99,22309.64276665,0.05,46.999,2230.964276665
208,2,4,815,4,9,6,2,7,20160506,20160507,20160509,112,3.0,True,Non local,2,2899.99,137657.69681665,0.07,405.9986,19272.077554331
208,3,4,815,3,8,6,2,7,20160506,20160507,20160509,112,3.0,True,Non local,1,999.99,47467.86031665,0.05,49.999500000000005,2373.3930158325
208,4,4,815,12,1,3,2,7,20160506,20160507,20160509,112,3.0,True,Non local,1,549.99,26107.10956665,0.2,109.998,5221.42191333
208,5,4,815,10,8,4,2,7,20160506,20160507,20160509,112,3.0,True,Non local,2,1549.0,73528.45091500001,0.05,154.9,7352.845091500001
209,1,4,514,13,1,3,2,6,20160507,20160508,20160508,22,1.0,False,Non local,1,269.99,12815.97576665,0.1,26.999000000000002,1281.5975766650001
210,1,4,943,14,1,3,2,6,20160507,20160508,20160509,17,2.0,True,Non local,1,269.99,12815.97576665,0.07,18.899300000000004,897.1183036655001
210,2,4,943,13,1,3,2,6,20160507,20160508,20160509,17,2.0,True,Non local,2,269.99,12815.97576665,0.2,107.99600000000001,5126.3903066600005
211,1,4,1140,10,8,4,2,6,20160507,20160509,20160508,33,1.0,False,Non local,1,1549.0,73528.45091500001,0.07,108.43,5146.991564050001
211,2,4,1140,2,5,6,2,6,20160507,20160509,20160508,33,1.0,False,Non local,2,749.99,35600.776566650005,0.07,104.99860000000001,4984.108719331001
212,1,4,1373,16,1,3,2,6,20160508,20160509,20160511,188,3.0,True,Non local,2,599.99,28480.52631665,0.07,83.99860000000001,3987.2736843310004
212,2,4,1373,12,1,3,2,6,20160508,20160509,20160511,188,3.0,True,Non local,2,549.99,26107.10956665,0.2,219.996,10442.84382666
212,3,4,1373,19,4,3,2,6,20160508,20160509,20160511,188,3.0,True,Non local,1,449.0,21313.282415,0.1,44.900000000000006,2131.3282415000003
212,4,4,1373,7,9,6,2,6,20160508,20160509,20160511,188,3.0,True,Non local,1,3999.99,189872.86531665,0.2,799.998,37974.57306333
213,1,4,788,13,1,3,3,8,20160508,20160509,20160509,191,1.0,False,Non local,1,269.99,12815.97576665,0.1,26.999000000000002,1281.5975766650001
214,1,4,363,21,1,1,2,6,20160510,20160512,20160511,117,1.0,False,Non local,1,269.99,12815.97576665,0.1,26.999000000000002,1281.5975766650001
215,1,4,1420,19,4,3,2,7,20160510,20160513,20160512,152,2.0,False,Non local,1,449.0,21313.282415,0.07,31.430000000000003,1491.9297690500002
215,2,4,1420,12,1,3,2,7,20160510,20160513,20160512,152,2.0,False,Non local,2,549.99,26107.10956665,0.1,109.998,5221.42191333
216,1,4,267,22,1,1,1,3,20160511,20160514,20160513,111,2.0,False,Non local,2,269.99,12815.97576665,0.1,53.998000000000005,2563.1951533300003
216,2,4,267,16,1,3,1,3,20160511,20160514,20160513,111,2.0,False,Non local,2,599.99,28480.52631665,0.05,59.999,2848.0526316650003
217,1,4,716,18,4,3,2,7,20160511,20160512,20160514,93,3.0,True,Non local,1,449.0,21313.282415,0.1,44.900000000000006,2131.3282415000003
217,2,4,716,10,8,4,2,7,20160511,20160512,20160514,93,3.0,True,Non local,2,1549.0,73528.45091500001,0.1,309.8,14705.690183000002
217,3,4,716,17,4,3,2,7,20160511,20160512,20160514,93,3.0,True,Non local,1,429.0,20363.915715000003,0.07,30.03,1425.4741000500003
218,1,4,1179,2,5,6,2,7,20160512,20160514,20160514,119,2.0,False,Non local,2,749.99,35600.776566650005,0.1,149.99800000000002,7120.155313330001
218,2,4,1179,13,1,3,2,7,20160512,20160514,20160514,119,2.0,False,Non local,1,269.99,12815.97576665,0.07,18.899300000000004,897.1183036655001
218,3,4,1179,12,1,3,2,7,20160512,20160514,20160514,119,2.0,False,Non local,1,549.99,26107.10956665,0.05,27.4995,1305.3554783325
219,1,4,1338,26,1,2,2,6,20160512,20160515,20160515,143,3.0,False,Non local,1,599.99,28480.52631665,0.05,29.9995,1424.0263158325001
219,2,4,1338,5,3,6,2,6,20160512,20160515,20160515,143,3.0,False,Non local,1,1320.99,62705.19585165,0.2,264.19800000000004,12541.039170330001
220,1,4,1358,6,8,6,2,6,20160512,20160514,20160515,1,3.0,True,Non local,2,469.99,22309.64276665,0.05,46.999,2230.964276665
220,2,4,1358,25,1,2,2,6,20160512,20160514,20160515,1,3.0,True,Non local,1,499.99,23733.692816650004,0.07,34.999300000000005,1661.3584971655005
220,3,4,1358,22,1,1,2,6,20160512,20160514,20160515,1,3.0,True,Non local,2,269.99,12815.97576665,0.1,53.998000000000005,2563.1951533300003
220,4,4,1358,3,8,6,2,6,20160512,20160514,20160515,1,3.0,True,Non local,2,999.99,47467.86031665,0.2,399.99600000000004,18987.14412666
221,1,4,1218,11,8,4,1,2,20160513,20160516,20160514,29,1.0,False,Non local,2,1680.99,79793.79645165,0.07,235.3386,11171.131503231001
222,1,4,51,10,8,4,2,6,20160513,20160516,20160514,44,1.0,False,Non local,1,1549.0,73528.45091500001,0.1,154.9,7352.845091500001
222,2,4,51,2,5,6,2,6,20160513,20160516,20160514,44,1.0,False,Non local,2,749.99,35600.776566650005,0.1,149.99800000000002,7120.155313330001
223,1,4,1368,7,9,6,2,7,20160515,20160516,20160517,117,2.0,True,Non local,2,3999.99,189872.86531665,0.05,399.999,18987.286531665
223,2,4,1368,5,3,6,2,7,20160515,20160516,20160517,117,2.0,True,Non local,1,1320.99,62705.19585165,0.2,264.19800000000004,12541.039170330001
223,3,4,1368,21,1,1,2,7,20160515,20160516,20160517,117,2.0,True,Non local,2,269.99,12815.97576665,0.1,53.998000000000005,2563.1951533300003
223,4,4,1368,20,1,3,2,7,20160515,20160516,20160517,117,2.0,True,Non local,1,599.99,28480.52631665,0.05,29.9995,1424.0263158325001
223,5,4,1368,15,1,3,2,7,20160515,20160516,20160517,117,2.0,True,Non local,1,529.99,25157.74286665,0.05,26.4995,1257.8871433325003
224,1,4,157,6,8,6,1,3,20160517,20160518,20160519,105,2.0,True,Non local,1,469.99,22309.64276665,0.07,32.899300000000004,1561.6749936655
224,2,4,157,11,8,4,1,3,20160517,20160518,20160519,105,2.0,True,Non local,2,1680.99,79793.79645165,0.1,336.19800000000004,15958.759290330003
224,3,4,157,10,8,4,1,3,20160517,20160518,20160519,105,2.0,True,Non local,2,1549.0,73528.45091500001,0.2,619.6,29411.380366000005
224,4,4,157,25,1,2,1,3,20160517,20160518,20160519,105,2.0,True,Non local,1,499.99,23733.692816650004,0.05,24.9995,1186.6846408325002
225,1,4,307,21,1,1,1,3,20160517,20160520,20160519,46,2.0,False,Non local,1,269.99,12815.97576665,0.1,26.999000000000002,1281.5975766650001
225,2,4,307,9,9,5,1,3,20160517,20160520,20160519,46,2.0,False,Non local,1,2999.99,142404.53031665,0.1,299.99899999999997,14240.453031665
226,1,4,501,2,5,6,1,2,20160517,20160519,20160520,83,3.0,True,Non local,1,749.99,35600.776566650005,0.05,37.499500000000005,1780.0388283325003
227,1,4,489,3,8,6,2,7,20160517,20160518,20160520,74,3.0,True,Non local,2,999.99,47467.86031665,0.05,99.99900000000001,4746.786031665
227,2,4,489,15,1,3,2,7,20160517,20160518,20160520,74,3.0,True,Non local,2,529.99,25157.74286665,0.1,105.998,5031.548573330001
228,1,4,615,25,1,2,2,7,20160517,20160520,20160520,184,3.0,False,Non local,1,499.99,23733.692816650004,0.2,99.998,4746.738563330001
228,2,4,615,2,5,6,2,7,20160517,20160520,20160520,184,3.0,False,Non local,2,749.99,35600.776566650005,0.07,104.99860000000001,4984.108719331001
228,3,4,615,23,1,1,2,7,20160517,20160520,20160520,184,3.0,False,Non local,2,299.99,14240.02581665,0.1,59.998000000000005,2848.0051633300004
228,4,4,615,4,9,6,2,7,20160517,20160520,20160520,184,3.0,False,Non local,1,2899.99,137657.69681665,0.2,579.9979999999999,27531.539363329997
228,5,4,615,22,1,1,2,7,20160517,20160520,20160520,184,3.0,False,Non local,1,269.99,12815.97576665,0.05,13.499500000000001,640.7987883325001
229,1,4,742,25,1,2,2,6,20160519,20160521,20160520,152,1.0,False,Non local,2,499.99,23733.692816650004,0.2,199.996,9493.477126660002
229,2,4,742,5,3,6,2,6,20160519,20160521,20160520,152,1.0,False,Non local,2,1320.99,62705.19585165,0.1,264.19800000000004,12541.039170330001
229,3,4,742,8,9,6,2,6,20160519,20160521,20160520,152,1.0,False,Non local,1,1799.99,85442.52831665,0.2,359.99800000000005,17088.50566333
230,1,4,1167,11,8,4,2,6,20160519,20160520,20160521,171,2.0,True,Non local,2,1680.99,79793.79645165,0.07,235.3386,11171.131503231001
231,1,4,1257,8,9,6,2,6,20160519,20160522,20160521,110,2.0,False,Non local,2,1799.99,85442.52831665,0.07,251.99860000000004,11961.953964331002
231,2,4,1257,14,1,3,2,6,20160519,20160522,20160521,110,2.0,False,Non local,2,269.99,12815.97576665,0.2,107.99600000000001,5126.3903066600005
231,3,4,1257,5,3,6,2,6,20160519,20160522,20160521,110,2.0,False,Non local,2,1320.99,62705.19585165,0.2,528.3960000000001,25082.078340660002
232,1,4,1360,18,4,3,1,3,20160520,20160523,20160523,69,3.0,False,Non local,1,449.0,21313.282415,0.07,31.430000000000003,1491.9297690500002
232,2,4,1360,11,8,4,1,3,20160520,20160523,20160523,69,3.0,False,Non local,2,1680.99,79793.79645165,0.05,168.09900000000002,7979.379645165001
232,3,4,1360,26,1,2,1,3,20160520,20160523,20160523,69,3.0,False,Non local,2,599.99,28480.52631665,0.07,83.99860000000001,3987.2736843310004
232,4,4,1360,8,9,6,1,3,20160520,20160523,20160523,69,3.0,False,Non local,2,1799.99,85442.52831665,0.1,359.99800000000005,17088.50566333
233,1,4,737,14,1,3,2,6,20160521,20160522,20160524,181,3.0,True,Non local,1,269.99,12815.97576665,0.1,26.999000000000002,1281.5975766650001
233,2,4,737,16,1,3,2,6,20160521,20160522,20160524,181,3.0,True,Non local,2,599.99,28480.52631665,0.1,119.998,5696.1052633300005
233,3,4,737,12,1,3,2,6,20160521,20160522,20160524,181,3.0,True,Non local,1,549.99,26107.10956665,0.2,109.998,5221.42191333
233,4,4,737,15,1,3,2,6,20160521,20160522,20160524,181,3.0,True,Non local,2,529.99,25157.74286665,0.07,74.19860000000001,3522.0840013310008
234,1,4,1435,11,8,4,2,6,20160522,20160524,20160524,17,2.0,False,Non local,2,1680.99,79793.79645165,0.2,672.3960000000001,31917.518580660006
234,2,4,1435,17,4,3,2,6,20160522,20160524,20160524,17,2.0,False,Non local,2,429.0,20363.915715000003,0.05,42.900000000000006,2036.3915715000003
234,3,4,1435,12,1,3,2,6,20160522,20160524,20160524,17,2.0,False,Non local,1,549.99,26107.10956665,0.1,54.999,2610.710956665
234,4,4,1435,7,9,6,2,6,20160522,20160524,20160524,17,2.0,False,Non local,1,3999.99,189872.86531665,0.05,199.9995,9493.6432658325
234,5,4,1435,23,1,1,2,6,20160522,20160524,20160524,17,2.0,False,Non local,1,299.99,14240.02581665,0.1,29.999000000000002,1424.0025816650002
235,1,4,649,6,8,6,2,6,20160524,20160525,20160525,143,1.0,False,Non local,1,469.99,22309.64276665,0.07,32.899300000000004,1561.6749936655
235,2,4,649,13,1,3,2,6,20160524,20160525,20160525,143,1.0,False,Non local,2,269.99,12815.97576665,0.05,26.999000000000002,1281.5975766650001
235,3,4,649,7,9,6,2,6,20160524,20160525,20160525,143,1.0,False,Non local,2,3999.99,189872.86531665,0.05,399.999,18987.286531665
236,1,4,206,3,8,6,2,6,20160525,20160527,20160526,119,1.0,False,Non local,2,999.99,47467.86031665,0.07,139.9986,6645.500444331001
236,2,4,206,2,5,6,2,6,20160525,20160527,20160526,119,1.0,False,Non local,2,749.99,35600.776566650005,0.1,149.99800000000002,7120.155313330001
236,3,4,206,4,9,6,2,6,20160525,20160527,20160526,119,1.0,False,Non local,2,2899.99,137657.69681665,0.1,579.9979999999999,27531.539363329997
237,1,4,1351,15,1,3,2,7,20160525,20160526,20160527,187,2.0,True,Non local,1,529.99,25157.74286665,0.2,105.998,5031.548573330001
237,2,4,1351,24,1,2,2,7,20160525,20160526,20160527,187,2.0,True,Non local,1,549.99,26107.10956665,0.07,38.499300000000005,1827.4976696655
237,3,4,1351,20,1,3,2,7,20160525,20160526,20160527,187,2.0,True,Non local,2,599.99,28480.52631665,0.2,239.996,11392.210526660001
237,4,4,1351,26,1,2,2,7,20160525,20160526,20160527,187,2.0,True,Non local,1,599.99,28480.52631665,0.05,29.9995,1424.0263158325001
238,1,4,1350,20,1,3,2,6,20160526,20160529,20160529,157,3.0,False,Non local,2,599.99,28480.52631665,0.2,239.996,11392.210526660001
238,2,4,1350,25,1,2,2,6,20160526,20160529,20160529,157,3.0,False,Non local,1,499.99,23733.692816650004,0.07,34.999300000000005,1661.3584971655005
238,3,4,1350,13,1,3,2,6,20160526,20160529,20160529,157,3.0,False,Non local,2,269.99,12815.97576665,0.2,107.99600000000001,5126.3903066600005
238,4,4,1350,22,1,1,2,6,20160526,20160529,20160529,157,3.0,False,Non local,2,269.99,12815.97576665,0.05,26.999000000000002,1281.5975766650001
238,5,4,1350,7,9,6,2,6,20160526,20160529,20160529,157,3.0,False,Non local,1,3999.99,189872.86531665,0.07,279.9993,13291.1005721655
239,1,3,13,16,1,3,3,9,20160527,20160527,,13,,False,Non local,2,599.99,28480.52631665,0.1,119.998,5696.1052633300005
239,2,3,13,21,1,1,3,9,20160527,20160527,,13,,False,Non local,2,269.99,12815.97576665,0.05,26.999000000000002,1281.5975766650001
239,3,3,13,18,4,3,3,9,20160527,20160527,,13,,False,Non local,1,449.0,21313.282415,0.07,31.430000000000003,1491.9297690500002
239,4,3,13,4,9,6,3,9,20160527,20160527,,13,,False,Non local,2,2899.99,137657.69681665,0.07,405.9986,19272.077554331
240,1,4,65,9,9,5,2,6,20160527,20160529,20160530,55,3.0,True,Non local,1,2999.99,142404.53031665,0.07,209.9993,9968.317122165501
240,2,4,65,8,9,6,2,6,20160527,20160529,20160530,55,3.0,True,Non local,1,1799.99,85442.52831665,0.07,125.99930000000002,5980.976982165501
240,3,4,65,5,3,6,2,6,20160527,20160529,20160530,55,3.0,True,Non local,1,1320.99,62705.19585165,0.07,92.4693,4389.363709615501
240,4,4,65,18,4,3,2,6,20160527,20160529,20160530,55,3.0,True,Non local,2,449.0,21313.282415,0.07,62.86000000000001,2983.8595381000005
241,1,4,1082,7,9,6,2,7,20160527,20160529,20160529,25,2.0,False,Non local,1,3999.99,189872.86531665,0.2,799.998,37974.57306333
242,1,4,1168,3,8,6,2,7,20160527,20160530,20160530,26,3.0,False,Non local,1,999.99,47467.86031665,0.2,199.99800000000002,9493.57206333
243,1,4,802,25,1,2,3,8,20160527,20160530,20160528,13,1.0,False,Non local,2,499.99,23733.692816650004,0.05,49.999,2373.3692816650005
243,2,4,802,19,4,3,3,8,20160527,20160530,20160528,13,1.0,False,Non local,2,449.0,21313.282415,0.07,62.86000000000001,2983.8595381000005
243,3,4,802,7,9,6,3,8,20160527,20160530,20160528,13,1.0,False,Non local,2,3999.99,189872.86531665,0.05,399.999,18987.286531665
244,1,4,956,19,4,3,2,6,20160528,20160529,20160529,72,1.0,False,Non local,1,449.0,21313.282415,0.07,31.430000000000003,1491.9297690500002
244,2,4,956,25,1,2,2,6,20160528,20160529,20160529,72,1.0,False,Non local,1,499.99,23733.692816650004,0.2,99.998,4746.738563330001
244,3,4,956,22,1,1,2,6,20160528,20160529,20160529,72,1.0,False,Non local,1,269.99,12815.97576665,0.1,26.999000000000002,1281.5975766650001
245,1,4,223,10,8,4,2,7,20160529,20160531,20160530,126,1.0,False,Non local,2,1549.0,73528.45091500001,0.05,154.9,7352.845091500001
245,2,4,223,8,9,6,2,7,20160529,20160531,20160530,126,1.0,False,Non local,1,1799.99,85442.52831665,0.1,179.99900000000002,8544.252831665
246,1,3,17,17,4,3,2,6,20160530,20160530,,17,,False,Non local,2,429.0,20363.915715000003,0.2,171.60000000000002,8145.566286000001
247,1,4,928,25,1,2,1,3,20160530,20160601,20160601,179,2.0,False,Non local,1,499.99,23733.692816650004,0.07,34.999300000000005,1661.3584971655005
247,2,4,928,3,8,6,1,3,20160530,20160601,20160601,179,2.0,False,Non local,1,999.99,47467.86031665,0.2,199.99800000000002,9493.57206333
248,1,4,1376,13,1,3,2,7,20160530,20160601,20160531,9,1.0,False,Non local,1,269.99,12815.97576665,0.1,26.999000000000002,1281.5975766650001
248,2,4,1376,26,1,2,2,7,20160530,20160601,20160531,9,1.0,False,Non local,2,599.99,28480.52631665,0.1,119.998,5696.1052633300005
248,3,4,1376,17,4,3,2,7,20160530,20160601,20160531,9,1.0,False,Non local,1,429.0,20363.915715000003,0.1,42.900000000000006,2036.3915715000003
248,4,4,1376,9,9,5,2,7,20160530,20160601,20160531,9,1.0,False,Non local,1,2999.99,142404.53031665,0.2,599.9979999999999,28480.90606333
249,1,4,145,7,9,6,2,6,20160601,20160604,20160604,98,3.0,False,Non local,2,3999.99,189872.86531665,0.05,399.999,18987.286531665
249,2,4,145,18,4,3,2,6,20160601,20160604,20160604,98,3.0,False,Non local,2,449.0,21313.282415,0.05,44.900000000000006,2131.3282415000003
249,3,4,145,22,1,1,2,6,20160601,20160604,20160604,98,3.0,False,Non local,1,269.99,12815.97576665,0.1,26.999000000000002,1281.5975766650001
250,1,4,150,17,4,3,2,7,20160601,20160602,20160604,100,3.0,True,Non local,2,429.0,20363.915715000003,0.05,42.900000000000006,2036.3915715000003
250,2,4,150,11,8,4,2,7,20160601,20160602,20160604,100,3.0,True,Non local,2,1680.99,79793.79645165,0.1,336.19800000000004,15958.759290330003
251,1,4,851,23,1,1,2,7,20160601,20160604,20160604,183,3.0,False,Non local,2,299.99,14240.02581665,0.2,119.99600000000001,5696.010326660001
251,2,4,851,22,1,1,2,7,20160601,20160604,20160604,183,3.0,False,Non local,2,269.99,12815.97576665,0.05,26.999000000000002,1281.5975766650001
252,1,4,66,11,8,4,3,8,20160601,20160604,20160602,56,1.0,False,Non local,2,1680.99,79793.79645165,0.1,336.19800000000004,15958.759290330003
252,2,4,66,4,9,6,3,8,20160601,20160604,20160602,56,1.0,False,Non local,1,2899.99,137657.69681665,0.07,202.9993,9636.0387771655
252,3,4,66,19,4,3,3,8,20160601,20160604,20160602,56,1.0,False,Non local,1,449.0,21313.282415,0.1,44.900000000000006,2131.3282415000003
253,1,4,1267,11,8,4,2,6,20160602,20160605,20160605,143,3.0,False,Non local,2,1680.99,79793.79645165,0.07,235.3386,11171.131503231001
254,1,4,510,6,8,6,2,7,20160603,20160606,20160605,175,2.0,False,Non local,2,469.99,22309.64276665,0.07,65.79860000000001,3123.349987331
254,2,4,510,3,8,6,2,7,20160603,20160606,20160605,175,2.0,False,Non local,1,999.99,47467.86031665,0.05,49.999500000000005,2373.3930158325
254,3,4,510,12,1,3,2,7,20160603,20160606,20160605,175,2.0,False,Non local,1,549.99,26107.10956665,0.05,27.4995,1305.3554783325
255,1,4,801,5,3,6,2,7,20160603,20160606,20160605,142,2.0,False,Non local,2,1320.99,62705.19585165,0.1,264.19800000000004,12541.039170330001
255,2,4,801,14,1,3,2,7,20160603,20160606,20160605,142,2.0,False,Non local,1,269.99,12815.97576665,0.2,53.998000000000005,2563.1951533300003
255,3,4,801,2,5,6,2,7,20160603,20160606,20160605,142,2.0,False,Non local,2,749.99,35600.776566650005,0.2,299.99600000000004,14240.310626660003
255,4,4,801,21,1,1,2,7,20160603,20160606,20160605,142,2.0,False,Non local,1,269.99,12815.97576665,0.07,18.899300000000004,897.1183036655001
256,1,4,26,11,8,4,2,7,20160604,20160605,20160607,25,3.0,True,Non local,1,1680.99,79793.79645165,0.1,168.09900000000002,7979.379645165001
256,2,4,26,21,1,1,2,7,20160604,20160605,20160607,25,3.0,True,Non local,1,269.99,12815.97576665,0.05,13.499500000000001,640.7987883325001
257,1,4,1314,8,9,6,1,3,20160605,20160606,20160608,180,3.0,True,Non local,2,1799.99,85442.52831665,0.07,251.99860000000004,11961.953964331002
257,2,4,1314,13,1,3,1,3,20160605,20160606,20160608,180,3.0,True,Non local,2,269.99,12815.97576665,0.2,107.99600000000001,5126.3903066600005
257,3,4,1314,10,8,4,1,3,20160605,20160606,20160608,180,3.0,True,Non local,2,1549.0,73528.45091500001,0.1,309.8,14705.690183000002
257,4,4,1314,15,1,3,1,3,20160605,20160606,20160608,180,3.0,True,Non local,1,529.99,25157.74286665,0.1,52.999,2515.7742866650005
258,1,4,107,8,9,6,2,7,20160606,20160607,20160607,49,1.0,False,Non local,2,1799.99,85442.52831665,0.05,179.99900000000002,8544.252831665
258,2,4,107,4,9,6,2,7,20160606,20160607,20160607,49,1.0,False,Non local,1,2899.99,137657.69681665,0.07,202.9993,9636.0387771655
258,3,4,107,19,4,3,2,7,20160606,20160607,20160607,49,1.0,False,Non local,1,449.0,21313.282415,0.07,31.430000000000003,1491.9297690500002
258,4,4,107,18,4,3,2,7,20160606,20160607,20160607,49,1.0,False,Non local,1,449.0,21313.282415,0.05,22.450000000000003,1065.6641207500002
259,1,4,413,26,1,2,2,7,20160606,20160609,20160609,63,3.0,False,local,1,599.99,28480.52631665,0.05,29.9995,1424.0263158325001
259,2,4,413,6,8,6,2,7,20160606,20160609,20160609,63,3.0,False,local,2,469.99,22309.64276665,0.1,93.998,4461.92855333
259,3,4,413,2,5,6,2,7,20160606,20160609,20160609,63,3.0,False,local,2,749.99,35600.776566650005,0.2,299.99600000000004,14240.310626660003
259,4,4,413,4,9,6,2,7,20160606,20160609,20160609,63,3.0,False,local,1,2899.99,137657.69681665,0.1,289.99899999999997,13765.769681664999
260,1,4,632,23,1,1,2,6,20160606,20160608,20160608,70,2.0,False,Non local,2,299.99,14240.02581665,0.2,119.99600000000001,5696.010326660001
260,2,4,632,10,8,4,2,6,20160606,20160608,20160608,70,2.0,False,Non local,1,1549.0,73528.45091500001,0.2,309.8,14705.690183000002
260,3,4,632,24,1,2,2,6,20160606,20160608,20160608,70,2.0,False,Non local,2,549.99,26107.10956665,0.2,219.996,10442.84382666
261,1,4,1045,16,1,3,1,2,20160608,20160610,20160609,168,1.0,False,Non local,2,599.99,28480.52631665,0.05,59.999,2848.0526316650003
261,2,4,1045,14,1,3,1,2,20160608,20160610,20160609,168,1.0,False,Non local,1,269.99,12815.97576665,0.1,26.999000000000002,1281.5975766650001
261,3,4,1045,17,4,3,1,2,20160608,20160610,20160609,168,1.0,False,Non local,2,429.0,20363.915715000003,0.1,85.80000000000001,4072.7831430000006
262,1,4,579,2,5,6,3,9,20160608,20160611,20160610,164,2.0,False,Non local,1,749.99,35600.776566650005,0.07,52.499300000000005,2492.0543596655007
262,2,4,579,9,9,5,3,9,20160608,20160611,20160610,164,2.0,False,Non local,2,2999.99,142404.53031665,0.05,299.99899999999997,14240.453031665
263,1,4,1322,9,9,5,2,6,20160609,20160610,20160612,70,3.0,True,Non local,1,2999.99,142404.53031665,0.07,209.9993,9968.317122165501
263,2,4,1322,3,8,6,2,6,20160609,20160610,20160612,70,3.0,True,Non local,1,999.99,47467.86031665,0.2,199.99800000000002,9493.57206333
263,3,4,1322,2,5,6,2,6,20160609,20160610,20160612,70,3.0,True,Non local,2,749.99,35600.776566650005,0.05,74.99900000000001,3560.0776566650006
264,1,3,5,10,8,4,1,3,20160610,20160610,,5,,False,Non local,1,1549.0,73528.45091500001,0.2,309.8,14705.690183000002
264,2,3,5,24,1,2,1,3,20160610,20160610,,5,,False,Non local,2,549.99,26107.10956665,0.05,54.999,2610.710956665
264,3,3,5,15,1,3,1,3,20160610,20160610,,5,,False,Non local,2,529.99,25157.74286665,0.1,105.998,5031.548573330001
264,4,3,5,3,8,6,1,3,20160610,20160610,,5,,False,Non local,2,999.99,47467.86031665,0.07,139.9986,6645.500444331001
265,1,4,682,9,9,5,2,7,20160610,20160612,20160611,1,1.0,False,Non local,2,2999.99,142404.53031665,0.2,1199.9959999999999,56961.81212666
266,1,4,933,6,8,6,2,7,20160610,20160613,20160613,88,3.0,False,Non local,2,469.99,22309.64276665,0.07,65.79860000000001,3123.349987331
266,2,4,933,19,4,3,2,7,20160610,20160613,20160613,88,3.0,False,Non local,1,449.0,21313.282415,0.2,89.80000000000001,4262.656483000001
266,3,4,933,25,1,2,2,7,20160610,20160613,20160613,88,3.0,False,Non local,1,499.99,23733.692816650004,0.05,24.9995,1186.6846408325002
267,1,4,282,22,1,1,1,3,20160611,20160614,20160614,43,3.0,False,Non local,2,269.99,12815.97576665,0.2,107.99600000000001,5126.3903066600005
267,2,4,282,23,1,1,1,3,20160611,20160614,20160614,43,3.0,False,Non local,2,299.99,14240.02581665,0.1,59.998000000000005,2848.0051633300004
267,3,4,282,24,1,2,1,3,20160611,20160614,20160614,43,3.0,False,Non local,1,549.99,26107.10956665,0.1,54.999,2610.710956665
267,4,4,282,7,9,6,1,3,20160611,20160614,20160614,43,3.0,False,Non local,2,3999.99,189872.86531665,0.07,559.9986,26582.201144331
267,5,4,282,21,1,1,1,3,20160611,20160614,20160614,43,3.0,False,Non local,1,269.99,12815.97576665,0.05,13.499500000000001,640.7987883325001
268,1,4,540,7,9,6,1,3,20160611,20160614,20160612,180,1.0,False,Non local,1,3999.99,189872.86531665,0.05,199.9995,9493.6432658325
268,2,4,540,6,8,6,1,3,20160611,20160614,20160612,180,1.0,False,Non local,2,469.99,22309.64276665,0.2,187.996,8923.85710666
268,3,4,540,9,9,5,1,3,20160611,20160614,20160612,180,1.0,False,Non local,1,2999.99,142404.53031665,0.1,299.99899999999997,14240.453031665
269,1,4,764,5,3,6,2,6,20160612,20160613,20160615,121,3.0,True,Non local,1,1320.99,62705.19585165,0.07,92.4693,4389.363709615501
269,2,4,764,23,1,1,2,6,20160612,20160613,20160615,121,3.0,True,Non local,2,299.99,14240.02581665,0.07,41.9986,1993.6036143310002
269,3,4,764,18,4,3,2,6,20160612,20160613,20160615,121,3.0,True,Non local,1,449.0,21313.282415,0.05,22.450000000000003,1065.6641207500002
269,4,4,764,3,8,6,2,6,20160612,20160613,20160615,121,3.0,True,Non local,1,999.99,47467.86031665,0.05,49.999500000000005,2373.3930158325
270,1,4,879,25,1,2,2,7,20160612,20160615,20160613,138,1.0,False,Non local,2,499.99,23733.692816650004,0.2,199.996,9493.477126660002
270,2,4,879,15,1,3,2,7,20160612,20160615,20160613,138,1.0,False,Non local,1,529.99,25157.74286665,0.1,52.999,2515.7742866650005
271,1,4,350,11,8,4,2,7,20160613,20160616,20160614,103,1.0,False,Non local,2,1680.99,79793.79645165,0.07,235.3386,11171.131503231001
271,2,4,350,6,8,6,2,7,20160613,20160616,20160614,103,1.0,False,Non local,2,469.99,22309.64276665,0.05,46.999,2230.964276665
271,3,4,350,13,1,3,2,7,20160613,20160616,20160614,103,1.0,False,Non local,1,269.99,12815.97576665,0.1,26.999000000000002,1281.5975766650001
271,4,4,350,7,9,6,2,7,20160613,20160616,20160614,103,1.0,False,Non local,2,3999.99,189872.86531665,0.1,799.998,37974.57306333
272,1,4,497,2,5,6,2,7,20160615,20160618,20160616,171,1.0,False,Non local,2,749.99,35600.776566650005,0.07,104.99860000000001,4984.108719331001
272,2,4,497,11,8,4,2,7,20160615,20160618,20160616,171,1.0,False,Non local,1,1680.99,79793.79645165,0.07,117.6693,5585.565751615501
273,1,4,1340,21,1,1,2,7,20160616,20160619,20160617,123,1.0,False,Non local,1,269.99,12815.97576665,0.1,26.999000000000002,1281.5975766650001
274,1,4,411,11,8,4,2,7,20160617,20160620,20160618,16,1.0,False,Non local,2,1680.99,79793.79645165,0.05,168.09900000000002,7979.379645165001
274,2,4,411,25,1,2,2,7,20160617,20160620,20160618,16,1.0,False,Non local,2,499.99,23733.692816650004,0.1,99.998,4746.738563330001
274,3,4,411,9,9,5,2,7,20160617,20160620,20160618,16,1.0,False,Non local,2,2999.99,142404.53031665,0.07,419.9986,19936.634244331002
275,1,4,1341,18,4,3,2,7,20160617,20160619,20160618,138,1.0,False,Non local,1,449.0,21313.282415,0.05,22.450000000000003,1065.6641207500002
275,2,4,1341,25,1,2,2,7,20160617,20160619,20160618,138,1.0,False,Non local,1,499.99,23733.692816650004,0.1,49.999,2373.3692816650005
275,3,4,1341,7,9,6,2,7,20160617,20160619,20160618,138,1.0,False,Non local,2,3999.99,189872.86531665,0.05,399.999,18987.286531665
276,1,4,1227,3,8,6,2,6,20160618,20160619,20160619,73,1.0,False,Non local,2,999.99,47467.86031665,0.2,399.99600000000004,18987.14412666
276,2,4,1227,17,4,3,2,6,20160618,20160619,20160619,73,1.0,False,Non local,1,429.0,20363.915715000003,0.05,21.450000000000003,1018.1957857500001
276,3,4,1227,9,9,5,2,6,20160618,20160619,20160619,73,1.0,False,Non local,2,2999.99,142404.53031665,0.07,419.9986,19936.634244331002
277,1,4,546,20,1,3,2,7,20160619,20160620,20160620,128,1.0,False,Non local,2,599.99,28480.52631665,0.2,239.996,11392.210526660001
277,2,4,546,6,8,6,2,7,20160619,20160620,20160620,128,1.0,False,Non local,2,469.99,22309.64276665,0.2,187.996,8923.85710666
277,3,4,546,13,1,3,2,7,20160619,20160620,20160620,128,1.0,False,Non local,2,269.99,12815.97576665,0.1,53.998000000000005,2563.1951533300003
278,1,4,1301,16,1,3,1,3,20160620,20160623,20160621,127,1.0,False,Non local,1,599.99,28480.52631665,0.2,119.998,5696.1052633300005
278,2,4,1301,19,4,3,1,3,20160620,20160623,20160621,127,1.0,False,Non local,2,449.0,21313.282415,0.07,62.86000000000001,2983.8595381000005
278,3,4,1301,13,1,3,1,3,20160620,20160623,20160621,127,1.0,False,Non local,1,269.99,12815.97576665,0.07,18.899300000000004,897.1183036655001
278,4,4,1301,11,8,4,1,3,20160620,20160623,20160621,127,1.0,False,Non local,2,1680.99,79793.79645165,0.07,235.3386,11171.131503231001
279,1,4,378,25,1,2,2,6,20160621,20160622,20160622,152,1.0,False,Non local,1,499.99,23733.692816650004,0.07,34.999300000000005,1661.3584971655005
280,1,4,638,25,1,2,2,7,20160621,20160622,20160623,144,2.0,True,Non local,1,499.99,23733.692816650004,0.07,34.999300000000005,1661.3584971655005
280,2,4,638,26,1,2,2,7,20160621,20160622,20160623,144,2.0,True,Non local,2,599.99,28480.52631665,0.07,83.99860000000001,3987.2736843310004
280,3,4,638,13,1,3,2,7,20160621,20160622,20160623,144,2.0,True,Non local,1,269.99,12815.97576665,0.07,18.899300000000004,897.1183036655001
281,1,4,800,22,1,1,2,7,20160621,20160622,20160623,86,2.0,True,Non local,1,269.99,12815.97576665,0.07,18.899300000000004,897.1183036655001
281,2,4,800,14,1,3,2,7,20160621,20160622,20160623,86,2.0,True,Non local,2,269.99,12815.97576665,0.1,53.998000000000005,2563.1951533300003
281,3,4,800,7,9,6,2,7,20160621,20160622,20160623,86,2.0,True,Non local,2,3999.99,189872.86531665,0.07,559.9986,26582.201144331
282,1,4,159,20,1,3,3,9,20160622,20160625,20160625,56,3.0,False,Non local,1,599.99,28480.52631665,0.07,41.999300000000005,1993.6368421655002
282,2,4,159,7,9,6,3,9,20160622,20160625,20160625,56,3.0,False,Non local,2,3999.99,189872.86531665,0.07,559.9986,26582.201144331
282,3,4,159,3,8,6,3,9,20160622,20160625,20160625,56,3.0,False,Non local,2,999.99,47467.86031665,0.05,99.99900000000001,4746.786031665
282,4,4,159,16,1,3,3,9,20160622,20160625,20160625,56,3.0,False,Non local,2,599.99,28480.52631665,0.07,83.99860000000001,3987.2736843310004
283,1,4,181,9,9,5,1,2,20160623,20160626,20160626,3,3.0,False,Non local,1,2999.99,142404.53031665,0.05,149.99949999999998,7120.2265158325
283,2,4,181,16,1,3,1,2,20160623,20160626,20160626,3,3.0,False,Non local,2,599.99,28480.52631665,0.2,239.996,11392.210526660001
284,1,4,1356,24,1,2,2,7,20160623,20160625,20160625,126,2.0,False,Non local,2,549.99,26107.10956665,0.2,219.996,10442.84382666
284,2,4,1356,20,1,3,2,7,20160623,20160625,20160625,126,2.0,False,Non local,1,599.99,28480.52631665,0.2,119.998,5696.1052633300005
285,1,4,319,16,1,3,1,2,20160625,20160626,20160627,111,2.0,True,Non local,2,599.99,28480.52631665,0.05,59.999,2848.0526316650003
285,2,4,319,12,1,3,1,2,20160625,20160626,20160627,111,2.0,True,Non local,1,549.99,26107.10956665,0.05,27.4995,1305.3554783325
285,3,4,319,2,5,6,1,2,20160625,20160626,20160627,111,2.0,True,Non local,1,749.99,35600.776566650005,0.1,74.99900000000001,3560.0776566650006
286,1,4,59,26,1,2,2,6,20160625,20160626,20160626,50,1.0,False,Non local,2,599.99,28480.52631665,0.2,239.996,11392.210526660001
286,2,4,59,21,1,1,2,6,20160625,20160626,20160626,50,1.0,False,Non local,2,269.99,12815.97576665,0.07,37.79860000000001,1794.2366073310002
286,3,4,59,16,1,3,2,6,20160625,20160626,20160626,50,1.0,False,Non local,2,599.99,28480.52631665,0.1,119.998,5696.1052633300005
286,4,4,59,7,9,6,2,6,20160625,20160626,20160626,50,1.0,False,Non local,1,3999.99,189872.86531665,0.1,399.999,18987.286531665
287,1,4,133,5,3,6,2,6,20160625,20160626,20160627,93,2.0,True,Non local,1,1320.99,62705.19585165,0.2,264.19800000000004,12541.039170330001
287,2,4,133,10,8,4,2,6,20160625,20160626,20160627,93,2.0,True,Non local,1,1549.0,73528.45091500001,0.05,77.45,3676.4225457500006
287,3,4,133,2,5,6,2,6,20160625,20160626,20160627,93,2.0,True,Non local,1,749.99,35600.776566650005,0.05,37.499500000000005,1780.0388283325003
287,4,4,133,20,1,3,2,6,20160625,20160626,20160627,93,2.0,True,Non local,1,599.99,28480.52631665,0.05,29.9995,1424.0263158325001
288,1,4,780,4,9,6,2,6,20160625,20160628,20160628,44,3.0,False,Non local,1,2899.99,137657.69681665,0.2,579.9979999999999,27531.539363329997
288,2,4,780,10,8,4,2,6,20160625,20160628,20160628,44,3.0,False,Non local,1,1549.0,73528.45091500001,0.1,154.9,7352.845091500001
288,3,4,780,7,9,6,2,6,20160625,20160628,20160628,44,3.0,False,Non local,2,3999.99,189872.86531665,0.05,399.999,18987.286531665
289,1,4,849,13,1,3,2,6,20160627,20160628,20160630,78,3.0,True,Non local,1,269.99,12815.97576665,0.07,18.899300000000004,897.1183036655001
289,2,4,849,24,1,2,2,6,20160627,20160628,20160630,78,3.0,True,Non local,1,549.99,26107.10956665,0.2,109.998,5221.42191333
289,3,4,849,17,4,3,2,6,20160627,20160628,20160630,78,3.0,True,Non local,1,429.0,20363.915715000003,0.2,85.80000000000001,4072.7831430000006
290,1,4,202,2,5,6,2,6,20160628,20160629,20160630,36,2.0,True,Non local,2,749.99,35600.776566650005,0.07,104.99860000000001,4984.108719331001
290,2,4,202,5,3,6,2,6,20160628,20160629,20160630,36,2.0,True,Non local,2,1320.99,62705.19585165,0.07,184.9386,8778.727419231001
290,3,4,202,21,1,1,2,6,20160628,20160629,20160630,36,2.0,True,Non local,1,269.99,12815.97576665,0.1,26.999000000000002,1281.5975766650001
291,1,4,158,6,8,6,2,6,20160629,20160630,20160701,95,2.0,True,Non local,2,469.99,22309.64276665,0.05,46.999,2230.964276665
291,2,4,158,21,1,1,2,6,20160629,20160630,20160701,95,2.0,True,Non local,2,269.99,12815.97576665,0.07,37.79860000000001,1794.2366073310002
292,1,4,360,18,4,3,3,9,20160629,20160630,20160702,40,3.0,True,Non local,2,449.0,21313.282415,0.1,89.80000000000001,4262.656483000001
292,2,4,360,4,9,6,3,9,20160629,20160630,20160702,40,3.0,True,Non local,1,2899.99,137657.69681665,0.07,202.9993,9636.0387771655
292,3,4,360,10,8,4,3,9,20160629,20160630,20160702,40,3.0,True,Non local,2,1549.0,73528.45091500001,0.05,154.9,7352.845091500001
293,1,4,573,19,4,3,2,7,20160630,20160703,20160702,73,2.0,False,Non local,2,449.0,21313.282415,0.05,44.900000000000006,2131.3282415000003
293,2,4,573,6,8,6,2,7,20160630,20160703,20160702,73,2.0,False,Non local,1,469.99,22309.64276665,0.2,93.998,4461.92855333
294,1,4,732,18,4,3,2,7,20160701,20160702,20160702,47,1.0,False,Non local,1,449.0,21313.282415,0.2,89.80000000000001,4262.656483000001
294,2,4,732,14,1,3,2,7,20160701,20160702,20160702,47,1.0,False,Non local,1,269.99,12815.97576665,0.2,53.998000000000005,2563.1951533300003
294,3,4,732,7,9,6,2,7,20160701,20160702,20160702,47,1.0,False,Non local,2,3999.99,189872.86531665,0.05,399.999,18987.286531665
294,4,4,732,25,1,2,2,7,20160701,20160702,20160702,47,1.0,False,Non local,2,499.99,23733.692816650004,0.2,199.996,9493.477126660002
295,1,4,1130,22,1,1,2,7,20160701,20160704,20160704,41,3.0,False,Non local,2,269.99,12815.97576665,0.07,37.79860000000001,1794.2366073310002
296,1,4,1245,25,1,2,2,6,20160704,20160707,20160706,25,2.0,False,Non local,2,499.99,23733.692816650004,0.07,69.99860000000001,3322.716994331001
296,2,4,1245,12,1,3,2,6,20160704,20160707,20160706,25,2.0,False,Non local,2,549.99,26107.10956665,0.1,109.998,5221.42191333
296,3,4,1245,11,8,4,2,6,20160704,20160707,20160706,25,2.0,False,Non local,2,1680.99,79793.79645165,0.1,336.19800000000004,15958.759290330003
296,4,4,1245,9,9,5,2,6,20160704,20160707,20160706,25,2.0,False,Non local,1,2999.99,142404.53031665,0.2,599.9979999999999,28480.90606333
297,1,4,1425,4,9,6,2,7,20160704,20160705,20160706,162,2.0,True,Non local,2,2899.99,137657.69681665,0.2,1159.9959999999999,55063.078726659995
298,1,4,885,23,1,1,3,9,20160704,20160707,20160707,13,3.0,False,Non local,1,299.99,14240.02581665,0.2,59.998000000000005,2848.0051633300004
298,2,4,885,6,8,6,3,9,20160704,20160707,20160707,13,3.0,False,Non local,2,469.99,22309.64276665,0.05,46.999,2230.964276665
298,3,4,885,22,1,1,3,9,20160704,20160707,20160707,13,3.0,False,Non local,1,269.99,12815.97576665,0.2,53.998000000000005,2563.1951533300003
298,4,4,885,9,9,5,3,9,20160704,20160707,20160707,13,3.0,False,Non local,1,2999.99,142404.53031665,0.07,209.9993,9968.317122165501
298,5,4,885,14,1,3,3,9,20160704,20160707,20160707,13,3.0,False,Non local,2,269.99,12815.97576665,0.1,53.998000000000005,2563.1951533300003
299,1,4,281,11,8,4,2,6,20160705,20160706,20160707,141,2.0,True,Non local,2,1680.99,79793.79645165,0.05,168.09900000000002,7979.379645165001
299,2,4,281,10,8,4,2,6,20160705,20160706,20160707,141,2.0,True,Non local,2,1549.0,73528.45091500001,0.2,619.6,29411.380366000005
300,1,4,1205,16,1,3,2,6,20160705,20160708,20160708,152,3.0,False,Non local,2,599.99,28480.52631665,0.1,119.998,5696.1052633300005
300,2,4,1205,9,9,5,2,6,20160705,20160708,20160708,152,3.0,False,Non local,2,2999.99,142404.53031665,0.1,599.9979999999999,28480.90606333
300,3,4,1205,10,8,4,2,6,20160705,20160708,20160708,152,3.0,False,Non local,1,1549.0,73528.45091500001,0.1,154.9,7352.845091500001
300,4,4,1205,11,8,4,2,6,20160705,20160708,20160708,152,3.0,False,Non local,2,1680.99,79793.79645165,0.2,672.3960000000001,31917.518580660006
301,1,4,17,6,8,6,2,6,20160706,20160709,20160708,17,2.0,False,Non local,1,469.99,22309.64276665,0.05,23.4995,1115.4821383325
301,2,4,17,22,1,1,2,6,20160706,20160709,20160708,17,2.0,False,Non local,1,269.99,12815.97576665,0.1,26.999000000000002,1281.5975766650001
302,1,4,1375,24,1,2,2,6,20160706,20160707,20160709,118,3.0,True,Non local,2,549.99,26107.10956665,0.2,219.996,10442.84382666
302,2,4,1375,18,4,3,2,6,20160706,20160707,20160709,118,3.0,True,Non local,2,449.0,21313.282415,0.07,62.86000000000001,2983.8595381000005
302,3,4,1375,2,5,6,2,6,20160706,20160707,20160709,118,3.0,True,Non local,2,749.99,35600.776566650005,0.2,299.99600000000004,14240.310626660003
303,1,4,36,8,9,6,2,7,20160707,20160708,20160709,33,2.0,True,Non local,2,1799.99,85442.52831665,0.05,179.99900000000002,8544.252831665
303,2,4,36,24,1,2,2,7,20160707,20160708,20160709,33,2.0,True,Non local,2,549.99,26107.10956665,0.05,54.999,2610.710956665
304,1,4,230,10,8,4,2,6,20160707,20160708,20160708,130,1.0,False,Non local,1,1549.0,73528.45091500001,0.05,77.45,3676.4225457500006
304,2,4,230,7,9,6,2,6,20160707,20160708,20160708,130,1.0,False,Non local,2,3999.99,189872.86531665,0.1,799.998,37974.57306333
304,3,4,230,20,1,3,2,6,20160707,20160708,20160708,130,1.0,False,Non local,1,599.99,28480.52631665,0.1,59.999,2848.0526316650003
305,1,4,705,10,8,4,2,7,20160707,20160708,20160708,100,1.0,False,Non local,1,1549.0,73528.45091500001,0.07,108.43,5146.991564050001
305,2,4,705,6,8,6,2,7,20160707,20160708,20160708,100,1.0,False,Non local,1,469.99,22309.64276665,0.1,46.999,2230.964276665
305,3,4,705,3,8,6,2,7,20160707,20160708,20160708,100,1.0,False,Non local,2,999.99,47467.86031665,0.2,399.99600000000004,18987.14412666
306,1,4,424,10,8,4,2,7,20160709,20160710,20160712,47,3.0,True,Non local,1,1549.0,73528.45091500001,0.2,309.8,14705.690183000002
306,2,4,424,22,1,1,2,7,20160709,20160710,20160712,47,3.0,True,Non local,1,269.99,12815.97576665,0.07,18.899300000000004,897.1183036655001
307,1,4,695,15,1,3,2,6,20160709,20160711,20160711,162,2.0,False,Non local,2,529.99,25157.74286665,0.05,52.999,2515.7742866650005
308,1,4,156,7,9,6,2,6,20160711,20160712,20160714,104,3.0,True,Non local,1,3999.99,189872.86531665,0.1,399.999,18987.286531665
308,2,4,156,18,4,3,2,6,20160711,20160712,20160714,104,3.0,True,Non local,2,449.0,21313.282415,0.2,179.60000000000002,8525.312966000001
308,3,4,156,14,1,3,2,6,20160711,20160712,20160714,104,3.0,True,Non local,1,269.99,12815.97576665,0.2,53.998000000000005,2563.1951533300003
309,1,4,211,3,8,6,2,6,20160711,20160713,20160713,17,2.0,False,Non local,1,999.99,47467.86031665,0.05,49.999500000000005,2373.3930158325
309,2,4,211,12,1,3,2,6,20160711,20160713,20160713,17,2.0,False,Non local,1,549.99,26107.10956665,0.05,27.4995,1305.3554783325
310,1,4,627,7,9,6,1,2,20160712,20160713,20160713,68,1.0,False,Non local,2,3999.99,189872.86531665,0.07,559.9986,26582.201144331
310,2,4,627,14,1,3,1,2,20160712,20160713,20160713,68,1.0,False,Non local,2,269.99,12815.97576665,0.1,53.998000000000005,2563.1951533300003
310,3,4,627,5,3,6,1,2,20160712,20160713,20160713,68,1.0,False,Non local,2,1320.99,62705.19585165,0.2,528.3960000000001,25082.078340660002
310,4,4,627,8,9,6,1,2,20160712,20160713,20160713,68,1.0,False,Non local,1,1799.99,85442.52831665,0.2,359.99800000000005,17088.50566333
311,1,4,1400,17,4,3,2,6,20160712,20160714,20160713,79,1.0,False,Non local,2,429.0,20363.915715000003,0.05,42.900000000000006,2036.3915715000003
311,2,4,1400,5,3,6,2,6,20160712,20160714,20160713,79,1.0,False,Non local,2,1320.99,62705.19585165,0.2,528.3960000000001,25082.078340660002
312,1,4,299,24,1,2,2,6,20160713,20160715,20160716,103,3.0,True,Non local,2,549.99,26107.10956665,0.05,54.999,2610.710956665
312,2,4,299,14,1,3,2,6,20160713,20160715,20160716,103,3.0,True,Non local,2,269.99,12815.97576665,0.07,37.79860000000001,1794.2366073310002
312,3,4,299,16,1,3,2,6,20160713,20160715,20160716,103,3.0,True,Non local,2,599.99,28480.52631665,0.05,59.999,2848.0526316650003
313,1,4,565,4,9,6,3,9,20160714,20160715,20160715,52,1.0,False,Non local,1,2899.99,137657.69681665,0.07,202.9993,9636.0387771655
313,2,4,565,10,8,4,3,9,20160714,20160715,20160715,52,1.0,False,Non local,2,1549.0,73528.45091500001,0.07,216.86,10293.983128100002
314,1,4,1019,5,3,6,2,7,20160715,20160717,20160717,80,2.0,False,Non local,1,1320.99,62705.19585165,0.07,92.4693,4389.363709615501
314,2,4,1019,9,9,5,2,7,20160715,20160717,20160717,80,2.0,False,Non local,1,2999.99,142404.53031665,0.05,149.99949999999998,7120.2265158325
314,3,4,1019,22,1,1,2,7,20160715,20160717,20160717,80,2.0,False,Non local,2,269.99,12815.97576665,0.2,107.99600000000001,5126.3903066600005
314,4,4,1019,7,9,6,2,7,20160715,20160717,20160717,80,2.0,False,Non local,2,3999.99,189872.86531665,0.07,559.9986,26582.201144331
315,1,4,1263,11,8,4,2,6,20160716,20160719,20160717,183,1.0,False,Non local,1,1680.99,79793.79645165,0.2,336.19800000000004,15958.759290330003
315,2,4,1263,9,9,5,2,6,20160716,20160719,20160717,183,1.0,False,Non local,1,2999.99,142404.53031665,0.1,299.99899999999997,14240.453031665
316,1,4,670,2,5,6,2,7,20160717,20160720,20160719,33,2.0,False,Non local,2,749.99,35600.776566650005,0.2,299.99600000000004,14240.310626660003
316,2,4,670,16,1,3,2,7,20160717,20160720,20160719,33,2.0,False,Non local,2,599.99,28480.52631665,0.1,119.998,5696.1052633300005
316,3,4,670,20,1,3,2,7,20160717,20160720,20160719,33,2.0,False,Non local,1,599.99,28480.52631665,0.1,59.999,2848.0526316650003
316,4,4,670,19,4,3,2,7,20160717,20160720,20160719,33,2.0,False,Non local,1,449.0,21313.282415,0.2,89.80000000000001,4262.656483000001
316,5,4,670,17,4,3,2,7,20160717,20160720,20160719,33,2.0,False,Non local,1,429.0,20363.915715000003,0.05,21.450000000000003,1018.1957857500001
317,1,4,795,10,8,4,2,7,20160717,20160720,20160719,70,2.0,False,Non local,1,1549.0,73528.45091500001,0.2,309.8,14705.690183000002
317,2,4,795,22,1,1,2,7,20160717,20160720,20160719,70,2.0,False,Non local,1,269.99,12815.97576665,0.05,13.499500000000001,640.7987883325001
317,3,4,795,15,1,3,2,7,20160717,20160720,20160719,70,2.0,False,Non local,1,529.99,25157.74286665,0.05,26.4995,1257.8871433325003
317,4,4,795,13,1,3,2,7,20160717,20160720,20160719,70,2.0,False,Non local,2,269.99,12815.97576665,0.2,107.99600000000001,5126.3903066600005
318,1,4,1141,13,1,3,2,7,20160717,20160719,20160720,90,3.0,True,Non local,2,269.99,12815.97576665,0.1,53.998000000000005,2563.1951533300003
318,2,4,1141,25,1,2,2,7,20160717,20160719,20160720,90,3.0,True,Non local,2,499.99,23733.692816650004,0.2,199.996,9493.477126660002
318,3,4,1141,9,9,5,2,7,20160717,20160719,20160720,90,3.0,True,Non local,1,2999.99,142404.53031665,0.05,149.99949999999998,7120.2265158325
319,1,4,941,11,8,4,2,6,20160718,20160721,20160721,49,3.0,False,Non local,1,1680.99,79793.79645165,0.07,117.6693,5585.565751615501
319,2,4,941,21,1,1,2,6,20160718,20160721,20160721,49,3.0,False,Non local,1,269.99,12815.97576665,0.2,53.998000000000005,2563.1951533300003
319,3,4,941,15,1,3,2,6,20160718,20160721,20160721,49,3.0,False,Non local,2,529.99,25157.74286665,0.1,105.998,5031.548573330001
319,4,4,941,23,1,1,2,6,20160718,20160721,20160721,49,3.0,False,Non local,1,299.99,14240.02581665,0.05,14.999500000000001,712.0012908325001
320,1,4,1428,2,5,6,1,2,20160719,20160720,20160721,113,2.0,True,local,1,749.99,35600.776566650005,0.1,74.99900000000001,3560.0776566650006
321,1,4,568,4,9,6,2,6,20160719,20160722,20160721,104,2.0,False,Non local,2,2899.99,137657.69681665,0.2,1159.9959999999999,55063.078726659995
321,2,4,568,12,1,3,2,6,20160719,20160722,20160721,104,2.0,False,Non local,2,549.99,26107.10956665,0.2,219.996,10442.84382666
321,3,4,568,26,1,2,2,6,20160719,20160722,20160721,104,2.0,False,Non local,1,599.99,28480.52631665,0.2,119.998,5696.1052633300005
321,4,4,568,23,1,1,2,6,20160719,20160722,20160721,104,2.0,False,Non local,2,299.99,14240.02581665,0.2,119.99600000000001,5696.010326660001
322,1,4,924,13,1,3,2,6,20160719,20160722,20160720,116,1.0,False,Non local,2,269.99,12815.97576665,0.2,107.99600000000001,5126.3903066600005
322,2,4,924,21,1,1,2,6,20160719,20160722,20160720,116,1.0,False,Non local,1,269.99,12815.97576665,0.07,18.899300000000004,897.1183036655001
323,1,4,1243,13,1,3,2,6,20160719,20160722,20160721,81,2.0,False,Non local,2,269.99,12815.97576665,0.07,37.79860000000001,1794.2366073310002
323,2,4,1243,26,1,2,2,6,20160719,20160722,20160721,81,2.0,False,Non local,2,599.99,28480.52631665,0.1,119.998,5696.1052633300005
324,1,4,480,2,5,6,2,6,20160720,20160722,20160723,167,3.0,True,Non local,2,749.99,35600.776566650005,0.1,149.99800000000002,7120.155313330001
324,2,4,480,17,4,3,2,6,20160720,20160722,20160723,167,3.0,True,Non local,1,429.0,20363.915715000003,0.2,85.80000000000001,4072.7831430000006
324,3,4,480,22,1,1,2,6,20160720,20160722,20160723,167,3.0,True,Non local,2,269.99,12815.97576665,0.2,107.99600000000001,5126.3903066600005
324,4,4,480,19,4,3,2,6,20160720,20160722,20160723,167,3.0,True,Non local,1,449.0,21313.282415,0.05,22.450000000000003,1065.6641207500002
324,5,4,480,12,1,3,2,6,20160720,20160722,20160723,167,3.0,True,Non local,1,549.99,26107.10956665,0.05,27.4995,1305.3554783325
325,1,4,848,7,9,6,2,6,20160720,20160721,20160721,80,1.0,False,Non local,1,3999.99,189872.86531665,0.05,199.9995,9493.6432658325
325,2,4,848,12,1,3,2,6,20160720,20160721,20160721,80,1.0,False,Non local,1,549.99,26107.10956665,0.2,109.998,5221.42191333
325,3,4,848,6,8,6,2,6,20160720,20160721,20160721,80,1.0,False,Non local,2,469.99,22309.64276665,0.2,187.996,8923.85710666
326,1,4,1337,12,1,3,3,9,20160720,20160721,20160722,13,2.0,True,Non local,1,549.99,26107.10956665,0.1,54.999,2610.710956665
326,2,4,1337,23,1,1,3,9,20160720,20160721,20160722,13,2.0,True,Non local,1,299.99,14240.02581665,0.07,20.9993,996.8018071655001
327,1,4,83,12,1,3,2,6,20160721,20160724,20160722,17,1.0,False,Non local,2,549.99,26107.10956665,0.07,76.99860000000001,3654.995339331
327,2,4,83,13,1,3,2,6,20160721,20160724,20160722,17,1.0,False,Non local,1,269.99,12815.97576665,0.07,18.899300000000004,897.1183036655001
327,3,4,83,4,9,6,2,6,20160721,20160724,20160722,17,1.0,False,Non local,1,2899.99,137657.69681665,0.05,144.99949999999998,6882.884840832499
328,1,4,528,6,8,6,2,6,20160723,20160726,20160725,178,2.0,False,Non local,2,469.99,22309.64276665,0.1,93.998,4461.92855333
329,1,4,274,14,1,3,2,6,20160724,20160727,20160726,142,2.0,False,Non local,2,269.99,12815.97576665,0.07,37.79860000000001,1794.2366073310002
329,2,4,274,8,9,6,2,6,20160724,20160727,20160726,142,2.0,False,Non local,2,1799.99,85442.52831665,0.05,179.99900000000002,8544.252831665
329,3,4,274,23,1,1,2,6,20160724,20160727,20160726,142,2.0,False,Non local,1,299.99,14240.02581665,0.2,59.998000000000005,2848.0051633300004
329,4,4,274,17,4,3,2,6,20160724,20160727,20160726,142,2.0,False,Non local,1,429.0,20363.915715000003,0.07,30.03,1425.4741000500003
329,5,4,274,26,1,2,2,6,20160724,20160727,20160726,142,2.0,False,Non local,2,599.99,28480.52631665,0.05,59.999,2848.0526316650003
330,1,4,622,21,1,1,2,6,20160724,20160727,20160727,186,3.0,False,Non local,2,269.99,12815.97576665,0.05,26.999000000000002,1281.5975766650001
331,1,4,642,17,4,3,2,6,20160724,20160726,20160725,110,1.0,False,Non local,2,429.0,20363.915715000003,0.1,85.80000000000001,4072.7831430000006
332,1,4,659,18,4,3,2,7,20160724,20160726,20160726,97,2.0,False,Non local,2,449.0,21313.282415,0.05,44.900000000000006,2131.3282415000003
333,1,4,779,18,4,3,2,6,20160725,20160727,20160726,35,1.0,False,Non local,2,449.0,21313.282415,0.07,62.86000000000001,2983.8595381000005
333,2,4,779,8,9,6,2,6,20160725,20160727,20160726,35,1.0,False,Non local,2,1799.99,85442.52831665,0.05,179.99900000000002,8544.252831665
333,3,4,779,3,8,6,2,6,20160725,20160727,20160726,35,1.0,False,Non local,1,999.99,47467.86031665,0.2,199.99800000000002,9493.57206333
334,1,4,1112,16,1,3,2,7,20160725,20160728,20160727,94,2.0,False,Non local,2,599.99,28480.52631665,0.2,239.996,11392.210526660001
334,2,4,1112,9,9,5,2,7,20160725,20160728,20160727,94,2.0,False,Non local,1,2999.99,142404.53031665,0.05,149.99949999999998,7120.2265158325
334,3,4,1112,3,8,6,2,7,20160725,20160728,20160727,94,2.0,False,Non local,2,999.99,47467.86031665,0.05,99.99900000000001,4746.786031665
335,1,4,1193,6,8,6,2,6,20160725,20160727,20160726,107,1.0,False,Non local,1,469.99,22309.64276665,0.1,46.999,2230.964276665
335,2,4,1193,2,5,6,2,6,20160725,20160727,20160726,107,1.0,False,Non local,2,749.99,35600.776566650005,0.1,149.99800000000002,7120.155313330001
335,3,4,1193,21,1,1,2,6,20160725,20160727,20160726,107,1.0,False,Non local,1,269.99,12815.97576665,0.07,18.899300000000004,897.1183036655001
336,1,4,1030,4,9,6,2,7,20160726,20160729,20160727,119,1.0,False,Non local,1,2899.99,137657.69681665,0.1,289.99899999999997,13765.769681664999
336,2,4,1030,12,1,3,2,7,20160726,20160729,20160727,119,1.0,False,Non local,1,549.99,26107.10956665,0.2,109.998,5221.42191333
337,1,4,1252,18,4,3,2,7,20160726,20160727,20160728,101,2.0,True,Non local,1,449.0,21313.282415,0.05,22.450000000000003,1065.6641207500002
337,2,4,1252,4,9,6,2,7,20160726,20160727,20160728,101,2.0,True,Non local,1,2899.99,137657.69681665,0.05,144.99949999999998,6882.884840832499
338,1,4,1333,6,8,6,1,3,20160728,20160729,20160730,179,2.0,True,Non local,2,469.99,22309.64276665,0.07,65.79860000000001,3123.349987331
338,2,4,1333,10,8,4,1,3,20160728,20160729,20160730,179,2.0,True,Non local,1,1549.0,73528.45091500001,0.07,108.43,5146.991564050001
338,3,4,1333,22,1,1,1,3,20160728,20160729,20160730,179,2.0,True,Non local,1,269.99,12815.97576665,0.1,26.999000000000002,1281.5975766650001
338,4,4,1333,11,8,4,1,3,20160728,20160729,20160730,179,2.0,True,Non local,2,1680.99,79793.79645165,0.07,235.3386,11171.131503231001
338,5,4,1333,9,9,5,1,3,20160728,20160729,20160730,179,2.0,True,Non local,1,2999.99,142404.53031665,0.05,149.99949999999998,7120.2265158325
339,1,4,1110,13,1,3,2,7,20160728,20160731,20160729,84,1.0,False,Non local,1,269.99,12815.97576665,0.1,26.999000000000002,1281.5975766650001
339,2,4,1110,15,1,3,2,7,20160728,20160731,20160729,84,1.0,False,Non local,2,529.99,25157.74286665,0.05,52.999,2515.7742866650005
340,1,4,963,11,8,4,2,7,20160729,20160730,20160731,55,2.0,True,Non local,1,1680.99,79793.79645165,0.05,84.04950000000001,3989.6898225825007
340,2,4,963,24,1,2,2,7,20160729,20160730,20160731,55,2.0,True,Non local,1,549.99,26107.10956665,0.05,27.4995,1305.3554783325
340,3,4,963,13,1,3,2,7,20160729,20160730,20160731,55,2.0,True,Non local,2,269.99,12815.97576665,0.1,53.998000000000005,2563.1951533300003
340,4,4,963,12,1,3,2,7,20160729,20160730,20160731,55,2.0,True,Non local,2,549.99,26107.10956665,0.07,76.99860000000001,3654.995339331
340,5,4,963,10,8,4,2,7,20160729,20160730,20160731,55,2.0,True,Non local,2,1549.0,73528.45091500001,0.1,309.8,14705.690183000002
341,1,4,1357,23,1,1,1,3,20160731,20160803,20160801,87,1.0,False,Non local,2,299.99,14240.02581665,0.05,29.999000000000002,1424.0025816650002
342,1,4,806,26,1,2,2,7,20160731,20160801,20160803,98,3.0,True,Non local,1,599.99,28480.52631665,0.07,41.999300000000005,1993.6368421655002
342,2,4,806,9,9,5,2,7,20160731,20160801,20160803,98,3.0,True,Non local,1,2999.99,142404.53031665,0.2,599.9979999999999,28480.90606333
342,3,4,806,16,1,3,2,7,20160731,20160801,20160803,98,3.0,True,Non local,2,599.99,28480.52631665,0.1,119.998,5696.1052633300005
343,1,4,961,20,1,3,2,7,20160731,20160802,20160801,140,1.0,False,Non local,2,599.99,28480.52631665,0.2,239.996,11392.210526660001
343,2,4,961,25,1,2,2,7,20160731,20160802,20160801,140,1.0,False,Non local,1,499.99,23733.692816650004,0.05,24.9995,1186.6846408325002
343,3,4,961,5,3,6,2,7,20160731,20160802,20160801,140,1.0,False,Non local,2,1320.99,62705.19585165,0.05,132.09900000000002,6270.5195851650005
343,4,4,961,10,8,4,2,7,20160731,20160802,20160801,140,1.0,False,Non local,1,1549.0,73528.45091500001,0.1,154.9,7352.845091500001
344,1,4,750,22,1,1,2,6,20160801,20160803,20160802,11,1.0,False,Non local,1,269.99,12815.97576665,0.05,13.499500000000001,640.7987883325001
344,2,4,750,18,4,3,2,6,20160801,20160803,20160802,11,1.0,False,Non local,2,449.0,21313.282415,0.07,62.86000000000001,2983.8595381000005
344,3,4,750,14,1,3,2,6,20160801,20160803,20160802,11,1.0,False,Non local,1,269.99,12815.97576665,0.2,53.998000000000005,2563.1951533300003
345,1,4,1299,18,4,3,2,6,20160801,20160804,20160803,185,2.0,False,Non local,2,449.0,21313.282415,0.1,89.80000000000001,4262.656483000001
345,2,4,1299,24,1,2,2,6,20160801,20160804,20160803,185,2.0,False,Non local,2,549.99,26107.10956665,0.07,76.99860000000001,3654.995339331
346,1,4,584,13,1,3,3,9,20160801,20160803,20160802,135,1.0,False,Non local,1,269.99,12815.97576665,0.07,18.899300000000004,897.1183036655001
346,2,4,584,23,1,1,3,9,20160801,20160803,20160802,135,1.0,False,Non local,1,299.99,14240.02581665,0.2,59.998000000000005,2848.0051633300004
346,3,4,584,21,1,1,3,9,20160801,20160803,20160802,135,1.0,False,Non local,1,269.99,12815.97576665,0.1,26.999000000000002,1281.5975766650001
346,4,4,584,15,1,3,3,9,20160801,20160803,20160802,135,1.0,False,Non local,1,529.99,25157.74286665,0.05,26.4995,1257.8871433325003
346,5,4,584,18,4,3,3,9,20160801,20160803,20160802,135,1.0,False,Non local,2,449.0,21313.282415,0.05,44.900000000000006,2131.3282415000003
347,1,4,1004,23,1,1,2,6,20160802,20160803,20160805,45,3.0,True,Non local,1,299.99,14240.02581665,0.07,20.9993,996.8018071655001
348,1,4,907,5,3,6,3,9,20160802,20160805,20160804,13,2.0,False,Non local,2,1320.99,62705.19585165,0.05,132.09900000000002,6270.5195851650005
348,2,4,907,15,1,3,3,9,20160802,20160805,20160804,13,2.0,False,Non local,2,529.99,25157.74286665,0.07,74.19860000000001,3522.0840013310008
349,1,3,30,20,1,3,1,3,20160803,20160803,,28,,False,Non local,2,599.99,28480.52631665,0.2,239.996,11392.210526660001
350,1,3,31,6,8,6,1,3,20160803,20160803,,29,,False,Non local,2,469.99,22309.64276665,0.05,46.999,2230.964276665
350,2,3,31,20,1,3,1,3,20160803,20160803,,29,,False,Non local,1,599.99,28480.52631665,0.07,41.999300000000005,1993.6368421655002
350,3,3,31,3,8,6,1,3,20160803,20160803,,29,,False,Non local,1,999.99,47467.86031665,0.07,69.9993,3322.7502221655004
351,1,4,1307,4,9,6,1,2,20160803,20160806,20160804,160,1.0,False,Non local,2,2899.99,137657.69681665,0.05,289.99899999999997,13765.769681664999
351,2,4,1307,24,1,2,1,2,20160803,20160806,20160804,160,1.0,False,Non local,2,549.99,26107.10956665,0.1,109.998,5221.42191333
351,3,4,1307,20,1,3,1,2,20160803,20160806,20160804,160,1.0,False,Non local,1,599.99,28480.52631665,0.2,119.998,5696.1052633300005
351,4,4,1307,22,1,1,1,2,20160803,20160806,20160804,160,1.0,False,Non local,2,269.99,12815.97576665,0.07,37.79860000000001,1794.2366073310002
352,1,4,16,11,8,4,2,7,20160803,20160804,20160806,16,3.0,True,Non local,1,1680.99,79793.79645165,0.2,336.19800000000004,15958.759290330003
352,2,4,16,14,1,3,2,7,20160803,20160804,20160806,16,3.0,True,Non local,1,269.99,12815.97576665,0.2,53.998000000000005,2563.1951533300003
353,1,4,1387,2,5,6,2,7,20160803,20160806,20160806,18,3.0,False,Non local,2,749.99,35600.776566650005,0.2,299.99600000000004,14240.310626660003
354,1,4,551,21,1,1,3,8,20160803,20160805,20160806,176,3.0,True,Non local,1,269.99,12815.97576665,0.2,53.998000000000005,2563.1951533300003
354,2,4,551,19,4,3,3,8,20160803,20160805,20160806,176,3.0,True,Non local,1,449.0,21313.282415,0.05,22.450000000000003,1065.6641207500002
355,1,4,1011,16,1,3,3,8,20160803,20160805,20160805,56,2.0,False,Non local,1,599.99,28480.52631665,0.1,59.999,2848.0526316650003
355,2,4,1011,14,1,3,3,8,20160803,20160805,20160805,56,2.0,False,Non local,2,269.99,12815.97576665,0.07,37.79860000000001,1794.2366073310002
356,1,4,1189,23,1,1,2,6,20160804,20160807,20160806,4,2.0,False,Non local,2,299.99,14240.02581665,0.05,29.999000000000002,1424.0025816650002
356,2,4,1189,4,9,6,2,6,20160804,20160807,20160806,4,2.0,False,Non local,1,2899.99,137657.69681665,0.05,144.99949999999998,6882.884840832499
356,3,4,1189,13,1,3,2,6,20160804,20160807,20160806,4,2.0,False,Non local,1,269.99,12815.97576665,0.05,13.499500000000001,640.7987883325001
357,1,3,14,17,4,3,3,8,20160805,20160805,,14,,False,Non local,2,429.0,20363.915715000003,0.05,42.900000000000006,2036.3915715000003
357,2,3,14,21,1,1,3,8,20160805,20160805,,14,,False,Non local,2,269.99,12815.97576665,0.07,37.79860000000001,1794.2366073310002
357,3,3,14,24,1,2,3,8,20160805,20160805,,14,,False,Non local,1,549.99,26107.10956665,0.07,38.499300000000005,1827.4976696655
357,4,3,14,9,9,5,3,8,20160805,20160805,,14,,False,Non local,1,2999.99,142404.53031665,0.05,149.99949999999998,7120.2265158325
358,1,4,1042,21,1,1,2,7,20160805,20160807,20160807,41,2.0,False,Non local,2,269.99,12815.97576665,0.1,53.998000000000005,2563.1951533300003
358,2,4,1042,6,8,6,2,7,20160805,20160807,20160807,41,2.0,False,Non local,2,469.99,22309.64276665,0.07,65.79860000000001,3123.349987331
358,3,4,1042,8,9,6,2,7,20160805,20160807,20160807,41,2.0,False,Non local,2,1799.99,85442.52831665,0.05,179.99900000000002,8544.252831665
358,4,4,1042,18,4,3,2,7,20160805,20160807,20160807,41,2.0,False,Non local,2,449.0,21313.282415,0.1,89.80000000000001,4262.656483000001
359,1,4,441,15,1,3,2,7,20160807,20160810,20160810,9,3.0,False,Non local,2,529.99,25157.74286665,0.07,74.19860000000001,3522.0840013310008
359,2,4,441,9,9,5,2,7,20160807,20160810,20160810,9,3.0,False,Non local,2,2999.99,142404.53031665,0.07,419.9986,19936.634244331002
359,3,4,441,7,9,6,2,7,20160807,20160810,20160810,9,3.0,False,Non local,2,3999.99,189872.86531665,0.2,1599.996,75949.14612666
360,1,4,1300,26,1,2,2,6,20160807,20160809,20160810,187,3.0,True,Non local,1,599.99,28480.52631665,0.05,29.9995,1424.0263158325001
360,2,4,1300,7,9,6,2,6,20160807,20160809,20160810,187,3.0,True,Non local,2,3999.99,189872.86531665,0.2,1599.996,75949.14612666
360,3,4,1300,13,1,3,2,6,20160807,20160809,20160810,187,3.0,True,Non local,2,269.99,12815.97576665,0.05,26.999000000000002,1281.5975766650001
360,4,4,1300,25,1,2,2,6,20160807,20160809,20160810,187,3.0,True,Non local,1,499.99,23733.692816650004,0.1,49.999,2373.3692816650005
361,1,4,994,24,1,2,2,6,20160808,20160809,20160811,185,3.0,True,Non local,2,549.99,26107.10956665,0.05,54.999,2610.710956665
361,2,4,994,6,8,6,2,6,20160808,20160809,20160811,185,3.0,True,Non local,2,469.99,22309.64276665,0.1,93.998,4461.92855333
361,3,4,994,11,8,4,2,6,20160808,20160809,20160811,185,3.0,True,Non local,1,1680.99,79793.79645165,0.1,168.09900000000002,7979.379645165001
362,1,4,187,2,5,6,1,2,20160809,20160811,20160811,111,2.0,False,Non local,1,749.99,35600.776566650005,0.07,52.499300000000005,2492.0543596655007
363,1,4,834,21,1,1,3,8,20160811,20160812,20160813,85,2.0,True,Non local,2,269.99,12815.97576665,0.1,53.998000000000005,2563.1951533300003
363,2,4,834,14,1,3,3,8,20160811,20160812,20160813,85,2.0,True,Non local,1,269.99,12815.97576665,0.07,18.899300000000004,897.1183036655001
363,3,4,834,15,1,3,3,8,20160811,20160812,20160813,85,2.0,True,Non local,1,529.99,25157.74286665,0.1,52.999,2515.7742866650005
363,4,4,834,20,1,3,3,8,20160811,20160812,20160813,85,2.0,True,Non local,1,599.99,28480.52631665,0.2,119.998,5696.1052633300005
364,1,4,373,25,1,2,2,6,20160812,20160814,20160813,47,1.0,False,Non local,2,499.99,23733.692816650004,0.05,49.999,2373.3692816650005
365,1,4,981,24,1,2,2,6,20160813,20160814,20160815,25,2.0,True,Non local,2,549.99,26107.10956665,0.07,76.99860000000001,3654.995339331
366,1,4,1054,21,1,1,3,9,20160813,20160814,20160814,56,1.0,False,Non local,1,269.99,12815.97576665,0.1,26.999000000000002,1281.5975766650001
366,2,4,1054,4,9,6,3,9,20160813,20160814,20160814,56,1.0,False,Non local,1,2899.99,137657.69681665,0.07,202.9993,9636.0387771655
366,3,4,1054,16,1,3,3,9,20160813,20160814,20160814,56,1.0,False,Non local,2,599.99,28480.52631665,0.2,239.996,11392.210526660001
367,1,4,527,26,1,2,2,7,20160814,20160815,20160815,93,1.0,False,Non local,2,599.99,28480.52631665,0.1,119.998,5696.1052633300005
367,2,4,527,14,1,3,2,7,20160814,20160815,20160815,93,1.0,False,Non local,1,269.99,12815.97576665,0.05,13.499500000000001,640.7987883325001
367,3,4,527,10,8,4,2,7,20160814,20160815,20160815,93,1.0,False,Non local,2,1549.0,73528.45091500001,0.05,154.9,7352.845091500001
368,1,4,995,5,3,6,2,7,20160814,20160815,20160817,18,3.0,True,Non local,1,1320.99,62705.19585165,0.2,264.19800000000004,12541.039170330001
368,2,4,995,10,8,4,2,7,20160814,20160815,20160817,18,3.0,True,Non local,2,1549.0,73528.45091500001,0.2,619.6,29411.380366000005
368,3,4,995,21,1,1,2,7,20160814,20160815,20160817,18,3.0,True,Non local,2,269.99,12815.97576665,0.1,53.998000000000005,2563.1951533300003
368,4,4,995,19,4,3,2,7,20160814,20160815,20160817,18,3.0,True,Non local,1,449.0,21313.282415,0.05,22.450000000000003,1065.6641207500002
369,1,4,1285,10,8,4,1,3,20160815,20160818,20160818,46,3.0,False,Non local,2,1549.0,73528.45091500001,0.07,216.86,10293.983128100002
370,1,4,758,25,1,2,2,7,20160815,20160818,20160818,38,3.0,False,Non local,2,499.99,23733.692816650004,0.05,49.999,2373.3692816650005
370,2,4,758,4,9,6,2,7,20160815,20160818,20160818,38,3.0,False,Non local,2,2899.99,137657.69681665,0.1,579.9979999999999,27531.539363329997
371,1,4,891,14,1,3,2,7,20160815,20160816,20160818,11,3.0,True,Non local,1,269.99,12815.97576665,0.2,53.998000000000005,2563.1951533300003
371,2,4,891,12,1,3,2,7,20160815,20160816,20160818,11,3.0,True,Non local,1,549.99,26107.10956665,0.2,109.998,5221.42191333
372,1,4,132,11,8,4,2,6,20160816,20160818,20160818,92,2.0,False,Non local,1,1680.99,79793.79645165,0.05,84.04950000000001,3989.6898225825007
372,2,4,132,14,1,3,2,6,20160816,20160818,20160818,92,2.0,False,Non local,2,269.99,12815.97576665,0.1,53.998000000000005,2563.1951533300003
372,3,4,132,5,3,6,2,6,20160816,20160818,20160818,92,2.0,False,Non local,1,1320.99,62705.19585165,0.1,132.09900000000002,6270.5195851650005
373,1,4,337,8,9,6,2,7,20160816,20160819,20160817,107,1.0,False,Non local,2,1799.99,85442.52831665,0.05,179.99900000000002,8544.252831665
373,2,4,337,22,1,1,2,7,20160816,20160819,20160817,107,1.0,False,Non local,1,269.99,12815.97576665,0.1,26.999000000000002,1281.5975766650001
373,3,4,337,19,4,3,2,7,20160816,20160819,20160817,107,1.0,False,Non local,2,449.0,21313.282415,0.2,179.60000000000002,8525.312966000001
373,4,4,337,12,1,3,2,7,20160816,20160819,20160817,107,1.0,False,Non local,1,549.99,26107.10956665,0.1,54.999,2610.710956665
373,5,4,337,13,1,3,2,7,20160816,20160819,20160817,107,1.0,False,Non local,1,269.99,12815.97576665,0.1,26.999000000000002,1281.5975766650001
374,1,4,1313,10,8,4,1,2,20160817,20160819,20160818,68,1.0,False,Non local,1,1549.0,73528.45091500001,0.1,154.9,7352.845091500001
374,2,4,1313,7,9,6,1,2,20160817,20160819,20160818,68,1.0,False,Non local,1,3999.99,189872.86531665,0.07,279.9993,13291.1005721655
375,1,4,536,21,1,1,2,7,20160817,20160820,20160820,1,3.0,False,Non local,2,269.99,12815.97576665,0.05,26.999000000000002,1281.5975766650001
375,2,4,536,2,5,6,2,7,20160817,20160820,20160820,1,3.0,False,Non local,2,749.99,35600.776566650005,0.05,74.99900000000001,3560.0776566650006
375,3,4,536,4,9,6,2,7,20160817,20160820,20160820,1,3.0,False,Non local,2,2899.99,137657.69681665,0.07,405.9986,19272.077554331
375,4,4,536,12,1,3,2,7,20160817,20160820,20160820,1,3.0,False,Non local,2,549.99,26107.10956665,0.05,54.999,2610.710956665
376,1,4,825,2,5,6,2,6,20160817,20160819,20160818,112,1.0,False,Non local,2,749.99,35600.776566650005,0.07,104.99860000000001,4984.108719331001
376,2,4,825,23,1,1,2,6,20160817,20160819,20160818,112,1.0,False,Non local,2,299.99,14240.02581665,0.1,59.998000000000005,2848.0051633300004
377,1,4,1355,8,9,6,2,6,20160817,20160819,20160820,145,3.0,True,Non local,1,1799.99,85442.52831665,0.05,89.99950000000001,4272.1264158325
377,2,4,1355,14,1,3,2,6,20160817,20160819,20160820,145,3.0,True,Non local,1,269.99,12815.97576665,0.07,18.899300000000004,897.1183036655001
378,1,4,475,26,1,2,3,9,20160817,20160820,20160820,20,3.0,False,Non local,2,599.99,28480.52631665,0.05,59.999,2848.0526316650003
379,1,4,954,9,9,5,2,7,20160818,20160821,20160821,112,3.0,False,Non local,1,2999.99,142404.53031665,0.07,209.9993,9968.317122165501
379,2,4,954,16,1,3,2,7,20160818,20160821,20160821,112,3.0,False,Non local,1,599.99,28480.52631665,0.2,119.998,5696.1052633300005
380,1,4,1156,16,1,3,2,7,20160819,20160820,20160821,88,2.0,True,Non local,1,599.99,28480.52631665,0.05,29.9995,1424.0263158325001
380,2,4,1156,11,8,4,2,7,20160819,20160820,20160821,88,2.0,True,Non local,2,1680.99,79793.79645165,0.05,168.09900000000002,7979.379645165001
381,1,4,1297,21,1,1,2,7,20160819,20160821,20160821,165,2.0,False,Non local,2,269.99,12815.97576665,0.07,37.79860000000001,1794.2366073310002
382,1,4,199,8,9,6,2,6,20160820,20160823,20160823,116,3.0,False,Non local,1,1799.99,85442.52831665,0.1,179.99900000000002,8544.252831665
382,2,4,199,9,9,5,2,6,20160820,20160823,20160823,116,3.0,False,Non local,1,2999.99,142404.53031665,0.1,299.99899999999997,14240.453031665
382,3,4,199,13,1,3,2,6,20160820,20160823,20160823,116,3.0,False,Non local,1,269.99,12815.97576665,0.07,18.899300000000004,897.1183036655001
383,1,4,331,19,4,3,2,7,20160820,20160823,20160822,103,2.0,False,Non local,1,449.0,21313.282415,0.07,31.430000000000003,1491.9297690500002
383,2,4,331,22,1,1,2,7,20160820,20160823,20160822,103,2.0,False,Non local,2,269.99,12815.97576665,0.05,26.999000000000002,1281.5975766650001
383,3,4,331,13,1,3,2,7,20160820,20160823,20160822,103,2.0,False,Non local,1,269.99,12815.97576665,0.1,26.999000000000002,1281.5975766650001
383,4,4,331,21,1,1,2,7,20160820,20160823,20160822,103,2.0,False,Non local,2,269.99,12815.97576665,0.05,26.999000000000002,1281.5975766650001
383,5,4,331,14,1,3,2,7,20160820,20160823,20160822,103,2.0,False,Non local,1,269.99,12815.97576665,0.1,26.999000000000002,1281.5975766650001
384,1,4,410,20,1,3,2,7,20160820,20160822,20160823,139,3.0,True,Non local,1,599.99,28480.52631665,0.1,59.999,2848.0526316650003
384,2,4,410,21,1,1,2,7,20160820,20160822,20160823,139,3.0,True,Non local,2,269.99,12815.97576665,0.2,107.99600000000001,5126.3903066600005
384,3,4,410,8,9,6,2,7,20160820,20160822,20160823,139,3.0,True,Non local,1,1799.99,85442.52831665,0.05,89.99950000000001,4272.1264158325
384,4,4,410,15,1,3,2,7,20160820,20160822,20160823,139,3.0,True,Non local,1,529.99,25157.74286665,0.1,52.999,2515.7742866650005
384,5,4,410,4,9,6,2,7,20160820,20160822,20160823,139,3.0,True,Non local,1,2899.99,137657.69681665,0.2,579.9979999999999,27531.539363329997
385,1,4,1274,21,1,1,2,7,20160820,20160823,20160822,90,2.0,False,Non local,1,269.99,12815.97576665,0.07,18.899300000000004,897.1183036655001
385,2,4,1274,7,9,6,2,7,20160820,20160823,20160822,90,2.0,False,Non local,2,3999.99,189872.86531665,0.2,1599.996,75949.14612666
385,3,4,1274,26,1,2,2,7,20160820,20160823,20160822,90,2.0,False,Non local,2,599.99,28480.52631665,0.05,59.999,2848.0526316650003
386,1,4,1362,8,9,6,2,6,20160820,20160823,20160823,1,3.0,False,Non local,1,1799.99,85442.52831665,0.2,359.99800000000005,17088.50566333
386,2,4,1362,3,8,6,2,6,20160820,20160823,20160823,1,3.0,False,Non local,2,999.99,47467.86031665,0.05,99.99900000000001,4746.786031665
386,3,4,1362,16,1,3,2,6,20160820,20160823,20160823,1,3.0,False,Non local,2,599.99,28480.52631665,0.2,239.996,11392.210526660001
387,1,4,451,18,4,3,3,8,20160820,20160821,20160821,57,1.0,False,local,1,449.0,21313.282415,0.2,89.80000000000001,4262.656483000001
388,1,4,1080,19,4,3,3,8,20160821,20160824,20160823,13,2.0,False,Non local,2,449.0,21313.282415,0.2,179.60000000000002,8525.312966000001
388,2,4,1080,13,1,3,3,8,20160821,20160824,20160823,13,2.0,False,Non local,2,269.99,12815.97576665,0.07,37.79860000000001,1794.2366073310002
388,3,4,1080,2,5,6,3,8,20160821,20160824,20160823,13,2.0,False,Non local,1,749.99,35600.776566650005,0.07,52.499300000000005,2492.0543596655007
388,4,4,1080,11,8,4,3,8,20160821,20160824,20160823,13,2.0,False,Non local,1,1680.99,79793.79645165,0.1,168.09900000000002,7979.379645165001
389,1,4,53,2,5,6,1,3,20160822,20160824,20160825,46,3.0,True,Non local,1,749.99,35600.776566650005,0.07,52.499300000000005,2492.0543596655007
389,2,4,53,15,1,3,1,3,20160822,20160824,20160825,46,3.0,True,Non local,2,529.99,25157.74286665,0.07,74.19860000000001,3522.0840013310008
389,3,4,53,10,8,4,1,3,20160822,20160824,20160825,46,3.0,True,Non local,2,1549.0,73528.45091500001,0.05,154.9,7352.845091500001
389,4,4,53,5,3,6,1,3,20160822,20160824,20160825,46,3.0,True,Non local,1,1320.99,62705.19585165,0.05,66.04950000000001,3135.2597925825003
389,5,4,53,9,9,5,1,3,20160822,20160824,20160825,46,3.0,True,Non local,1,2999.99,142404.53031665,0.2,599.9979999999999,28480.90606333
390,1,4,576,23,1,1,3,9,20160822,20160824,20160825,135,3.0,True,Non local,1,299.99,14240.02581665,0.05,14.999500000000001,712.0012908325001
390,2,4,576,7,9,6,3,9,20160822,20160824,20160825,135,3.0,True,Non local,2,3999.99,189872.86531665,0.07,559.9986,26582.201144331
390,3,4,576,9,9,5,3,9,20160822,20160824,20160825,135,3.0,True,Non local,1,2999.99,142404.53031665,0.05,149.99949999999998,7120.2265158325
391,1,3,61,8,9,6,3,9,20160823,20160823,,52,,False,Non local,1,1799.99,85442.52831665,0.07,125.99930000000002,5980.976982165501
391,2,3,61,5,3,6,3,9,20160823,20160823,,52,,False,Non local,2,1320.99,62705.19585165,0.2,528.3960000000001,25082.078340660002
391,3,3,61,24,1,2,3,9,20160823,20160823,,52,,False,Non local,2,549.99,26107.10956665,0.07,76.99860000000001,3654.995339331
392,1,4,176,14,1,3,1,3,20160823,20160826,20160824,59,1.0,False,Non local,2,269.99,12815.97576665,0.1,53.998000000000005,2563.1951533300003
392,2,4,176,3,8,6,1,3,20160823,20160826,20160824,59,1.0,False,Non local,2,999.99,47467.86031665,0.05,99.99900000000001,4746.786031665
393,1,4,368,6,8,6,2,6,20160825,20160826,20160827,151,2.0,True,Non local,2,469.99,22309.64276665,0.2,187.996,8923.85710666
394,1,4,522,23,1,1,1,3,20160826,20160828,20160829,29,3.0,True,Non local,1,299.99,14240.02581665,0.05,14.999500000000001,712.0012908325001
394,2,4,522,16,1,3,1,3,20160826,20160828,20160829,29,3.0,True,Non local,1,599.99,28480.52631665,0.2,119.998,5696.1052633300005
394,3,4,522,14,1,3,1,3,20160826,20160828,20160829,29,3.0,True,Non local,2,269.99,12815.97576665,0.2,107.99600000000001,5126.3903066600005
395,1,4,144,14,1,3,2,6,20160826,20160827,20160829,97,3.0,True,Non local,1,269.99,12815.97576665,0.05,13.499500000000001,640.7987883325001
396,1,4,542,12,1,3,2,6,20160827,20160830,20160829,143,2.0,False,Non local,1,549.99,26107.10956665,0.1,54.999,2610.710956665
396,2,4,542,25,1,2,2,6,20160827,20160830,20160829,143,2.0,False,Non local,2,499.99,23733.692816650004,0.05,49.999,2373.3692816650005
396,3,4,542,5,3,6,2,6,20160827,20160830,20160829,143,2.0,False,Non local,1,1320.99,62705.19585165,0.2,264.19800000000004,12541.039170330001
397,1,4,1437,7,9,6,2,7,20160828,20160831,20160829,50,1.0,False,Non local,1,3999.99,189872.86531665,0.05,199.9995,9493.6432658325
398,1,4,447,8,9,6,1,2,20160829,20160830,20160901,168,3.0,True,Non local,2,1799.99,85442.52831665,0.05,179.99900000000002,8544.252831665
398,2,4,447,18,4,3,1,2,20160829,20160830,20160901,168,3.0,True,Non local,2,449.0,21313.282415,0.05,44.900000000000006,2131.3282415000003
398,3,4,447,25,1,2,1,2,20160829,20160830,20160901,168,3.0,True,Non local,1,499.99,23733.692816650004,0.2,99.998,4746.738563330001
398,4,4,447,17,4,3,1,2,20160829,20160830,20160901,168,3.0,True,Non local,1,429.0,20363.915715000003,0.05,21.450000000000003,1018.1957857500001
399,1,4,1001,25,1,2,2,7,20160829,20160901,20160901,128,3.0,False,Non local,1,499.99,23733.692816650004,0.05,24.9995,1186.6846408325002
399,2,4,1001,11,8,4,2,7,20160829,20160901,20160901,128,3.0,False,Non local,2,1680.99,79793.79645165,0.05,168.09900000000002,7979.379645165001
399,3,4,1001,14,1,3,2,7,20160829,20160901,20160901,128,3.0,False,Non local,1,269.99,12815.97576665,0.1,26.999000000000002,1281.5975766650001
400,1,4,1295,24,1,2,2,6,20160829,20160830,20160831,60,2.0,True,Non local,2,549.99,26107.10956665,0.07,76.99860000000001,3654.995339331
400,2,4,1295,9,9,5,2,6,20160829,20160830,20160831,60,2.0,True,Non local,1,2999.99,142404.53031665,0.2,599.9979999999999,28480.90606333
400,3,4,1295,3,8,6,2,6,20160829,20160830,20160831,60,2.0,True,Non local,2,999.99,47467.86031665,0.2,399.99600000000004,18987.14412666
401,1,4,103,23,1,1,2,6,20160830,20160902,20160901,78,2.0,False,Non local,1,299.99,14240.02581665,0.2,59.998000000000005,2848.0051633300004
401,2,4,103,10,8,4,2,6,20160830,20160902,20160901,78,2.0,False,Non local,2,1549.0,73528.45091500001,0.2,619.6,29411.380366000005
402,1,4,1335,6,8,6,2,6,20160830,20160901,20160831,157,1.0,False,Non local,2,469.99,22309.64276665,0.07,65.79860000000001,3123.349987331
402,2,4,1335,5,3,6,2,6,20160830,20160901,20160831,157,1.0,False,Non local,1,1320.99,62705.19585165,0.07,92.4693,4389.363709615501
402,3,4,1335,26,1,2,2,6,20160830,20160901,20160831,157,1.0,False,Non local,1,599.99,28480.52631665,0.05,29.9995,1424.0263158325001
403,1,4,578,12,1,3,1,3,20160831,20160901,20160902,43,2.0,True,Non local,2,549.99,26107.10956665,0.1,109.998,5221.42191333
403,2,4,578,7,9,6,1,3,20160831,20160901,20160902,43,2.0,True,Non local,2,3999.99,189872.86531665,0.2,1599.996,75949.14612666
403,3,4,578,22,1,1,1,3,20160831,20160901,20160902,43,2.0,True,Non local,2,269.99,12815.97576665,0.05,26.999000000000002,1281.5975766650001
403,4,4,578,24,1,2,1,3,20160831,20160901,20160902,43,2.0,True,Non local,1,549.99,26107.10956665,0.2,109.998,5221.42191333
404,1,4,396,9,9,5,2,7,20160831,20160903,20160901,134,1.0,False,Non local,1,2999.99,142404.53031665,0.07,209.9993,9968.317122165501
404,2,4,396,25,1,2,2,7,20160831,20160903,20160901,134,1.0,False,Non local,2,499.99,23733.692816650004,0.05,49.999,2373.3692816650005
404,3,4,396,16,1,3,2,7,20160831,20160903,20160901,134,1.0,False,Non local,2,599.99,28480.52631665,0.2,239.996,11392.210526660001
405,1,4,603,3,8,6,2,6,20160831,20160901,20160901,183,1.0,False,Non local,2,999.99,47467.86031665,0.2,399.99600000000004,18987.14412666
405,2,4,603,10,8,4,2,6,20160831,20160901,20160901,183,1.0,False,Non local,2,1549.0,73528.45091500001,0.1,309.8,14705.690183000002
405,3,4,603,14,1,3,2,6,20160831,20160901,20160901,183,1.0,False,Non local,2,269.99,12815.97576665,0.07,37.79860000000001,1794.2366073310002
406,1,4,1380,4,9,6,2,7,20160831,20160902,20160901,4,1.0,False,Non local,1,2899.99,137657.69681665,0.2,579.9979999999999,27531.539363329997
407,1,3,77,20,1,3,3,8,20160901,20160901,,62,,False,Non local,1,599.99,28480.52631665,0.2,119.998,5696.1052633300005
407,2,3,77,5,3,6,3,8,20160901,20160901,,62,,False,Non local,1,1320.99,62705.19585165,0.05,66.04950000000001,3135.2597925825003
408,1,4,1071,18,4,3,1,2,20160901,20160902,20160902,154,1.0,False,Non local,1,449.0,21313.282415,0.2,89.80000000000001,4262.656483000001
408,2,4,1071,3,8,6,1,2,20160901,20160902,20160902,154,1.0,False,Non local,1,999.99,47467.86031665,0.07,69.9993,3322.7502221655004
408,3,4,1071,2,5,6,1,2,20160901,20160902,20160902,154,1.0,False,Non local,2,749.99,35600.776566650005,0.07,104.99860000000001,4984.108719331001
408,4,4,1071,17,4,3,1,2,20160901,20160902,20160902,154,1.0,False,Non local,2,429.0,20363.915715000003,0.2,171.60000000000002,8145.566286000001
409,1,4,416,15,1,3,2,7,20160901,20160904,20160904,12,3.0,False,Non local,1,529.99,25157.74286665,0.07,37.09930000000001,1761.0420006655004
409,2,4,416,16,1,3,2,7,20160901,20160904,20160904,12,3.0,False,Non local,2,599.99,28480.52631665,0.2,239.996,11392.210526660001
409,3,4,416,21,1,1,2,7,20160901,20160904,20160904,12,3.0,False,Non local,1,269.99,12815.97576665,0.05,13.499500000000001,640.7987883325001
410,1,4,1151,25,1,2,2,6,20160901,20160903,20160902,146,1.0,False,Non local,1,499.99,23733.692816650004,0.1,49.999,2373.3692816650005
410,2,4,1151,9,9,5,2,6,20160901,20160903,20160902,146,1.0,False,Non local,2,2999.99,142404.53031665,0.05,299.99899999999997,14240.453031665
410,3,4,1151,24,1,2,2,6,20160901,20160903,20160902,146,1.0,False,Non local,2,549.99,26107.10956665,0.1,109.998,5221.42191333
411,1,4,261,2,5,6,1,3,20160902,20160904,20160904,30,2.0,False,Non local,1,749.99,35600.776566650005,0.07,52.499300000000005,2492.0543596655007
411,2,4,261,26,1,2,1,3,20160902,20160904,20160904,30,2.0,False,Non local,2,599.99,28480.52631665,0.05,59.999,2848.0526316650003
412,1,4,1202,7,9,6,1,3,20160902,20160904,20160904,105,2.0,False,Non local,1,3999.99,189872.86531665,0.1,399.999,18987.286531665
412,2,4,1202,24,1,2,1,3,20160902,20160904,20160904,105,2.0,False,Non local,1,549.99,26107.10956665,0.07,38.499300000000005,1827.4976696655
412,3,4,1202,17,4,3,1,3,20160902,20160904,20160904,105,2.0,False,Non local,1,429.0,20363.915715000003,0.1,42.900000000000006,2036.3915715000003
413,1,4,717,8,9,6,2,6,20160902,20160905,20160903,101,1.0,False,Non local,2,1799.99,85442.52831665,0.05,179.99900000000002,8544.252831665
413,2,4,717,25,1,2,2,6,20160902,20160905,20160903,101,1.0,False,Non local,1,499.99,23733.692816650004,0.1,49.999,2373.3692816650005
413,3,4,717,9,9,5,2,6,20160902,20160905,20160903,101,1.0,False,Non local,1,2999.99,142404.53031665,0.07,209.9993,9968.317122165501
414,1,4,917,4,9,6,2,7,20160903,20160906,20160906,73,3.0,False,Non local,2,2899.99,137657.69681665,0.1,579.9979999999999,27531.539363329997
415,1,4,1265,3,8,6,2,7,20160903,20160906,20160906,189,3.0,False,Non local,1,999.99,47467.86031665,0.07,69.9993,3322.7502221655004
415,2,4,1265,23,1,1,2,7,20160903,20160906,20160906,189,3.0,False,Non local,2,299.99,14240.02581665,0.2,119.99600000000001,5696.010326660001
415,3,4,1265,5,3,6,2,7,20160903,20160906,20160906,189,3.0,False,Non local,1,1320.99,62705.19585165,0.2,264.19800000000004,12541.039170330001
415,4,4,1265,6,8,6,2,7,20160903,20160906,20160906,189,3.0,False,Non local,2,469.99,22309.64276665,0.05,46.999,2230.964276665
416,1,4,1377,22,1,1,2,7,20160903,20160904,20160906,169,3.0,True,Non local,1,269.99,12815.97576665,0.07,18.899300000000004,897.1183036655001
416,2,4,1377,14,1,3,2,7,20160903,20160904,20160906,169,3.0,True,Non local,1,269.99,12815.97576665,0.07,18.899300000000004,897.1183036655001
416,3,4,1377,24,1,2,2,7,20160903,20160904,20160906,169,3.0,True,Non local,1,549.99,26107.10956665,0.1,54.999,2610.710956665
417,1,4,359,26,1,2,1,3,20160904,20160905,20160906,154,2.0,True,Non local,2,599.99,28480.52631665,0.07,83.99860000000001,3987.2736843310004
417,2,4,359,6,8,6,1,3,20160904,20160905,20160906,154,2.0,True,Non local,2,469.99,22309.64276665,0.07,65.79860000000001,3123.349987331
418,1,4,88,12,1,3,2,6,20160904,20160905,20160905,22,1.0,False,Non local,1,549.99,26107.10956665,0.05,27.4995,1305.3554783325
418,2,4,88,20,1,3,2,6,20160904,20160905,20160905,22,1.0,False,Non local,1,599.99,28480.52631665,0.05,29.9995,1424.0263158325001
419,1,4,14,9,9,5,3,8,20160904,20160907,20160906,14,2.0,False,Non local,1,2999.99,142404.53031665,0.05,149.99949999999998,7120.2265158325
420,1,4,72,17,4,3,1,3,20160905,20160906,20160907,59,2.0,True,Non local,2,429.0,20363.915715000003,0.2,171.60000000000002,8145.566286000001
420,2,4,72,15,1,3,1,3,20160905,20160906,20160907,59,2.0,True,Non local,2,529.99,25157.74286665,0.1,105.998,5031.548573330001
420,3,4,72,3,8,6,1,3,20160905,20160906,20160907,59,2.0,True,Non local,2,999.99,47467.86031665,0.05,99.99900000000001,4746.786031665
421,1,4,240,6,8,6,1,3,20160905,20160906,20160908,105,3.0,True,Non local,2,469.99,22309.64276665,0.07,65.79860000000001,3123.349987331
421,2,4,240,3,8,6,1,3,20160905,20160906,20160908,105,3.0,True,Non local,2,999.99,47467.86031665,0.2,399.99600000000004,18987.14412666
421,3,4,240,20,1,3,1,3,20160905,20160906,20160908,105,3.0,True,Non local,2,599.99,28480.52631665,0.2,239.996,11392.210526660001
421,4,4,240,4,9,6,1,3,20160905,20160906,20160908,105,3.0,True,Non local,1,2899.99,137657.69681665,0.07,202.9993,9636.0387771655
421,5,4,240,23,1,1,1,3,20160905,20160906,20160908,105,3.0,True,Non local,2,299.99,14240.02581665,0.2,119.99600000000001,5696.010326660001
422,1,4,398,20,1,3,2,6,20160906,20160907,20160909,26,3.0,True,Non local,2,599.99,28480.52631665,0.05,59.999,2848.0526316650003
423,1,4,1397,8,9,6,2,7,20160906,20160909,20160909,110,3.0,False,Non local,2,1799.99,85442.52831665,0.05,179.99900000000002,8544.252831665
423,2,4,1397,17,4,3,2,7,20160906,20160909,20160909,110,3.0,False,Non local,1,429.0,20363.915715000003,0.2,85.80000000000001,4072.7831430000006
423,3,4,1397,23,1,1,2,7,20160906,20160909,20160909,110,3.0,False,Non local,2,299.99,14240.02581665,0.07,41.9986,1993.6036143310002
423,4,4,1397,2,5,6,2,7,20160906,20160909,20160909,110,3.0,False,Non local,1,749.99,35600.776566650005,0.2,149.99800000000002,7120.155313330001
424,1,4,67,22,1,1,1,3,20160908,20160911,20160911,5,3.0,False,Non local,1,269.99,12815.97576665,0.1,26.999000000000002,1281.5975766650001
424,2,4,67,6,8,6,1,3,20160908,20160911,20160911,5,3.0,False,Non local,1,469.99,22309.64276665,0.05,23.4995,1115.4821383325
425,1,4,843,6,8,6,2,6,20160908,20160911,20160911,15,3.0,False,Non local,1,469.99,22309.64276665,0.1,46.999,2230.964276665
425,2,4,843,21,1,1,2,6,20160908,20160911,20160911,15,3.0,False,Non local,2,269.99,12815.97576665,0.07,37.79860000000001,1794.2366073310002
425,3,4,843,19,4,3,2,6,20160908,20160911,20160911,15,3.0,False,Non local,1,449.0,21313.282415,0.05,22.450000000000003,1065.6641207500002
426,1,4,944,10,8,4,2,6,20160908,20160910,20160910,17,2.0,False,Non local,1,1549.0,73528.45091500001,0.1,154.9,7352.845091500001
426,2,4,944,23,1,1,2,6,20160908,20160910,20160910,17,2.0,False,Non local,2,299.99,14240.02581665,0.05,29.999000000000002,1424.0025816650002
427,1,4,434,12,1,3,1,2,20160909,20160910,20160911,68,2.0,True,Non local,2,549.99,26107.10956665,0.07,76.99860000000001,3654.995339331
427,2,4,434,15,1,3,1,2,20160909,20160910,20160911,68,2.0,True,Non local,2,529.99,25157.74286665,0.1,105.998,5031.548573330001
427,3,4,434,26,1,2,1,2,20160909,20160910,20160911,68,2.0,True,Non local,2,599.99,28480.52631665,0.07,83.99860000000001,3987.2736843310004
428,1,4,1039,5,3,6,2,6,20160909,20160912,20160910,33,1.0,False,Non local,2,1320.99,62705.19585165,0.2,528.3960000000001,25082.078340660002
428,2,4,1039,14,1,3,2,6,20160909,20160912,20160910,33,1.0,False,Non local,1,269.99,12815.97576665,0.2,53.998000000000005,2563.1951533300003
429,1,4,153,11,8,4,3,8,20160910,20160912,20160912,52,2.0,False,Non local,1,1680.99,79793.79645165,0.2,336.19800000000004,15958.759290330003
429,2,4,153,4,9,6,3,8,20160910,20160912,20160912,52,2.0,False,Non local,2,2899.99,137657.69681665,0.1,579.9979999999999,27531.539363329997
429,3,4,153,5,3,6,3,8,20160910,20160912,20160912,52,2.0,False,Non local,2,1320.99,62705.19585165,0.05,132.09900000000002,6270.5195851650005
429,4,4,153,6,8,6,3,8,20160910,20160912,20160912,52,2.0,False,Non local,1,469.99,22309.64276665,0.07,32.899300000000004,1561.6749936655
429,5,4,153,2,5,6,3,8,20160910,20160912,20160912,52,2.0,False,Non local,1,749.99,35600.776566650005,0.1,74.99900000000001,3560.0776566650006
430,1,4,272,22,1,1,2,6,20160911,20160913,20160912,118,1.0,False,Non local,2,269.99,12815.97576665,0.1,53.998000000000005,2563.1951533300003
430,2,4,272,11,8,4,2,6,20160911,20160913,20160912,118,1.0,False,Non local,1,1680.99,79793.79645165,0.07,117.6693,5585.565751615501
430,3,4,272,4,9,6,2,6,20160911,20160913,20160912,118,1.0,False,Non local,2,2899.99,137657.69681665,0.2,1159.9959999999999,55063.078726659995
430,4,4,272,13,1,3,2,6,20160911,20160913,20160912,118,1.0,False,Non local,2,269.99,12815.97576665,0.2,107.99600000000001,5126.3903066600005
430,5,4,272,8,9,6,2,6,20160911,20160913,20160912,118,1.0,False,Non local,1,1799.99,85442.52831665,0.2,359.99800000000005,17088.50566333
431,1,4,1217,14,1,3,2,6,20160911,20160912,20160912,166,1.0,False,Non local,2,269.99,12815.97576665,0.2,107.99600000000001,5126.3903066600005
431,2,4,1217,6,8,6,2,6,20160911,20160912,20160912,166,1.0,False,Non local,1,469.99,22309.64276665,0.1,46.999,2230.964276665
431,3,4,1217,18,4,3,2,6,20160911,20160912,20160912,166,1.0,False,Non local,1,449.0,21313.282415,0.2,89.80000000000001,4262.656483000001
431,4,4,1217,13,1,3,2,6,20160911,20160912,20160912,166,1.0,False,Non local,2,269.99,12815.97576665,0.07,37.79860000000001,1794.2366073310002
431,5,4,1217,19,4,3,2,6,20160911,20160912,20160912,166,1.0,False,Non local,1,449.0,21313.282415,0.07,31.430000000000003,1491.9297690500002
432,1,4,169,10,8,4,1,2,20160912,20160915,20160914,31,2.0,False,Non local,2,1549.0,73528.45091500001,0.2,619.6,29411.380366000005
432,2,4,169,7,9,6,1,2,20160912,20160915,20160914,31,2.0,False,Non local,2,3999.99,189872.86531665,0.05,399.999,18987.286531665
433,1,4,1062,6,8,6,2,6,20160912,20160915,20160913,163,1.0,False,Non local,1,469.99,22309.64276665,0.1,46.999,2230.964276665
433,2,4,1062,10,8,4,2,6,20160912,20160915,20160913,163,1.0,False,Non local,1,1549.0,73528.45091500001,0.2,309.8,14705.690183000002
433,3,4,1062,24,1,2,2,6,20160912,20160915,20160913,163,1.0,False,Non local,1,549.99,26107.10956665,0.1,54.999,2610.710956665
433,4,4,1062,4,9,6,2,6,20160912,20160915,20160913,163,1.0,False,Non local,1,2899.99,137657.69681665,0.2,579.9979999999999,27531.539363329997
434,1,4,726,21,1,1,2,6,20160913,20160915,20160914,61,1.0,False,Non local,1,269.99,12815.97576665,0.05,13.499500000000001,640.7987883325001
434,2,4,726,20,1,3,2,6,20160913,20160915,20160914,61,1.0,False,Non local,1,599.99,28480.52631665,0.1,59.999,2848.0526316650003
434,3,4,726,9,9,5,2,6,20160913,20160915,20160914,61,1.0,False,Non local,1,2999.99,142404.53031665,0.2,599.9979999999999,28480.90606333
434,4,4,726,11,8,4,2,6,20160913,20160915,20160914,61,1.0,False,Non local,2,1680.99,79793.79645165,0.07,235.3386,11171.131503231001
434,5,4,726,18,4,3,2,6,20160913,20160915,20160914,61,1.0,False,Non local,2,449.0,21313.282415,0.05,44.900000000000006,2131.3282415000003
435,1,4,77,22,1,1,3,9,20160914,20160915,20160916,62,2.0,True,Non local,1,269.99,12815.97576665,0.05,13.499500000000001,640.7987883325001
435,2,4,77,9,9,5,3,9,20160914,20160915,20160916,62,2.0,True,Non local,1,2999.99,142404.53031665,0.05,149.99949999999998,7120.2265158325
435,3,4,77,18,4,3,3,9,20160914,20160915,20160916,62,2.0,True,Non local,1,449.0,21313.282415,0.05,22.450000000000003,1065.6641207500002
436,1,4,791,3,8,6,2,7,20160916,20160919,20160919,117,3.0,False,Non local,1,999.99,47467.86031665,0.05,49.999500000000005,2373.3930158325
436,2,4,791,23,1,1,2,7,20160916,20160919,20160919,117,3.0,False,Non local,1,299.99,14240.02581665,0.2,59.998000000000005,2848.0051633300004
437,1,4,1085,3,8,6,2,7,20160916,20160918,20160918,49,2.0,False,Non local,1,999.99,47467.86031665,0.05,49.999500000000005,2373.3930158325
437,2,4,1085,10,8,4,2,7,20160916,20160918,20160918,49,2.0,False,Non local,1,1549.0,73528.45091500001,0.05,77.45,3676.4225457500006
437,3,4,1085,8,9,6,2,7,20160916,20160918,20160918,49,2.0,False,Non local,2,1799.99,85442.52831665,0.05,179.99900000000002,8544.252831665
438,1,4,314,4,9,6,3,8,20160916,20160919,20160918,57,2.0,False,local,1,2899.99,137657.69681665,0.07,202.9993,9636.0387771655
438,2,4,314,22,1,1,3,8,20160916,20160919,20160918,57,2.0,False,local,1,269.99,12815.97576665,0.1,26.999000000000002,1281.5975766650001
438,3,4,314,8,9,6,3,8,20160916,20160919,20160918,57,2.0,False,local,2,1799.99,85442.52831665,0.05,179.99900000000002,8544.252831665
438,4,4,314,13,1,3,3,8,20160916,20160919,20160918,57,2.0,False,local,2,269.99,12815.97576665,0.05,26.999000000000002,1281.5975766650001
439,1,4,149,6,8,6,2,6,20160917,20160920,20160918,95,1.0,False,Non local,2,469.99,22309.64276665,0.07,65.79860000000001,3123.349987331
439,2,4,149,7,9,6,2,6,20160917,20160920,20160918,95,1.0,False,Non local,2,3999.99,189872.86531665,0.05,399.999,18987.286531665
440,1,4,882,19,4,3,2,7,20160917,20160918,20160919,117,2.0,True,Non local,2,449.0,21313.282415,0.07,62.86000000000001,2983.8595381000005
440,2,4,882,4,9,6,2,7,20160917,20160918,20160919,117,2.0,True,Non local,2,2899.99,137657.69681665,0.07,405.9986,19272.077554331
441,1,4,704,12,1,3,1,2,20160918,20160919,20160919,170,1.0,False,Non local,1,549.99,26107.10956665,0.07,38.499300000000005,1827.4976696655
441,2,4,704,15,1,3,1,2,20160918,20160919,20160919,170,1.0,False,Non local,1,529.99,25157.74286665,0.1,52.999,2515.7742866650005
442,1,4,667,16,1,3,2,7,20160918,20160921,20160921,39,3.0,False,Non local,2,599.99,28480.52631665,0.07,83.99860000000001,3987.2736843310004
442,2,4,667,26,1,2,2,7,20160918,20160921,20160921,39,3.0,False,Non local,2,599.99,28480.52631665,0.2,239.996,11392.210526660001
442,3,4,667,6,8,6,2,7,20160918,20160921,20160921,39,3.0,False,Non local,2,469.99,22309.64276665,0.2,187.996,8923.85710666
443,1,4,1371,5,3,6,2,6,20160918,20160919,20160920,183,2.0,True,Non local,1,1320.99,62705.19585165,0.05,66.04950000000001,3135.2597925825003
443,2,4,1371,26,1,2,2,6,20160918,20160919,20160920,183,2.0,True,Non local,1,599.99,28480.52631665,0.2,119.998,5696.1052633300005
444,1,4,30,22,1,1,1,2,20160919,20160920,20160921,28,2.0,True,Non local,1,269.99,12815.97576665,0.07,18.899300000000004,897.1183036655001
444,2,4,30,15,1,3,1,2,20160919,20160920,20160921,28,2.0,True,Non local,2,529.99,25157.74286665,0.07,74.19860000000001,3522.0840013310008
444,3,4,30,20,1,3,1,2,20160919,20160920,20160921,28,2.0,True,Non local,2,599.99,28480.52631665,0.05,59.999,2848.0526316650003
444,4,4,30,16,1,3,1,2,20160919,20160920,20160921,28,2.0,True,Non local,1,599.99,28480.52631665,0.1,59.999,2848.0526316650003
444,5,4,30,10,8,4,1,2,20160919,20160920,20160921,28,2.0,True,Non local,2,1549.0,73528.45091500001,0.2,619.6,29411.380366000005
445,1,4,362,7,9,6,2,6,20160919,20160922,20160922,140,3.0,False,Non local,1,3999.99,189872.86531665,0.2,799.998,37974.57306333
445,2,4,362,16,1,3,2,6,20160919,20160922,20160922,140,3.0,False,Non local,1,599.99,28480.52631665,0.07,41.999300000000005,1993.6368421655002
445,3,4,362,23,1,1,2,6,20160919,20160922,20160922,140,3.0,False,Non local,1,299.99,14240.02581665,0.2,59.998000000000005,2848.0051633300004
446,1,4,399,22,1,1,2,7,20160919,20160921,20160920,140,1.0,False,Non local,1,269.99,12815.97576665,0.2,53.998000000000005,2563.1951533300003
446,2,4,399,16,1,3,2,7,20160919,20160921,20160920,140,1.0,False,Non local,2,599.99,28480.52631665,0.07,83.99860000000001,3987.2736843310004
447,1,4,808,4,9,6,3,8,20160920,20160923,20160922,57,2.0,False,local,2,2899.99,137657.69681665,0.05,289.99899999999997,13765.769681664999
447,2,4,808,3,8,6,3,8,20160920,20160923,20160922,57,2.0,False,local,1,999.99,47467.86031665,0.1,99.99900000000001,4746.786031665
447,3,4,808,8,9,6,3,8,20160920,20160923,20160922,57,2.0,False,local,1,1799.99,85442.52831665,0.07,125.99930000000002,5980.976982165501
448,1,4,101,13,1,3,2,6,20160921,20160922,20160924,17,3.0,True,Non local,2,269.99,12815.97576665,0.05,26.999000000000002,1281.5975766650001
448,2,4,101,6,8,6,2,6,20160921,20160922,20160924,17,3.0,True,Non local,2,469.99,22309.64276665,0.05,46.999,2230.964276665
449,1,4,492,17,4,3,2,7,20160921,20160924,20160922,174,1.0,False,Non local,2,429.0,20363.915715000003,0.05,42.900000000000006,2036.3915715000003
449,2,4,492,2,5,6,2,7,20160921,20160924,20160922,174,1.0,False,Non local,1,749.99,35600.776566650005,0.05,37.499500000000005,1780.0388283325003
449,3,4,492,7,9,6,2,7,20160921,20160924,20160922,174,1.0,False,Non local,2,3999.99,189872.86531665,0.07,559.9986,26582.201144331
449,4,4,492,26,1,2,2,7,20160921,20160924,20160922,174,1.0,False,Non local,2,599.99,28480.52631665,0.2,239.996,11392.210526660001
450,1,4,575,24,1,2,2,7,20160921,20160924,20160923,118,2.0,False,Non local,1,549.99,26107.10956665,0.05,27.4995,1305.3554783325
450,2,4,575,12,1,3,2,7,20160921,20160924,20160923,118,2.0,False,Non local,1,549.99,26107.10956665,0.07,38.499300000000005,1827.4976696655
450,3,4,575,5,3,6,2,7,20160921,20160924,20160923,118,2.0,False,Non local,1,1320.99,62705.19585165,0.1,132.09900000000002,6270.5195851650005
451,1,4,1146,14,1,3,2,7,20160921,20160923,20160922,96,1.0,False,Non local,2,269.99,12815.97576665,0.05,26.999000000000002,1281.5975766650001
452,1,4,997,11,8,4,2,7,20160922,20160923,20160924,63,2.0,True,local,1,1680.99,79793.79645165,0.05,84.04950000000001,3989.6898225825007
452,2,4,997,16,1,3,2,7,20160922,20160923,20160924,63,2.0,True,local,1,599.99,28480.52631665,0.05,29.9995,1424.0263158325001
452,3,4,997,7,9,6,2,7,20160922,20160923,20160924,63,2.0,True,local,2,3999.99,189872.86531665,0.1,799.998,37974.57306333
452,4,4,997,8,9,6,2,7,20160922,20160923,20160924,63,2.0,True,local,1,1799.99,85442.52831665,0.1,179.99900000000002,8544.252831665
453,1,4,1028,23,1,1,2,7,20160922,20160924,20160925,18,3.0,True,Non local,1,299.99,14240.02581665,0.05,14.999500000000001,712.0012908325001
453,2,4,1028,20,1,3,2,7,20160922,20160924,20160925,18,3.0,True,Non local,2,599.99,28480.52631665,0.2,239.996,11392.210526660001
453,3,4,1028,4,9,6,2,7,20160922,20160924,20160925,18,3.0,True,Non local,1,2899.99,137657.69681665,0.2,579.9979999999999,27531.539363329997
454,1,4,988,25,1,2,2,6,20160923,20160925,20160926,78,3.0,True,Non local,2,499.99,23733.692816650004,0.07,69.99860000000001,3322.716994331001
454,2,4,988,13,1,3,2,6,20160923,20160925,20160926,78,3.0,True,Non local,2,269.99,12815.97576665,0.05,26.999000000000002,1281.5975766650001
454,3,4,988,24,1,2,2,6,20160923,20160925,20160926,78,3.0,True,Non local,2,549.99,26107.10956665,0.1,109.998,5221.42191333
455,1,4,1055,9,9,5,2,7,20160923,20160924,20160924,34,1.0,False,Non local,1,2999.99,142404.53031665,0.05,149.99949999999998,7120.2265158325
456,1,4,1061,17,4,3,3,9,20160923,20160926,20160925,85,2.0,False,Non local,2,429.0,20363.915715000003,0.07,60.06,2850.9482001000006
456,2,4,1061,23,1,1,3,9,20160923,20160926,20160925,85,2.0,False,Non local,1,299.99,14240.02581665,0.07,20.9993,996.8018071655001
457,1,4,1349,24,1,2,1,3,20160924,20160927,20160927,37,3.0,False,Non local,2,549.99,26107.10956665,0.07,76.99860000000001,3654.995339331
457,2,4,1349,2,5,6,1,3,20160924,20160927,20160927,37,3.0,False,Non local,1,749.99,35600.776566650005,0.05,37.499500000000005,1780.0388283325003
457,3,4,1349,7,9,6,1,3,20160924,20160927,20160927,37,3.0,False,Non local,2,3999.99,189872.86531665,0.1,799.998,37974.57306333
457,4,4,1349,17,4,3,1,3,20160924,20160927,20160927,37,3.0,False,Non local,1,429.0,20363.915715000003,0.2,85.80000000000001,4072.7831430000006
458,1,4,197,2,5,6,2,6,20160925,20160928,20160926,114,1.0,False,Non local,1,749.99,35600.776566650005,0.2,149.99800000000002,7120.155313330001
458,2,4,197,21,1,1,2,6,20160925,20160928,20160926,114,1.0,False,Non local,2,269.99,12815.97576665,0.07,37.79860000000001,1794.2366073310002
458,3,4,197,11,8,4,2,6,20160925,20160928,20160926,114,1.0,False,Non local,1,1680.99,79793.79645165,0.1,168.09900000000002,7979.379645165001
458,4,4,197,24,1,2,2,6,20160925,20160928,20160926,114,1.0,False,Non local,1,549.99,26107.10956665,0.2,109.998,5221.42191333
458,5,4,197,3,8,6,2,6,20160925,20160928,20160926,114,1.0,False,Non local,2,999.99,47467.86031665,0.2,399.99600000000004,18987.14412666
459,1,4,874,11,8,4,2,6,20160925,20160928,20160926,15,1.0,False,Non local,1,1680.99,79793.79645165,0.2,336.19800000000004,15958.759290330003
460,1,4,691,19,4,3,3,8,20160925,20160927,20160926,40,1.0,False,Non local,1,449.0,21313.282415,0.05,22.450000000000003,1065.6641207500002
460,2,4,691,18,4,3,3,8,20160925,20160927,20160926,40,1.0,False,Non local,2,449.0,21313.282415,0.07,62.86000000000001,2983.8595381000005
460,3,4,691,4,9,6,3,8,20160925,20160927,20160926,40,1.0,False,Non local,1,2899.99,137657.69681665,0.2,579.9979999999999,27531.539363329997
460,4,4,691,22,1,1,3,8,20160925,20160927,20160926,40,1.0,False,Non local,2,269.99,12815.97576665,0.1,53.998000000000005,2563.1951533300003
461,1,4,853,16,1,3,2,7,20160926,20160927,20160927,140,1.0,False,Non local,1,599.99,28480.52631665,0.07,41.999300000000005,1993.6368421655002
461,2,4,853,4,9,6,2,7,20160926,20160927,20160927,140,1.0,False,Non local,1,2899.99,137657.69681665,0.2,579.9979999999999,27531.539363329997
461,3,4,853,8,9,6,2,7,20160926,20160927,20160927,140,1.0,False,Non local,2,1799.99,85442.52831665,0.05,179.99900000000002,8544.252831665
461,4,4,853,24,1,2,2,7,20160926,20160927,20160927,140,1.0,False,Non local,1,549.99,26107.10956665,0.1,54.999,2610.710956665
461,5,4,853,18,4,3,2,7,20160926,20160927,20160927,140,1.0,False,Non local,2,449.0,21313.282415,0.1,89.80000000000001,4262.656483000001
462,1,4,852,12,1,3,2,6,20160927,20160928,20160929,172,2.0,True,Non local,2,549.99,26107.10956665,0.1,109.998,5221.42191333
463,1,4,964,13,1,3,3,8,20160927,20160928,20160928,89,1.0,False,Non local,2,269.99,12815.97576665,0.07,37.79860000000001,1794.2366073310002
464,1,4,74,7,9,6,2,7,20160928,20160930,20160929,60,1.0,False,Non local,1,3999.99,189872.86531665,0.1,399.999,18987.286531665
465,1,4,1198,6,8,6,2,6,20160928,20161001,20161001,119,3.0,False,Non local,2,469.99,22309.64276665,0.1,93.998,4461.92855333
465,2,4,1198,25,1,2,2,6,20160928,20161001,20161001,119,3.0,False,Non local,2,499.99,23733.692816650004,0.1,99.998,4746.738563330001
466,1,4,1440,19,4,3,2,7,20160928,20160929,20161001,192,3.0,True,Non local,2,449.0,21313.282415,0.2,179.60000000000002,8525.312966000001
466,2,4,1440,6,8,6,2,7,20160928,20160929,20161001,192,3.0,True,Non local,1,469.99,22309.64276665,0.2,93.998,4461.92855333
466,3,4,1440,7,9,6,2,7,20160928,20160929,20161001,192,3.0,True,Non local,2,3999.99,189872.86531665,0.05,399.999,18987.286531665
466,4,4,1440,15,1,3,2,7,20160928,20160929,20161001,192,3.0,True,Non local,1,529.99,25157.74286665,0.1,52.999,2515.7742866650005
466,5,4,1440,5,3,6,2,7,20160928,20160929,20161001,192,3.0,True,Non local,1,1320.99,62705.19585165,0.1,132.09900000000002,6270.5195851650005
467,1,4,555,19,4,3,3,8,20160928,20160930,20160930,14,2.0,False,Non local,1,449.0,21313.282415,0.07,31.430000000000003,1491.9297690500002
467,2,4,555,10,8,4,3,8,20160928,20160930,20160930,14,2.0,False,Non local,1,1549.0,73528.45091500001,0.07,108.43,5146.991564050001
467,3,4,555,22,1,1,3,8,20160928,20160930,20160930,14,2.0,False,Non local,2,269.99,12815.97576665,0.1,53.998000000000005,2563.1951533300003
467,4,4,555,17,4,3,3,8,20160928,20160930,20160930,14,2.0,False,Non local,2,429.0,20363.915715000003,0.07,60.06,2850.9482001000006
467,5,4,555,11,8,4,3,8,20160928,20160930,20160930,14,2.0,False,Non local,1,1680.99,79793.79645165,0.1,168.09900000000002,7979.379645165001
468,1,4,1261,19,4,3,1,3,20160929,20161002,20160930,133,1.0,False,Non local,1,449.0,21313.282415,0.1,44.900000000000006,2131.3282415000003
468,2,4,1261,9,9,5,1,3,20160929,20161002,20160930,133,1.0,False,Non local,2,2999.99,142404.53031665,0.05,299.99899999999997,14240.453031665
468,3,4,1261,10,8,4,1,3,20160929,20161002,20160930,133,1.0,False,Non local,2,1549.0,73528.45091500001,0.05,154.9,7352.845091500001
468,4,4,1261,25,1,2,1,3,20160929,20161002,20160930,133,1.0,False,Non local,1,499.99,23733.692816650004,0.1,49.999,2373.3692816650005
469,1,4,1089,8,9,6,2,7,20160929,20161002,20161002,1,3.0,False,Non local,2,1799.99,85442.52831665,0.1,359.99800000000005,17088.50566333
469,2,4,1089,4,9,6,2,7,20160929,20161002,20161002,1,3.0,False,Non local,1,2899.99,137657.69681665,0.07,202.9993,9636.0387771655
469,3,4,1089,15,1,3,2,7,20160929,20161002,20161002,1,3.0,False,Non local,2,529.99,25157.74286665,0.2,211.996,10063.097146660002
470,1,4,641,18,4,3,1,3,20160930,20161002,20161002,46,2.0,False,Non local,1,449.0,21313.282415,0.05,22.450000000000003,1065.6641207500002
470,2,4,641,13,1,3,1,3,20160930,20161002,20161002,46,2.0,False,Non local,1,269.99,12815.97576665,0.05,13.499500000000001,640.7987883325001
470,3,4,641,8,9,6,1,3,20160930,20161002,20161002,46,2.0,False,Non local,2,1799.99,85442.52831665,0.2,719.9960000000001,34177.01132666
471,1,4,697,14,1,3,1,3,20160930,20161002,20161001,71,1.0,False,Non local,1,269.99,12815.97576665,0.2,53.998000000000005,2563.1951533300003
471,2,4,697,13,1,3,1,3,20160930,20161002,20161001,71,1.0,False,Non local,2,269.99,12815.97576665,0.05,26.999000000000002,1281.5975766650001
472,1,4,468,15,1,3,2,7,20160930,20161001,20161001,65,1.0,False,Non local,1,529.99,25157.74286665,0.1,52.999,2515.7742866650005
472,2,4,468,21,1,1,2,7,20160930,20161001,20161001,65,1.0,False,Non local,2,269.99,12815.97576665,0.1,53.998000000000005,2563.1951533300003
473,1,4,549,26,1,2,2,7,20160930,20161002,20161003,25,3.0,True,Non local,1,599.99,28480.52631665,0.07,41.999300000000005,1993.6368421655002
474,1,4,553,19,4,3,1,3,20161001,20161004,20161004,58,3.0,False,Non local,2,449.0,21313.282415,0.05,44.900000000000006,2131.3282415000003
474,2,4,553,11,8,4,1,3,20161001,20161004,20161004,58,3.0,False,Non local,1,1680.99,79793.79645165,0.2,336.19800000000004,15958.759290330003
475,1,4,241,17,4,3,2,7,20161001,20161004,20161003,38,2.0,False,Non local,2,429.0,20363.915715000003,0.07,60.06,2850.9482001000006
475,2,4,241,26,1,2,2,7,20161001,20161004,20161003,38,2.0,False,Non local,2,599.99,28480.52631665,0.2,239.996,11392.210526660001
475,3,4,241,25,1,2,2,7,20161001,20161004,20161003,38,2.0,False,Non local,1,499.99,23733.692816650004,0.2,99.998,4746.738563330001
476,1,4,559,22,1,1,2,6,20161001,20161004,20161002,128,1.0,False,Non local,2,269.99,12815.97576665,0.07,37.79860000000001,1794.2366073310002
476,2,4,559,4,9,6,2,6,20161001,20161004,20161002,128,1.0,False,Non local,2,2899.99,137657.69681665,0.2,1159.9959999999999,55063.078726659995
476,3,4,559,11,8,4,2,6,20161001,20161004,20161002,128,1.0,False,Non local,2,1680.99,79793.79645165,0.07,235.3386,11171.131503231001
476,4,4,559,20,1,3,2,6,20161001,20161004,20161002,128,1.0,False,Non local,2,599.99,28480.52631665,0.05,59.999,2848.0526316650003
477,1,4,449,6,8,6,1,2,20161002,20161005,20161004,132,2.0,False,Non local,1,469.99,22309.64276665,0.1,46.999,2230.964276665
477,2,4,449,10,8,4,1,2,20161002,20161005,20161004,132,2.0,False,Non local,1,1549.0,73528.45091500001,0.05,77.45,3676.4225457500006
478,1,4,304,21,1,1,2,7,20161002,20161005,20161003,148,1.0,False,Non local,2,269.99,12815.97576665,0.07,37.79860000000001,1794.2366073310002
479,1,4,984,26,1,2,2,6,20161003,20161004,20161004,70,1.0,False,Non local,1,599.99,28480.52631665,0.07,41.999300000000005,1993.6368421655002
479,2,4,984,12,1,3,2,6,20161003,20161004,20161004,70,1.0,False,Non local,1,549.99,26107.10956665,0.05,27.4995,1305.3554783325
479,3,4,984,21,1,1,2,6,20161003,20161004,20161004,70,1.0,False,Non local,1,269.99,12815.97576665,0.2,53.998000000000005,2563.1951533300003
479,4,4,984,7,9,6,2,6,20161003,20161004,20161004,70,1.0,False,Non local,1,3999.99,189872.86531665,0.05,199.9995,9493.6432658325
479,5,4,984,10,8,4,2,6,20161003,20161004,20161004,70,1.0,False,Non local,1,1549.0,73528.45091500001,0.2,309.8,14705.690183000002
480,1,4,686,4,9,6,1,3,20161004,20161007,20161005,109,1.0,False,Non local,1,2899.99,137657.69681665,0.05,144.99949999999998,6882.884840832499
480,2,4,686,15,1,3,1,3,20161004,20161007,20161005,109,1.0,False,Non local,1,529.99,25157.74286665,0.05,26.4995,1257.8871433325003
480,3,4,686,23,1,1,1,3,20161004,20161007,20161005,109,1.0,False,Non local,2,299.99,14240.02581665,0.07,41.9986,1993.6036143310002
481,1,4,481,13,1,3,3,9,20161004,20161007,20161006,173,2.0,False,Non local,2,269.99,12815.97576665,0.2,107.99600000000001,5126.3903066600005
481,2,4,481,16,1,3,3,9,20161004,20161007,20161006,173,2.0,False,Non local,2,599.99,28480.52631665,0.07,83.99860000000001,3987.2736843310004
481,3,4,481,9,9,5,3,9,20161004,20161007,20161006,173,2.0,False,Non local,2,2999.99,142404.53031665,0.1,599.9979999999999,28480.90606333
482,1,4,513,13,1,3,2,6,20161005,20161006,20161006,92,1.0,False,Non local,1,269.99,12815.97576665,0.2,53.998000000000005,2563.1951533300003
482,2,4,513,14,1,3,2,6,20161005,20161006,20161006,92,1.0,False,Non local,1,269.99,12815.97576665,0.1,26.999000000000002,1281.5975766650001
483,1,4,703,17,4,3,1,2,20161006,20161007,20161009,30,3.0,True,Non local,1,429.0,20363.915715000003,0.07,30.03,1425.4741000500003
484,1,4,421,8,9,6,2,7,20161006,20161009,20161007,10,1.0,False,Non local,2,1799.99,85442.52831665,0.1,359.99800000000005,17088.50566333
484,2,4,421,24,1,2,2,7,20161006,20161009,20161007,10,1.0,False,Non local,1,549.99,26107.10956665,0.05,27.4995,1305.3554783325
484,3,4,421,9,9,5,2,7,20161006,20161009,20161007,10,1.0,False,Non local,2,2999.99,142404.53031665,0.05,299.99899999999997,14240.453031665
484,4,4,421,6,8,6,2,7,20161006,20161009,20161007,10,1.0,False,Non local,1,469.99,22309.64276665,0.2,93.998,4461.92855333
485,1,4,465,13,1,3,2,7,20161006,20161008,20161007,73,1.0,False,Non local,1,269.99,12815.97576665,0.1,26.999000000000002,1281.5975766650001
485,2,4,465,26,1,2,2,7,20161006,20161008,20161007,73,1.0,False,Non local,2,599.99,28480.52631665,0.05,59.999,2848.0526316650003
486,1,4,709,9,9,5,2,7,20161006,20161008,20161009,151,3.0,True,Non local,1,2999.99,142404.53031665,0.07,209.9993,9968.317122165501
486,2,4,709,23,1,1,2,7,20161006,20161008,20161009,151,3.0,True,Non local,2,299.99,14240.02581665,0.05,29.999000000000002,1424.0025816650002
487,1,4,827,6,8,6,2,6,20161006,20161009,20161009,26,3.0,False,Non local,1,469.99,22309.64276665,0.2,93.998,4461.92855333
488,1,4,921,13,1,3,2,6,20161006,20161009,20161008,110,2.0,False,Non local,2,269.99,12815.97576665,0.07,37.79860000000001,1794.2366073310002
488,2,4,921,23,1,1,2,6,20161006,20161009,20161008,110,2.0,False,Non local,2,299.99,14240.02581665,0.05,29.999000000000002,1424.0025816650002
488,3,4,921,22,1,1,2,6,20161006,20161009,20161008,110,2.0,False,Non local,1,269.99,12815.97576665,0.05,13.499500000000001,640.7987883325001
489,1,4,899,8,9,6,3,8,20161006,20161008,20161008,20,2.0,False,Non local,2,1799.99,85442.52831665,0.1,359.99800000000005,17088.50566333
490,1,4,876,12,1,3,2,6,20161007,20161010,20161009,177,2.0,False,Non local,1,549.99,26107.10956665,0.1,54.999,2610.710956665
490,2,4,876,23,1,1,2,6,20161007,20161010,20161009,177,2.0,False,Non local,1,299.99,14240.02581665,0.05,14.999500000000001,712.0012908325001
490,3,4,876,14,1,3,2,6,20161007,20161010,20161009,177,2.0,False,Non local,1,269.99,12815.97576665,0.1,26.999000000000002,1281.5975766650001
490,4,4,876,13,1,3,2,6,20161007,20161010,20161009,177,2.0,False,Non local,2,269.99,12815.97576665,0.07,37.79860000000001,1794.2366073310002
491,1,4,1048,9,9,5,1,2,20161008,20161010,20161011,111,3.0,True,Non local,2,2999.99,142404.53031665,0.2,1199.9959999999999,56961.81212666
491,2,4,1048,21,1,1,1,2,20161008,20161010,20161011,111,3.0,True,Non local,2,269.99,12815.97576665,0.05,26.999000000000002,1281.5975766650001
491,3,4,1048,15,1,3,1,2,20161008,20161010,20161011,111,3.0,True,Non local,2,529.99,25157.74286665,0.05,52.999,2515.7742866650005
492,1,4,191,6,8,6,1,2,20161009,20161010,20161012,108,3.0,True,Non local,1,469.99,22309.64276665,0.1,46.999,2230.964276665
492,2,4,191,22,1,1,1,2,20161009,20161010,20161012,108,3.0,True,Non local,2,269.99,12815.97576665,0.1,53.998000000000005,2563.1951533300003
492,3,4,191,26,1,2,1,2,20161009,20161010,20161012,108,3.0,True,Non local,1,599.99,28480.52631665,0.05,29.9995,1424.0263158325001
493,1,4,796,15,1,3,1,3,20161009,20161012,20161011,69,2.0,False,Non local,1,529.99,25157.74286665,0.05,26.4995,1257.8871433325003
493,2,4,796,18,4,3,1,3,20161009,20161012,20161011,69,2.0,False,Non local,2,449.0,21313.282415,0.05,44.900000000000006,2131.3282415000003
493,3,4,796,26,1,2,1,3,20161009,20161012,20161011,69,2.0,False,Non local,1,599.99,28480.52631665,0.05,29.9995,1424.0263158325001
494,1,4,875,23,1,1,2,6,20161009,20161010,20161011,157,2.0,True,Non local,1,299.99,14240.02581665,0.1,29.999000000000002,1424.0025816650002
495,1,4,712,22,1,1,1,3,20161010,20161012,20161013,113,3.0,True,local,1,269.99,12815.97576665,0.2,53.998000000000005,2563.1951533300003
495,2,4,712,9,9,5,1,3,20161010,20161012,20161013,113,3.0,True,local,1,2999.99,142404.53031665,0.05,149.99949999999998,7120.2265158325
496,1,4,193,23,1,1,2,6,20161010,20161012,20161011,112,1.0,False,Non local,1,299.99,14240.02581665,0.2,59.998000000000005,2848.0051633300004
496,2,4,193,13,1,3,2,6,20161010,20161012,20161011,112,1.0,False,Non local,1,269.99,12815.97576665,0.1,26.999000000000002,1281.5975766650001
496,3,4,193,21,1,1,2,6,20161010,20161012,20161011,112,1.0,False,Non local,2,269.99,12815.97576665,0.2,107.99600000000001,5126.3903066600005
497,1,4,785,25,1,2,2,6,20161010,20161011,20161011,92,1.0,False,Non local,2,499.99,23733.692816650004,0.07,69.99860000000001,3322.716994331001
498,1,4,1331,24,1,2,2,6,20161010,20161012,20161011,90,1.0,False,Non local,1,549.99,26107.10956665,0.07,38.499300000000005,1827.4976696655
498,2,4,1331,21,1,1,2,6,20161010,20161012,20161011,90,1.0,False,Non local,1,269.99,12815.97576665,0.1,26.999000000000002,1281.5975766650001
498,3,4,1331,10,8,4,2,6,20161010,20161012,20161011,90,1.0,False,Non local,1,1549.0,73528.45091500001,0.07,108.43,5146.991564050001
499,1,4,260,11,8,4,1,2,20161011,20161014,20161013,132,2.0,False,Non local,1,1680.99,79793.79645165,0.2,336.19800000000004,15958.759290330003
499,2,4,260,15,1,3,1,2,20161011,20161014,20161013,132,2.0,False,Non local,1,529.99,25157.74286665,0.07,37.09930000000001,1761.0420006655004
499,3,4,260,14,1,3,1,2,20161011,20161014,20161013,132,2.0,False,Non local,2,269.99,12815.97576665,0.2,107.99600000000001,5126.3903066600005
499,4,4,260,20,1,3,1,2,20161011,20161014,20161013,132,2.0,False,Non local,2,599.99,28480.52631665,0.1,119.998,5696.1052633300005
500,1,4,148,12,1,3,2,6,20161011,20161012,20161013,39,2.0,True,Non local,2,549.99,26107.10956665,0.05,54.999,2610.710956665
500,2,4,148,14,1,3,2,6,20161011,20161012,20161013,39,2.0,True,Non local,1,269.99,12815.97576665,0.2,53.998000000000005,2563.1951533300003
501,1,4,977,19,4,3,2,7,20161011,20161012,20161013,53,2.0,True,Non local,2,449.0,21313.282415,0.05,44.900000000000006,2131.3282415000003
501,2,4,977,8,9,6,2,7,20161011,20161012,20161013,53,2.0,True,Non local,1,1799.99,85442.52831665,0.07,125.99930000000002,5980.976982165501
501,3,4,977,14,1,3,2,7,20161011,20161012,20161013,53,2.0,True,Non local,1,269.99,12815.97576665,0.1,26.999000000000002,1281.5975766650001
501,4,4,977,23,1,1,2,7,20161011,20161012,20161013,53,2.0,True,Non local,2,299.99,14240.02581665,0.07,41.9986,1993.6036143310002
502,1,4,401,13,1,3,3,9,20161012,20161013,20161013,13,1.0,False,Non local,1,269.99,12815.97576665,0.05,13.499500000000001,640.7987883325001
503,1,4,932,13,1,3,2,6,20161013,20161016,20161014,158,1.0,False,Non local,2,269.99,12815.97576665,0.07,37.79860000000001,1794.2366073310002
503,2,4,932,10,8,4,2,6,20161013,20161016,20161014,158,1.0,False,Non local,1,1549.0,73528.45091500001,0.05,77.45,3676.4225457500006
504,1,4,1381,24,1,2,1,2,20161014,20161015,20161015,68,1.0,False,Non local,2,549.99,26107.10956665,0.1,109.998,5221.42191333
504,2,4,1381,2,5,6,1,2,20161014,20161015,20161015,68,1.0,False,Non local,2,749.99,35600.776566650005,0.05,74.99900000000001,3560.0776566650006
505,1,4,721,26,1,2,2,6,20161014,20161016,20161017,104,3.0,True,Non local,1,599.99,28480.52631665,0.2,119.998,5696.1052633300005
506,1,4,831,25,1,2,2,6,20161014,20161016,20161016,67,2.0,False,Non local,1,499.99,23733.692816650004,0.1,49.999,2373.3692816650005
506,2,4,831,7,9,6,2,6,20161014,20161016,20161016,67,2.0,False,Non local,1,3999.99,189872.86531665,0.07,279.9993,13291.1005721655
507,1,4,1378,11,8,4,1,3,20161015,20161017,20161017,87,2.0,False,Non local,2,1680.99,79793.79645165,0.05,168.09900000000002,7979.379645165001
507,2,4,1378,13,1,3,1,3,20161015,20161017,20161017,87,2.0,False,Non local,2,269.99,12815.97576665,0.07,37.79860000000001,1794.2366073310002
507,3,4,1378,20,1,3,1,3,20161015,20161017,20161017,87,2.0,False,Non local,2,599.99,28480.52631665,0.1,119.998,5696.1052633300005
508,1,4,1359,8,9,6,2,6,20161015,20161018,20161018,145,3.0,False,Non local,1,1799.99,85442.52831665,0.05,89.99950000000001,4272.1264158325
508,2,4,1359,2,5,6,2,6,20161015,20161018,20161018,145,3.0,False,Non local,2,749.99,35600.776566650005,0.05,74.99900000000001,3560.0776566650006
508,3,4,1359,10,8,4,2,6,20161015,20161018,20161018,145,3.0,False,Non local,2,1549.0,73528.45091500001,0.05,154.9,7352.845091500001
508,4,4,1359,25,1,2,2,6,20161015,20161018,20161018,145,3.0,False,Non local,1,499.99,23733.692816650004,0.07,34.999300000000005,1661.3584971655005
509,1,4,235,23,1,1,2,7,20161016,20161017,20161017,103,1.0,False,Non local,2,299.99,14240.02581665,0.2,119.99600000000001,5696.010326660001
509,2,4,235,4,9,6,2,7,20161016,20161017,20161017,103,1.0,False,Non local,2,2899.99,137657.69681665,0.05,289.99899999999997,13765.769681664999
510,1,4,586,17,4,3,2,7,20161017,20161018,20161018,11,1.0,False,Non local,1,429.0,20363.915715000003,0.1,42.900000000000006,2036.3915715000003
511,1,4,377,22,1,1,2,7,20161018,20161020,20161019,97,1.0,False,Non local,2,269.99,12815.97576665,0.05,26.999000000000002,1281.5975766650001
511,2,4,377,13,1,3,2,7,20161018,20161020,20161019,97,1.0,False,Non local,1,269.99,12815.97576665,0.1,26.999000000000002,1281.5975766650001
512,1,4,8,21,1,1,2,7,20161019,20161022,20161020,8,1.0,False,Non local,1,269.99,12815.97576665,0.07,18.899300000000004,897.1183036655001
513,1,4,155,7,9,6,2,6,20161019,20161021,20161021,103,2.0,False,Non local,1,3999.99,189872.86531665,0.07,279.9993,13291.1005721655
513,2,4,155,13,1,3,2,6,20161019,20161021,20161021,103,2.0,False,Non local,1,269.99,12815.97576665,0.2,53.998000000000005,2563.1951533300003
513,3,4,155,23,1,1,2,6,20161019,20161021,20161021,103,2.0,False,Non local,1,299.99,14240.02581665,0.07,20.9993,996.8018071655001
514,1,4,927,18,4,3,2,7,20161019,20161021,20161020,16,1.0,False,Non local,2,449.0,21313.282415,0.2,179.60000000000002,8525.312966000001
514,2,4,927,17,4,3,2,7,20161019,20161021,20161020,16,1.0,False,Non local,2,429.0,20363.915715000003,0.07,60.06,2850.9482001000006
515,1,4,986,8,9,6,2,6,20161019,20161020,20161022,27,3.0,True,Non local,1,1799.99,85442.52831665,0.07,125.99930000000002,5980.976982165501
515,2,4,986,5,3,6,2,6,20161019,20161020,20161022,27,3.0,True,Non local,1,1320.99,62705.19585165,0.1,132.09900000000002,6270.5195851650005
515,3,4,986,25,1,2,2,6,20161019,20161020,20161022,27,3.0,True,Non local,2,499.99,23733.692816650004,0.07,69.99860000000001,3322.716994331001
515,4,4,986,6,8,6,2,6,20161019,20161020,20161022,27,3.0,True,Non local,2,469.99,22309.64276665,0.2,187.996,8923.85710666
516,1,4,111,7,9,6,2,6,20161021,20161023,20161024,1,3.0,True,Non local,1,3999.99,189872.86531665,0.05,199.9995,9493.6432658325
516,2,4,111,5,3,6,2,6,20161021,20161023,20161024,1,3.0,True,Non local,2,1320.99,62705.19585165,0.1,264.19800000000004,12541.039170330001
517,1,4,613,21,1,1,2,6,20161021,20161022,20161024,153,3.0,True,Non local,2,269.99,12815.97576665,0.07,37.79860000000001,1794.2366073310002
518,1,4,1374,16,1,3,1,2,20161022,20161024,20161025,46,3.0,True,Non local,2,599.99,28480.52631665,0.2,239.996,11392.210526660001
518,2,4,1374,5,3,6,1,2,20161022,20161024,20161025,46,3.0,True,Non local,2,1320.99,62705.19585165,0.05,132.09900000000002,6270.5195851650005
518,3,4,1374,25,1,2,1,2,20161022,20161024,20161025,46,3.0,True,Non local,2,499.99,23733.692816650004,0.05,49.999,2373.3692816650005
518,4,4,1374,15,1,3,1,2,20161022,20161024,20161025,46,3.0,True,Non local,2,529.99,25157.74286665,0.2,211.996,10063.097146660002
518,5,4,1374,11,8,4,1,2,20161022,20161024,20161025,46,3.0,True,Non local,2,1680.99,79793.79645165,0.07,235.3386,11171.131503231001
519,1,4,54,6,8,6,2,7,20161022,20161023,20161024,47,2.0,True,Non local,1,469.99,22309.64276665,0.07,32.899300000000004,1561.6749936655
519,2,4,54,16,1,3,2,7,20161022,20161023,20161024,47,2.0,True,Non local,1,599.99,28480.52631665,0.1,59.999,2848.0526316650003
519,3,4,54,23,1,1,2,7,20161022,20161023,20161024,47,2.0,True,Non local,2,299.99,14240.02581665,0.05,29.999000000000002,1424.0025816650002
519,4,4,54,18,4,3,2,7,20161022,20161023,20161024,47,2.0,True,Non local,2,449.0,21313.282415,0.2,179.60000000000002,8525.312966000001
519,5,4,54,7,9,6,2,7,20161022,20161023,20161024,47,2.0,True,Non local,1,3999.99,189872.86531665,0.05,199.9995,9493.6432658325
520,1,4,639,26,1,2,2,7,20161023,20161026,20161024,34,1.0,False,Non local,1,599.99,28480.52631665,0.1,59.999,2848.0526316650003
520,2,4,639,24,1,2,2,7,20161023,20161026,20161024,34,1.0,False,Non local,1,549.99,26107.10956665,0.2,109.998,5221.42191333
520,3,4,639,10,8,4,2,7,20161023,20161026,20161024,34,1.0,False,Non local,1,1549.0,73528.45091500001,0.07,108.43,5146.991564050001
521,1,4,664,5,3,6,2,6,20161023,20161025,20161025,174,2.0,False,Non local,1,1320.99,62705.19585165,0.2,264.19800000000004,12541.039170330001
521,2,4,664,14,1,3,2,6,20161023,20161025,20161025,174,2.0,False,Non local,1,269.99,12815.97576665,0.2,53.998000000000005,2563.1951533300003
522,1,4,724,4,9,6,2,7,20161023,20161024,20161024,27,1.0,False,Non local,2,2899.99,137657.69681665,0.07,405.9986,19272.077554331
522,2,4,724,22,1,1,2,7,20161023,20161024,20161024,27,1.0,False,Non local,2,269.99,12815.97576665,0.07,37.79860000000001,1794.2366073310002
522,3,4,724,21,1,1,2,7,20161023,20161024,20161024,27,1.0,False,Non local,1,269.99,12815.97576665,0.05,13.499500000000001,640.7987883325001
523,1,4,1056,12,1,3,2,6,20161024,20161026,20161027,152,3.0,True,Non local,1,549.99,26107.10956665,0.2,109.998,5221.42191333
523,2,4,1056,20,1,3,2,6,20161024,20161026,20161027,152,3.0,True,Non local,1,599.99,28480.52631665,0.05,29.9995,1424.0263158325001
523,3,4,1056,5,3,6,2,6,20161024,20161026,20161027,152,3.0,True,Non local,2,1320.99,62705.19585165,0.1,264.19800000000004,12541.039170330001
523,4,4,1056,16,1,3,2,6,20161024,20161026,20161027,152,3.0,True,Non local,2,599.99,28480.52631665,0.07,83.99860000000001,3987.2736843310004
524,1,4,569,11,8,4,1,2,20161025,20161026,20161027,179,2.0,True,Non local,1,1680.99,79793.79645165,0.07,117.6693,5585.565751615501
524,2,4,569,2,5,6,1,2,20161025,20161026,20161027,179,2.0,True,Non local,1,749.99,35600.776566650005,0.05,37.499500000000005,1780.0388283325003
524,3,4,569,9,9,5,1,2,20161025,20161026,20161027,179,2.0,True,Non local,1,2999.99,142404.53031665,0.2,599.9979999999999,28480.90606333
524,4,4,569,3,8,6,1,2,20161025,20161026,20161027,179,2.0,True,Non local,2,999.99,47467.86031665,0.07,139.9986,6645.500444331001
524,5,4,569,26,1,2,1,2,20161025,20161026,20161027,179,2.0,True,Non local,1,599.99,28480.52631665,0.05,29.9995,1424.0263158325001
525,1,4,1315,9,9,5,1,3,20161026,20161028,20161029,132,3.0,True,Non local,2,2999.99,142404.53031665,0.07,419.9986,19936.634244331002
525,2,4,1315,6,8,6,1,3,20161026,20161028,20161029,132,3.0,True,Non local,2,469.99,22309.64276665,0.07,65.79860000000001,3123.349987331
525,3,4,1315,10,8,4,1,3,20161026,20161028,20161029,132,3.0,True,Non local,1,1549.0,73528.45091500001,0.1,154.9,7352.845091500001
526,1,4,1096,3,8,6,2,6,20161026,20161028,20161028,32,2.0,False,Non local,2,999.99,47467.86031665,0.1,199.99800000000002,9493.57206333
526,2,4,1096,8,9,6,2,6,20161026,20161028,20161028,32,2.0,False,Non local,1,1799.99,85442.52831665,0.1,179.99900000000002,8544.252831665
526,3,4,1096,21,1,1,2,6,20161026,20161028,20161028,32,2.0,False,Non local,1,269.99,12815.97576665,0.05,13.499500000000001,640.7987883325001
526,4,4,1096,15,1,3,2,6,20161026,20161028,20161028,32,2.0,False,Non local,1,529.99,25157.74286665,0.07,37.09930000000001,1761.0420006655004
527,1,4,506,18,4,3,1,2,20161027,20161029,20161028,28,1.0,False,Non local,2,449.0,21313.282415,0.07,62.86000000000001,2983.8595381000005
527,2,4,506,4,9,6,1,2,20161027,20161029,20161028,28,1.0,False,Non local,1,2899.99,137657.69681665,0.2,579.9979999999999,27531.539363329997
527,3,4,506,19,4,3,1,2,20161027,20161029,20161028,28,1.0,False,Non local,1,449.0,21313.282415,0.1,44.900000000000006,2131.3282415000003
527,4,4,506,9,9,5,1,2,20161027,20161029,20161028,28,1.0,False,Non local,2,2999.99,142404.53031665,0.2,1199.9959999999999,56961.81212666
528,1,4,676,21,1,1,2,7,20161028,20161031,20161031,65,3.0,False,Non local,2,269.99,12815.97576665,0.05,26.999000000000002,1281.5975766650001
529,1,4,753,12,1,3,2,7,20161028,20161030,20161031,45,3.0,True,Non local,2,549.99,26107.10956665,0.07,76.99860000000001,3654.995339331
530,1,4,773,2,5,6,2,6,20161028,20161031,20161031,94,3.0,False,Non local,2,749.99,35600.776566650005,0.05,74.99900000000001,3560.0776566650006
530,2,4,773,4,9,6,2,6,20161028,20161031,20161031,94,3.0,False,Non local,1,2899.99,137657.69681665,0.07,202.9993,9636.0387771655
530,3,4,773,6,8,6,2,6,20161028,20161031,20161031,94,3.0,False,Non local,2,469.99,22309.64276665,0.2,187.996,8923.85710666
531,1,4,116,6,8,6,3,8,20161028,20161029,20161030,85,2.0,True,Non local,1,469.99,22309.64276665,0.2,93.998,4461.92855333
531,2,4,116,12,1,3,3,8,20161028,20161029,20161030,85,2.0,True,Non local,2,549.99,26107.10956665,0.2,219.996,10442.84382666
531,3,4,116,25,1,2,3,8,20161028,20161029,20161030,85,2.0,True,Non local,1,499.99,23733.692816650004,0.07,34.999300000000005,1661.3584971655005
532,1,4,817,17,4,3,2,7,20161029,20161031,20161030,36,1.0,False,Non local,2,429.0,20363.915715000003,0.07,60.06,2850.9482001000006
532,2,4,817,16,1,3,2,7,20161029,20161031,20161030,36,1.0,False,Non local,2,599.99,28480.52631665,0.2,239.996,11392.210526660001
532,3,4,817,12,1,3,2,7,20161029,20161031,20161030,36,1.0,False,Non local,1,549.99,26107.10956665,0.1,54.999,2610.710956665
533,1,4,1334,4,9,6,2,6,20161029,20161101,20161101,90,3.0,False,Non local,1,2899.99,137657.69681665,0.2,579.9979999999999,27531.539363329997
533,2,4,1334,12,1,3,2,6,20161029,20161101,20161101,90,3.0,False,Non local,2,549.99,26107.10956665,0.1,109.998,5221.42191333
533,3,4,1334,10,8,4,2,6,20161029,20161101,20161101,90,3.0,False,Non local,1,1549.0,73528.45091500001,0.2,309.8,14705.690183000002
533,4,4,1334,25,1,2,2,6,20161029,20161101,20161101,90,3.0,False,Non local,1,499.99,23733.692816650004,0.05,24.9995,1186.6846408325002
534,1,4,1406,21,1,1,2,7,20161029,20161030,20161031,183,2.0,True,Non local,2,269.99,12815.97576665,0.05,26.999000000000002,1281.5975766650001
534,2,4,1406,9,9,5,2,7,20161029,20161030,20161031,183,2.0,True,Non local,2,2999.99,142404.53031665,0.05,299.99899999999997,14240.453031665
534,3,4,1406,2,5,6,2,7,20161029,20161030,20161031,183,2.0,True,Non local,1,749.99,35600.776566650005,0.07,52.499300000000005,2492.0543596655007
534,4,4,1406,24,1,2,2,7,20161029,20161030,20161031,183,2.0,True,Non local,2,549.99,26107.10956665,0.1,109.998,5221.42191333
535,1,4,835,24,1,2,3,9,20161029,20161031,20161101,85,3.0,True,Non local,1,549.99,26107.10956665,0.05,27.4995,1305.3554783325
535,2,4,835,15,1,3,3,9,20161029,20161031,20161101,85,3.0,True,Non local,1,529.99,25157.74286665,0.1,52.999,2515.7742866650005
535,3,4,835,22,1,1,3,9,20161029,20161031,20161101,85,3.0,True,Non local,2,269.99,12815.97576665,0.1,53.998000000000005,2563.1951533300003
536,1,4,759,22,1,1,1,3,20161031,20161102,20161101,29,1.0,False,Non local,1,269.99,12815.97576665,0.1,26.999000000000002,1281.5975766650001
536,2,4,759,2,5,6,1,3,20161031,20161102,20161101,29,1.0,False,Non local,1,749.99,35600.776566650005,0.1,74.99900000000001,3560.0776566650006
536,3,4,759,12,1,3,1,3,20161031,20161102,20161101,29,1.0,False,Non local,2,549.99,26107.10956665,0.05,54.999,2610.710956665
536,4,4,759,14,1,3,1,3,20161031,20161102,20161101,29,1.0,False,Non local,1,269.99,12815.97576665,0.07,18.899300000000004,897.1183036655001
537,1,4,1353,10,8,4,1,2,20161031,20161101,20161103,59,3.0,True,Non local,1,1549.0,73528.45091500001,0.05,77.45,3676.4225457500006
537,2,4,1353,26,1,2,1,2,20161031,20161101,20161103,59,3.0,True,Non local,1,599.99,28480.52631665,0.05,29.9995,1424.0263158325001
537,3,4,1353,17,4,3,1,2,20161031,20161101,20161103,59,3.0,True,Non local,2,429.0,20363.915715000003,0.1,85.80000000000001,4072.7831430000006
537,4,4,1353,25,1,2,1,2,20161031,20161101,20161103,59,3.0,True,Non local,2,499.99,23733.692816650004,0.2,199.996,9493.477126660002
538,1,4,341,2,5,6,2,6,20161102,20161105,20161105,152,3.0,False,Non local,2,749.99,35600.776566650005,0.2,299.99600000000004,14240.310626660003
539,1,4,1144,9,9,5,2,7,20161102,20161104,20161103,192,1.0,False,Non local,2,2999.99,142404.53031665,0.1,599.9979999999999,28480.90606333
539,2,4,1144,23,1,1,2,7,20161102,20161104,20161103,192,1.0,False,Non local,1,299.99,14240.02581665,0.05,14.999500000000001,712.0012908325001
539,3,4,1144,21,1,1,2,7,20161102,20161104,20161103,192,1.0,False,Non local,2,269.99,12815.97576665,0.07,37.79860000000001,1794.2366073310002
540,1,4,1429,19,4,3,1,3,20161103,20161105,20161106,154,3.0,True,Non local,1,449.0,21313.282415,0.1,44.900000000000006,2131.3282415000003
540,2,4,1429,26,1,2,1,3,20161103,20161105,20161106,154,3.0,True,Non local,2,599.99,28480.52631665,0.1,119.998,5696.1052633300005
540,3,4,1429,23,1,1,1,3,20161103,20161105,20161106,154,3.0,True,Non local,2,299.99,14240.02581665,0.07,41.9986,1993.6036143310002
541,1,4,1228,22,1,1,1,3,20161104,20161107,20161107,29,3.0,False,Non local,2,269.99,12815.97576665,0.05,26.999000000000002,1281.5975766650001
542,1,4,313,16,1,3,2,7,20161104,20161106,20161105,34,1.0,False,Non local,2,599.99,28480.52631665,0.2,239.996,11392.210526660001
542,2,4,313,9,9,5,2,7,20161104,20161106,20161105,34,1.0,False,Non local,1,2999.99,142404.53031665,0.1,299.99899999999997,14240.453031665
542,3,4,313,20,1,3,2,7,20161104,20161106,20161105,34,1.0,False,Non local,1,599.99,28480.52631665,0.1,59.999,2848.0526316650003
542,4,4,313,19,4,3,2,7,20161104,20161106,20161105,34,1.0,False,Non local,2,449.0,21313.282415,0.2,179.60000000000002,8525.312966000001
543,1,4,62,25,1,2,2,6,20161106,20161109,20161108,45,2.0,False,Non local,1,499.99,23733.692816650004,0.2,99.998,4746.738563330001
543,2,4,62,18,4,3,2,6,20161106,20161109,20161108,45,2.0,False,Non local,1,449.0,21313.282415,0.2,89.80000000000001,4262.656483000001
543,3,4,62,26,1,2,2,6,20161106,20161109,20161108,45,2.0,False,Non local,2,599.99,28480.52631665,0.05,59.999,2848.0526316650003
544,1,4,321,12,1,3,2,7,20161106,20161107,20161108,119,2.0,True,Non local,1,549.99,26107.10956665,0.05,27.4995,1305.3554783325
544,2,4,321,17,4,3,2,7,20161106,20161107,20161108,119,2.0,True,Non local,1,429.0,20363.915715000003,0.1,42.900000000000006,2036.3915715000003
544,3,4,321,21,1,1,2,7,20161106,20161107,20161108,119,2.0,True,Non local,1,269.99,12815.97576665,0.05,13.499500000000001,640.7987883325001
545,1,4,1108,25,1,2,3,9,20161108,20161110,20161109,54,1.0,False,Non local,2,499.99,23733.692816650004,0.2,199.996,9493.477126660002
545,2,4,1108,6,8,6,3,9,20161108,20161110,20161109,54,1.0,False,Non local,1,469.99,22309.64276665,0.07,32.899300000000004,1561.6749936655
545,3,4,1108,24,1,2,3,9,20161108,20161110,20161109,54,1.0,False,Non local,1,549.99,26107.10956665,0.2,109.998,5221.42191333
545,4,4,1108,20,1,3,3,9,20161108,20161110,20161109,54,1.0,False,Non local,2,599.99,28480.52631665,0.07,83.99860000000001,3987.2736843310004
546,1,4,470,17,4,3,2,7,20161109,20161112,20161110,162,1.0,False,Non local,2,429.0,20363.915715000003,0.05,42.900000000000006,2036.3915715000003
546,2,4,470,8,9,6,2,7,20161109,20161112,20161110,162,1.0,False,Non local,1,1799.99,85442.52831665,0.1,179.99900000000002,8544.252831665
546,3,4,470,18,4,3,2,7,20161109,20161112,20161110,162,1.0,False,Non local,2,449.0,21313.282415,0.07,62.86000000000001,2983.8595381000005
547,1,4,20,11,8,4,3,8,20161109,20161111,20161110,19,1.0,False,Non local,2,1680.99,79793.79645165,0.05,168.09900000000002,7979.379645165001
547,2,4,20,9,9,5,3,8,20161109,20161111,20161110,19,1.0,False,Non local,1,2999.99,142404.53031665,0.2,599.9979999999999,28480.90606333
547,3,4,20,5,3,6,3,8,20161109,20161111,20161110,19,1.0,False,Non local,1,1320.99,62705.19585165,0.1,132.09900000000002,6270.5195851650005
548,1,4,739,8,9,6,2,7,20161111,20161113,20161113,75,2.0,False,Non local,1,1799.99,85442.52831665,0.1,179.99900000000002,8544.252831665
548,2,4,739,11,8,4,2,7,20161111,20161113,20161113,75,2.0,False,Non local,2,1680.99,79793.79645165,0.07,235.3386,11171.131503231001
549,1,3,64,15,1,3,3,9,20161112,20161112,,54,,False,Non local,1,529.99,25157.74286665,0.07,37.09930000000001,1761.0420006655004
549,2,3,64,16,1,3,3,9,20161112,20161112,,54,,False,Non local,1,599.99,28480.52631665,0.05,29.9995,1424.0263158325001
549,3,3,64,3,8,6,3,9,20161112,20161112,,54,,False,Non local,1,999.99,47467.86031665,0.07,69.9993,3322.7502221655004
549,4,3,64,7,9,6,3,9,20161112,20161112,,54,,False,Non local,1,3999.99,189872.86531665,0.05,199.9995,9493.6432658325
549,5,3,64,13,1,3,3,9,20161112,20161112,,54,,False,Non local,2,269.99,12815.97576665,0.1,53.998000000000005,2563.1951533300003
550,1,4,892,4,9,6,2,7,20161112,20161114,20161115,27,3.0,True,Non local,1,2899.99,137657.69681665,0.05,144.99949999999998,6882.884840832499
551,1,4,1169,16,1,3,2,6,20161112,20161113,20161113,95,1.0,False,Non local,1,599.99,28480.52631665,0.05,29.9995,1424.0263158325001
551,2,4,1169,26,1,2,2,6,20161112,20161113,20161113,95,1.0,False,Non local,1,599.99,28480.52631665,0.07,41.999300000000005,1993.6368421655002
551,3,4,1169,11,8,4,2,6,20161112,20161113,20161113,95,1.0,False,Non local,2,1680.99,79793.79645165,0.2,672.3960000000001,31917.518580660006
551,4,4,1169,15,1,3,2,6,20161112,20161113,20161113,95,1.0,False,Non local,2,529.99,25157.74286665,0.2,211.996,10063.097146660002
552,1,4,1282,23,1,1,2,7,20161112,20161115,20161113,178,1.0,False,Non local,1,299.99,14240.02581665,0.2,59.998000000000005,2848.0051633300004
552,2,4,1282,2,5,6,2,7,20161112,20161115,20161113,178,1.0,False,Non local,1,749.99,35600.776566650005,0.2,149.99800000000002,7120.155313330001
552,3,4,1282,24,1,2,2,7,20161112,20161115,20161113,178,1.0,False,Non local,1,549.99,26107.10956665,0.2,109.998,5221.42191333
552,4,4,1282,18,4,3,2,7,20161112,20161115,20161113,178,1.0,False,Non local,1,449.0,21313.282415,0.1,44.900000000000006,2131.3282415000003
552,5,4,1282,19,4,3,2,7,20161112,20161115,20161113,178,1.0,False,Non local,2,449.0,21313.282415,0.2,179.60000000000002,8525.312966000001
553,1,4,913,24,1,2,3,9,20161112,20161113,20161115,54,3.0,True,Non local,1,549.99,26107.10956665,0.1,54.999,2610.710956665
553,2,4,913,18,4,3,3,9,20161112,20161113,20161115,54,3.0,True,Non local,2,449.0,21313.282415,0.07,62.86000000000001,2983.8595381000005
553,3,4,913,12,1,3,3,9,20161112,20161113,20161115,54,3.0,True,Non local,1,549.99,26107.10956665,0.07,38.499300000000005,1827.4976696655
554,1,4,104,3,8,6,1,3,20161113,20161114,20161116,2,3.0,True,Non local,2,999.99,47467.86031665,0.07,139.9986,6645.500444331001
554,2,4,104,22,1,1,1,3,20161113,20161114,20161116,2,3.0,True,Non local,1,269.99,12815.97576665,0.05,13.499500000000001,640.7987883325001
554,3,4,104,4,9,6,1,3,20161113,20161114,20161116,2,3.0,True,Non local,2,2899.99,137657.69681665,0.2,1159.9959999999999,55063.078726659995
555,1,4,212,8,9,6,2,7,20161113,20161114,20161116,73,3.0,True,Non local,1,1799.99,85442.52831665,0.2,359.99800000000005,17088.50566333
555,2,4,212,7,9,6,2,7,20161113,20161114,20161116,73,3.0,True,Non local,1,3999.99,189872.86531665,0.1,399.999,18987.286531665
555,3,4,212,20,1,3,2,7,20161113,20161114,20161116,73,3.0,True,Non local,2,599.99,28480.52631665,0.07,83.99860000000001,3987.2736843310004
556,1,4,61,16,1,3,3,9,20161113,20161114,20161115,52,2.0,True,Non local,1,599.99,28480.52631665,0.1,59.999,2848.0526316650003
556,2,4,61,4,9,6,3,9,20161113,20161114,20161115,52,2.0,True,Non local,2,2899.99,137657.69681665,0.2,1159.9959999999999,55063.078726659995
557,1,4,1248,9,9,5,2,6,20161114,20161117,20161115,61,1.0,False,Non local,2,2999.99,142404.53031665,0.1,599.9979999999999,28480.90606333
557,2,4,1248,10,8,4,2,6,20161114,20161117,20161115,61,1.0,False,Non local,1,1549.0,73528.45091500001,0.1,154.9,7352.845091500001
558,1,4,1443,7,9,6,2,7,20161115,20161116,20161117,49,2.0,True,Non local,1,3999.99,189872.86531665,0.07,279.9993,13291.1005721655
558,2,4,1443,16,1,3,2,7,20161115,20161116,20161117,49,2.0,True,Non local,1,599.99,28480.52631665,0.07,41.999300000000005,1993.6368421655002
558,3,4,1443,9,9,5,2,7,20161115,20161116,20161117,49,2.0,True,Non local,1,2999.99,142404.53031665,0.1,299.99899999999997,14240.453031665
558,4,4,1443,21,1,1,2,7,20161115,20161116,20161117,49,2.0,True,Non local,2,269.99,12815.97576665,0.05,26.999000000000002,1281.5975766650001
558,5,4,1443,10,8,4,2,7,20161115,20161116,20161117,49,2.0,True,Non local,2,1549.0,73528.45091500001,0.07,216.86,10293.983128100002
559,1,4,959,15,1,3,1,2,20161116,20161117,20161117,5,1.0,False,Non local,2,529.99,25157.74286665,0.1,105.998,5031.548573330001
559,2,4,959,6,8,6,1,2,20161116,20161117,20161117,5,1.0,False,Non local,1,469.99,22309.64276665,0.1,46.999,2230.964276665
559,3,4,959,7,9,6,1,2,20161116,20161117,20161117,5,1.0,False,Non local,2,3999.99,189872.86531665,0.07,559.9986,26582.201144331
560,1,4,1405,16,1,3,2,6,20161118,20161119,20161121,152,3.0,True,Non local,1,599.99,28480.52631665,0.05,29.9995,1424.0263158325001
560,2,4,1405,26,1,2,2,6,20161118,20161119,20161121,152,3.0,True,Non local,2,599.99,28480.52631665,0.1,119.998,5696.1052633300005
561,1,4,90,15,1,3,2,6,20161119,20161122,20161122,70,3.0,False,Non local,2,529.99,25157.74286665,0.05,52.999,2515.7742866650005
561,2,4,90,18,4,3,2,6,20161119,20161122,20161122,70,3.0,False,Non local,1,449.0,21313.282415,0.05,22.450000000000003,1065.6641207500002
561,3,4,90,5,3,6,2,6,20161119,20161122,20161122,70,3.0,False,Non local,1,1320.99,62705.19585165,0.05,66.04950000000001,3135.2597925825003
561,4,4,90,17,4,3,2,6,20161119,20161122,20161122,70,3.0,False,Non local,2,429.0,20363.915715000003,0.07,60.06,2850.9482001000006
562,1,4,942,25,1,2,2,7,20161119,20161120,20161122,36,3.0,True,Non local,2,499.99,23733.692816650004,0.07,69.99860000000001,3322.716994331001
562,2,4,942,26,1,2,2,7,20161119,20161120,20161122,36,3.0,True,Non local,1,599.99,28480.52631665,0.05,29.9995,1424.0263158325001
563,1,4,365,6,8,6,2,6,20161120,20161122,20161121,75,1.0,False,Non local,2,469.99,22309.64276665,0.1,93.998,4461.92855333
563,2,4,365,19,4,3,2,6,20161120,20161122,20161121,75,1.0,False,Non local,1,449.0,21313.282415,0.05,22.450000000000003,1065.6641207500002
563,3,4,365,13,1,3,2,6,20161120,20161122,20161121,75,1.0,False,Non local,2,269.99,12815.97576665,0.1,53.998000000000005,2563.1951533300003
564,1,4,1058,4,9,6,2,7,20161120,20161123,20161122,110,2.0,False,Non local,1,2899.99,137657.69681665,0.2,579.9979999999999,27531.539363329997
564,2,4,1058,15,1,3,2,7,20161120,20161123,20161122,110,2.0,False,Non local,1,529.99,25157.74286665,0.2,105.998,5031.548573330001
565,1,4,894,18,4,3,2,7,20161121,20161122,20161122,116,1.0,False,Non local,1,449.0,21313.282415,0.2,89.80000000000001,4262.656483000001
565,2,4,894,25,1,2,2,7,20161121,20161122,20161122,116,1.0,False,Non local,2,499.99,23733.692816650004,0.1,99.998,4746.738563330001
565,3,4,894,9,9,5,2,7,20161121,20161122,20161122,116,1.0,False,Non local,1,2999.99,142404.53031665,0.05,149.99949999999998,7120.2265158325
565,4,4,894,17,4,3,2,7,20161121,20161122,20161122,116,1.0,False,Non local,1,429.0,20363.915715000003,0.1,42.900000000000006,2036.3915715000003
566,1,4,298,24,1,2,1,3,20161122,20161125,20161123,69,1.0,False,Non local,2,549.99,26107.10956665,0.07,76.99860000000001,3654.995339331
566,2,4,298,7,9,6,1,3,20161122,20161125,20161123,69,1.0,False,Non local,2,3999.99,189872.86531665,0.2,1599.996,75949.14612666
566,3,4,298,8,9,6,1,3,20161122,20161125,20161123,69,1.0,False,Non local,1,1799.99,85442.52831665,0.1,179.99900000000002,8544.252831665
566,4,4,298,21,1,1,1,3,20161122,20161125,20161123,69,1.0,False,Non local,2,269.99,12815.97576665,0.2,107.99600000000001,5126.3903066600005
567,1,4,1430,9,9,5,1,2,20161122,20161123,20161123,170,1.0,False,Non local,1,2999.99,142404.53031665,0.2,599.9979999999999,28480.90606333
567,2,4,1430,5,3,6,1,2,20161122,20161123,20161123,170,1.0,False,Non local,1,1320.99,62705.19585165,0.07,92.4693,4389.363709615501
568,1,4,1275,5,3,6,1,3,20161123,20161125,20161124,160,1.0,False,Non local,1,1320.99,62705.19585165,0.05,66.04950000000001,3135.2597925825003
568,2,4,1275,10,8,4,1,3,20161123,20161125,20161124,160,1.0,False,Non local,1,1549.0,73528.45091500001,0.05,77.45,3676.4225457500006
569,1,4,707,16,1,3,2,6,20161123,20161124,20161125,106,2.0,True,Non local,1,599.99,28480.52631665,0.05,29.9995,1424.0263158325001
569,2,4,707,24,1,2,2,6,20161123,20161124,20161125,106,2.0,True,Non local,2,549.99,26107.10956665,0.1,109.998,5221.42191333
570,1,4,989,18,4,3,2,6,20161123,20161124,20161125,107,2.0,True,Non local,1,449.0,21313.282415,0.07,31.430000000000003,1491.9297690500002
570,2,4,989,24,1,2,2,6,20161123,20161124,20161125,107,2.0,True,Non local,2,549.99,26107.10956665,0.1,109.998,5221.42191333
570,3,4,989,3,8,6,2,6,20161123,20161124,20161125,107,2.0,True,Non local,2,999.99,47467.86031665,0.2,399.99600000000004,18987.14412666
570,4,4,989,11,8,4,2,6,20161123,20161124,20161125,107,2.0,True,Non local,1,1680.99,79793.79645165,0.1,168.09900000000002,7979.379645165001
570,5,4,989,16,1,3,2,6,20161123,20161124,20161125,107,2.0,True,Non local,1,599.99,28480.52631665,0.05,29.9995,1424.0263158325001
571,1,4,5,4,9,6,1,2,20161124,20161125,20161127,5,3.0,True,Non local,1,2899.99,137657.69681665,0.05,144.99949999999998,6882.884840832499
571,2,4,5,9,9,5,1,2,20161124,20161125,20161127,5,3.0,True,Non local,1,2999.99,142404.53031665,0.1,299.99899999999997,14240.453031665
572,1,4,178,3,8,6,2,6,20161124,20161126,20161126,16,2.0,False,Non local,1,999.99,47467.86031665,0.05,49.999500000000005,2373.3930158325
572,2,4,178,13,1,3,2,6,20161124,20161126,20161126,16,2.0,False,Non local,2,269.99,12815.97576665,0.1,53.998000000000005,2563.1951533300003
572,3,4,178,11,8,4,2,6,20161124,20161126,20161126,16,2.0,False,Non local,2,1680.99,79793.79645165,0.2,672.3960000000001,31917.518580660006
573,1,4,423,2,5,6,2,6,20161124,20161126,20161127,130,3.0,True,Non local,1,749.99,35600.776566650005,0.2,149.99800000000002,7120.155313330001
574,1,4,833,26,1,2,2,7,20161126,20161127,20161129,123,3.0,True,Non local,1,599.99,28480.52631665,0.05,29.9995,1424.0263158325001
574,2,4,833,13,1,3,2,7,20161126,20161127,20161129,123,3.0,True,Non local,2,269.99,12815.97576665,0.1,53.998000000000005,2563.1951533300003
574,3,4,833,12,1,3,2,7,20161126,20161127,20161129,123,3.0,True,Non local,2,549.99,26107.10956665,0.1,109.998,5221.42191333
574,4,4,833,23,1,1,2,7,20161126,20161127,20161129,123,3.0,True,Non local,2,299.99,14240.02581665,0.1,59.998000000000005,2848.0051633300004
574,5,4,833,11,8,4,2,7,20161126,20161127,20161129,123,3.0,True,Non local,2,1680.99,79793.79645165,0.05,168.09900000000002,7979.379645165001
575,1,4,33,4,9,6,1,3,20161127,20161128,20161130,31,3.0,True,Non local,2,2899.99,137657.69681665,0.07,405.9986,19272.077554331
575,2,4,33,12,1,3,1,3,20161127,20161128,20161130,31,3.0,True,Non local,1,549.99,26107.10956665,0.2,109.998,5221.42191333
576,1,4,1272,9,9,5,1,3,20161127,20161130,20161128,30,1.0,False,Non local,1,2999.99,142404.53031665,0.1,299.99899999999997,14240.453031665
577,1,4,445,3,8,6,2,6,20161127,20161130,20161129,152,2.0,False,Non local,2,999.99,47467.86031665,0.2,399.99600000000004,18987.14412666
578,1,4,819,21,1,1,2,7,20161127,20161128,20161129,189,2.0,True,Non local,1,269.99,12815.97576665,0.07,18.899300000000004,897.1183036655001
578,2,4,819,25,1,2,2,7,20161127,20161128,20161129,189,2.0,True,Non local,2,499.99,23733.692816650004,0.2,199.996,9493.477126660002
578,3,4,819,18,4,3,2,7,20161127,20161128,20161129,189,2.0,True,Non local,2,449.0,21313.282415,0.05,44.900000000000006,2131.3282415000003
578,4,4,819,8,9,6,2,7,20161127,20161128,20161129,189,2.0,True,Non local,2,1799.99,85442.52831665,0.2,719.9960000000001,34177.01132666
579,1,4,160,7,9,6,3,8,20161127,20161130,20161129,57,2.0,False,local,2,3999.99,189872.86531665,0.05,399.999,18987.286531665
579,2,4,160,6,8,6,3,8,20161127,20161130,20161129,57,2.0,False,local,1,469.99,22309.64276665,0.2,93.998,4461.92855333
580,1,4,581,16,1,3,1,3,20161130,20161202,20161202,109,2.0,False,Non local,2,599.99,28480.52631665,0.2,239.996,11392.210526660001
580,2,4,581,15,1,3,1,3,20161130,20161202,20161202,109,2.0,False,Non local,1,529.99,25157.74286665,0.07,37.09930000000001,1761.0420006655004
580,3,4,581,21,1,1,1,3,20161130,20161202,20161202,109,2.0,False,Non local,2,269.99,12815.97576665,0.2,107.99600000000001,5126.3903066600005
580,4,4,581,9,9,5,1,3,20161130,20161202,20161202,109,2.0,False,Non local,2,2999.99,142404.53031665,0.07,419.9986,19936.634244331002
580,5,4,581,19,4,3,1,3,20161130,20161202,20161202,109,2.0,False,Non local,1,449.0,21313.282415,0.2,89.80000000000001,4262.656483000001
581,1,4,688,8,9,6,1,3,20161203,20161205,20161206,2,3.0,True,Non local,2,1799.99,85442.52831665,0.07,251.99860000000004,11961.953964331002
582,1,3,32,10,8,4,1,2,20161204,20161204,,30,,False,Non local,2,1549.0,73528.45091500001,0.2,619.6,29411.380366000005
582,2,3,32,17,4,3,1,2,20161204,20161204,,30,,False,Non local,2,429.0,20363.915715000003,0.07,60.06,2850.9482001000006
583,1,4,792,15,1,3,2,7,20161204,20161205,20161207,188,3.0,True,Non local,2,529.99,25157.74286665,0.2,211.996,10063.097146660002
584,1,4,1209,19,4,3,2,7,20161204,20161205,20161205,100,1.0,False,Non local,1,449.0,21313.282415,0.07,31.430000000000003,1491.9297690500002
584,2,4,1209,23,1,1,2,7,20161204,20161205,20161205,100,1.0,False,Non local,1,299.99,14240.02581665,0.07,20.9993,996.8018071655001
584,3,4,1209,15,1,3,2,7,20161204,20161205,20161205,100,1.0,False,Non local,1,529.99,25157.74286665,0.1,52.999,2515.7742866650005
584,4,4,1209,22,1,1,2,7,20161204,20161205,20161205,100,1.0,False,Non local,1,269.99,12815.97576665,0.05,13.499500000000001,640.7987883325001
584,5,4,1209,8,9,6,2,7,20161204,20161205,20161205,100,1.0,False,Non local,2,1799.99,85442.52831665,0.07,251.99860000000004,11961.953964331002
585,1,4,1219,10,8,4,2,7,20161204,20161205,20161205,162,1.0,False,Non local,1,1549.0,73528.45091500001,0.2,309.8,14705.690183000002
585,2,4,1219,18,4,3,2,7,20161204,20161205,20161205,162,1.0,False,Non local,2,449.0,21313.282415,0.2,179.60000000000002,8525.312966000001
585,3,4,1219,15,1,3,2,7,20161204,20161205,20161205,162,1.0,False,Non local,1,529.99,25157.74286665,0.05,26.4995,1257.8871433325003
585,4,4,1219,12,1,3,2,7,20161204,20161205,20161205,162,1.0,False,Non local,2,549.99,26107.10956665,0.07,76.99860000000001,3654.995339331
586,1,4,1306,11,8,4,2,6,20161204,20161206,20161205,110,1.0,False,Non local,2,1680.99,79793.79645165,0.1,336.19800000000004,15958.759290330003
586,2,4,1306,23,1,1,2,6,20161204,20161206,20161205,110,1.0,False,Non local,2,299.99,14240.02581665,0.2,119.99600000000001,5696.010326660001
587,1,4,487,24,1,2,1,2,20161206,20161208,20161208,133,2.0,False,Non local,1,549.99,26107.10956665,0.05,27.4995,1305.3554783325
587,2,4,487,23,1,1,1,2,20161206,20161208,20161208,133,2.0,False,Non local,1,299.99,14240.02581665,0.05,14.999500000000001,712.0012908325001
587,3,4,487,18,4,3,1,2,20161206,20161208,20161208,133,2.0,False,Non local,1,449.0,21313.282415,0.05,22.450000000000003,1065.6641207500002
587,4,4,487,21,1,1,1,2,20161206,20161208,20161208,133,2.0,False,Non local,1,269.99,12815.97576665,0.2,53.998000000000005,2563.1951533300003
588,1,4,102,10,8,4,2,7,20161206,20161207,20161207,18,1.0,False,Non local,2,1549.0,73528.45091500001,0.07,216.86,10293.983128100002
588,2,4,102,23,1,1,2,7,20161206,20161207,20161207,18,1.0,False,Non local,1,299.99,14240.02581665,0.2,59.998000000000005,2848.0051633300004
589,1,4,719,15,1,3,2,7,20161206,20161207,20161207,189,1.0,False,Non local,2,529.99,25157.74286665,0.05,52.999,2515.7742866650005
590,1,4,990,2,5,6,2,7,20161206,20161209,20161207,10,1.0,False,Non local,2,749.99,35600.776566650005,0.1,149.99800000000002,7120.155313330001
590,2,4,990,20,1,3,2,7,20161206,20161209,20161207,10,1.0,False,Non local,1,599.99,28480.52631665,0.07,41.999300000000005,1993.6368421655002
590,3,4,990,8,9,6,2,7,20161206,20161209,20161207,10,1.0,False,Non local,2,1799.99,85442.52831665,0.05,179.99900000000002,8544.252831665
590,4,4,990,5,3,6,2,7,20161206,20161209,20161207,10,1.0,False,Non local,2,1320.99,62705.19585165,0.1,264.19800000000004,12541.039170330001
590,5,4,990,24,1,2,2,7,20161206,20161209,20161207,10,1.0,False,Non local,1,549.99,26107.10956665,0.1,54.999,2610.710956665
591,1,4,1211,16,1,3,2,7,20161206,20161209,20161209,134,3.0,False,Non local,2,599.99,28480.52631665,0.05,59.999,2848.0526316650003
591,2,4,1211,25,1,2,2,7,20161206,20161209,20161209,134,3.0,False,Non local,2,499.99,23733.692816650004,0.05,49.999,2373.3692816650005
591,3,4,1211,2,5,6,2,7,20161206,20161209,20161209,134,3.0,False,Non local,2,749.99,35600.776566650005,0.1,149.99800000000002,7120.155313330001
592,1,4,1232,21,1,1,2,7,20161206,20161208,20161208,42,2.0,False,Non local,2,269.99,12815.97576665,0.1,53.998000000000005,2563.1951533300003
592,2,4,1232,16,1,3,2,7,20161206,20161208,20161208,42,2.0,False,Non local,1,599.99,28480.52631665,0.05,29.9995,1424.0263158325001
592,3,4,1232,18,4,3,2,7,20161206,20161208,20161208,42,2.0,False,Non local,2,449.0,21313.282415,0.07,62.86000000000001,2983.8595381000005
593,1,4,50,3,8,6,3,8,20161207,20161210,20161208,19,1.0,False,Non local,2,999.99,47467.86031665,0.1,199.99800000000002,9493.57206333
593,2,4,50,25,1,2,3,8,20161207,20161210,20161208,19,1.0,False,Non local,1,499.99,23733.692816650004,0.07,34.999300000000005,1661.3584971655005
594,1,4,1318,26,1,2,3,8,20161207,20161208,20161208,190,1.0,False,Non local,1,599.99,28480.52631665,0.1,59.999,2848.0526316650003
594,2,4,1318,21,1,1,3,8,20161207,20161208,20161208,190,1.0,False,Non local,2,269.99,12815.97576665,0.05,26.999000000000002,1281.5975766650001
595,1,4,538,4,9,6,1,2,20161208,20161209,20161211,59,3.0,True,Non local,1,2899.99,137657.69681665,0.07,202.9993,9636.0387771655
595,2,4,538,19,4,3,1,2,20161208,20161209,20161211,59,3.0,True,Non local,2,449.0,21313.282415,0.07,62.86000000000001,2983.8595381000005
595,3,4,538,3,8,6,1,2,20161208,20161209,20161211,59,3.0,True,Non local,1,999.99,47467.86031665,0.07,69.9993,3322.7502221655004
595,4,4,538,10,8,4,1,2,20161208,20161209,20161211,59,3.0,True,Non local,1,1549.0,73528.45091500001,0.07,108.43,5146.991564050001
595,5,4,538,26,1,2,1,2,20161208,20161209,20161211,59,3.0,True,Non local,2,599.99,28480.52631665,0.05,59.999,2848.0526316650003
596,1,4,952,5,3,6,1,3,20161208,20161209,20161209,28,1.0,False,Non local,1,1320.99,62705.19585165,0.05,66.04950000000001,3135.2597925825003
596,2,4,952,23,1,1,1,3,20161208,20161209,20161209,28,1.0,False,Non local,2,299.99,14240.02581665,0.1,59.998000000000005,2848.0051633300004
596,3,4,952,9,9,5,1,3,20161208,20161209,20161209,28,1.0,False,Non local,1,2999.99,142404.53031665,0.05,149.99949999999998,7120.2265158325
597,1,4,1121,17,4,3,2,6,20161208,20161209,20161210,185,2.0,True,Non local,2,429.0,20363.915715000003,0.2,171.60000000000002,8145.566286000001
597,2,4,1121,8,9,6,2,6,20161208,20161209,20161210,185,2.0,True,Non local,1,1799.99,85442.52831665,0.07,125.99930000000002,5980.976982165501
598,1,3,40,4,9,6,1,3,20161209,20161209,,37,,False,Non local,2,2899.99,137657.69681665,0.05,289.99899999999997,13765.769681664999
598,2,3,40,16,1,3,1,3,20161209,20161209,,37,,False,Non local,2,599.99,28480.52631665,0.07,83.99860000000001,3987.2736843310004
598,3,3,40,14,1,3,1,3,20161209,20161209,,37,,False,Non local,1,269.99,12815.97576665,0.1,26.999000000000002,1281.5975766650001
599,1,4,1,9,9,5,2,6,20161209,20161210,20161212,1,3.0,True,Non local,2,2999.99,142404.53031665,0.05,299.99899999999997,14240.453031665
599,2,4,1,22,1,1,2,6,20161209,20161210,20161212,1,3.0,True,Non local,2,269.99,12815.97576665,0.2,107.99600000000001,5126.3903066600005
599,3,4,1,23,1,1,2,6,20161209,20161210,20161212,1,3.0,True,Non local,1,299.99,14240.02581665,0.07,20.9993,996.8018071655001
599,4,4,1,10,8,4,2,6,20161209,20161210,20161212,1,3.0,True,Non local,2,1549.0,73528.45091500001,0.1,309.8,14705.690183000002
600,1,4,624,26,1,2,2,7,20161209,20161212,20161211,25,2.0,False,Non local,2,599.99,28480.52631665,0.07,83.99860000000001,3987.2736843310004
600,2,4,624,4,9,6,2,7,20161209,20161212,20161211,25,2.0,False,Non local,1,2899.99,137657.69681665,0.2,579.9979999999999,27531.539363329997
600,3,4,624,18,4,3,2,7,20161209,20161212,20161211,25,2.0,False,Non local,2,449.0,21313.282415,0.07,62.86000000000001,2983.8595381000005
601,1,4,683,12,1,3,2,6,20161209,20161210,20161210,44,1.0,False,Non local,2,549.99,26107.10956665,0.2,219.996,10442.84382666
602,1,4,823,15,1,3,2,6,20161209,20161210,20161211,34,2.0,True,Non local,2,529.99,25157.74286665,0.05,52.999,2515.7742866650005
602,2,4,823,5,3,6,2,6,20161209,20161210,20161211,34,2.0,True,Non local,2,1320.99,62705.19585165,0.07,184.9386,8778.727419231001
603,1,4,1032,12,1,3,2,7,20161209,20161210,20161210,66,1.0,False,Non local,1,549.99,26107.10956665,0.07,38.499300000000005,1827.4976696655
603,2,4,1032,4,9,6,2,7,20161209,20161210,20161210,66,1.0,False,Non local,1,2899.99,137657.69681665,0.1,289.99899999999997,13765.769681664999
604,1,4,96,10,8,4,2,7,20161210,20161213,20161212,75,2.0,False,Non local,2,1549.0,73528.45091500001,0.07,216.86,10293.983128100002
604,2,4,96,9,9,5,2,7,20161210,20161213,20161212,75,2.0,False,Non local,2,2999.99,142404.53031665,0.2,1199.9959999999999,56961.81212666
605,1,4,1208,19,4,3,2,6,20161210,20161211,20161212,163,2.0,True,Non local,1,449.0,21313.282415,0.07,31.430000000000003,1491.9297690500002
605,2,4,1208,25,1,2,2,6,20161210,20161211,20161212,163,2.0,True,Non local,2,499.99,23733.692816650004,0.05,49.999,2373.3692816650005
605,3,4,1208,13,1,3,2,6,20161210,20161211,20161212,163,2.0,True,Non local,2,269.99,12815.97576665,0.2,107.99600000000001,5126.3903066600005
605,4,4,1208,11,8,4,2,6,20161210,20161211,20161212,163,2.0,True,Non local,1,1680.99,79793.79645165,0.2,336.19800000000004,15958.759290330003
606,1,4,18,6,8,6,2,7,20161211,20161212,20161213,18,2.0,True,Non local,2,469.99,22309.64276665,0.2,187.996,8923.85710666
606,2,4,18,18,4,3,2,7,20161211,20161212,20161213,18,2.0,True,Non local,2,449.0,21313.282415,0.05,44.900000000000006,2131.3282415000003
607,1,4,309,11,8,4,2,6,20161211,20161214,20161213,18,2.0,False,Non local,2,1680.99,79793.79645165,0.2,672.3960000000001,31917.518580660006
607,2,4,309,26,1,2,2,6,20161211,20161214,20161213,18,2.0,False,Non local,2,599.99,28480.52631665,0.2,239.996,11392.210526660001
607,3,4,309,14,1,3,2,6,20161211,20161214,20161213,18,2.0,False,Non local,1,269.99,12815.97576665,0.07,18.899300000000004,897.1183036655001
608,1,4,1103,4,9,6,1,3,20161212,20161215,20161214,132,2.0,False,Non local,2,2899.99,137657.69681665,0.2,1159.9959999999999,55063.078726659995
608,2,4,1103,7,9,6,1,3,20161212,20161215,20161214,132,2.0,False,Non local,2,3999.99,189872.86531665,0.1,799.998,37974.57306333
608,3,4,1103,24,1,2,1,3,20161212,20161215,20161214,132,2.0,False,Non local,1,549.99,26107.10956665,0.1,54.999,2610.710956665
609,1,4,896,10,8,4,2,7,20161212,20161213,20161214,178,2.0,True,Non local,1,1549.0,73528.45091500001,0.07,108.43,5146.991564050001
609,2,4,896,7,9,6,2,7,20161212,20161213,20161214,178,2.0,True,Non local,1,3999.99,189872.86531665,0.1,399.999,18987.286531665
609,3,4,896,22,1,1,2,7,20161212,20161213,20161214,178,2.0,True,Non local,2,269.99,12815.97576665,0.1,53.998000000000005,2563.1951533300003
609,4,4,896,5,3,6,2,7,20161212,20161213,20161214,178,2.0,True,Non local,1,1320.99,62705.19585165,0.1,132.09900000000002,6270.5195851650005
610,1,4,711,26,1,2,2,6,20161213,20161215,20161214,98,1.0,False,Non local,1,599.99,28480.52631665,0.1,59.999,2848.0526316650003
610,2,4,711,24,1,2,2,6,20161213,20161215,20161214,98,1.0,False,Non local,1,549.99,26107.10956665,0.07,38.499300000000005,1827.4976696655
610,3,4,711,18,4,3,2,6,20161213,20161215,20161214,98,1.0,False,Non local,2,449.0,21313.282415,0.07,62.86000000000001,2983.8595381000005
610,4,4,711,3,8,6,2,6,20161213,20161215,20161214,98,1.0,False,Non local,1,999.99,47467.86031665,0.07,69.9993,3322.7502221655004
610,5,4,711,8,9,6,2,6,20161213,20161215,20161214,98,1.0,False,Non local,1,1799.99,85442.52831665,0.1,179.99900000000002,8544.252831665
611,1,4,1073,16,1,3,2,7,20161215,20161217,20161218,75,3.0,True,Non local,2,599.99,28480.52631665,0.07,83.99860000000001,3987.2736843310004
612,1,4,634,13,1,3,2,7,20161216,20161217,20161217,163,1.0,False,Non local,1,269.99,12815.97576665,0.1,26.999000000000002,1281.5975766650001
612,2,4,634,14,1,3,2,7,20161216,20161217,20161217,163,1.0,False,Non local,1,269.99,12815.97576665,0.1,26.999000000000002,1281.5975766650001
612,3,4,634,17,4,3,2,7,20161216,20161217,20161217,163,1.0,False,Non local,1,429.0,20363.915715000003,0.07,30.03,1425.4741000500003
612,4,4,634,20,1,3,2,7,20161216,20161217,20161217,163,1.0,False,Non local,1,599.99,28480.52631665,0.2,119.998,5696.1052633300005
613,1,4,1159,9,9,5,2,7,20161217,20161219,20161219,78,2.0,False,Non local,2,2999.99,142404.53031665,0.1,599.9979999999999,28480.90606333
613,2,4,1159,18,4,3,2,7,20161217,20161219,20161219,78,2.0,False,Non local,2,449.0,21313.282415,0.05,44.900000000000006,2131.3282415000003
613,3,4,1159,12,1,3,2,7,20161217,20161219,20161219,78,2.0,False,Non local,1,549.99,26107.10956665,0.07,38.499300000000005,1827.4976696655
614,1,4,654,18,4,3,1,2,20161218,20161221,20161221,71,3.0,False,Non local,1,449.0,21313.282415,0.1,44.900000000000006,2131.3282415000003
614,2,4,654,21,1,1,1,2,20161218,20161221,20161221,71,3.0,False,Non local,1,269.99,12815.97576665,0.05,13.499500000000001,640.7987883325001
615,1,4,560,11,8,4,3,9,20161219,20161222,20161221,14,2.0,False,Non local,1,1680.99,79793.79645165,0.07,117.6693,5585.565751615501
615,2,4,560,23,1,1,3,9,20161219,20161222,20161221,14,2.0,False,Non local,1,299.99,14240.02581665,0.05,14.999500000000001,712.0012908325001
615,3,4,560,6,8,6,3,9,20161219,20161222,20161221,14,2.0,False,Non local,2,469.99,22309.64276665,0.1,93.998,4461.92855333
615,4,4,560,19,4,3,3,9,20161219,20161222,20161221,14,2.0,False,Non local,2,449.0,21313.282415,0.1,89.80000000000001,4262.656483000001
616,1,4,1444,24,1,2,2,6,20161220,20161223,20161223,18,3.0,False,Non local,1,549.99,26107.10956665,0.2,109.998,5221.42191333
616,2,4,1444,16,1,3,2,6,20161220,20161223,20161223,18,3.0,False,Non local,2,599.99,28480.52631665,0.2,239.996,11392.210526660001
617,1,4,118,15,1,3,2,7,20161221,20161223,20161223,86,2.0,False,Non local,2,529.99,25157.74286665,0.2,211.996,10063.097146660002
617,2,4,118,11,8,4,2,7,20161221,20161223,20161223,86,2.0,False,Non local,2,1680.99,79793.79645165,0.07,235.3386,11171.131503231001
618,1,4,131,17,4,3,2,6,20161221,20161222,20161222,78,1.0,False,Non local,2,429.0,20363.915715000003,0.1,85.80000000000001,4072.7831430000006
618,2,4,131,11,8,4,2,6,20161221,20161222,20161222,78,1.0,False,Non local,1,1680.99,79793.79645165,0.07,117.6693,5585.565751615501
619,1,4,454,25,1,2,2,7,20161222,20161225,20161225,103,3.0,False,Non local,1,499.99,23733.692816650004,0.07,34.999300000000005,1661.3584971655005
620,1,4,466,5,3,6,2,6,20161222,20161224,20161224,99,2.0,False,Non local,2,1320.99,62705.19585165,0.2,528.3960000000001,25082.078340660002
621,1,4,1157,17,4,3,2,6,20161223,20161225,20161224,7,1.0,False,Non local,2,429.0,20363.915715000003,0.07,60.06,2850.9482001000006
622,1,4,1398,9,9,5,2,7,20161223,20161226,20161225,142,2.0,False,Non local,2,2999.99,142404.53031665,0.07,419.9986,19936.634244331002
622,2,4,1398,18,4,3,2,7,20161223,20161226,20161225,142,2.0,False,Non local,1,449.0,21313.282415,0.1,44.900000000000006,2131.3282415000003
622,3,4,1398,10,8,4,2,7,20161223,20161226,20161225,142,2.0,False,Non local,1,1549.0,73528.45091500001,0.2,309.8,14705.690183000002
622,4,4,1398,25,1,2,2,7,20161223,20161226,20161225,142,2.0,False,Non local,1,499.99,23733.692816650004,0.07,34.999300000000005,1661.3584971655005
623,1,4,678,8,9,6,2,6,20161224,20161226,20161227,123,3.0,True,Non local,1,1799.99,85442.52831665,0.07,125.99930000000002,5980.976982165501
624,1,4,814,21,1,1,2,6,20161224,20161225,20161227,65,3.0,True,Non local,2,269.99,12815.97576665,0.05,26.999000000000002,1281.5975766650001
624,2,4,814,16,1,3,2,6,20161224,20161225,20161227,65,3.0,True,Non local,1,599.99,28480.52631665,0.07,41.999300000000005,1993.6368421655002
624,3,4,814,22,1,1,2,6,20161224,20161225,20161227,65,3.0,True,Non local,1,269.99,12815.97576665,0.07,18.899300000000004,897.1183036655001
624,4,4,814,14,1,3,2,6,20161224,20161225,20161227,65,3.0,True,Non local,2,269.99,12815.97576665,0.2,107.99600000000001,5126.3903066600005
625,1,4,1163,17,4,3,1,2,20161225,20161228,20161226,127,1.0,False,Non local,1,429.0,20363.915715000003,0.07,30.03,1425.4741000500003
625,2,4,1163,11,8,4,1,2,20161225,20161228,20161226,127,1.0,False,Non local,2,1680.99,79793.79645165,0.2,672.3960000000001,31917.518580660006
625,3,4,1163,26,1,2,1,2,20161225,20161228,20161226,127,1.0,False,Non local,1,599.99,28480.52631665,0.07,41.999300000000005,1993.6368421655002
625,4,4,1163,23,1,1,1,2,20161225,20161228,20161226,127,1.0,False,Non local,2,299.99,14240.02581665,0.1,59.998000000000005,2848.0051633300004
626,1,4,130,15,1,3,2,7,20161225,20161228,20161227,73,2.0,False,Non local,1,529.99,25157.74286665,0.2,105.998,5031.548573330001
627,1,4,1119,19,4,3,2,6,20161225,20161226,20161228,11,3.0,True,Non local,1,449.0,21313.282415,0.07,31.430000000000003,1491.9297690500002
627,2,4,1119,9,9,5,2,6,20161225,20161226,20161228,11,3.0,True,Non local,2,2999.99,142404.53031665,0.2,1199.9959999999999,56961.81212666
627,3,4,1119,26,1,2,2,6,20161225,20161226,20161228,11,3.0,True,Non local,1,599.99,28480.52631665,0.07,41.999300000000005,1993.6368421655002
628,1,4,561,15,1,3,1,3,20161226,20161229,20161227,43,1.0,False,Non local,2,529.99,25157.74286665,0.1,105.998,5031.548573330001
629,1,4,973,19,4,3,1,2,20161226,20161227,20161229,120,3.0,True,Non local,1,449.0,21313.282415,0.05,22.450000000000003,1065.6641207500002
629,2,4,973,5,3,6,1,2,20161226,20161227,20161229,120,3.0,True,Non local,2,1320.99,62705.19585165,0.05,132.09900000000002,6270.5195851650005
629,3,4,973,23,1,1,1,2,20161226,20161227,20161229,120,3.0,True,Non local,2,299.99,14240.02581665,0.1,59.998000000000005,2848.0051633300004
629,4,4,973,14,1,3,1,2,20161226,20161227,20161229,120,3.0,True,Non local,2,269.99,12815.97576665,0.05,26.999000000000002,1281.5975766650001
629,5,4,973,6,8,6,1,2,20161226,20161227,20161229,120,3.0,True,Non local,2,469.99,22309.64276665,0.1,93.998,4461.92855333
630,1,4,1404,5,3,6,2,6,20161226,20161227,20161228,49,2.0,True,Non local,1,1320.99,62705.19585165,0.05,66.04950000000001,3135.2597925825003
630,2,4,1404,25,1,2,2,6,20161226,20161227,20161228,49,2.0,True,Non local,1,499.99,23733.692816650004,0.1,49.999,2373.3692816650005
630,3,4,1404,18,4,3,2,6,20161226,20161227,20161228,49,2.0,True,Non local,2,449.0,21313.282415,0.1,89.80000000000001,4262.656483000001
630,4,4,1404,21,1,1,2,6,20161226,20161227,20161228,49,2.0,True,Non local,2,269.99,12815.97576665,0.07,37.79860000000001,1794.2366073310002
631,1,4,855,24,1,2,1,3,20161227,20161229,20161229,69,2.0,False,Non local,2,549.99,26107.10956665,0.07,76.99860000000001,3654.995339331
631,2,4,855,15,1,3,1,3,20161227,20161229,20161229,69,2.0,False,Non local,2,529.99,25157.74286665,0.07,74.19860000000001,3522.0840013310008
632,1,4,163,25,1,2,2,7,20161227,20161229,20161229,55,2.0,False,Non local,1,499.99,23733.692816650004,0.2,99.998,4746.738563330001
632,2,4,163,11,8,4,2,7,20161227,20161229,20161229,55,2.0,False,Non local,2,1680.99,79793.79645165,0.1,336.19800000000004,15958.759290330003
632,3,4,163,15,1,3,2,7,20161227,20161229,20161229,55,2.0,False,Non local,1,529.99,25157.74286665,0.07,37.09930000000001,1761.0420006655004
632,4,4,163,6,8,6,2,7,20161227,20161229,20161229,55,2.0,False,Non local,1,469.99,22309.64276665,0.05,23.4995,1115.4821383325
632,5,4,163,22,1,1,2,7,20161227,20161229,20161229,55,2.0,False,Non local,2,269.99,12815.97576665,0.1,53.998000000000005,2563.1951533300003
633,1,4,1040,12,1,3,3,8,20161228,20161231,20161230,20,2.0,False,Non local,2,549.99,26107.10956665,0.05,54.999,2610.710956665
633,2,4,1040,13,1,3,3,8,20161228,20161231,20161230,20,2.0,False,Non local,2,269.99,12815.97576665,0.2,107.99600000000001,5126.3903066600005
633,3,4,1040,5,3,6,3,8,20161228,20161231,20161230,20,2.0,False,Non local,2,1320.99,62705.19585165,0.2,528.3960000000001,25082.078340660002
633,4,4,1040,10,8,4,3,8,20161228,20161231,20161230,20,2.0,False,Non local,2,1549.0,73528.45091500001,0.2,619.6,29411.380366000005
634,1,4,27,4,9,6,2,6,20161229,20170101,20161230,26,1.0,False,Non local,2,2899.99,137657.69681665,0.05,289.99899999999997,13765.769681664999
634,2,4,27,12,1,3,2,6,20161229,20170101,20161230,26,1.0,False,Non local,1,549.99,26107.10956665,0.1,54.999,2610.710956665
635,1,4,520,4,9,6,2,6,20161230,20170102,20161231,152,1.0,False,Non local,1,2899.99,137657.69681665,0.05,144.99949999999998,6882.884840832499
636,1,4,532,85,2,1,1,2,20170103,20170104,20170105,64,2.0,True,Non local,2,329.99,15664.075866650002,0.2,131.996,6265.630346660001
637,1,4,512,9,9,5,2,6,20170103,20170105,20170105,121,2.0,False,Non local,1,2999.99,142404.53031665,0.1,299.99899999999997,14240.453031665
637,2,4,512,106,7,2,2,6,20170103,20170105,20170105,121,2.0,False,Non local,2,449.99,21360.276066650003,0.1,89.998,4272.055213330001
638,1,4,1302,103,7,2,2,7,20170104,20170105,20170106,21,2.0,True,Non local,1,551.99,26202.046236650003,0.05,27.599500000000003,1310.1023118325002
638,2,4,1302,56,9,7,2,7,20170104,20170105,20170106,21,2.0,True,Non local,1,5499.99,261075.36781665,0.2,1099.998,52215.07356333
638,3,4,1302,53,8,7,2,7,20170104,20170105,20170106,21,2.0,True,Non local,2,749.99,35600.776566650005,0.05,74.99900000000001,3560.0776566650006
639,1,4,550,15,1,3,2,6,20170106,20170107,20170107,91,1.0,False,Non local,1,529.99,25157.74286665,0.07,37.09930000000001,1761.0420006655004
639,2,4,550,73,7,3,2,6,20170106,20170107,20170107,91,1.0,False,Non local,1,749.99,35600.776566650005,0.05,37.499500000000005,1780.0388283325003
639,3,4,550,72,7,3,2,6,20170106,20170107,20170107,91,1.0,False,Non local,1,619.99,29429.893016650003,0.05,30.9995,1471.4946508325002
639,4,4,550,61,9,5,2,6,20170106,20170107,20170107,91,1.0,False,Non local,2,4999.99,237341.20031665,0.1,999.998,47468.240063330006
640,1,4,1093,106,7,2,2,6,20170106,20170108,20170107,130,1.0,False,Non local,2,449.99,21360.276066650003,0.05,44.999,2136.0276066650003
640,2,4,1093,32,9,6,2,6,20170106,20170108,20170107,130,1.0,False,Non local,1,469.99,22309.64276665,0.07,32.899300000000004,1561.6749936655
640,3,4,1093,30,8,6,2,6,20170106,20170108,20170107,130,1.0,False,Non local,1,999.99,47467.86031665,0.07,69.9993,3322.7502221655004
640,4,4,1093,76,1,3,2,6,20170106,20170108,20170107,130,1.0,False,Non local,2,299.99,14240.02581665,0.07,41.9986,1993.6036143310002
640,5,4,1093,109,7,2,2,6,20170106,20170108,20170107,130,1.0,False,Non local,2,416.99,19793.82101165,0.2,166.79600000000002,7917.528404660001
641,1,4,673,15,1,3,1,3,20170107,20170110,20170108,160,1.0,False,Non local,1,529.99,25157.74286665,0.05,26.4995,1257.8871433325003
641,2,4,673,62,9,4,1,3,20170107,20170110,20170108,160,1.0,False,Non local,1,3499.99,166138.69781665,0.2,699.998,33227.739563330004
641,3,4,673,64,1,3,1,3,20170107,20170110,20170108,160,1.0,False,Non local,1,489.99,23259.00946665,0.2,97.998,4651.80189333
642,1,4,847,68,7,3,2,7,20170107,20170109,20170110,9,3.0,True,Non local,2,449.99,21360.276066650003,0.07,62.99860000000001,2990.4386493310008
643,1,4,901,53,8,7,1,3,20170108,20170109,20170111,180,3.0,True,Non local,1,749.99,35600.776566650005,0.05,37.499500000000005,1780.0388283325003
644,1,4,439,9,9,5,2,6,20170108,20170111,20170110,118,2.0,False,Non local,1,2999.99,142404.53031665,0.07,209.9993,9968.317122165501
645,1,4,1199,99,1,1,2,6,20170108,20170111,20170110,60,2.0,False,Non local,1,299.99,14240.02581665,0.07,20.9993,996.8018071655001
645,2,4,1199,42,9,6,2,6,20170108,20170111,20170110,60,2.0,False,Non local,2,2299.99,109176.69581665,0.05,229.999,10917.669581665
645,3,4,1199,6,8,6,2,6,20170108,20170111,20170110,60,2.0,False,Non local,1,469.99,22309.64276665,0.05,23.4995,1115.4821383325
645,4,4,1199,47,9,6,2,6,20170108,20170111,20170110,60,2.0,False,Non local,2,5299.99,251581.70081665,0.07,741.9986,35221.438114331
645,5,4,1199,21,1,1,2,6,20170108,20170111,20170110,60,2.0,False,Non local,2,269.99,12815.97576665,0.07,37.79860000000001,1794.2366073310002
646,1,4,975,15,1,3,1,2,20170109,20170112,20170111,182,2.0,False,Non local,2,529.99,25157.74286665,0.2,211.996,10063.097146660002
646,2,4,975,4,9,6,1,2,20170109,20170112,20170111,182,2.0,False,Non local,1,2899.99,137657.69681665,0.07,202.9993,9636.0387771655
646,3,4,975,95,1,1,1,2,20170109,20170112,20170111,182,2.0,False,Non local,1,299.99,14240.02581665,0.05,14.999500000000001,712.0012908325001
646,4,4,975,12,1,3,1,2,20170109,20170112,20170111,182,2.0,False,Non local,1,549.99,26107.10956665,0.2,109.998,5221.42191333
647,1,4,283,25,1,2,2,7,20170109,20170110,20170111,144,2.0,True,Non local,2,499.99,23733.692816650004,0.07,69.99860000000001,3322.716994331001
647,2,4,283,13,1,3,2,7,20170109,20170110,20170111,144,2.0,True,Non local,1,269.99,12815.97576665,0.1,26.999000000000002,1281.5975766650001
648,1,4,684,24,1,2,2,6,20170109,20170111,20170111,134,2.0,False,Non local,1,549.99,26107.10956665,0.07,38.499300000000005,1827.4976696655
649,1,4,1153,97,1,1,1,3,20170110,20170111,20170113,51,3.0,True,Non local,2,349.99,16613.442566650003,0.1,69.998,3322.6885133300007
649,2,4,1153,90,9,1,1,3,20170110,20170111,20170113,51,3.0,True,Non local,1,209.99,9967.87566665,0.07,14.699300000000003,697.7512966655
649,3,4,1153,11,8,4,1,3,20170110,20170111,20170113,51,3.0,True,Non local,2,1680.99,79793.79645165,0.1,336.19800000000004,15958.759290330003
649,4,4,1153,78,7,3,1,3,20170110,20170111,20170113,51,3.0,True,Non local,1,647.99,30759.00639665,0.05,32.3995,1537.9503198325
650,1,4,729,3,8,6,1,2,20170111,20170114,20170112,111,1.0,False,Non local,1,999.99,47467.86031665,0.2,199.99800000000002,9493.57206333
651,1,4,190,79,7,3,2,7,20170111,20170113,20170113,25,2.0,False,Non local,1,402.99,19129.26432165,0.1,40.29900000000001,1912.926432165
651,2,4,190,85,2,1,2,7,20170111,20170113,20170113,25,2.0,False,Non local,1,329.99,15664.075866650002,0.05,16.4995,783.2037933325001
651,3,4,190,102,1,2,2,7,20170111,20170113,20170113,25,2.0,False,Non local,2,489.99,23259.00946665,0.05,48.999,2325.900946665
651,4,4,190,94,2,1,2,7,20170111,20170113,20170113,25,2.0,False,Non local,2,249.99,11866.60906665,0.05,24.999000000000002,1186.660906665
652,1,4,985,102,1,2,3,9,20170112,20170115,20170113,164,1.0,False,Non local,1,489.99,23259.00946665,0.1,48.999,2325.900946665
652,2,4,985,62,9,4,3,9,20170112,20170115,20170113,164,1.0,False,Non local,2,3499.99,166138.69781665,0.2,1399.996,66455.47912666001
652,3,4,985,67,7,3,3,9,20170112,20170115,20170113,164,1.0,False,Non local,2,250.99,11914.077401650002,0.2,100.39600000000002,4765.630960660001
652,4,4,985,23,1,1,3,9,20170112,20170115,20170113,164,1.0,False,Non local,1,299.99,14240.02581665,0.1,29.999000000000002,1424.0025816650002
652,5,4,985,74,1,3,3,9,20170112,20170115,20170113,164,1.0,False,Non local,1,439.99,20885.59271665,0.05,21.9995,1044.2796358325002
653,1,4,1249,6,8,6,1,2,20170114,20170117,20170115,120,1.0,False,Non local,1,469.99,22309.64276665,0.07,32.899300000000004,1561.6749936655
653,2,4,1249,43,9,6,1,2,20170114,20170117,20170115,120,1.0,False,Non local,1,5299.99,251581.70081665,0.1,529.999,25158.170081665
653,3,4,1249,2,5,6,1,2,20170114,20170117,20170115,120,1.0,False,Non local,2,749.99,35600.776566650005,0.1,149.99800000000002,7120.155313330001
653,4,4,1249,80,7,3,1,2,20170114,20170117,20170115,120,1.0,False,Non local,1,761.99,36170.39658665,0.2,152.398,7234.079317330001
653,5,4,1249,88,9,1,1,2,20170114,20170117,20170115,120,1.0,False,Non local,2,189.99,9018.50896665,0.07,26.598600000000005,1262.5912553310002
654,1,4,1129,9,9,5,2,7,20170114,20170115,20170117,106,3.0,True,Non local,1,2999.99,142404.53031665,0.1,299.99899999999997,14240.453031665
654,2,4,1129,95,1,1,2,7,20170114,20170115,20170117,106,3.0,True,Non local,1,299.99,14240.02581665,0.1,29.999000000000002,1424.0025816650002
654,3,4,1129,110,7,2,2,7,20170114,20170115,20170117,106,3.0,True,Non local,2,470.99,22357.111101650004,0.07,65.93860000000001,3129.995554231001
654,4,4,1129,97,1,1,2,7,20170114,20170115,20170117,106,3.0,True,Non local,2,349.99,16613.442566650003,0.07,48.9986,2325.8819593310004
655,1,4,347,67,7,3,1,3,20170116,20170117,20170118,29,2.0,True,Non local,1,250.99,11914.077401650002,0.1,25.099000000000004,1191.4077401650002
656,1,4,949,83,9,1,2,7,20170116,20170117,20170118,17,2.0,True,Non local,1,149.99,7119.775566650001,0.1,14.999000000000002,711.9775566650001
656,2,4,949,22,1,1,2,7,20170116,20170117,20170118,17,2.0,True,Non local,1,269.99,12815.97576665,0.07,18.899300000000004,897.1183036655001
656,3,4,949,33,8,6,2,7,20170116,20170117,20170118,17,2.0,True,Non local,2,469.99,22309.64276665,0.05,46.999,2230.964276665
657,1,4,349,52,8,7,1,2,20170117,20170119,20170120,64,3.0,True,Non local,1,875.99,41581.786776650006,0.05,43.7995,2079.0893388325003
657,2,4,349,54,9,7,1,2,20170117,20170119,20170120,64,3.0,True,Non local,2,3199.99,151898.19731665,0.05,319.999,15189.819731665002
658,1,4,1051,49,9,7,2,7,20170117,20170118,20170118,66,1.0,False,Non local,2,3499.99,166138.69781665,0.2,1399.996,66455.47912666001
658,2,4,1051,29,9,6,2,7,20170117,20170118,20170118,66,1.0,False,Non local,1,999.99,47467.86031665,0.05,49.999500000000005,2373.3930158325
658,3,4,1051,9,9,5,2,7,20170117,20170118,20170118,66,1.0,False,Non local,1,2999.99,142404.53031665,0.05,149.99949999999998,7120.2265158325
659,1,4,1391,42,9,6,2,7,20170117,20170119,20170118,81,1.0,False,Non local,2,2299.99,109176.69581665,0.05,229.999,10917.669581665
659,2,4,1391,39,9,6,2,7,20170117,20170119,20170118,81,1.0,False,Non local,2,1499.99,71202.02781665,0.07,209.9986,9968.283894331002
659,3,4,1391,70,1,3,2,7,20170117,20170119,20170118,81,1.0,False,Non local,1,659.99,31328.626416650004,0.05,32.999500000000005,1566.4313208325002
659,4,4,1391,61,9,5,2,7,20170117,20170119,20170118,81,1.0,False,Non local,2,4999.99,237341.20031665,0.07,699.9986,33227.768044331
660,1,4,383,30,8,6,2,7,20170118,20170119,20170119,123,1.0,False,Non local,1,999.99,47467.86031665,0.2,199.99800000000002,9493.57206333
660,2,4,383,59,9,7,2,7,20170118,20170119,20170119,123,1.0,False,Non local,2,2599.99,123417.19631665,0.07,363.9986,17278.407484331
660,3,4,383,47,9,6,2,7,20170118,20170119,20170119,123,1.0,False,Non local,2,5299.99,251581.70081665,0.05,529.999,25158.170081665
660,4,4,383,29,9,6,2,7,20170118,20170119,20170119,123,1.0,False,Non local,2,999.99,47467.86031665,0.2,399.99600000000004,18987.14412666
661,1,4,626,63,9,4,2,6,20170118,20170119,20170120,150,2.0,True,Non local,2,3499.99,166138.69781665,0.07,489.9986,23259.417694331
661,2,4,626,22,1,1,2,6,20170118,20170119,20170120,150,2.0,True,Non local,2,269.99,12815.97576665,0.05,26.999000000000002,1281.5975766650001
662,1,4,1125,55,9,7,1,3,20170119,20170120,20170120,137,1.0,False,Non local,2,2699.99,128164.02981665,0.1,539.9979999999999,25632.80596333
662,2,4,1125,95,1,1,1,3,20170119,20170120,20170120,137,1.0,False,Non local,2,299.99,14240.02581665,0.2,119.99600000000001,5696.010326660001
662,3,4,1125,102,1,2,1,3,20170119,20170120,20170120,137,1.0,False,Non local,2,489.99,23259.00946665,0.07,68.5986,3256.2613253310005
662,4,4,1125,22,1,1,1,3,20170119,20170120,20170120,137,1.0,False,Non local,1,269.99,12815.97576665,0.07,18.899300000000004,897.1183036655001
662,5,4,1125,106,7,2,1,3,20170119,20170120,20170120,137,1.0,False,Non local,2,449.99,21360.276066650003,0.07,62.99860000000001,2990.4386493310008
663,1,4,344,41,2,6,1,3,20170120,20170122,20170123,147,3.0,True,Non local,2,1469.99,69777.97776665,0.05,146.999,6977.797776665
663,2,4,344,17,4,3,1,3,20170120,20170122,20170123,147,3.0,True,Non local,2,429.0,20363.915715000003,0.2,171.60000000000002,8145.566286000001
663,3,4,344,94,2,1,1,3,20170120,20170122,20170123,147,3.0,True,Non local,1,249.99,11866.60906665,0.05,12.499500000000001,593.3304533325
663,4,4,344,71,7,3,1,3,20170120,20170122,20170123,147,3.0,True,Non local,1,416.99,19793.82101165,0.07,29.189300000000003,1385.5674708155002
663,5,4,344,106,7,2,1,3,20170120,20170122,20170123,147,3.0,True,Non local,1,449.99,21360.276066650003,0.2,89.998,4272.055213330001
664,1,4,681,52,8,7,2,7,20170120,20170123,20170122,129,2.0,False,Non local,2,875.99,41581.786776650006,0.07,122.63860000000001,5821.450148731002
664,2,4,681,5,3,6,2,7,20170120,20170123,20170122,129,2.0,False,Non local,1,1320.99,62705.19585165,0.07,92.4693,4389.363709615501
664,3,4,681,50,9,7,2,7,20170120,20170123,20170122,129,2.0,False,Non local,1,5999.99,284809.53531665,0.2,1199.998,56961.90706333
664,4,4,681,101,1,1,2,7,20170120,20170123,20170122,129,2.0,False,Non local,2,339.99,16138.759216650002,0.2,135.996,6455.503686660001
664,5,4,681,47,9,6,2,7,20170120,20170123,20170122,129,2.0,False,Non local,1,5299.99,251581.70081665,0.07,370.9993,17610.7190571655
665,1,4,29,58,9,7,2,6,20170121,20170122,20170123,24,2.0,True,Non local,1,4999.99,237341.20031665,0.07,349.9993,16613.8840221655
665,2,4,29,42,9,6,2,6,20170121,20170122,20170123,24,2.0,True,Non local,2,2299.99,109176.69581665,0.2,919.996,43670.67832666
665,3,4,29,25,1,2,2,6,20170121,20170122,20170123,24,2.0,True,Non local,2,499.99,23733.692816650004,0.05,49.999,2373.3692816650005
666,1,4,770,98,1,1,2,7,20170121,20170122,20170124,103,3.0,True,Non local,2,489.99,23259.00946665,0.2,195.996,9303.60378666
666,2,4,770,39,9,6,2,7,20170121,20170122,20170124,103,3.0,True,Non local,1,1499.99,71202.02781665,0.05,74.9995,3560.1013908325003
667,1,4,858,79,7,3,2,7,20170122,20170124,20170125,55,3.0,True,Non local,1,402.99,19129.26432165,0.2,80.59800000000001,3825.85286433
667,2,4,858,84,7,1,2,7,20170122,20170124,20170125,55,3.0,True,Non local,1,109.99,5221.04216665,0.1,10.999,522.104216665
667,3,4,858,3,8,6,2,7,20170122,20170124,20170125,55,3.0,True,Non local,1,999.99,47467.86031665,0.2,199.99800000000002,9493.57206333
667,4,4,858,99,1,1,2,7,20170122,20170124,20170125,55,3.0,True,Non local,1,299.99,14240.02581665,0.1,29.999000000000002,1424.0025816650002
667,5,4,858,85,2,1,2,7,20170122,20170124,20170125,55,3.0,True,Non local,1,329.99,15664.075866650002,0.05,16.4995,783.2037933325001
668,1,4,297,48,9,7,3,8,20170122,20170123,20170124,102,2.0,True,Non local,2,1499.99,71202.02781665,0.05,149.999,7120.202781665001
668,2,4,297,19,4,3,3,8,20170122,20170123,20170124,102,2.0,True,Non local,2,449.0,21313.282415,0.1,89.80000000000001,4262.656483000001
669,1,4,745,16,1,3,2,7,20170123,20170124,20170126,81,3.0,True,Non local,2,599.99,28480.52631665,0.07,83.99860000000001,3987.2736843310004
669,2,4,745,72,7,3,2,7,20170123,20170124,20170126,81,3.0,True,Non local,1,619.99,29429.893016650003,0.07,43.399300000000004,2060.0925111655006
670,1,4,361,108,7,2,2,6,20170124,20170125,20170125,155,1.0,False,Non local,1,449.99,21360.276066650003,0.1,44.999,2136.0276066650003
670,2,4,361,28,8,6,2,6,20170124,20170125,20170125,155,1.0,False,Non local,1,2499.99,118670.36281665,0.07,174.9993,8306.9253971655
670,3,4,361,104,7,2,2,6,20170124,20170125,20170125,155,1.0,False,Non local,2,481.99,22879.26278665,0.2,192.79600000000002,9151.70511466
670,4,4,361,45,2,6,2,6,20170124,20170125,20170125,155,1.0,False,Non local,2,869.99,41296.976766650005,0.05,86.99900000000001,4129.6976766650005
671,1,4,922,30,8,6,2,7,20170125,20170128,20170126,94,1.0,False,Non local,1,999.99,47467.86031665,0.05,49.999500000000005,2373.3930158325
671,2,4,922,69,7,3,2,7,20170125,20170128,20170126,94,1.0,False,Non local,1,416.99,19793.82101165,0.05,20.849500000000003,989.6910505825001
671,3,4,922,55,9,7,2,7,20170125,20170128,20170126,94,1.0,False,Non local,1,2699.99,128164.02981665,0.2,539.9979999999999,25632.80596333
671,4,4,922,4,9,6,2,7,20170125,20170128,20170126,94,1.0,False,Non local,1,2899.99,137657.69681665,0.07,202.9993,9636.0387771655
671,5,4,922,109,7,2,2,7,20170125,20170128,20170126,94,1.0,False,Non local,2,416.99,19793.82101165,0.07,58.378600000000006,2771.1349416310004
672,1,4,908,51,9,7,2,6,20170126,20170129,20170129,91,3.0,False,Non local,2,6499.99,308543.70281665004,0.07,909.9986,43196.11839433101
672,2,4,908,96,1,1,2,6,20170126,20170129,20170129,91,3.0,False,Non local,2,349.99,16613.442566650003,0.2,139.996,6645.377026660001
672,3,4,908,48,9,7,2,6,20170126,20170129,20170129,91,3.0,False,Non local,2,1499.99,71202.02781665,0.07,209.9986,9968.283894331002
673,1,4,64,66,7,3,3,9,20170126,20170128,20170127,54,1.0,False,Non local,1,250.99,11914.077401650002,0.2,50.19800000000001,2382.8154803300004
673,2,4,64,38,2,6,3,9,20170126,20170128,20170127,54,1.0,False,Non local,1,549.99,26107.10956665,0.2,109.998,5221.42191333
673,3,4,64,5,3,6,3,9,20170126,20170128,20170127,54,1.0,False,Non local,1,1320.99,62705.19585165,0.07,92.4693,4389.363709615501
673,4,4,64,13,1,3,3,9,20170126,20170128,20170127,54,1.0,False,Non local,1,269.99,12815.97576665,0.1,26.999000000000002,1281.5975766650001
674,1,4,733,26,1,2,2,6,20170127,20170128,20170129,100,2.0,True,Non local,2,599.99,28480.52631665,0.2,239.996,11392.210526660001
675,1,4,291,17,4,3,2,7,20170128,20170131,20170130,26,2.0,False,Non local,1,429.0,20363.915715000003,0.05,21.450000000000003,1018.1957857500001
675,2,4,291,89,9,1,2,7,20170128,20170131,20170130,26,2.0,False,Non local,2,209.99,9967.87566665,0.05,20.999000000000002,996.787566665
675,3,4,291,19,4,3,2,7,20170128,20170131,20170130,26,2.0,False,Non local,1,449.0,21313.282415,0.07,31.430000000000003,1491.9297690500002
675,4,4,291,32,9,6,2,7,20170128,20170131,20170130,26,2.0,False,Non local,1,469.99,22309.64276665,0.2,93.998,4461.92855333
676,1,4,790,70,1,3,2,7,20170128,20170130,20170131,88,3.0,True,Non local,1,659.99,31328.626416650004,0.2,131.99800000000002,6265.725283330001
676,2,4,790,104,7,2,2,7,20170128,20170130,20170131,88,3.0,True,Non local,2,481.99,22879.26278665,0.07,67.47860000000001,3203.0967901310005
676,3,4,790,24,1,2,2,7,20170128,20170130,20170131,88,3.0,True,Non local,1,549.99,26107.10956665,0.1,54.999,2610.710956665
676,4,4,790,29,9,6,2,7,20170128,20170130,20170131,88,3.0,True,Non local,1,999.99,47467.86031665,0.2,199.99800000000002,9493.57206333
677,1,4,809,75,1,3,2,7,20170128,20170131,20170130,139,2.0,False,Non local,1,599.99,28480.52631665,0.07,41.999300000000005,1993.6368421655002
677,2,4,809,7,9,6,2,7,20170128,20170131,20170130,139,2.0,False,Non local,2,3999.99,189872.86531665,0.07,559.9986,26582.201144331
677,3,4,809,105,7,2,2,7,20170128,20170131,20170130,139,2.0,False,Non local,2,533.99,25347.616206650004,0.07,74.75860000000002,3548.666268931001
677,4,4,809,91,9,1,2,7,20170128,20170131,20170130,139,2.0,False,Non local,2,349.99,16613.442566650003,0.05,34.999,1661.3442566650003
677,5,4,809,54,9,7,2,7,20170128,20170131,20170130,139,2.0,False,Non local,2,3199.99,151898.19731665,0.1,639.998,30379.639463330004
678,1,4,250,52,8,7,3,9,20170128,20170129,20170131,135,3.0,True,Non local,2,875.99,41581.786776650006,0.05,87.599,4158.178677665001
678,2,4,250,37,2,6,3,9,20170128,20170129,20170131,135,3.0,True,Non local,2,379.99,18037.49261665,0.07,53.198600000000006,2525.2489663310002
679,1,4,81,15,1,3,1,3,20170129,20170130,20170130,43,1.0,False,Non local,2,529.99,25157.74286665,0.2,211.996,10063.097146660002
679,2,4,81,83,9,1,1,3,20170129,20170130,20170130,43,1.0,False,Non local,2,149.99,7119.775566650001,0.05,14.999000000000002,711.9775566650001
680,1,4,245,81,1,3,1,3,20170129,20170201,20170130,31,1.0,False,Non local,2,1099.99,52214.69381665,0.05,109.99900000000001,5221.469381665
680,2,4,245,7,9,6,1,3,20170129,20170201,20170130,31,1.0,False,Non local,1,3999.99,189872.86531665,0.2,799.998,37974.57306333
680,3,4,245,50,9,7,1,3,20170129,20170201,20170130,31,1.0,False,Non local,1,5999.99,284809.53531665,0.07,419.9993,19936.667472165504
681,1,4,499,82,1,3,2,7,20170129,20170201,20170131,32,2.0,False,Non local,1,659.99,31328.626416650004,0.05,32.999500000000005,1566.4313208325002
681,2,4,499,63,9,4,2,7,20170129,20170201,20170131,32,2.0,False,Non local,1,3499.99,166138.69781665,0.07,244.9993,11629.7088471655
681,3,4,499,61,9,5,2,7,20170129,20170201,20170131,32,2.0,False,Non local,1,4999.99,237341.20031665,0.2,999.998,47468.240063330006
681,4,4,499,6,8,6,2,7,20170129,20170201,20170131,32,2.0,False,Non local,2,469.99,22309.64276665,0.05,46.999,2230.964276665
681,5,4,499,30,8,6,2,7,20170129,20170201,20170131,32,2.0,False,Non local,1,999.99,47467.86031665,0.07,69.9993,3322.7502221655004
682,1,4,614,39,9,6,2,6,20170129,20170130,20170130,167,1.0,False,Non local,1,1499.99,71202.02781665,0.2,299.998,14240.405563330001
682,2,4,614,60,7,5,2,6,20170129,20170130,20170130,167,1.0,False,Non local,2,1559.99,74050.12791665,0.2,623.9960000000001,29620.051166660003
682,3,4,614,99,1,1,2,6,20170129,20170130,20170130,167,1.0,False,Non local,1,299.99,14240.02581665,0.2,59.998000000000005,2848.0051633300004
683,1,4,741,2,5,6,2,6,20170129,20170131,20170201,96,3.0,True,Non local,2,749.99,35600.776566650005,0.1,149.99800000000002,7120.155313330001
684,1,4,762,56,9,7,2,6,20170131,20170201,20170202,49,2.0,True,Non local,1,5499.99,261075.36781665,0.07,384.9993,18275.275747165502
684,2,4,762,33,8,6,2,6,20170131,20170201,20170202,49,2.0,True,Non local,1,469.99,22309.64276665,0.1,46.999,2230.964276665
685,1,4,976,59,9,7,2,7,20170131,20170203,20170202,99,2.0,False,Non local,1,2599.99,123417.19631665,0.05,129.99949999999998,6170.8598158325
685,2,4,976,48,9,7,2,7,20170131,20170203,20170202,99,2.0,False,Non local,2,1499.99,71202.02781665,0.05,149.999,7120.202781665001
685,3,4,976,107,7,2,2,7,20170131,20170203,20170202,99,2.0,False,Non local,1,416.99,19793.82101165,0.05,20.849500000000003,989.6910505825001
685,4,4,976,98,1,1,2,7,20170131,20170203,20170202,99,2.0,False,Non local,2,489.99,23259.00946665,0.2,195.996,9303.60378666
685,5,4,976,56,9,7,2,7,20170131,20170203,20170202,99,2.0,False,Non local,2,5499.99,261075.36781665,0.05,549.999,26107.536781665
686,1,4,380,16,1,3,2,7,20170201,20170203,20170204,121,3.0,True,Non local,1,599.99,28480.52631665,0.2,119.998,5696.1052633300005
686,2,4,380,30,8,6,2,7,20170201,20170203,20170204,121,3.0,True,Non local,1,999.99,47467.86031665,0.1,99.99900000000001,4746.786031665
686,3,4,380,88,9,1,2,7,20170201,20170203,20170204,121,3.0,True,Non local,2,189.99,9018.50896665,0.2,75.99600000000001,3607.4035866600007
686,4,4,380,19,4,3,2,7,20170201,20170203,20170204,121,3.0,True,Non local,2,449.0,21313.282415,0.2,179.60000000000002,8525.312966000001
686,5,4,380,104,7,2,2,7,20170201,20170203,20170204,121,3.0,True,Non local,1,481.99,22879.26278665,0.2,96.39800000000001,4575.85255733
687,1,4,530,48,9,7,1,3,20170202,20170205,20170204,68,2.0,False,Non local,2,1499.99,71202.02781665,0.05,149.999,7120.202781665001
687,2,4,530,95,1,1,1,3,20170202,20170205,20170204,68,2.0,False,Non local,1,299.99,14240.02581665,0.07,20.9993,996.8018071655001
687,3,4,530,5,3,6,1,3,20170202,20170205,20170204,68,2.0,False,Non local,2,1320.99,62705.19585165,0.2,528.3960000000001,25082.078340660002
687,4,4,530,83,9,1,1,3,20170202,20170205,20170204,68,2.0,False,Non local,1,149.99,7119.775566650001,0.07,10.499300000000002,498.3842896655001
688,1,4,343,8,9,6,2,7,20170202,20170203,20170205,77,3.0,True,Non local,1,1799.99,85442.52831665,0.1,179.99900000000002,8544.252831665
688,2,4,343,88,9,1,2,7,20170202,20170203,20170205,77,3.0,True,Non local,1,189.99,9018.50896665,0.05,9.499500000000001,450.9254483325001
689,1,4,884,33,8,6,2,7,20170202,20170203,20170205,67,3.0,True,Non local,2,469.99,22309.64276665,0.1,93.998,4461.92855333
690,1,4,1097,84,7,1,1,2,20170203,20170204,20170206,133,3.0,True,Non local,1,109.99,5221.04216665,0.2,21.998,1044.20843333
690,2,4,1097,11,8,4,1,2,20170203,20170204,20170206,133,3.0,True,Non local,2,1680.99,79793.79645165,0.07,235.3386,11171.131503231001
690,3,4,1097,85,2,1,1,2,20170203,20170204,20170206,133,3.0,True,Non local,1,329.99,15664.075866650002,0.05,16.4995,783.2037933325001
690,4,4,1097,109,7,2,1,2,20170203,20170204,20170206,133,3.0,True,Non local,2,416.99,19793.82101165,0.2,166.79600000000002,7917.528404660001
691,1,4,1081,23,1,1,2,7,20170204,20170206,20170206,165,2.0,False,Non local,2,299.99,14240.02581665,0.05,29.999000000000002,1424.0025816650002
691,2,4,1081,5,3,6,2,7,20170204,20170206,20170206,165,2.0,False,Non local,2,1320.99,62705.19585165,0.1,264.19800000000004,12541.039170330001
691,3,4,1081,55,9,7,2,7,20170204,20170206,20170206,165,2.0,False,Non local,2,2699.99,128164.02981665,0.2,1079.9959999999999,51265.61192666
691,4,4,1081,20,1,3,2,7,20170204,20170206,20170206,165,2.0,False,Non local,1,599.99,28480.52631665,0.2,119.998,5696.1052633300005
692,1,3,2,59,9,7,1,3,20170205,20170205,,2,,False,Non local,1,2599.99,123417.19631665,0.2,519.9979999999999,24683.43926333
692,2,3,2,75,1,3,1,3,20170205,20170205,,2,,False,Non local,1,599.99,28480.52631665,0.07,41.999300000000005,1993.6368421655002
692,3,3,2,15,1,3,1,3,20170205,20170205,,2,,False,Non local,2,529.99,25157.74286665,0.07,74.19860000000001,3522.0840013310008
692,4,3,2,56,9,7,1,3,20170205,20170205,,2,,False,Non local,2,5499.99,261075.36781665,0.1,1099.998,52215.07356333
693,1,4,1233,104,7,2,1,3,20170205,20170207,20170206,168,1.0,False,Non local,2,481.99,22879.26278665,0.2,192.79600000000002,9151.70511466
693,2,4,1233,13,1,3,1,3,20170205,20170207,20170206,168,1.0,False,Non local,1,269.99,12815.97576665,0.2,53.998000000000005,2563.1951533300003
693,3,4,1233,5,3,6,1,3,20170205,20170207,20170206,168,1.0,False,Non local,2,1320.99,62705.19585165,0.05,132.09900000000002,6270.5195851650005
693,4,4,1233,31,8,6,1,3,20170205,20170207,20170206,168,1.0,False,Non local,1,1632.99,77515.31637165001,0.07,114.30930000000001,5426.072146015502
694,1,4,58,48,9,7,2,7,20170205,20170206,20170208,49,3.0,True,Non local,1,1499.99,71202.02781665,0.2,299.998,14240.405563330001
694,2,4,58,39,9,6,2,7,20170205,20170206,20170208,49,3.0,True,Non local,1,1499.99,71202.02781665,0.05,74.9995,3560.1013908325003
694,3,4,58,55,9,7,2,7,20170205,20170206,20170208,49,3.0,True,Non local,2,2699.99,128164.02981665,0.1,539.9979999999999,25632.80596333
694,4,4,58,103,7,2,2,7,20170205,20170206,20170208,49,3.0,True,Non local,2,551.99,26202.046236650003,0.2,220.79600000000002,10480.818494660001
694,5,4,58,45,2,6,2,7,20170205,20170206,20170208,49,3.0,True,Non local,2,869.99,41296.976766650005,0.1,173.99800000000002,8259.395353330001
695,1,4,606,82,1,3,2,7,20170205,20170208,20170207,158,2.0,False,Non local,2,659.99,31328.626416650004,0.1,131.99800000000002,6265.725283330001
695,2,4,606,57,9,7,2,7,20170205,20170208,20170207,158,2.0,False,Non local,2,1999.99,94936.19531665,0.2,799.9960000000001,37974.478126660004
696,1,4,1242,88,9,1,2,7,20170205,20170208,20170208,70,3.0,False,Non local,2,189.99,9018.50896665,0.07,26.598600000000005,1262.5912553310002
696,2,4,1242,7,9,6,2,7,20170205,20170208,20170208,70,3.0,False,Non local,1,3999.99,189872.86531665,0.1,399.999,18987.286531665
696,3,4,1242,45,2,6,2,7,20170205,20170208,20170208,70,3.0,False,Non local,1,869.99,41296.976766650005,0.07,60.899300000000004,2890.788373665501
697,1,4,562,5,3,6,1,2,20170206,20170208,20170209,69,3.0,True,Non local,2,1320.99,62705.19585165,0.05,132.09900000000002,6270.5195851650005
698,1,4,543,96,1,1,3,8,20170206,20170208,20170209,102,3.0,True,Non local,1,349.99,16613.442566650003,0.07,24.4993,1162.9409796655002
698,2,4,543,12,1,3,3,8,20170206,20170208,20170209,102,3.0,True,Non local,1,549.99,26107.10956665,0.07,38.499300000000005,1827.4976696655
698,3,4,543,40,9,6,3,8,20170206,20170208,20170209,102,3.0,True,Non local,2,4999.99,237341.20031665,0.05,499.999,23734.120031665003
699,1,4,958,106,7,2,3,9,20170206,20170208,20170209,85,3.0,True,Non local,2,449.99,21360.276066650003,0.1,89.998,4272.055213330001
699,2,4,958,48,9,7,3,9,20170206,20170208,20170209,85,3.0,True,Non local,1,1499.99,71202.02781665,0.07,104.9993,4984.141947165501
699,3,4,958,31,8,6,3,9,20170206,20170208,20170209,85,3.0,True,Non local,1,1632.99,77515.31637165001,0.2,326.598,15503.063274330003
699,4,4,958,24,1,2,3,9,20170206,20170208,20170209,85,3.0,True,Non local,2,549.99,26107.10956665,0.1,109.998,5221.42191333
699,5,4,958,82,1,3,3,9,20170206,20170208,20170209,85,3.0,True,Non local,2,659.99,31328.626416650004,0.2,263.99600000000004,12531.450566660002
700,1,4,4,7,9,6,2,6,20170207,20170210,20170208,4,1.0,False,Non local,2,3999.99,189872.86531665,0.05,399.999,18987.286531665
700,2,4,4,63,9,4,2,6,20170207,20170210,20170208,4,1.0,False,Non local,1,3499.99,166138.69781665,0.2,699.998,33227.739563330004
701,1,4,850,84,7,1,3,9,20170207,20170208,20170209,57,2.0,True,local,1,109.99,5221.04216665,0.05,5.4995,261.0521083325
702,1,4,1352,25,1,2,1,3,20170208,20170209,20170211,69,3.0,True,Non local,2,499.99,23733.692816650004,0.05,49.999,2373.3692816650005
702,2,4,1352,104,7,2,1,3,20170208,20170209,20170211,69,3.0,True,Non local,1,481.99,22879.26278665,0.1,48.199000000000005,2287.926278665
702,3,4,1352,3,8,6,1,3,20170208,20170209,20170211,69,3.0,True,Non local,2,999.99,47467.86031665,0.07,139.9986,6645.500444331001
703,1,4,417,45,2,6,2,7,20170208,20170209,20170209,66,1.0,False,Non local,2,869.99,41296.976766650005,0.2,347.99600000000004,16518.790706660002
703,2,4,417,66,7,3,2,7,20170208,20170209,20170209,66,1.0,False,Non local,2,250.99,11914.077401650002,0.05,25.099000000000004,1191.4077401650002
703,3,4,417,72,7,3,2,7,20170208,20170209,20170209,66,1.0,False,Non local,1,619.99,29429.893016650003,0.2,123.998,5885.978603330001
703,4,4,417,4,9,6,2,7,20170208,20170209,20170209,66,1.0,False,Non local,2,2899.99,137657.69681665,0.2,1159.9959999999999,55063.078726659995
704,1,4,1137,10,8,4,2,6,20170208,20170209,20170211,9,3.0,True,Non local,2,1549.0,73528.45091500001,0.05,154.9,7352.845091500001
704,2,4,1137,62,9,4,2,6,20170208,20170209,20170211,9,3.0,True,Non local,1,3499.99,166138.69781665,0.2,699.998,33227.739563330004
704,3,4,1137,100,1,1,2,6,20170208,20170209,20170211,9,3.0,True,Non local,2,489.99,23259.00946665,0.07,68.5986,3256.2613253310005
705,1,4,1196,61,9,5,2,7,20170208,20170211,20170211,126,3.0,False,Non local,1,4999.99,237341.20031665,0.1,499.999,23734.120031665003
706,1,4,1271,27,8,6,1,2,20170209,20170212,20170210,154,1.0,False,Non local,1,999.99,47467.86031665,0.1,99.99900000000001,4746.786031665
706,2,4,1271,23,1,1,1,2,20170209,20170212,20170210,154,1.0,False,Non local,2,299.99,14240.02581665,0.05,29.999000000000002,1424.0025816650002
706,3,4,1271,60,7,5,1,2,20170209,20170212,20170210,154,1.0,False,Non local,1,1559.99,74050.12791665,0.2,311.99800000000005,14810.025583330002
707,1,4,79,106,7,2,2,7,20170209,20170211,20170211,63,2.0,False,local,2,449.99,21360.276066650003,0.05,44.999,2136.0276066650003
707,2,4,79,100,1,1,2,7,20170209,20170211,20170211,63,2.0,False,local,1,489.99,23259.00946665,0.07,34.2993,1628.1306626655003
707,3,4,79,11,8,4,2,7,20170209,20170211,20170211,63,2.0,False,local,2,1680.99,79793.79645165,0.1,336.19800000000004,15958.759290330003
707,4,4,79,26,1,2,2,7,20170209,20170211,20170211,63,2.0,False,local,2,599.99,28480.52631665,0.1,119.998,5696.1052633300005
708,1,4,660,6,8,6,1,2,20170210,20170212,20170211,120,1.0,False,Non local,1,469.99,22309.64276665,0.07,32.899300000000004,1561.6749936655
708,2,4,660,47,9,6,1,2,20170210,20170212,20170211,120,1.0,False,Non local,1,5299.99,251581.70081665,0.1,529.999,25158.170081665
708,3,4,660,34,9,6,1,2,20170210,20170212,20170211,120,1.0,False,Non local,2,469.99,22309.64276665,0.2,187.996,8923.85710666
709,1,4,1162,55,9,7,2,6,20170211,20170213,20170212,156,1.0,False,Non local,2,2699.99,128164.02981665,0.05,269.99899999999997,12816.402981665
709,2,4,1162,101,1,1,2,6,20170211,20170213,20170212,156,1.0,False,Non local,2,339.99,16138.759216650002,0.07,47.598600000000005,2259.4262903310005
709,3,4,1162,48,9,7,2,6,20170211,20170213,20170212,156,1.0,False,Non local,1,1499.99,71202.02781665,0.07,104.9993,4984.141947165501
710,1,4,295,42,9,6,2,6,20170213,20170215,20170216,107,3.0,True,Non local,1,2299.99,109176.69581665,0.05,114.9995,5458.8347908325
710,2,4,295,60,7,5,2,6,20170213,20170215,20170216,107,3.0,True,Non local,2,1559.99,74050.12791665,0.2,623.9960000000001,29620.051166660003
710,3,4,295,39,9,6,2,6,20170213,20170215,20170216,107,3.0,True,Non local,2,1499.99,71202.02781665,0.2,599.996,28480.811126660003
710,4,4,295,57,9,7,2,6,20170213,20170215,20170216,107,3.0,True,Non local,1,1999.99,94936.19531665,0.2,399.99800000000005,18987.239063330002
710,5,4,295,28,8,6,2,6,20170213,20170215,20170216,107,3.0,True,Non local,1,2499.99,118670.36281665,0.05,124.9995,5933.518140832501
711,1,4,1246,5,3,6,2,6,20170213,20170216,20170214,140,1.0,False,Non local,2,1320.99,62705.19585165,0.05,132.09900000000002,6270.5195851650005
711,2,4,1246,95,1,1,2,6,20170213,20170216,20170214,140,1.0,False,Non local,2,299.99,14240.02581665,0.2,119.99600000000001,5696.010326660001
711,3,4,1246,72,7,3,2,6,20170213,20170216,20170214,140,1.0,False,Non local,2,619.99,29429.893016650003,0.05,61.999,2942.9893016650003
712,1,4,173,44,2,6,3,9,20170213,20170214,20170216,56,3.0,True,Non local,2,539.99,25632.42621665,0.2,215.996,10252.97048666
712,2,4,173,74,1,3,3,9,20170213,20170214,20170216,56,3.0,True,Non local,2,439.99,20885.59271665,0.1,87.998,4177.118543330001
712,3,4,173,35,7,6,3,9,20170213,20170214,20170216,56,3.0,True,Non local,1,832.99,39540.64837165,0.2,166.598,7908.129674330001
712,4,4,173,76,1,3,3,9,20170213,20170214,20170216,56,3.0,True,Non local,1,299.99,14240.02581665,0.2,59.998000000000005,2848.0051633300004
712,5,4,173,4,9,6,3,9,20170213,20170214,20170216,56,3.0,True,Non local,2,2899.99,137657.69681665,0.05,289.99899999999997,13765.769681664999
713,1,4,207,93,2,1,3,8,20170213,20170214,20170215,14,2.0,True,Non local,2,209.99,9967.87566665,0.2,83.99600000000001,3987.15026666
713,2,4,207,97,1,1,3,8,20170213,20170214,20170215,14,2.0,True,Non local,2,349.99,16613.442566650003,0.1,69.998,3322.6885133300007
713,3,4,207,53,8,7,3,8,20170213,20170214,20170215,14,2.0,True,Non local,1,749.99,35600.776566650005,0.07,52.499300000000005,2492.0543596655007
713,4,4,207,108,7,2,3,8,20170213,20170214,20170215,14,2.0,True,Non local,2,449.99,21360.276066650003,0.07,62.99860000000001,2990.4386493310008
714,1,4,805,92,2,1,2,7,20170214,20170217,20170215,186,1.0,False,Non local,2,209.99,9967.87566665,0.2,83.99600000000001,3987.15026666
715,1,3,12,61,9,5,2,6,20170215,20170215,,12,,False,Non local,2,4999.99,237341.20031665,0.1,999.998,47468.240063330006
715,2,3,12,50,9,7,2,6,20170215,20170215,,12,,False,Non local,1,5999.99,284809.53531665,0.2,1199.998,56961.90706333
716,1,4,672,111,7,2,2,6,20170215,20170217,20170218,165,3.0,True,Non local,2,470.99,22357.111101650004,0.1,94.19800000000001,4471.4222203300005
716,2,4,672,93,2,1,2,6,20170215,20170217,20170218,165,3.0,True,Non local,2,209.99,9967.87566665,0.07,29.398600000000005,1395.502593331
716,3,4,672,79,7,3,2,6,20170215,20170217,20170218,165,3.0,True,Non local,1,402.99,19129.26432165,0.1,40.29900000000001,1912.926432165
716,4,4,672,4,9,6,2,6,20170215,20170217,20170218,165,3.0,True,Non local,2,2899.99,137657.69681665,0.05,289.99899999999997,13765.769681664999
717,1,4,1312,56,9,7,2,6,20170215,20170218,20170217,143,2.0,False,Non local,2,5499.99,261075.36781665,0.05,549.999,26107.536781665
717,2,4,1312,93,2,1,2,6,20170215,20170218,20170217,143,2.0,False,Non local,1,209.99,9967.87566665,0.2,41.998000000000005,1993.57513333
718,1,4,38,92,2,1,2,7,20170216,20170217,20170217,35,1.0,False,Non local,2,209.99,9967.87566665,0.07,29.398600000000005,1395.502593331
718,2,4,38,40,9,6,2,7,20170216,20170217,20170217,35,1.0,False,Non local,2,4999.99,237341.20031665,0.07,699.9986,33227.768044331
718,3,4,38,64,1,3,2,7,20170216,20170217,20170217,35,1.0,False,Non local,2,489.99,23259.00946665,0.1,97.998,4651.80189333
719,1,4,200,100,1,1,2,6,20170216,20170219,20170218,72,2.0,False,Non local,1,489.99,23259.00946665,0.2,97.998,4651.80189333
720,1,4,382,111,7,2,2,6,20170216,20170219,20170219,88,3.0,False,Non local,1,470.99,22357.111101650004,0.07,32.969300000000004,1564.9977771155004
720,2,4,382,6,8,6,2,6,20170216,20170219,20170219,88,3.0,False,Non local,1,469.99,22309.64276665,0.1,46.999,2230.964276665
721,1,4,625,45,2,6,2,7,20170216,20170219,20170217,110,1.0,False,Non local,2,869.99,41296.976766650005,0.07,121.79860000000001,5781.576747331002
721,2,4,625,102,1,2,2,7,20170216,20170219,20170217,110,1.0,False,Non local,1,489.99,23259.00946665,0.1,48.999,2325.900946665
721,3,4,625,73,7,3,2,7,20170216,20170219,20170217,110,1.0,False,Non local,2,749.99,35600.776566650005,0.05,74.99900000000001,3560.0776566650006
721,4,4,625,33,8,6,2,7,20170216,20170219,20170217,110,1.0,False,Non local,1,469.99,22309.64276665,0.2,93.998,4461.92855333
722,1,4,1399,22,1,1,2,7,20170218,20170220,20170221,18,3.0,True,Non local,2,269.99,12815.97576665,0.07,37.79860000000001,1794.2366073310002
722,2,4,1399,3,8,6,2,7,20170218,20170220,20170221,18,3.0,True,Non local,1,999.99,47467.86031665,0.05,49.999500000000005,2373.3930158325
722,3,4,1399,104,7,2,2,7,20170218,20170220,20170221,18,3.0,True,Non local,2,481.99,22879.26278665,0.1,96.39800000000001,4575.85255733
723,1,4,845,24,1,2,2,6,20170219,20170221,20170222,48,3.0,True,Non local,2,549.99,26107.10956665,0.07,76.99860000000001,3654.995339331
723,2,4,845,16,1,3,2,6,20170219,20170221,20170222,48,3.0,True,Non local,1,599.99,28480.52631665,0.05,29.9995,1424.0263158325001
723,3,4,845,108,7,2,2,6,20170219,20170221,20170222,48,3.0,True,Non local,1,449.99,21360.276066650003,0.07,31.499300000000005,1495.2193246655004
724,1,4,864,23,1,1,2,6,20170219,20170222,20170221,7,2.0,False,Non local,1,299.99,14240.02581665,0.05,14.999500000000001,712.0012908325001
724,2,4,864,75,1,3,2,6,20170219,20170222,20170221,7,2.0,False,Non local,1,599.99,28480.52631665,0.2,119.998,5696.1052633300005
724,3,4,864,102,1,2,2,6,20170219,20170222,20170221,7,2.0,False,Non local,1,489.99,23259.00946665,0.05,24.4995,1162.9504733325
724,4,4,864,55,9,7,2,6,20170219,20170222,20170221,7,2.0,False,Non local,1,2699.99,128164.02981665,0.2,539.9979999999999,25632.80596333
725,1,4,870,90,9,1,2,7,20170219,20170222,20170222,99,3.0,False,Non local,1,209.99,9967.87566665,0.1,20.999000000000002,996.787566665
725,2,4,870,91,9,1,2,7,20170219,20170222,20170222,99,3.0,False,Non local,1,349.99,16613.442566650003,0.05,17.4995,830.6721283325002
725,3,4,870,77,1,3,2,7,20170219,20170222,20170222,99,3.0,False,Non local,2,799.99,37974.19331665,0.07,111.99860000000001,5316.387064331001
725,4,4,870,62,9,4,2,7,20170219,20170222,20170222,99,3.0,False,Non local,2,3499.99,166138.69781665,0.1,699.998,33227.739563330004
726,1,4,969,64,1,3,2,6,20170219,20170222,20170220,169,1.0,False,Non local,1,489.99,23259.00946665,0.2,97.998,4651.80189333
727,1,4,962,78,7,3,3,9,20170219,20170222,20170221,191,2.0,False,Non local,1,647.99,30759.00639665,0.07,45.359300000000005,2153.1304477655
727,2,4,962,82,1,3,3,9,20170219,20170222,20170221,191,2.0,False,Non local,2,659.99,31328.626416650004,0.05,65.99900000000001,3132.8626416650004
728,1,4,1138,70,1,3,1,3,20170220,20170221,20170223,120,3.0,True,Non local,1,659.99,31328.626416650004,0.05,32.999500000000005,1566.4313208325002
728,2,4,1138,56,9,7,1,3,20170220,20170221,20170223,120,3.0,True,Non local,1,5499.99,261075.36781665,0.1,549.999,26107.536781665
728,3,4,1138,91,9,1,1,3,20170220,20170221,20170223,120,3.0,True,Non local,1,349.99,16613.442566650003,0.1,34.999,1661.3442566650003
728,4,4,1138,58,9,7,1,3,20170220,20170221,20170223,120,3.0,True,Non local,1,4999.99,237341.20031665,0.07,349.9993,16613.8840221655
729,1,4,897,101,1,1,2,7,20170220,20170222,20170221,36,1.0,False,Non local,2,339.99,16138.759216650002,0.1,67.998,3227.7518433300006
730,1,4,500,59,9,7,2,6,20170221,20170224,20170222,8,1.0,False,Non local,2,2599.99,123417.19631665,0.05,259.99899999999997,12341.719631665
730,2,4,500,79,7,3,2,6,20170221,20170224,20170222,8,1.0,False,Non local,1,402.99,19129.26432165,0.1,40.29900000000001,1912.926432165
730,3,4,500,96,1,1,2,6,20170221,20170224,20170222,8,1.0,False,Non local,2,349.99,16613.442566650003,0.07,48.9986,2325.8819593310004
730,4,4,500,13,1,3,2,6,20170221,20170224,20170222,8,1.0,False,Non local,1,269.99,12815.97576665,0.1,26.999000000000002,1281.5975766650001
731,1,4,910,91,9,1,3,9,20170225,20170227,20170227,125,2.0,False,Non local,1,349.99,16613.442566650003,0.05,17.4995,830.6721283325002
731,2,4,910,49,9,7,3,9,20170225,20170227,20170227,125,2.0,False,Non local,1,3499.99,166138.69781665,0.2,699.998,33227.739563330004
731,3,4,910,67,7,3,3,9,20170225,20170227,20170227,125,2.0,False,Non local,2,250.99,11914.077401650002,0.2,100.39600000000002,4765.630960660001
731,4,4,910,29,9,6,3,9,20170225,20170227,20170227,125,2.0,False,Non local,1,999.99,47467.86031665,0.2,199.99800000000002,9493.57206333
732,1,4,147,47,9,6,2,7,20170226,20170227,20170301,99,3.0,True,Non local,1,5299.99,251581.70081665,0.07,370.9993,17610.7190571655
732,2,4,147,4,9,6,2,7,20170226,20170227,20170301,99,3.0,True,Non local,2,2899.99,137657.69681665,0.07,405.9986,19272.077554331
733,1,4,832,84,7,1,2,7,20170226,20170301,20170227,117,1.0,False,Non local,1,109.99,5221.04216665,0.05,5.4995,261.0521083325
733,2,4,832,55,9,7,2,7,20170226,20170301,20170227,117,1.0,False,Non local,1,2699.99,128164.02981665,0.2,539.9979999999999,25632.80596333
733,3,4,832,102,1,2,2,7,20170226,20170301,20170227,117,1.0,False,Non local,2,489.99,23259.00946665,0.1,97.998,4651.80189333
734,1,4,939,26,1,2,3,9,20170226,20170228,20170301,89,3.0,True,Non local,1,599.99,28480.52631665,0.2,119.998,5696.1052633300005
734,2,4,939,3,8,6,3,9,20170226,20170228,20170301,89,3.0,True,Non local,1,999.99,47467.86031665,0.05,49.999500000000005,2373.3930158325
734,3,4,939,84,7,1,3,9,20170226,20170228,20170301,89,3.0,True,Non local,2,109.99,5221.04216665,0.2,43.996,2088.41686666
734,4,4,939,65,7,3,3,9,20170226,20170228,20170301,89,3.0,True,Non local,2,346.99,16471.037561650002,0.1,69.39800000000001,3294.2075123300006
735,1,3,20,71,7,3,3,9,20170227,20170227,,19,,False,Non local,2,416.99,19793.82101165,0.1,83.39800000000001,3958.7642023300004
735,2,3,20,10,8,4,3,9,20170227,20170227,,19,,False,Non local,2,1549.0,73528.45091500001,0.07,216.86,10293.983128100002
736,1,4,184,56,9,7,2,7,20170227,20170228,20170228,110,1.0,False,Non local,2,5499.99,261075.36781665,0.05,549.999,26107.536781665
736,2,4,184,17,4,3,2,7,20170227,20170228,20170228,110,1.0,False,Non local,1,429.0,20363.915715000003,0.1,42.900000000000006,2036.3915715000003
736,3,4,184,62,9,4,2,7,20170227,20170228,20170228,110,1.0,False,Non local,2,3499.99,166138.69781665,0.2,1399.996,66455.47912666001
737,1,4,694,52,8,7,2,6,20170227,20170301,20170228,60,1.0,False,Non local,1,875.99,41581.786776650006,0.05,43.7995,2079.0893388325003
737,2,4,694,19,4,3,2,6,20170227,20170301,20170228,60,1.0,False,Non local,2,449.0,21313.282415,0.07,62.86000000000001,2983.8595381000005
737,3,4,694,77,1,3,2,6,20170227,20170301,20170228,60,1.0,False,Non local,2,799.99,37974.19331665,0.07,111.99860000000001,5316.387064331001
737,4,4,694,34,9,6,2,6,20170227,20170301,20170228,60,1.0,False,Non local,1,469.99,22309.64276665,0.2,93.998,4461.92855333
738,1,4,124,82,1,3,1,2,20170228,20170301,20170303,59,3.0,True,Non local,2,659.99,31328.626416650004,0.07,92.39860000000002,4386.007698331001
738,2,4,124,38,2,6,1,2,20170228,20170301,20170303,59,3.0,True,Non local,2,549.99,26107.10956665,0.2,219.996,10442.84382666
738,3,4,124,25,1,2,1,2,20170228,20170301,20170303,59,3.0,True,Non local,1,499.99,23733.692816650004,0.1,49.999,2373.3692816650005
738,4,4,124,63,9,4,1,2,20170228,20170301,20170303,59,3.0,True,Non local,1,3499.99,166138.69781665,0.07,244.9993,11629.7088471655
739,1,4,49,3,8,6,2,6,20170228,20170301,20170302,6,2.0,True,Non local,1,999.99,47467.86031665,0.2,199.99800000000002,9493.57206333
740,1,4,1113,81,1,3,2,6,20170228,20170301,20170302,187,2.0,True,Non local,1,1099.99,52214.69381665,0.05,54.999500000000005,2610.7346908325
740,2,4,1113,94,2,1,2,6,20170228,20170301,20170302,187,2.0,True,Non local,2,249.99,11866.60906665,0.2,99.99600000000001,4746.64362666
740,3,4,1113,11,8,4,2,6,20170228,20170301,20170302,187,2.0,True,Non local,1,1680.99,79793.79645165,0.2,336.19800000000004,15958.759290330003
740,4,4,1113,19,4,3,2,6,20170228,20170301,20170302,187,2.0,True,Non local,1,449.0,21313.282415,0.2,89.80000000000001,4262.656483000001
740,5,4,1113,12,1,3,2,6,20170228,20170301,20170302,187,2.0,True,Non local,2,549.99,26107.10956665,0.07,76.99860000000001,3654.995339331
741,1,4,119,58,9,7,3,8,20170228,20170301,20170301,52,1.0,False,Non local,1,4999.99,237341.20031665,0.05,249.9995,11867.060015832501
741,2,4,119,76,1,3,3,8,20170228,20170301,20170301,52,1.0,False,Non local,1,299.99,14240.02581665,0.07,20.9993,996.8018071655001
741,3,4,119,21,1,1,3,8,20170228,20170301,20170301,52,1.0,False,Non local,2,269.99,12815.97576665,0.07,37.79860000000001,1794.2366073310002
741,4,4,119,56,9,7,3,8,20170228,20170301,20170301,52,1.0,False,Non local,2,5499.99,261075.36781665,0.05,549.999,26107.536781665
742,1,4,433,107,7,2,3,9,20170228,20170301,20170301,13,1.0,False,Non local,2,416.99,19793.82101165,0.05,41.699000000000005,1979.3821011650002
742,2,4,433,45,2,6,3,9,20170228,20170301,20170301,13,1.0,False,Non local,1,869.99,41296.976766650005,0.07,60.899300000000004,2890.788373665501
743,1,4,137,80,7,3,2,6,20170301,20170304,20170304,94,3.0,False,Non local,1,761.99,36170.39658665,0.05,38.0995,1808.5198293325002
744,1,4,166,33,8,6,2,7,20170301,20170302,20170302,79,1.0,False,Non local,2,469.99,22309.64276665,0.2,187.996,8923.85710666
745,1,4,698,95,1,1,2,7,20170301,20170303,20170303,174,2.0,False,Non local,2,299.99,14240.02581665,0.05,29.999000000000002,1424.0025816650002
745,2,4,698,22,1,1,2,7,20170301,20170303,20170303,174,2.0,False,Non local,2,269.99,12815.97576665,0.2,107.99600000000001,5126.3903066600005
745,3,4,698,78,7,3,2,7,20170301,20170303,20170303,174,2.0,False,Non local,1,647.99,30759.00639665,0.1,64.799,3075.900639665
746,1,4,391,99,1,1,1,3,20170302,20170304,20170305,160,3.0,True,Non local,1,299.99,14240.02581665,0.1,29.999000000000002,1424.0025816650002
747,1,4,87,110,7,2,1,3,20170303,20170304,20170305,68,2.0,True,Non local,1,470.99,22357.111101650004,0.07,32.969300000000004,1564.9977771155004
747,2,4,87,86,9,1,1,3,20170303,20170304,20170305,68,2.0,True,Non local,1,149.99,7119.775566650001,0.2,29.998000000000005,1423.9551133300001
747,3,4,87,33,8,6,1,3,20170303,20170304,20170305,68,2.0,True,Non local,2,469.99,22309.64276665,0.1,93.998,4461.92855333
747,4,4,87,81,1,3,1,3,20170303,20170304,20170305,68,2.0,True,Non local,1,1099.99,52214.69381665,0.07,76.9993,3655.0285671655
748,1,4,1072,16,1,3,3,8,20170303,20170305,20170304,62,1.0,False,Non local,2,599.99,28480.52631665,0.1,119.998,5696.1052633300005
748,2,4,1072,83,9,1,3,8,20170303,20170305,20170304,62,1.0,False,Non local,2,149.99,7119.775566650001,0.05,14.999000000000002,711.9775566650001
748,3,4,1072,41,2,6,3,8,20170303,20170305,20170304,62,1.0,False,Non local,1,1469.99,69777.97776665,0.07,102.89930000000001,4884.4584436655
748,4,4,1072,35,7,6,3,8,20170303,20170305,20170304,62,1.0,False,Non local,2,832.99,39540.64837165,0.2,333.196,15816.259348660002
749,1,4,255,9,9,5,2,7,20170304,20170307,20170305,136,1.0,False,Non local,1,2999.99,142404.53031665,0.2,599.9979999999999,28480.90606333
749,2,4,255,28,8,6,2,7,20170304,20170307,20170305,136,1.0,False,Non local,1,2499.99,118670.36281665,0.05,124.9995,5933.518140832501
749,3,4,255,79,7,3,2,7,20170304,20170307,20170305,136,1.0,False,Non local,1,402.99,19129.26432165,0.2,80.59800000000001,3825.85286433
749,4,4,255,24,1,2,2,7,20170304,20170307,20170305,136,1.0,False,Non local,1,549.99,26107.10956665,0.05,27.4995,1305.3554783325
749,5,4,255,40,9,6,2,7,20170304,20170307,20170305,136,1.0,False,Non local,1,4999.99,237341.20031665,0.07,349.9993,16613.8840221655
750,1,4,232,72,7,3,3,8,20170304,20170307,20170305,85,1.0,False,Non local,1,619.99,29429.893016650003,0.05,30.9995,1471.4946508325002
750,2,4,232,78,7,3,3,8,20170304,20170307,20170305,85,1.0,False,Non local,2,647.99,30759.00639665,0.1,129.598,6151.80127933
751,1,4,731,45,2,6,1,3,20170305,20170308,20170307,108,2.0,False,Non local,2,869.99,41296.976766650005,0.05,86.99900000000001,4129.6976766650005
752,1,4,335,12,1,3,2,6,20170305,20170306,20170307,48,2.0,True,Non local,2,549.99,26107.10956665,0.05,54.999,2610.710956665
752,2,4,335,31,8,6,2,6,20170305,20170306,20170307,48,2.0,True,Non local,2,1632.99,77515.31637165001,0.05,163.299,7751.5316371650015
753,1,4,1201,105,7,2,2,7,20170305,20170308,20170308,97,3.0,False,Non local,2,533.99,25347.616206650004,0.07,74.75860000000002,3548.666268931001
753,2,4,1201,7,9,6,2,7,20170305,20170308,20170308,97,3.0,False,Non local,2,3999.99,189872.86531665,0.2,1599.996,75949.14612666
753,3,4,1201,36,8,6,2,7,20170305,20170308,20170308,97,3.0,False,Non local,2,832.99,39540.64837165,0.1,166.598,7908.129674330001
753,4,4,1201,95,1,1,2,7,20170305,20170308,20170308,97,3.0,False,Non local,1,299.99,14240.02581665,0.07,20.9993,996.8018071655001
753,5,4,1201,66,7,3,2,7,20170305,20170308,20170308,97,3.0,False,Non local,1,250.99,11914.077401650002,0.2,50.19800000000001,2382.8154803300004
754,1,4,646,74,1,3,1,2,20170306,20170307,20170308,59,2.0,True,Non local,2,439.99,20885.59271665,0.07,61.598600000000005,2923.9829803310004
754,2,4,646,12,1,3,1,2,20170306,20170307,20170308,59,2.0,True,Non local,2,549.99,26107.10956665,0.07,76.99860000000001,3654.995339331
754,3,4,646,3,8,6,1,2,20170306,20170307,20170308,59,2.0,True,Non local,1,999.99,47467.86031665,0.05,49.999500000000005,2373.3930158325
754,4,4,646,67,7,3,1,2,20170306,20170307,20170308,59,2.0,True,Non local,2,250.99,11914.077401650002,0.05,25.099000000000004,1191.4077401650002
754,5,4,646,7,9,6,1,2,20170306,20170307,20170308,59,2.0,True,Non local,1,3999.99,189872.86531665,0.2,799.998,37974.57306333
755,1,4,531,80,7,3,2,6,20170306,20170307,20170307,73,1.0,False,Non local,2,761.99,36170.39658665,0.07,106.67860000000002,5063.855522131001
755,2,4,531,43,9,6,2,6,20170306,20170307,20170307,73,1.0,False,Non local,2,5299.99,251581.70081665,0.05,529.999,25158.170081665
755,3,4,531,57,9,7,2,6,20170306,20170307,20170307,73,1.0,False,Non local,2,1999.99,94936.19531665,0.1,399.99800000000005,18987.239063330002
756,1,4,1143,64,1,3,2,6,20170306,20170307,20170309,193,3.0,True,Non local,1,489.99,23259.00946665,0.1,48.999,2325.900946665
756,2,4,1143,17,4,3,2,6,20170306,20170307,20170309,193,3.0,True,Non local,2,429.0,20363.915715000003,0.05,42.900000000000006,2036.3915715000003
757,1,4,1336,95,1,1,2,7,20170306,20170308,20170309,116,3.0,True,Non local,1,299.99,14240.02581665,0.1,29.999000000000002,1424.0025816650002
758,1,4,953,22,1,1,3,9,20170306,20170308,20170307,102,1.0,False,Non local,2,269.99,12815.97576665,0.07,37.79860000000001,1794.2366073310002
758,2,4,953,99,1,1,3,9,20170306,20170308,20170307,102,1.0,False,Non local,1,299.99,14240.02581665,0.1,29.999000000000002,1424.0025816650002
758,3,4,953,27,8,6,3,9,20170306,20170308,20170307,102,1.0,False,Non local,1,999.99,47467.86031665,0.07,69.9993,3322.7502221655004
758,4,4,953,65,7,3,3,9,20170306,20170308,20170307,102,1.0,False,Non local,2,346.99,16471.037561650002,0.07,48.57860000000001,2305.9452586310003
758,5,4,953,109,7,2,3,9,20170306,20170308,20170307,102,1.0,False,Non local,1,416.99,19793.82101165,0.2,83.39800000000001,3958.7642023300004
759,1,4,284,93,2,1,2,7,20170307,20170309,20170308,77,1.0,False,Non local,2,209.99,9967.87566665,0.05,20.999000000000002,996.787566665
759,2,4,284,78,7,3,2,7,20170307,20170309,20170308,77,1.0,False,Non local,1,647.99,30759.00639665,0.07,45.359300000000005,2153.1304477655
760,1,4,1104,21,1,1,2,6,20170307,20170310,20170310,95,3.0,False,Non local,2,269.99,12815.97576665,0.07,37.79860000000001,1794.2366073310002
760,2,4,1104,29,9,6,2,6,20170307,20170310,20170310,95,3.0,False,Non local,2,999.99,47467.86031665,0.07,139.9986,6645.500444331001
761,1,4,1291,43,9,6,2,7,20170307,20170308,20170310,11,3.0,True,Non local,1,5299.99,251581.70081665,0.07,370.9993,17610.7190571655
761,2,4,1291,52,8,7,2,7,20170307,20170308,20170310,11,3.0,True,Non local,2,875.99,41581.786776650006,0.2,350.396,16632.714710660002
762,1,4,572,102,1,2,2,6,20170308,20170309,20170309,181,1.0,False,Non local,2,489.99,23259.00946665,0.05,48.999,2325.900946665
763,1,4,842,90,9,1,3,9,20170308,20170310,20170309,52,1.0,False,Non local,1,209.99,9967.87566665,0.07,14.699300000000003,697.7512966655
763,2,4,842,103,7,2,3,9,20170308,20170310,20170309,52,1.0,False,Non local,1,551.99,26202.046236650003,0.1,55.199000000000005,2620.2046236650003
764,1,4,701,55,9,7,1,2,20170309,20170310,20170312,108,3.0,True,Non local,1,2699.99,128164.02981665,0.07,188.9993,8971.482087165501
764,2,4,701,95,1,1,1,2,20170309,20170310,20170312,108,3.0,True,Non local,2,299.99,14240.02581665,0.05,29.999000000000002,1424.0025816650002
764,3,4,701,81,1,3,1,2,20170309,20170310,20170312,108,3.0,True,Non local,2,1099.99,52214.69381665,0.07,153.9986,7310.057134331
765,1,4,1152,28,8,6,1,2,20170309,20170311,20170312,59,3.0,True,Non local,2,2499.99,118670.36281665,0.2,999.996,47468.145126660005
765,2,4,1152,12,1,3,1,2,20170309,20170311,20170312,59,3.0,True,Non local,1,549.99,26107.10956665,0.07,38.499300000000005,1827.4976696655
765,3,4,1152,25,1,2,1,2,20170309,20170311,20170312,59,3.0,True,Non local,1,499.99,23733.692816650004,0.2,99.998,4746.738563330001
765,4,4,1152,53,8,7,1,2,20170309,20170311,20170312,59,3.0,True,Non local,1,749.99,35600.776566650005,0.2,149.99800000000002,7120.155313330001
765,5,4,1152,65,7,3,1,2,20170309,20170311,20170312,59,3.0,True,Non local,1,346.99,16471.037561650002,0.05,17.349500000000003,823.5518780825001
766,1,4,141,111,7,2,2,6,20170309,20170311,20170312,96,3.0,True,Non local,1,470.99,22357.111101650004,0.2,94.19800000000001,4471.4222203300005
767,1,4,564,63,9,4,2,7,20170309,20170310,20170311,72,2.0,True,Non local,1,3499.99,166138.69781665,0.1,349.999,16613.869781665002
767,2,4,564,29,9,6,2,7,20170309,20170310,20170311,72,2.0,True,Non local,1,999.99,47467.86031665,0.07,69.9993,3322.7502221655004
767,3,4,564,41,2,6,2,7,20170309,20170310,20170311,72,2.0,True,Non local,2,1469.99,69777.97776665,0.05,146.999,6977.797776665
767,4,4,564,77,1,3,2,7,20170309,20170310,20170311,72,2.0,True,Non local,2,799.99,37974.19331665,0.05,79.99900000000001,3797.4193316650003
768,1,4,841,31,8,6,2,7,20170309,20170312,20170310,143,1.0,False,Non local,1,1632.99,77515.31637165001,0.2,326.598,15503.063274330003
768,2,4,841,76,1,3,2,7,20170309,20170312,20170310,143,1.0,False,Non local,1,299.99,14240.02581665,0.2,59.998000000000005,2848.0051633300004
769,1,4,946,8,9,6,2,6,20170309,20170311,20170311,86,2.0,False,Non local,1,1799.99,85442.52831665,0.1,179.99900000000002,8544.252831665
769,2,4,946,6,8,6,2,6,20170309,20170311,20170311,86,2.0,False,Non local,2,469.99,22309.64276665,0.05,46.999,2230.964276665
769,3,4,946,36,8,6,2,6,20170309,20170311,20170311,86,2.0,False,Non local,2,832.99,39540.64837165,0.07,116.61860000000001,5535.690772031001
770,1,4,135,110,7,2,3,9,20170309,20170311,20170311,40,2.0,False,Non local,1,470.99,22357.111101650004,0.05,23.549500000000002,1117.8555550825001
770,2,4,135,42,9,6,3,9,20170309,20170311,20170311,40,2.0,False,Non local,1,2299.99,109176.69581665,0.2,459.998,21835.33916333
770,3,4,135,103,7,2,3,9,20170309,20170311,20170311,40,2.0,False,Non local,1,551.99,26202.046236650003,0.2,110.39800000000001,5240.409247330001
770,4,4,135,11,8,4,3,9,20170309,20170311,20170311,40,2.0,False,Non local,2,1680.99,79793.79645165,0.05,168.09900000000002,7979.379645165001
771,1,4,671,13,1,3,1,3,20170311,20170314,20170312,105,1.0,False,Non local,2,269.99,12815.97576665,0.2,107.99600000000001,5126.3903066600005
771,2,4,671,88,9,1,1,3,20170311,20170314,20170312,105,1.0,False,Non local,1,189.99,9018.50896665,0.2,37.998000000000005,1803.7017933300003
772,1,4,448,103,7,2,2,7,20170311,20170312,20170313,169,2.0,True,Non local,1,551.99,26202.046236650003,0.07,38.639300000000006,1834.1432365655005
773,1,4,1385,92,2,1,2,6,20170311,20170312,20170312,18,1.0,False,Non local,1,209.99,9967.87566665,0.1,20.999000000000002,996.787566665
773,2,4,1385,14,1,3,2,6,20170311,20170312,20170312,18,1.0,False,Non local,1,269.99,12815.97576665,0.05,13.499500000000001,640.7987883325001
773,3,4,1385,17,4,3,2,6,20170311,20170312,20170312,18,1.0,False,Non local,2,429.0,20363.915715000003,0.2,171.60000000000002,8145.566286000001
773,4,4,1385,33,8,6,2,6,20170311,20170312,20170312,18,1.0,False,Non local,2,469.99,22309.64276665,0.07,65.79860000000001,3123.349987331
774,1,4,690,65,7,3,2,6,20170312,20170314,20170314,8,2.0,False,Non local,1,346.99,16471.037561650002,0.05,17.349500000000003,823.5518780825001
774,2,4,690,36,8,6,2,6,20170312,20170314,20170314,8,2.0,False,Non local,2,832.99,39540.64837165,0.05,83.299,3954.0648371650004
774,3,4,690,20,1,3,2,6,20170312,20170314,20170314,8,2.0,False,Non local,1,599.99,28480.52631665,0.2,119.998,5696.1052633300005
774,4,4,690,73,7,3,2,6,20170312,20170314,20170314,8,2.0,False,Non local,1,749.99,35600.776566650005,0.05,37.499500000000005,1780.0388283325003
774,5,4,690,58,9,7,2,6,20170312,20170314,20170314,8,2.0,False,Non local,2,4999.99,237341.20031665,0.1,999.998,47468.240063330006
775,1,4,968,39,9,6,2,6,20170312,20170313,20170313,24,1.0,False,Non local,1,1499.99,71202.02781665,0.07,104.9993,4984.141947165501
776,1,4,490,28,8,6,2,6,20170313,20170315,20170316,27,3.0,True,Non local,1,2499.99,118670.36281665,0.2,499.998,23734.072563330003
776,2,4,490,42,9,6,2,6,20170313,20170315,20170316,27,3.0,True,Non local,2,2299.99,109176.69581665,0.2,919.996,43670.67832666
776,3,4,490,71,7,3,2,6,20170313,20170315,20170316,27,3.0,True,Non local,1,416.99,19793.82101165,0.1,41.699000000000005,1979.3821011650002
776,4,4,490,35,7,6,2,6,20170313,20170315,20170316,27,3.0,True,Non local,1,832.99,39540.64837165,0.1,83.299,3954.0648371650004
777,1,4,496,5,3,6,2,6,20170313,20170316,20170316,35,3.0,False,Non local,1,1320.99,62705.19585165,0.2,264.19800000000004,12541.039170330001
777,2,4,496,7,9,6,2,6,20170313,20170316,20170316,35,3.0,False,Non local,2,3999.99,189872.86531665,0.2,1599.996,75949.14612666
777,3,4,496,2,5,6,2,6,20170313,20170316,20170316,35,3.0,False,Non local,1,749.99,35600.776566650005,0.2,149.99800000000002,7120.155313330001
778,1,3,56,64,1,3,3,9,20170315,20170315,,40,,False,Non local,1,489.99,23259.00946665,0.1,48.999,2325.900946665
778,2,3,56,85,2,1,3,9,20170315,20170315,,40,,False,Non local,1,329.99,15664.075866650002,0.05,16.4995,783.2037933325001
779,1,4,367,101,1,1,2,6,20170315,20170316,20170318,141,3.0,True,Non local,1,339.99,16138.759216650002,0.05,16.9995,806.9379608325002
779,2,4,367,90,9,1,2,6,20170315,20170316,20170318,141,3.0,True,Non local,2,209.99,9967.87566665,0.2,83.99600000000001,3987.15026666
779,3,4,367,47,9,6,2,6,20170315,20170316,20170318,141,3.0,True,Non local,1,5299.99,251581.70081665,0.2,1059.998,50316.34016333
779,4,4,367,8,9,6,2,6,20170315,20170316,20170318,141,3.0,True,Non local,1,1799.99,85442.52831665,0.2,359.99800000000005,17088.50566333
779,5,4,367,85,2,1,2,6,20170315,20170316,20170318,141,3.0,True,Non local,1,329.99,15664.075866650002,0.2,65.998,3132.8151733300006
780,1,4,592,32,9,6,2,6,20170315,20170317,20170317,146,2.0,False,Non local,1,469.99,22309.64276665,0.1,46.999,2230.964276665
781,1,4,1018,109,7,2,2,6,20170315,20170316,20170317,34,2.0,True,Non local,2,416.99,19793.82101165,0.05,41.699000000000005,1979.3821011650002
781,2,4,1018,7,9,6,2,6,20170315,20170316,20170317,34,2.0,True,Non local,2,3999.99,189872.86531665,0.2,1599.996,75949.14612666
781,3,4,1018,57,9,7,2,6,20170315,20170316,20170317,34,2.0,True,Non local,2,1999.99,94936.19531665,0.1,399.99800000000005,18987.239063330002
782,1,4,1298,20,1,3,2,7,20170315,20170316,20170318,150,3.0,True,Non local,2,599.99,28480.52631665,0.07,83.99860000000001,3987.2736843310004
782,2,4,1298,57,9,7,2,7,20170315,20170316,20170318,150,3.0,True,Non local,1,1999.99,94936.19531665,0.07,139.9993,6645.533672165501
782,3,4,1298,99,1,1,2,7,20170315,20170316,20170318,150,3.0,True,Non local,1,299.99,14240.02581665,0.07,20.9993,996.8018071655001
782,4,4,1298,16,1,3,2,7,20170315,20170316,20170318,150,3.0,True,Non local,2,599.99,28480.52631665,0.2,239.996,11392.210526660001
783,1,4,1343,92,2,1,1,2,20170316,20170319,20170317,69,1.0,False,Non local,1,209.99,9967.87566665,0.2,41.998000000000005,1993.57513333
783,2,4,1343,22,1,1,1,2,20170316,20170319,20170317,69,1.0,False,Non local,2,269.99,12815.97576665,0.05,26.999000000000002,1281.5975766650001
783,3,4,1343,94,2,1,1,2,20170316,20170319,20170317,69,1.0,False,Non local,1,249.99,11866.60906665,0.05,12.499500000000001,593.3304533325
783,4,4,1343,29,9,6,1,2,20170316,20170319,20170317,69,1.0,False,Non local,1,999.99,47467.86031665,0.1,99.99900000000001,4746.786031665
784,1,4,430,22,1,1,2,7,20170316,20170319,20170319,136,3.0,False,Non local,1,269.99,12815.97576665,0.07,18.899300000000004,897.1183036655001
784,2,4,430,72,7,3,2,7,20170316,20170319,20170319,136,3.0,False,Non local,2,619.99,29429.893016650003,0.1,123.998,5885.978603330001
784,3,4,430,16,1,3,2,7,20170316,20170319,20170319,136,3.0,False,Non local,1,599.99,28480.52631665,0.2,119.998,5696.1052633300005
785,1,4,794,59,9,7,1,2,20170318,20170319,20170320,3,2.0,True,Non local,2,2599.99,123417.19631665,0.2,1039.9959999999999,49366.87852666
785,2,4,794,40,9,6,1,2,20170318,20170319,20170320,3,2.0,True,Non local,1,4999.99,237341.20031665,0.07,349.9993,16613.8840221655
785,3,4,794,25,1,2,1,2,20170318,20170319,20170320,3,2.0,True,Non local,1,499.99,23733.692816650004,0.07,34.999300000000005,1661.3584971655005
786,1,4,249,80,7,3,2,6,20170318,20170320,20170319,27,1.0,False,Non local,1,761.99,36170.39658665,0.05,38.0995,1808.5198293325002
787,1,4,700,51,9,7,3,9,20170318,20170320,20170319,89,1.0,False,Non local,2,6499.99,308543.70281665004,0.07,909.9986,43196.11839433101
787,2,4,700,66,7,3,3,9,20170318,20170320,20170319,89,1.0,False,Non local,2,250.99,11914.077401650002,0.1,50.19800000000001,2382.8154803300004
788,1,4,1363,48,9,7,3,9,20170318,20170320,20170320,40,2.0,False,Non local,1,1499.99,71202.02781665,0.2,299.998,14240.405563330001
788,2,4,1363,19,4,3,3,9,20170318,20170320,20170320,40,2.0,False,Non local,1,449.0,21313.282415,0.1,44.900000000000006,2131.3282415000003
788,3,4,1363,13,1,3,3,9,20170318,20170320,20170320,40,2.0,False,Non local,1,269.99,12815.97576665,0.05,13.499500000000001,640.7987883325001
789,1,4,772,100,1,1,2,6,20170319,20170320,20170320,185,1.0,False,Non local,2,489.99,23259.00946665,0.2,195.996,9303.60378666
789,2,4,772,93,2,1,2,6,20170319,20170320,20170320,185,1.0,False,Non local,2,209.99,9967.87566665,0.07,29.398600000000005,1395.502593331
790,1,4,1015,62,9,4,2,7,20170319,20170321,20170322,138,3.0,True,Non local,2,3499.99,166138.69781665,0.07,489.9986,23259.417694331
790,2,4,1015,91,9,1,2,7,20170319,20170321,20170322,138,3.0,True,Non local,1,349.99,16613.442566650003,0.1,34.999,1661.3442566650003
791,1,4,432,54,9,7,2,6,20170320,20170322,20170323,131,3.0,True,Non local,1,3199.99,151898.19731665,0.2,639.998,30379.639463330004
791,2,4,432,25,1,2,2,6,20170320,20170322,20170323,131,3.0,True,Non local,2,499.99,23733.692816650004,0.07,69.99860000000001,3322.716994331001
792,1,4,479,16,1,3,2,6,20170322,20170323,20170324,159,2.0,True,Non local,2,599.99,28480.52631665,0.2,239.996,11392.210526660001
792,2,4,479,39,9,6,2,6,20170322,20170323,20170324,159,2.0,True,Non local,1,1499.99,71202.02781665,0.2,299.998,14240.405563330001
792,3,4,479,56,9,7,2,6,20170322,20170323,20170324,159,2.0,True,Non local,1,5499.99,261075.36781665,0.2,1099.998,52215.07356333
792,4,4,479,30,8,6,2,6,20170322,20170323,20170324,159,2.0,True,Non local,1,999.99,47467.86031665,0.05,49.999500000000005,2373.3930158325
792,5,4,479,2,5,6,2,6,20170322,20170323,20170324,159,2.0,True,Non local,1,749.99,35600.776566650005,0.2,149.99800000000002,7120.155313330001
793,1,4,653,60,7,5,2,6,20170323,20170324,20170324,187,1.0,False,Non local,1,1559.99,74050.12791665,0.05,77.99950000000001,3702.5063958325004
793,2,4,653,95,1,1,2,6,20170323,20170324,20170324,187,1.0,False,Non local,2,299.99,14240.02581665,0.05,29.999000000000002,1424.0025816650002
793,3,4,653,75,1,3,2,6,20170323,20170324,20170324,187,1.0,False,Non local,2,599.99,28480.52631665,0.05,59.999,2848.0526316650003
794,1,4,863,41,2,6,2,7,20170323,20170325,20170324,47,1.0,False,Non local,2,1469.99,69777.97776665,0.05,146.999,6977.797776665
794,2,4,863,68,7,3,2,7,20170323,20170325,20170324,47,1.0,False,Non local,1,449.99,21360.276066650003,0.2,89.998,4272.055213330001
794,3,4,863,17,4,3,2,7,20170323,20170325,20170324,47,1.0,False,Non local,1,429.0,20363.915715000003,0.07,30.03,1425.4741000500003
794,4,4,863,28,8,6,2,7,20170323,20170325,20170324,47,1.0,False,Non local,1,2499.99,118670.36281665,0.1,249.999,11867.036281665001
795,1,4,992,95,1,1,2,7,20170323,20170325,20170326,126,3.0,True,Non local,2,299.99,14240.02581665,0.05,29.999000000000002,1424.0025816650002
795,2,4,992,99,1,1,2,7,20170323,20170325,20170326,126,3.0,True,Non local,2,299.99,14240.02581665,0.05,29.999000000000002,1424.0025816650002
796,1,4,154,6,8,6,3,9,20170323,20170326,20170325,102,2.0,False,Non local,2,469.99,22309.64276665,0.2,187.996,8923.85710666
797,1,4,374,11,8,4,2,7,20170324,20170326,20170326,44,2.0,False,Non local,1,1680.99,79793.79645165,0.07,117.6693,5585.565751615501
797,2,4,374,69,7,3,2,7,20170324,20170326,20170326,44,2.0,False,Non local,1,416.99,19793.82101165,0.05,20.849500000000003,989.6910505825001
797,3,4,374,74,1,3,2,7,20170324,20170326,20170326,44,2.0,False,Non local,1,439.99,20885.59271665,0.1,43.999,2088.5592716650003
797,4,4,374,54,9,7,2,7,20170324,20170326,20170326,44,2.0,False,Non local,2,3199.99,151898.19731665,0.05,319.999,15189.819731665002
797,5,4,374,62,9,4,2,7,20170324,20170326,20170326,44,2.0,False,Non local,2,3499.99,166138.69781665,0.1,699.998,33227.739563330004
798,1,4,619,23,1,1,1,3,20170326,20170328,20170329,83,3.0,True,Non local,1,299.99,14240.02581665,0.1,29.999000000000002,1424.0025816650002
798,2,4,619,90,9,1,1,3,20170326,20170328,20170329,83,3.0,True,Non local,1,209.99,9967.87566665,0.05,10.499500000000001,498.3937833325
798,3,4,619,91,9,1,1,3,20170326,20170328,20170329,83,3.0,True,Non local,2,349.99,16613.442566650003,0.07,48.9986,2325.8819593310004
798,4,4,619,42,9,6,1,3,20170326,20170328,20170329,83,3.0,True,Non local,1,2299.99,109176.69581665,0.2,459.998,21835.33916333
798,5,4,619,26,1,2,1,3,20170326,20170328,20170329,83,3.0,True,Non local,2,599.99,28480.52631665,0.05,59.999,2848.0526316650003
799,1,4,607,5,3,6,1,3,20170327,20170328,20170329,168,2.0,True,Non local,2,1320.99,62705.19585165,0.1,264.19800000000004,12541.039170330001
799,2,4,607,34,9,6,1,3,20170327,20170328,20170329,168,2.0,True,Non local,2,469.99,22309.64276665,0.05,46.999,2230.964276665
799,3,4,607,29,9,6,1,3,20170327,20170328,20170329,168,2.0,True,Non local,2,999.99,47467.86031665,0.07,139.9986,6645.500444331001
799,4,4,607,63,9,4,1,3,20170327,20170328,20170329,168,2.0,True,Non local,1,3499.99,166138.69781665,0.1,349.999,16613.869781665002
799,5,4,607,58,9,7,1,3,20170327,20170328,20170329,168,2.0,True,Non local,2,4999.99,237341.20031665,0.07,699.9986,33227.768044331
800,1,4,1057,65,7,3,2,6,20170327,20170329,20170328,152,1.0,False,Non local,2,346.99,16471.037561650002,0.1,69.39800000000001,3294.2075123300006
800,2,4,1057,54,9,7,2,6,20170327,20170329,20170328,152,1.0,False,Non local,1,3199.99,151898.19731665,0.07,223.9993,10632.873812165502
800,3,4,1057,6,8,6,2,6,20170327,20170329,20170328,152,1.0,False,Non local,2,469.99,22309.64276665,0.05,46.999,2230.964276665
800,4,4,1057,52,8,7,2,6,20170327,20170329,20170328,152,1.0,False,Non local,1,875.99,41581.786776650006,0.1,87.599,4158.178677665001
800,5,4,1057,95,1,1,2,6,20170327,20170329,20170328,152,1.0,False,Non local,2,299.99,14240.02581665,0.05,29.999000000000002,1424.0025816650002
801,1,4,78,101,1,1,1,2,20170328,20170329,20170330,31,2.0,True,Non local,1,339.99,16138.759216650002,0.07,23.799300000000002,1129.7131451655002
802,1,4,340,30,8,6,2,6,20170328,20170329,20170330,99,2.0,True,Non local,1,999.99,47467.86031665,0.05,49.999500000000005,2373.3930158325
802,2,4,340,36,8,6,2,6,20170328,20170329,20170330,99,2.0,True,Non local,2,832.99,39540.64837165,0.2,333.196,15816.259348660002
802,3,4,340,40,9,6,2,6,20170328,20170329,20170330,99,2.0,True,Non local,1,4999.99,237341.20031665,0.1,499.999,23734.120031665003
802,4,4,340,28,8,6,2,6,20170328,20170329,20170330,99,2.0,True,Non local,1,2499.99,118670.36281665,0.05,124.9995,5933.518140832501
803,1,4,1105,111,7,2,3,8,20170328,20170331,20170330,62,2.0,False,Non local,1,470.99,22357.111101650004,0.07,32.969300000000004,1564.9977771155004
803,2,4,1105,52,8,7,3,8,20170328,20170331,20170330,62,2.0,False,Non local,2,875.99,41581.786776650006,0.05,87.599,4158.178677665001
803,3,4,1105,102,1,2,3,8,20170328,20170331,20170330,62,2.0,False,Non local,1,489.99,23259.00946665,0.07,34.2993,1628.1306626655003
803,4,4,1105,83,9,1,3,8,20170328,20170331,20170330,62,2.0,False,Non local,2,149.99,7119.775566650001,0.05,14.999000000000002,711.9775566650001
804,1,4,95,89,9,1,2,6,20170329,20170331,20170330,74,1.0,False,Non local,2,209.99,9967.87566665,0.2,83.99600000000001,3987.15026666
804,2,4,95,53,8,7,2,6,20170329,20170331,20170330,74,1.0,False,Non local,1,749.99,35600.776566650005,0.07,52.499300000000005,2492.0543596655007
804,3,4,95,50,9,7,2,6,20170329,20170331,20170330,74,1.0,False,Non local,2,5999.99,284809.53531665,0.05,599.999,28480.953531665
805,1,4,420,24,1,2,2,6,20170329,20170330,20170401,44,3.0,True,Non local,1,549.99,26107.10956665,0.05,27.4995,1305.3554783325
805,2,4,420,33,8,6,2,6,20170329,20170330,20170401,44,3.0,True,Non local,2,469.99,22309.64276665,0.2,187.996,8923.85710666
805,3,4,420,62,9,4,2,6,20170329,20170330,20170401,44,3.0,True,Non local,2,3499.99,166138.69781665,0.2,1399.996,66455.47912666001
805,4,4,420,32,9,6,2,6,20170329,20170330,20170401,44,3.0,True,Non local,1,469.99,22309.64276665,0.07,32.899300000000004,1561.6749936655
805,5,4,420,6,8,6,2,6,20170329,20170330,20170401,44,3.0,True,Non local,2,469.99,22309.64276665,0.05,46.999,2230.964276665
806,1,4,234,93,2,1,2,7,20170330,20170331,20170331,131,1.0,False,Non local,2,209.99,9967.87566665,0.1,41.998000000000005,1993.57513333
806,2,4,234,97,1,1,2,7,20170330,20170331,20170331,131,1.0,False,Non local,1,349.99,16613.442566650003,0.2,69.998,3322.6885133300007
806,3,4,234,77,1,3,2,7,20170330,20170331,20170331,131,1.0,False,Non local,2,799.99,37974.19331665,0.1,159.99800000000002,7594.838663330001
806,4,4,234,82,1,3,2,7,20170330,20170331,20170331,131,1.0,False,Non local,2,659.99,31328.626416650004,0.2,263.99600000000004,12531.450566660002
806,5,4,234,91,9,1,2,7,20170330,20170331,20170331,131,1.0,False,Non local,2,349.99,16613.442566650003,0.07,48.9986,2325.8819593310004
807,1,4,1148,21,1,1,2,6,20170330,20170401,20170402,95,3.0,True,Non local,2,269.99,12815.97576665,0.2,107.99600000000001,5126.3903066600005
807,2,4,1148,6,8,6,2,6,20170330,20170401,20170402,95,3.0,True,Non local,1,469.99,22309.64276665,0.07,32.899300000000004,1561.6749936655
807,3,4,1148,3,8,6,2,6,20170330,20170401,20170402,95,3.0,True,Non local,2,999.99,47467.86031665,0.07,139.9986,6645.500444331001
807,4,4,1148,9,9,5,2,6,20170330,20170401,20170402,95,3.0,True,Non local,2,2999.99,142404.53031665,0.2,1199.9959999999999,56961.81212666
807,5,4,1148,16,1,3,2,6,20170330,20170401,20170402,95,3.0,True,Non local,1,599.99,28480.52631665,0.2,119.998,5696.1052633300005
808,1,4,315,96,1,1,2,6,20170331,20170402,20170402,63,2.0,False,local,2,349.99,16613.442566650003,0.05,34.999,1661.3442566650003
808,2,4,315,18,4,3,2,6,20170331,20170402,20170402,63,2.0,False,local,1,449.0,21313.282415,0.05,22.450000000000003,1065.6641207500002
808,3,4,315,85,2,1,2,6,20170331,20170402,20170402,63,2.0,False,local,1,329.99,15664.075866650002,0.05,16.4995,783.2037933325001
808,4,4,315,19,4,3,2,6,20170331,20170402,20170402,63,2.0,False,local,2,449.0,21313.282415,0.05,44.900000000000006,2131.3282415000003
809,1,4,1222,78,7,3,2,7,20170331,20170403,20170403,159,3.0,False,Non local,1,647.99,30759.00639665,0.1,64.799,3075.900639665
809,2,4,1222,26,1,2,2,7,20170331,20170403,20170403,159,3.0,False,Non local,1,599.99,28480.52631665,0.2,119.998,5696.1052633300005
809,3,4,1222,92,2,1,2,7,20170331,20170403,20170403,159,3.0,False,Non local,2,209.99,9967.87566665,0.1,41.998000000000005,1993.57513333
810,1,3,153,103,7,2,3,8,20170401,20170401,,52,,False,Non local,2,551.99,26202.046236650003,0.05,55.199000000000005,2620.2046236650003
810,2,3,153,100,1,1,3,8,20170401,20170401,,52,,False,Non local,1,489.99,23259.00946665,0.2,97.998,4651.80189333
810,3,3,153,56,9,7,3,8,20170401,20170401,,52,,False,Non local,1,5499.99,261075.36781665,0.05,274.9995,13053.7683908325
810,4,3,153,22,1,1,3,8,20170401,20170401,,52,,False,Non local,1,269.99,12815.97576665,0.2,53.998000000000005,2563.1951533300003
811,1,4,524,45,2,6,2,7,20170401,20170404,20170404,47,3.0,False,Non local,2,869.99,41296.976766650005,0.07,121.79860000000001,5781.576747331002
811,2,4,524,54,9,7,2,7,20170401,20170404,20170404,47,3.0,False,Non local,1,3199.99,151898.19731665,0.2,639.998,30379.639463330004
811,3,4,524,70,1,3,2,7,20170401,20170404,20170404,47,3.0,False,Non local,1,659.99,31328.626416650004,0.07,46.19930000000001,2193.0038491655005
811,4,4,524,66,7,3,2,7,20170401,20170404,20170404,47,3.0,False,Non local,1,250.99,11914.077401650002,0.1,25.099000000000004,1191.4077401650002
812,1,4,1164,76,1,3,2,7,20170401,20170402,20170403,17,2.0,True,Non local,2,299.99,14240.02581665,0.1,59.998000000000005,2848.0051633300004
812,2,4,1164,40,9,6,2,7,20170401,20170402,20170403,17,2.0,True,Non local,1,4999.99,237341.20031665,0.2,999.998,47468.240063330006
813,1,4,1203,96,1,1,3,9,20170401,20170403,20170402,54,1.0,False,Non local,2,349.99,16613.442566650003,0.1,69.998,3322.6885133300007
813,2,4,1203,85,2,1,3,9,20170401,20170403,20170402,54,1.0,False,Non local,2,329.99,15664.075866650002,0.2,131.996,6265.630346660001
813,3,4,1203,33,8,6,3,9,20170401,20170403,20170402,54,1.0,False,Non local,2,469.99,22309.64276665,0.2,187.996,8923.85710666
813,4,4,1203,26,1,2,3,9,20170401,20170403,20170402,54,1.0,False,Non local,2,599.99,28480.52631665,0.07,83.99860000000001,3987.2736843310004
813,5,4,1203,71,7,3,3,9,20170401,20170403,20170402,54,1.0,False,Non local,2,416.99,19793.82101165,0.05,41.699000000000005,1979.3821011650002
814,1,4,629,69,7,3,2,7,20170402,20170405,20170403,7,1.0,False,Non local,2,416.99,19793.82101165,0.1,83.39800000000001,3958.7642023300004
814,2,4,629,100,1,1,2,7,20170402,20170405,20170403,7,1.0,False,Non local,1,489.99,23259.00946665,0.1,48.999,2325.900946665
814,3,4,629,65,7,3,2,7,20170402,20170405,20170403,7,1.0,False,Non local,1,346.99,16471.037561650002,0.2,69.39800000000001,3294.2075123300006
814,4,4,629,83,9,1,2,7,20170402,20170405,20170403,7,1.0,False,Non local,2,149.99,7119.775566650001,0.05,14.999000000000002,711.9775566650001
815,1,4,1251,105,7,2,1,3,20170403,20170405,20170404,46,1.0,False,Non local,2,533.99,25347.616206650004,0.2,213.596,10139.046482660002
815,2,4,1251,102,1,2,1,3,20170403,20170405,20170404,46,1.0,False,Non local,2,489.99,23259.00946665,0.2,195.996,9303.60378666
815,3,4,1251,87,9,1,1,3,20170403,20170405,20170404,46,1.0,False,Non local,2,189.99,9018.50896665,0.1,37.998000000000005,1803.7017933300003
815,4,4,1251,23,1,1,1,3,20170403,20170405,20170404,46,1.0,False,Non local,1,299.99,14240.02581665,0.07,20.9993,996.8018071655001
816,1,4,811,75,1,3,2,6,20170403,20170405,20170405,98,2.0,False,Non local,2,599.99,28480.52631665,0.1,119.998,5696.1052633300005
816,2,4,811,64,1,3,2,6,20170403,20170405,20170405,98,2.0,False,Non local,2,489.99,23259.00946665,0.2,195.996,9303.60378666
817,1,4,301,85,2,1,2,7,20170404,20170405,20170407,17,3.0,True,Non local,1,329.99,15664.075866650002,0.05,16.4995,783.2037933325001
817,2,4,301,105,7,2,2,7,20170404,20170405,20170407,17,3.0,True,Non local,2,533.99,25347.616206650004,0.07,74.75860000000002,3548.666268931001
817,3,4,301,48,9,7,2,7,20170404,20170405,20170407,17,3.0,True,Non local,2,1499.99,71202.02781665,0.05,149.999,7120.202781665001
818,1,4,1319,103,7,2,2,6,20170404,20170407,20170407,90,3.0,False,Non local,1,551.99,26202.046236650003,0.05,27.599500000000003,1310.1023118325002
818,2,4,1319,44,2,6,2,6,20170404,20170407,20170407,90,3.0,False,Non local,2,539.99,25632.42621665,0.07,75.5986,3588.5396703310007
818,3,4,1319,19,4,3,2,6,20170404,20170407,20170407,90,3.0,False,Non local,2,449.0,21313.282415,0.05,44.900000000000006,2131.3282415000003
818,4,4,1319,48,9,7,2,6,20170404,20170407,20170407,90,3.0,False,Non local,2,1499.99,71202.02781665,0.05,149.999,7120.202781665001
819,1,4,221,94,2,1,3,9,20170404,20170407,20170405,125,1.0,False,Non local,1,249.99,11866.60906665,0.2,49.998000000000005,2373.32181333
820,1,4,725,107,7,2,2,7,20170405,20170408,20170407,114,2.0,False,Non local,1,416.99,19793.82101165,0.05,20.849500000000003,989.6910505825001
821,1,4,1181,102,1,2,2,7,20170405,20170407,20170408,119,3.0,True,Non local,1,489.99,23259.00946665,0.07,34.2993,1628.1306626655003
821,2,4,1181,70,1,3,2,7,20170405,20170407,20170408,119,3.0,True,Non local,2,659.99,31328.626416650004,0.2,263.99600000000004,12531.450566660002
821,3,4,1181,6,8,6,2,7,20170405,20170407,20170408,119,3.0,True,Non local,1,469.99,22309.64276665,0.2,93.998,4461.92855333
821,4,4,1181,107,7,2,2,7,20170405,20170407,20170408,119,3.0,True,Non local,1,416.99,19793.82101165,0.05,20.849500000000003,989.6910505825001
822,1,4,294,53,8,7,2,7,20170406,20170408,20170409,55,3.0,True,Non local,1,749.99,35600.776566650005,0.05,37.499500000000005,1780.0388283325003
822,2,4,294,72,7,3,2,7,20170406,20170408,20170409,55,3.0,True,Non local,1,619.99,29429.893016650003,0.2,123.998,5885.978603330001
823,1,4,415,56,9,7,3,8,20170406,20170407,20170408,164,2.0,True,Non local,2,5499.99,261075.36781665,0.07,769.9986,36550.551494331005
823,2,4,415,86,9,1,3,8,20170406,20170407,20170408,164,2.0,True,Non local,2,149.99,7119.775566650001,0.2,59.99600000000001,2847.9102266600003
823,3,4,415,81,1,3,3,8,20170406,20170407,20170408,164,2.0,True,Non local,1,1099.99,52214.69381665,0.2,219.99800000000002,10442.93876333
824,1,4,993,92,2,1,1,2,20170407,20170409,20170410,120,3.0,True,Non local,2,209.99,9967.87566665,0.1,41.998000000000005,1993.57513333
825,1,4,10,19,4,3,2,7,20170407,20170408,20170409,10,2.0,True,Non local,1,449.0,21313.282415,0.1,44.900000000000006,2131.3282415000003
825,2,4,10,30,8,6,2,7,20170407,20170408,20170409,10,2.0,True,Non local,2,999.99,47467.86031665,0.2,399.99600000000004,18987.14412666
826,1,4,45,45,2,6,2,6,20170407,20170410,20170410,42,3.0,False,Non local,2,869.99,41296.976766650005,0.2,347.99600000000004,16518.790706660002
826,2,4,45,36,8,6,2,6,20170407,20170410,20170410,42,3.0,False,Non local,1,832.99,39540.64837165,0.1,83.299,3954.0648371650004
827,1,4,666,43,9,6,2,7,20170407,20170410,20170410,81,3.0,False,Non local,1,5299.99,251581.70081665,0.05,264.9995,12579.0850408325
827,2,4,666,41,2,6,2,7,20170407,20170410,20170410,81,3.0,False,Non local,1,1469.99,69777.97776665,0.2,293.998,13955.59555333
827,3,4,666,28,8,6,2,7,20170407,20170410,20170410,81,3.0,False,Non local,1,2499.99,118670.36281665,0.2,499.998,23734.072563330003
827,4,4,666,108,7,2,2,7,20170407,20170410,20170410,81,3.0,False,Non local,1,449.99,21360.276066650003,0.2,89.998,4272.055213330001
828,1,4,246,25,1,2,2,6,20170409,20170410,20170412,134,3.0,True,Non local,2,499.99,23733.692816650004,0.2,199.996,9493.477126660002
828,2,4,246,24,1,2,2,6,20170409,20170410,20170412,134,3.0,True,Non local,1,549.99,26107.10956665,0.2,109.998,5221.42191333
828,3,4,246,55,9,7,2,6,20170409,20170410,20170412,134,3.0,True,Non local,2,2699.99,128164.02981665,0.07,377.9986,17942.964174331002
829,1,4,674,103,7,2,2,7,20170409,20170410,20170410,74,1.0,False,Non local,1,551.99,26202.046236650003,0.2,110.39800000000001,5240.409247330001
829,2,4,674,105,7,2,2,7,20170409,20170410,20170410,74,1.0,False,Non local,2,533.99,25347.616206650004,0.1,106.798,5069.523241330001
830,1,4,431,85,2,1,2,6,20170411,20170414,20170412,139,1.0,False,Non local,2,329.99,15664.075866650002,0.2,131.996,6265.630346660001
830,2,4,431,100,1,1,2,6,20170411,20170414,20170412,139,1.0,False,Non local,2,489.99,23259.00946665,0.07,68.5986,3256.2613253310005
830,3,4,431,96,1,1,2,6,20170411,20170414,20170412,139,1.0,False,Non local,2,349.99,16613.442566650003,0.2,139.996,6645.377026660001
831,1,4,1000,67,7,3,2,7,20170411,20170412,20170412,188,1.0,False,Non local,1,250.99,11914.077401650002,0.2,50.19800000000001,2382.8154803300004
831,2,4,1000,11,8,4,2,7,20170411,20170412,20170412,188,1.0,False,Non local,1,1680.99,79793.79645165,0.2,336.19800000000004,15958.759290330003
831,3,4,1000,68,7,3,2,7,20170411,20170412,20170412,188,1.0,False,Non local,1,449.99,21360.276066650003,0.1,44.999,2136.0276066650003
832,1,4,1215,54,9,7,2,7,20170411,20170412,20170412,50,1.0,False,Non local,1,3199.99,151898.19731665,0.05,159.9995,7594.909865832501
832,2,4,1215,45,2,6,2,7,20170411,20170412,20170412,50,1.0,False,Non local,1,869.99,41296.976766650005,0.2,173.99800000000002,8259.395353330001
832,3,4,1215,27,8,6,2,7,20170411,20170412,20170412,50,1.0,False,Non local,1,999.99,47467.86031665,0.07,69.9993,3322.7502221655004
832,4,4,1215,16,1,3,2,7,20170411,20170412,20170412,50,1.0,False,Non local,2,599.99,28480.52631665,0.1,119.998,5696.1052633300005
833,1,4,406,20,1,3,2,7,20170412,20170414,20170415,162,3.0,True,Non local,2,599.99,28480.52631665,0.05,59.999,2848.0526316650003
834,1,4,890,54,9,7,2,6,20170412,20170413,20170415,27,3.0,True,Non local,1,3199.99,151898.19731665,0.07,223.9993,10632.873812165502
834,2,4,890,21,1,1,2,6,20170412,20170413,20170415,27,3.0,True,Non local,1,269.99,12815.97576665,0.05,13.499500000000001,640.7987883325001
834,3,4,890,78,7,3,2,6,20170412,20170413,20170415,27,3.0,True,Non local,1,647.99,30759.00639665,0.2,129.598,6151.80127933
835,1,4,940,65,7,3,1,2,20170413,20170415,20170414,37,1.0,False,Non local,2,346.99,16471.037561650002,0.07,48.57860000000001,2305.9452586310003
835,2,4,940,82,1,3,1,2,20170413,20170415,20170414,37,1.0,False,Non local,1,659.99,31328.626416650004,0.2,131.99800000000002,6265.725283330001
835,3,4,940,2,5,6,1,2,20170413,20170415,20170414,37,1.0,False,Non local,1,749.99,35600.776566650005,0.05,37.499500000000005,1780.0388283325003
836,1,4,455,108,7,2,2,6,20170413,20170416,20170414,33,1.0,False,Non local,2,449.99,21360.276066650003,0.2,179.996,8544.110426660001
837,1,4,948,51,9,7,2,7,20170413,20170416,20170414,145,1.0,False,Non local,1,6499.99,308543.70281665004,0.05,324.9995,15427.185140832502
837,2,4,948,97,1,1,2,7,20170413,20170416,20170414,145,1.0,False,Non local,1,349.99,16613.442566650003,0.1,34.999,1661.3442566650003
837,3,4,948,87,9,1,2,7,20170413,20170416,20170414,145,1.0,False,Non local,2,189.99,9018.50896665,0.2,75.99600000000001,3607.4035866600007
838,1,4,1395,28,8,6,2,7,20170414,20170417,20170415,79,1.0,False,Non local,1,2499.99,118670.36281665,0.1,249.999,11867.036281665001
838,2,4,1395,10,8,4,2,7,20170414,20170417,20170415,79,1.0,False,Non local,1,1549.0,73528.45091500001,0.1,154.9,7352.845091500001
838,3,4,1395,100,1,1,2,7,20170414,20170417,20170415,79,1.0,False,Non local,2,489.99,23259.00946665,0.05,48.999,2325.900946665
838,4,4,1395,65,7,3,2,7,20170414,20170417,20170415,79,1.0,False,Non local,2,346.99,16471.037561650002,0.07,48.57860000000001,2305.9452586310003
839,1,4,1332,55,9,7,1,3,20170415,20170418,20170416,46,1.0,False,Non local,1,2699.99,128164.02981665,0.07,188.9993,8971.482087165501
839,2,4,1332,85,2,1,1,3,20170415,20170418,20170416,46,1.0,False,Non local,1,329.99,15664.075866650002,0.1,32.999,1566.4075866650003
839,3,4,1332,58,9,7,1,3,20170415,20170418,20170416,46,1.0,False,Non local,2,4999.99,237341.20031665,0.05,499.999,23734.120031665003
840,1,4,372,27,8,6,2,6,20170415,20170416,20170416,158,1.0,False,Non local,1,999.99,47467.86031665,0.07,69.9993,3322.7502221655004
840,2,4,372,43,9,6,2,6,20170415,20170416,20170416,158,1.0,False,Non local,1,5299.99,251581.70081665,0.07,370.9993,17610.7190571655
840,3,4,372,106,7,2,2,6,20170415,20170416,20170416,158,1.0,False,Non local,2,449.99,21360.276066650003,0.2,179.996,8544.110426660001
841,1,4,428,22,1,1,2,7,20170415,20170418,20170417,165,2.0,False,Non local,2,269.99,12815.97576665,0.1,53.998000000000005,2563.1951533300003
841,2,4,428,9,9,5,2,7,20170415,20170418,20170417,165,2.0,False,Non local,1,2999.99,142404.53031665,0.2,599.9979999999999,28480.90606333
841,3,4,428,11,8,4,2,7,20170415,20170418,20170417,165,2.0,False,Non local,1,1680.99,79793.79645165,0.2,336.19800000000004,15958.759290330003
841,4,4,428,90,9,1,2,7,20170415,20170418,20170417,165,2.0,False,Non local,2,209.99,9967.87566665,0.07,29.398600000000005,1395.502593331
841,5,4,428,100,1,1,2,7,20170415,20170418,20170417,165,2.0,False,Non local,1,489.99,23259.00946665,0.1,48.999,2325.900946665
842,1,4,1133,81,1,3,2,6,20170415,20170418,20170416,104,1.0,False,Non local,2,1099.99,52214.69381665,0.07,153.9986,7310.057134331
842,2,4,1133,42,9,6,2,6,20170415,20170418,20170416,104,1.0,False,Non local,1,2299.99,109176.69581665,0.1,229.999,10917.669581665
843,1,4,1059,72,7,3,2,7,20170416,20170417,20170419,21,3.0,True,Non local,1,619.99,29429.893016650003,0.1,61.999,2942.9893016650003
843,2,4,1059,75,1,3,2,7,20170416,20170417,20170419,21,3.0,True,Non local,2,599.99,28480.52631665,0.1,119.998,5696.1052633300005
843,3,4,1059,81,1,3,2,7,20170416,20170417,20170419,21,3.0,True,Non local,1,1099.99,52214.69381665,0.1,109.99900000000001,5221.469381665
843,4,4,1059,23,1,1,2,7,20170416,20170417,20170419,21,3.0,True,Non local,2,299.99,14240.02581665,0.07,41.9986,1993.6036143310002
844,1,4,1436,79,7,3,2,6,20170416,20170417,20170418,139,2.0,True,Non local,2,402.99,19129.26432165,0.07,56.418600000000005,2678.097005031
844,2,4,1436,12,1,3,2,6,20170416,20170417,20170418,139,2.0,True,Non local,1,549.99,26107.10956665,0.1,54.999,2610.710956665
844,3,4,1436,83,9,1,2,6,20170416,20170417,20170418,139,2.0,True,Non local,2,149.99,7119.775566650001,0.2,59.99600000000001,2847.9102266600003
844,4,4,1436,48,9,7,2,6,20170416,20170417,20170418,139,2.0,True,Non local,1,1499.99,71202.02781665,0.2,299.998,14240.405563330001
844,5,4,1436,63,9,4,2,6,20170416,20170417,20170418,139,2.0,True,Non local,2,3499.99,166138.69781665,0.05,349.999,16613.869781665002
845,1,4,662,16,1,3,2,7,20170417,20170418,20170418,17,1.0,False,Non local,2,599.99,28480.52631665,0.2,239.996,11392.210526660001
845,2,4,662,75,1,3,2,7,20170417,20170418,20170418,17,1.0,False,Non local,1,599.99,28480.52631665,0.2,119.998,5696.1052633300005
845,3,4,662,26,1,2,2,7,20170417,20170418,20170418,17,1.0,False,Non local,2,599.99,28480.52631665,0.05,59.999,2848.0526316650003
845,4,4,662,73,7,3,2,7,20170417,20170418,20170418,17,1.0,False,Non local,2,749.99,35600.776566650005,0.2,299.99600000000004,14240.310626660003
845,5,4,662,88,9,1,2,7,20170417,20170418,20170418,17,1.0,False,Non local,1,189.99,9018.50896665,0.05,9.499500000000001,450.9254483325001
846,1,4,715,46,2,6,2,6,20170417,20170419,20170419,26,2.0,False,Non local,2,1409.99,66929.87766665,0.05,140.999,6692.987766665001
846,2,4,715,47,9,6,2,6,20170417,20170419,20170419,26,2.0,False,Non local,1,5299.99,251581.70081665,0.07,370.9993,17610.7190571655
846,3,4,715,71,7,3,2,6,20170417,20170419,20170419,26,2.0,False,Non local,1,416.99,19793.82101165,0.1,41.699000000000005,1979.3821011650002
846,4,4,715,72,7,3,2,6,20170417,20170419,20170419,26,2.0,False,Non local,2,619.99,29429.893016650003,0.05,61.999,2942.9893016650003
846,5,4,715,103,7,2,2,6,20170417,20170419,20170419,26,2.0,False,Non local,2,551.99,26202.046236650003,0.07,77.27860000000001,3668.286473131001
847,1,4,329,61,9,5,2,7,20170418,20170419,20170419,97,1.0,False,Non local,2,4999.99,237341.20031665,0.05,499.999,23734.120031665003
848,1,4,597,93,2,1,2,7,20170418,20170420,20170420,34,2.0,False,Non local,1,209.99,9967.87566665,0.07,14.699300000000003,697.7512966655
848,2,4,597,100,1,1,2,7,20170418,20170420,20170420,34,2.0,False,Non local,2,489.99,23259.00946665,0.2,195.996,9303.60378666
848,3,4,597,88,9,1,2,7,20170418,20170420,20170420,34,2.0,False,Non local,2,189.99,9018.50896665,0.2,75.99600000000001,3607.4035866600007
848,4,4,597,41,2,6,2,7,20170418,20170420,20170420,34,2.0,False,Non local,2,1469.99,69777.97776665,0.07,205.79860000000002,9768.916887331
849,1,4,776,109,7,2,1,2,20170419,20170420,20170421,59,2.0,True,Non local,1,416.99,19793.82101165,0.2,83.39800000000001,3958.7642023300004
850,1,4,1346,101,1,1,1,3,20170419,20170422,20170422,182,3.0,False,Non local,2,339.99,16138.759216650002,0.07,47.598600000000005,2259.4262903310005
850,2,4,1346,5,3,6,1,3,20170419,20170422,20170422,182,3.0,False,Non local,2,1320.99,62705.19585165,0.07,184.9386,8778.727419231001
850,3,4,1346,37,2,6,1,3,20170419,20170422,20170422,182,3.0,False,Non local,1,379.99,18037.49261665,0.07,26.599300000000003,1262.6244831655001
851,1,4,1139,30,8,6,2,6,20170420,20170421,20170422,152,2.0,True,Non local,1,999.99,47467.86031665,0.2,199.99800000000002,9493.57206333
851,2,4,1139,93,2,1,2,6,20170420,20170421,20170422,152,2.0,True,Non local,1,209.99,9967.87566665,0.05,10.499500000000001,498.3937833325
852,1,4,13,46,2,6,3,9,20170421,20170423,20170422,13,1.0,False,Non local,2,1409.99,66929.87766665,0.07,197.39860000000002,9370.182873331001
853,1,4,883,99,1,1,3,8,20170421,20170424,20170424,135,3.0,False,Non local,1,299.99,14240.02581665,0.05,14.999500000000001,712.0012908325001
853,2,4,883,58,9,7,3,8,20170421,20170424,20170424,135,3.0,False,Non local,2,4999.99,237341.20031665,0.2,1999.996,94936.48012666001
853,3,4,883,42,9,6,3,8,20170421,20170424,20170424,135,3.0,False,Non local,2,2299.99,109176.69581665,0.2,919.996,43670.67832666
853,4,4,883,45,2,6,3,8,20170421,20170424,20170424,135,3.0,False,Non local,1,869.99,41296.976766650005,0.2,173.99800000000002,8259.395353330001
853,5,4,883,6,8,6,3,8,20170421,20170424,20170424,135,3.0,False,Non local,1,469.99,22309.64276665,0.05,23.4995,1115.4821383325
854,1,4,177,87,9,1,2,6,20170422,20170425,20170423,34,1.0,False,Non local,1,189.99,9018.50896665,0.1,18.999000000000002,901.8508966650002
855,1,4,775,18,4,3,2,6,20170422,20170423,20170425,126,3.0,True,Non local,1,449.0,21313.282415,0.1,44.900000000000006,2131.3282415000003
855,2,4,775,93,2,1,2,6,20170422,20170423,20170425,126,3.0,True,Non local,2,209.99,9967.87566665,0.2,83.99600000000001,3987.15026666
855,3,4,775,89,9,1,2,6,20170422,20170423,20170425,126,3.0,True,Non local,1,209.99,9967.87566665,0.2,41.998000000000005,1993.57513333
856,1,4,477,38,2,6,2,6,20170423,20170425,20170426,139,3.0,True,Non local,2,549.99,26107.10956665,0.05,54.999,2610.710956665
857,1,4,1402,29,9,6,2,7,20170424,20170425,20170426,161,2.0,True,Non local,1,999.99,47467.86031665,0.2,199.99800000000002,9493.57206333
858,1,4,162,45,2,6,2,6,20170425,20170427,20170428,90,3.0,True,Non local,2,869.99,41296.976766650005,0.2,347.99600000000004,16518.790706660002
858,2,4,162,5,3,6,2,6,20170425,20170427,20170428,90,3.0,True,Non local,1,1320.99,62705.19585165,0.2,264.19800000000004,12541.039170330001
858,3,4,162,14,1,3,2,6,20170425,20170427,20170428,90,3.0,True,Non local,1,269.99,12815.97576665,0.07,18.899300000000004,897.1183036655001
858,4,4,162,73,7,3,2,6,20170425,20170427,20170428,90,3.0,True,Non local,2,749.99,35600.776566650005,0.07,104.99860000000001,4984.108719331001
859,1,4,644,38,2,6,2,6,20170425,20170426,20170426,65,1.0,False,Non local,2,549.99,26107.10956665,0.07,76.99860000000001,3654.995339331
859,2,4,644,13,1,3,2,6,20170425,20170426,20170426,65,1.0,False,Non local,1,269.99,12815.97576665,0.1,26.999000000000002,1281.5975766650001
859,3,4,644,14,1,3,2,6,20170425,20170426,20170426,65,1.0,False,Non local,2,269.99,12815.97576665,0.1,53.998000000000005,2563.1951533300003
859,4,4,644,71,7,3,2,6,20170425,20170426,20170426,65,1.0,False,Non local,2,416.99,19793.82101165,0.1,83.39800000000001,3958.7642023300004
859,5,4,644,36,8,6,2,6,20170425,20170426,20170426,65,1.0,False,Non local,2,832.99,39540.64837165,0.1,166.598,7908.129674330001
860,1,4,473,6,8,6,2,7,20170427,20170429,20170428,63,1.0,False,local,1,469.99,22309.64276665,0.05,23.4995,1115.4821383325
860,2,4,473,24,1,2,2,7,20170427,20170429,20170428,63,1.0,False,local,2,549.99,26107.10956665,0.2,219.996,10442.84382666
860,3,4,473,25,1,2,2,7,20170427,20170429,20170428,63,1.0,False,local,1,499.99,23733.692816650004,0.2,99.998,4746.738563330001
860,4,4,473,58,9,7,2,7,20170427,20170429,20170428,63,1.0,False,local,2,4999.99,237341.20031665,0.07,699.9986,33227.768044331
860,5,4,473,95,1,1,2,7,20170427,20170429,20170428,63,1.0,False,local,2,299.99,14240.02581665,0.05,29.999000000000002,1424.0025816650002
861,1,4,1177,14,1,3,2,7,20170427,20170429,20170430,144,3.0,True,Non local,2,269.99,12815.97576665,0.07,37.79860000000001,1794.2366073310002
861,2,4,1177,62,9,4,2,7,20170427,20170429,20170430,144,3.0,True,Non local,1,3499.99,166138.69781665,0.2,699.998,33227.739563330004
862,1,4,1230,85,2,1,3,8,20170427,20170430,20170429,54,2.0,False,Non local,1,329.99,15664.075866650002,0.05,16.4995,783.2037933325001
862,2,4,1230,99,1,1,3,8,20170427,20170430,20170429,54,2.0,False,Non local,1,299.99,14240.02581665,0.2,59.998000000000005,2848.0051633300004
862,3,4,1230,49,9,7,3,8,20170427,20170430,20170429,54,2.0,False,Non local,2,3499.99,166138.69781665,0.07,489.9986,23259.417694331
863,1,4,446,93,2,1,2,7,20170428,20170430,20170501,167,3.0,True,Non local,2,209.99,9967.87566665,0.1,41.998000000000005,1993.57513333
864,1,4,902,37,2,6,2,6,20170428,20170430,20170429,67,1.0,False,Non local,1,379.99,18037.49261665,0.1,37.999,1803.7492616650002
864,2,4,902,65,7,3,2,6,20170428,20170430,20170429,67,1.0,False,Non local,2,346.99,16471.037561650002,0.05,34.699000000000005,1647.1037561650003
864,3,4,902,13,1,3,2,6,20170428,20170430,20170429,67,1.0,False,Non local,1,269.99,12815.97576665,0.2,53.998000000000005,2563.1951533300003
865,1,4,974,109,7,2,2,6,20170429,20170502,20170501,35,2.0,False,Non local,2,416.99,19793.82101165,0.1,83.39800000000001,3958.7642023300004
865,2,4,974,34,9,6,2,6,20170429,20170502,20170501,35,2.0,False,Non local,1,469.99,22309.64276665,0.05,23.4995,1115.4821383325
866,1,4,1410,88,9,1,2,6,20170429,20170430,20170501,166,2.0,True,Non local,1,189.99,9018.50896665,0.2,37.998000000000005,1803.7017933300003
866,2,4,1410,67,7,3,2,6,20170429,20170430,20170501,166,2.0,True,Non local,2,250.99,11914.077401650002,0.07,35.138600000000004,1667.9708362310005
866,3,4,1410,80,7,3,2,6,20170429,20170430,20170501,166,2.0,True,Non local,1,761.99,36170.39658665,0.07,53.33930000000001,2531.9277610655004
866,4,4,1410,13,1,3,2,6,20170429,20170430,20170501,166,2.0,True,Non local,2,269.99,12815.97576665,0.07,37.79860000000001,1794.2366073310002
867,1,4,97,101,1,1,1,3,20170501,20170503,20170502,76,1.0,False,Non local,1,339.99,16138.759216650002,0.05,16.9995,806.9379608325002
868,1,4,868,46,2,6,1,3,20170501,20170504,20170502,82,1.0,False,Non local,1,1409.99,66929.87766665,0.07,98.69930000000001,4685.091436665501
869,1,4,844,7,9,6,2,7,20170501,20170504,20170502,107,1.0,False,Non local,1,3999.99,189872.86531665,0.2,799.998,37974.57306333
869,2,4,844,106,7,2,2,7,20170501,20170504,20170502,107,1.0,False,Non local,2,449.99,21360.276066650003,0.05,44.999,2136.0276066650003
869,3,4,844,33,8,6,2,7,20170501,20170504,20170502,107,1.0,False,Non local,1,469.99,22309.64276665,0.05,23.4995,1115.4821383325
869,4,4,844,55,9,7,2,7,20170501,20170504,20170502,107,1.0,False,Non local,2,2699.99,128164.02981665,0.05,269.99899999999997,12816.402981665
869,5,4,844,65,7,3,2,7,20170501,20170504,20170502,107,1.0,False,Non local,2,346.99,16471.037561650002,0.2,138.79600000000002,6588.415024660001
870,1,4,1416,63,9,4,2,6,20170501,20170504,20170502,35,1.0,False,Non local,1,3499.99,166138.69781665,0.07,244.9993,11629.7088471655
871,1,4,358,106,7,2,2,7,20170502,20170504,20170503,153,1.0,False,Non local,1,449.99,21360.276066650003,0.2,89.998,4272.055213330001
871,2,4,358,38,2,6,2,7,20170502,20170504,20170503,153,1.0,False,Non local,1,549.99,26107.10956665,0.1,54.999,2610.710956665
871,3,4,358,30,8,6,2,7,20170502,20170504,20170503,153,1.0,False,Non local,2,999.99,47467.86031665,0.2,399.99600000000004,18987.14412666
871,4,4,358,107,7,2,2,7,20170502,20170504,20170503,153,1.0,False,Non local,2,416.99,19793.82101165,0.05,41.699000000000005,1979.3821011650002
872,1,4,394,62,9,4,1,3,20170503,20170506,20170506,59,3.0,False,Non local,2,3499.99,166138.69781665,0.07,489.9986,23259.417694331
872,2,4,394,53,8,7,1,3,20170503,20170506,20170506,59,3.0,False,Non local,1,749.99,35600.776566650005,0.1,74.99900000000001,3560.0776566650006
873,1,4,829,32,9,6,2,7,20170503,20170505,20170505,91,2.0,False,Non local,2,469.99,22309.64276665,0.1,93.998,4461.92855333
874,1,4,661,56,9,7,2,7,20170504,20170505,20170506,10,2.0,True,Non local,1,5499.99,261075.36781665,0.05,274.9995,13053.7683908325
874,2,4,661,27,8,6,2,7,20170504,20170505,20170506,10,2.0,True,Non local,2,999.99,47467.86031665,0.05,99.99900000000001,4746.786031665
874,3,4,661,73,7,3,2,7,20170504,20170505,20170506,10,2.0,True,Non local,1,749.99,35600.776566650005,0.1,74.99900000000001,3560.0776566650006
874,4,4,661,77,1,3,2,7,20170504,20170505,20170506,10,2.0,True,Non local,2,799.99,37974.19331665,0.07,111.99860000000001,5316.387064331001
875,1,4,386,5,3,6,1,3,20170505,20170506,20170508,69,3.0,True,Non local,2,1320.99,62705.19585165,0.1,264.19800000000004,12541.039170330001
875,2,4,386,15,1,3,1,3,20170505,20170506,20170508,69,3.0,True,Non local,2,529.99,25157.74286665,0.05,52.999,2515.7742866650005
875,3,4,386,14,1,3,1,3,20170505,20170506,20170508,69,3.0,True,Non local,1,269.99,12815.97576665,0.07,18.899300000000004,897.1183036655001
875,4,4,386,111,7,2,1,3,20170505,20170506,20170508,69,3.0,True,Non local,1,470.99,22357.111101650004,0.2,94.19800000000001,4471.4222203300005
876,1,4,1046,17,4,3,2,7,20170505,20170508,20170506,18,1.0,False,Non local,2,429.0,20363.915715000003,0.2,171.60000000000002,8145.566286000001
876,2,4,1046,66,7,3,2,7,20170505,20170508,20170506,18,1.0,False,Non local,2,250.99,11914.077401650002,0.2,100.39600000000002,4765.630960660001
876,3,4,1046,96,1,1,2,7,20170505,20170508,20170506,18,1.0,False,Non local,1,349.99,16613.442566650003,0.07,24.4993,1162.9409796655002
876,4,4,1046,107,7,2,2,7,20170505,20170508,20170506,18,1.0,False,Non local,2,416.99,19793.82101165,0.05,41.699000000000005,1979.3821011650002
877,1,4,784,73,7,3,2,6,20170506,20170507,20170508,117,2.0,True,Non local,1,749.99,35600.776566650005,0.07,52.499300000000005,2492.0543596655007
877,2,4,784,103,7,2,2,6,20170506,20170507,20170508,117,2.0,True,Non local,1,551.99,26202.046236650003,0.1,55.199000000000005,2620.2046236650003
878,1,4,224,103,7,2,1,3,20170507,20170510,20170509,127,2.0,False,Non local,1,551.99,26202.046236650003,0.2,110.39800000000001,5240.409247330001
878,2,4,224,13,1,3,1,3,20170507,20170510,20170509,127,2.0,False,Non local,1,269.99,12815.97576665,0.1,26.999000000000002,1281.5975766650001
878,3,4,224,6,8,6,1,3,20170507,20170510,20170509,127,2.0,False,Non local,2,469.99,22309.64276665,0.2,187.996,8923.85710666
878,4,4,224,18,4,3,1,3,20170507,20170510,20170509,127,2.0,False,Non local,2,449.0,21313.282415,0.05,44.900000000000006,2131.3282415000003
879,1,4,214,100,1,1,2,7,20170508,20170509,20170509,60,1.0,False,Non local,2,489.99,23259.00946665,0.2,195.996,9303.60378666
879,2,4,214,2,5,6,2,7,20170508,20170509,20170509,60,1.0,False,Non local,2,749.99,35600.776566650005,0.07,104.99860000000001,4984.108719331001
879,3,4,214,83,9,1,2,7,20170508,20170509,20170509,60,1.0,False,Non local,2,149.99,7119.775566650001,0.2,59.99600000000001,2847.9102266600003
879,4,4,214,82,1,3,2,7,20170508,20170509,20170509,60,1.0,False,Non local,1,659.99,31328.626416650004,0.07,46.19930000000001,2193.0038491655005
880,1,4,1206,28,8,6,2,6,20170508,20170511,20170510,22,2.0,False,Non local,2,2499.99,118670.36281665,0.2,999.996,47468.145126660005
880,2,4,1206,95,1,1,2,6,20170508,20170511,20170510,22,2.0,False,Non local,1,299.99,14240.02581665,0.1,29.999000000000002,1424.0025816650002
880,3,4,1206,5,3,6,2,6,20170508,20170511,20170510,22,2.0,False,Non local,1,1320.99,62705.19585165,0.07,92.4693,4389.363709615501
880,4,4,1206,26,1,2,2,6,20170508,20170511,20170510,22,2.0,False,Non local,1,599.99,28480.52631665,0.1,59.999,2848.0526316650003
880,5,4,1206,66,7,3,2,6,20170508,20170511,20170510,22,2.0,False,Non local,1,250.99,11914.077401650002,0.2,50.19800000000001,2382.8154803300004
881,1,4,1024,98,1,1,3,9,20170508,20170511,20170511,135,3.0,False,Non local,1,489.99,23259.00946665,0.07,34.2993,1628.1306626655003
881,2,4,1024,50,9,7,3,9,20170508,20170511,20170511,135,3.0,False,Non local,1,5999.99,284809.53531665,0.2,1199.998,56961.90706333
881,3,4,1024,64,1,3,3,9,20170508,20170511,20170511,135,3.0,False,Non local,2,489.99,23259.00946665,0.05,48.999,2325.900946665
881,4,4,1024,67,7,3,3,9,20170508,20170511,20170511,135,3.0,False,Non local,1,250.99,11914.077401650002,0.1,25.099000000000004,1191.4077401650002
882,1,4,196,63,9,4,2,6,20170509,20170512,20170510,60,1.0,False,Non local,2,3499.99,166138.69781665,0.07,489.9986,23259.417694331
882,2,4,196,108,7,2,2,6,20170509,20170512,20170510,60,1.0,False,Non local,2,449.99,21360.276066650003,0.2,179.996,8544.110426660001
882,3,4,196,57,9,7,2,6,20170509,20170512,20170510,60,1.0,False,Non local,2,1999.99,94936.19531665,0.07,279.9986,13291.067344331002
883,1,4,507,44,2,6,2,6,20170511,20170513,20170514,98,3.0,True,Non local,1,539.99,25632.42621665,0.05,26.9995,1281.6213108325
883,2,4,507,5,3,6,2,6,20170511,20170513,20170514,98,3.0,True,Non local,2,1320.99,62705.19585165,0.05,132.09900000000002,6270.5195851650005
884,1,4,871,49,9,7,2,7,20170511,20170513,20170512,116,1.0,False,Non local,2,3499.99,166138.69781665,0.05,349.999,16613.869781665002
884,2,4,871,69,7,3,2,7,20170511,20170513,20170512,116,1.0,False,Non local,2,416.99,19793.82101165,0.07,58.378600000000006,2771.1349416310004
884,3,4,871,46,2,6,2,7,20170511,20170513,20170512,116,1.0,False,Non local,2,1409.99,66929.87766665,0.2,563.996,26771.951066660004
884,4,4,871,10,8,4,2,7,20170511,20170513,20170512,116,1.0,False,Non local,1,1549.0,73528.45091500001,0.1,154.9,7352.845091500001
884,5,4,871,21,1,1,2,7,20170511,20170513,20170512,116,1.0,False,Non local,2,269.99,12815.97576665,0.05,26.999000000000002,1281.5975766650001
885,1,3,66,106,7,2,3,8,20170513,20170513,,56,,False,Non local,1,449.99,21360.276066650003,0.07,31.499300000000005,1495.2193246655004
885,2,3,66,43,9,6,3,8,20170513,20170513,,56,,False,Non local,1,5299.99,251581.70081665,0.1,529.999,25158.170081665
886,1,4,1396,47,9,6,1,2,20170513,20170514,20170515,83,2.0,True,Non local,1,5299.99,251581.70081665,0.05,264.9995,12579.0850408325
886,2,4,1396,30,8,6,1,2,20170513,20170514,20170515,83,2.0,True,Non local,1,999.99,47467.86031665,0.05,49.999500000000005,2373.3930158325
887,1,4,1195,50,9,7,2,6,20170513,20170515,20170515,7,2.0,False,Non local,2,5999.99,284809.53531665,0.05,599.999,28480.953531665
887,2,4,1195,70,1,3,2,6,20170513,20170515,20170515,7,2.0,False,Non local,1,659.99,31328.626416650004,0.1,65.99900000000001,3132.8626416650004
888,1,4,1038,33,8,6,2,7,20170514,20170516,20170516,151,2.0,False,Non local,2,469.99,22309.64276665,0.1,93.998,4461.92855333
888,2,4,1038,26,1,2,2,7,20170514,20170516,20170516,151,2.0,False,Non local,2,599.99,28480.52631665,0.2,239.996,11392.210526660001
889,1,4,830,12,1,3,3,8,20170514,20170517,20170515,191,1.0,False,Non local,2,549.99,26107.10956665,0.1,109.998,5221.42191333
890,1,4,171,16,1,3,2,6,20170515,20170518,20170518,4,3.0,False,Non local,2,599.99,28480.52631665,0.1,119.998,5696.1052633300005
890,2,4,171,105,7,2,2,6,20170515,20170518,20170518,4,3.0,False,Non local,2,533.99,25347.616206650004,0.1,106.798,5069.523241330001
890,3,4,171,52,8,7,2,6,20170515,20170518,20170518,4,3.0,False,Non local,1,875.99,41581.786776650006,0.05,43.7995,2079.0893388325003
890,4,4,171,67,7,3,2,6,20170515,20170518,20170518,4,3.0,False,Non local,1,250.99,11914.077401650002,0.1,25.099000000000004,1191.4077401650002
890,5,4,171,65,7,3,2,6,20170515,20170518,20170518,4,3.0,False,Non local,2,346.99,16471.037561650002,0.1,69.39800000000001,3294.2075123300006
891,1,4,384,107,7,2,2,6,20170515,20170518,20170516,159,1.0,False,Non local,2,416.99,19793.82101165,0.1,83.39800000000001,3958.7642023300004
891,2,4,384,32,9,6,2,6,20170515,20170518,20170516,159,1.0,False,Non local,1,469.99,22309.64276665,0.05,23.4995,1115.4821383325
891,3,4,384,35,7,6,2,6,20170515,20170518,20170516,159,1.0,False,Non local,2,832.99,39540.64837165,0.1,166.598,7908.129674330001
891,4,4,384,50,9,7,2,6,20170515,20170518,20170516,159,1.0,False,Non local,1,5999.99,284809.53531665,0.1,599.999,28480.953531665
892,1,4,651,36,8,6,2,7,20170515,20170518,20170517,158,2.0,False,Non local,1,832.99,39540.64837165,0.1,83.299,3954.0648371650004
892,2,4,651,9,9,5,2,7,20170515,20170518,20170517,158,2.0,False,Non local,2,2999.99,142404.53031665,0.2,1199.9959999999999,56961.81212666
892,3,4,651,50,9,7,2,7,20170515,20170518,20170517,158,2.0,False,Non local,2,5999.99,284809.53531665,0.07,839.9986,39873.33494433101
892,4,4,651,88,9,1,2,7,20170515,20170518,20170517,158,2.0,False,Non local,1,189.99,9018.50896665,0.05,9.499500000000001,450.9254483325001
893,1,4,1293,67,7,3,2,7,20170516,20170519,20170519,81,3.0,False,Non local,2,250.99,11914.077401650002,0.05,25.099000000000004,1191.4077401650002
893,2,4,1293,45,2,6,2,7,20170516,20170519,20170519,81,3.0,False,Non local,1,869.99,41296.976766650005,0.07,60.899300000000004,2890.788373665501
894,1,4,1320,101,1,1,2,6,20170516,20170519,20170519,90,3.0,False,Non local,2,339.99,16138.759216650002,0.2,135.996,6455.503686660001
895,1,4,857,106,7,2,2,6,20170518,20170521,20170519,116,1.0,False,Non local,1,449.99,21360.276066650003,0.07,31.499300000000005,1495.2193246655004
896,1,4,376,91,9,1,3,9,20170519,20170522,20170521,20,2.0,False,Non local,2,349.99,16613.442566650003,0.05,34.999,1661.3442566650003
896,2,4,376,10,8,4,3,9,20170519,20170522,20170521,20,2.0,False,Non local,1,1549.0,73528.45091500001,0.05,77.45,3676.4225457500006
897,1,4,47,105,7,2,1,2,20170520,20170521,20170521,43,1.0,False,Non local,1,533.99,25347.616206650004,0.05,26.6995,1267.3808103325002
897,2,4,47,96,1,1,1,2,20170520,20170521,20170521,43,1.0,False,Non local,1,349.99,16613.442566650003,0.05,17.4995,830.6721283325002
898,1,4,352,45,2,6,2,6,20170520,20170521,20170522,118,2.0,True,Non local,2,869.99,41296.976766650005,0.2,347.99600000000004,16518.790706660002
898,2,4,352,16,1,3,2,6,20170520,20170521,20170522,118,2.0,True,Non local,1,599.99,28480.52631665,0.07,41.999300000000005,1993.6368421655002
898,3,4,352,57,9,7,2,6,20170520,20170521,20170522,118,2.0,True,Non local,2,1999.99,94936.19531665,0.2,799.9960000000001,37974.478126660004
898,4,4,352,69,7,3,2,6,20170520,20170521,20170522,118,2.0,True,Non local,2,416.99,19793.82101165,0.07,58.378600000000006,2771.1349416310004
899,1,4,605,59,9,7,2,7,20170520,20170521,20170521,165,1.0,False,Non local,2,2599.99,123417.19631665,0.1,519.9979999999999,24683.43926333
899,2,4,605,17,4,3,2,7,20170520,20170521,20170521,165,1.0,False,Non local,1,429.0,20363.915715000003,0.1,42.900000000000006,2036.3915715000003
899,3,4,605,6,8,6,2,7,20170520,20170521,20170521,165,1.0,False,Non local,1,469.99,22309.64276665,0.2,93.998,4461.92855333
900,1,4,971,26,1,2,2,6,20170520,20170521,20170522,128,2.0,True,Non local,2,599.99,28480.52631665,0.05,59.999,2848.0526316650003
900,2,4,971,108,7,2,2,6,20170520,20170521,20170522,128,2.0,True,Non local,1,449.99,21360.276066650003,0.07,31.499300000000005,1495.2193246655004
900,3,4,971,89,9,1,2,6,20170520,20170521,20170522,128,2.0,True,Non local,1,209.99,9967.87566665,0.2,41.998000000000005,1993.57513333
900,4,4,971,61,9,5,2,6,20170520,20170521,20170522,128,2.0,True,Non local,2,4999.99,237341.20031665,0.05,499.999,23734.120031665003
900,5,4,971,28,8,6,2,6,20170520,20170521,20170522,128,2.0,True,Non local,2,2499.99,118670.36281665,0.07,349.9986,16613.850794331
901,1,4,345,50,9,7,2,7,20170521,20170522,20170524,122,3.0,True,Non local,1,5999.99,284809.53531665,0.2,1199.998,56961.90706333
901,2,4,345,43,9,6,2,7,20170521,20170522,20170524,122,3.0,True,Non local,1,5299.99,251581.70081665,0.07,370.9993,17610.7190571655
902,1,4,1278,38,2,6,2,6,20170521,20170524,20170522,8,1.0,False,Non local,2,549.99,26107.10956665,0.07,76.99860000000001,3654.995339331
902,2,4,1278,92,2,1,2,6,20170521,20170524,20170522,8,1.0,False,Non local,1,209.99,9967.87566665,0.07,14.699300000000003,697.7512966655
902,3,4,1278,12,1,3,2,6,20170521,20170524,20170522,8,1.0,False,Non local,1,549.99,26107.10956665,0.2,109.998,5221.42191333
902,4,4,1278,76,1,3,2,6,20170521,20170524,20170522,8,1.0,False,Non local,2,299.99,14240.02581665,0.05,29.999000000000002,1424.0025816650002
903,1,4,179,31,8,6,2,7,20170522,20170523,20170524,86,2.0,True,Non local,2,1632.99,77515.31637165001,0.07,228.61860000000001,10852.144292031004
903,2,4,179,48,9,7,2,7,20170522,20170523,20170524,86,2.0,True,Non local,2,1499.99,71202.02781665,0.05,149.999,7120.202781665001
904,1,4,1020,36,8,6,1,2,20170523,20170526,20170524,51,1.0,False,Non local,2,832.99,39540.64837165,0.1,166.598,7908.129674330001
904,2,4,1020,51,9,7,1,2,20170523,20170526,20170524,51,1.0,False,Non local,2,6499.99,308543.70281665004,0.07,909.9986,43196.11839433101
904,3,4,1020,92,2,1,1,2,20170523,20170526,20170524,51,1.0,False,Non local,2,209.99,9967.87566665,0.2,83.99600000000001,3987.15026666
904,4,4,1020,13,1,3,1,2,20170523,20170526,20170524,51,1.0,False,Non local,1,269.99,12815.97576665,0.2,53.998000000000005,2563.1951533300003
905,1,4,609,67,7,3,2,6,20170523,20170526,20170524,79,1.0,False,Non local,1,250.99,11914.077401650002,0.1,25.099000000000004,1191.4077401650002
905,2,4,609,62,9,4,2,6,20170523,20170526,20170524,79,1.0,False,Non local,2,3499.99,166138.69781665,0.05,349.999,16613.869781665002
905,3,4,609,42,9,6,2,6,20170523,20170526,20170524,79,1.0,False,Non local,2,2299.99,109176.69581665,0.2,919.996,43670.67832666
905,4,4,609,20,1,3,2,6,20170523,20170526,20170524,79,1.0,False,Non local,1,599.99,28480.52631665,0.2,119.998,5696.1052633300005
906,1,4,877,23,1,1,2,7,20170523,20170526,20170526,88,3.0,False,Non local,2,299.99,14240.02581665,0.2,119.99600000000001,5696.010326660001
906,2,4,877,28,8,6,2,7,20170523,20170526,20170526,88,3.0,False,Non local,2,2499.99,118670.36281665,0.07,349.9986,16613.850794331
906,3,4,877,46,2,6,2,7,20170523,20170526,20170526,88,3.0,False,Non local,1,1409.99,66929.87766665,0.05,70.4995,3346.4938833325004
906,4,4,877,102,1,2,2,7,20170523,20170526,20170526,88,3.0,False,Non local,2,489.99,23259.00946665,0.1,97.998,4651.80189333
906,5,4,877,22,1,1,2,7,20170523,20170526,20170526,88,3.0,False,Non local,2,269.99,12815.97576665,0.2,107.99600000000001,5126.3903066600005
907,1,4,120,84,7,1,1,2,20170524,20170526,20170527,87,3.0,True,Non local,2,109.99,5221.04216665,0.07,15.3986,730.9459033310001
907,2,4,120,65,7,3,1,2,20170524,20170526,20170527,87,3.0,True,Non local,1,346.99,16471.037561650002,0.07,24.289300000000004,1152.9726293155002
908,1,4,402,41,2,6,2,7,20170525,20170528,20170527,86,2.0,False,Non local,1,1469.99,69777.97776665,0.2,293.998,13955.59555333
908,2,4,402,94,2,1,2,7,20170525,20170528,20170527,86,2.0,False,Non local,1,249.99,11866.60906665,0.1,24.999000000000002,1186.660906665
908,3,4,402,102,1,2,2,7,20170525,20170528,20170527,86,2.0,False,Non local,2,489.99,23259.00946665,0.1,97.998,4651.80189333
909,1,4,188,5,3,6,1,2,20170526,20170527,20170528,108,2.0,True,Non local,1,1320.99,62705.19585165,0.2,264.19800000000004,12541.039170330001
910,1,4,342,23,1,1,2,7,20170526,20170528,20170528,44,2.0,False,Non local,1,299.99,14240.02581665,0.1,29.999000000000002,1424.0025816650002
911,1,4,887,66,7,3,2,6,20170526,20170529,20170529,78,3.0,False,Non local,2,250.99,11914.077401650002,0.05,25.099000000000004,1191.4077401650002
911,2,4,887,106,7,2,2,6,20170526,20170529,20170529,78,3.0,False,Non local,1,449.99,21360.276066650003,0.05,22.4995,1068.0138033325002
911,3,4,887,91,9,1,2,6,20170526,20170529,20170529,78,3.0,False,Non local,2,349.99,16613.442566650003,0.05,34.999,1661.3442566650003
911,4,4,887,49,9,7,2,6,20170526,20170529,20170529,78,3.0,False,Non local,1,3499.99,166138.69781665,0.2,699.998,33227.739563330004
912,1,4,519,22,1,1,1,2,20170527,20170529,20170529,31,2.0,False,Non local,2,269.99,12815.97576665,0.2,107.99600000000001,5126.3903066600005
912,2,4,519,71,7,3,1,2,20170527,20170529,20170529,31,2.0,False,Non local,2,416.99,19793.82101165,0.05,41.699000000000005,1979.3821011650002
912,3,4,519,101,1,1,1,2,20170527,20170529,20170529,31,2.0,False,Non local,1,339.99,16138.759216650002,0.05,16.9995,806.9379608325002
912,4,4,519,2,5,6,1,2,20170527,20170529,20170529,31,2.0,False,Non local,2,749.99,35600.776566650005,0.2,299.99600000000004,14240.310626660003
913,1,4,699,90,9,1,2,6,20170527,20170529,20170529,50,2.0,False,Non local,2,209.99,9967.87566665,0.1,41.998000000000005,1993.57513333
913,2,4,699,24,1,2,2,6,20170527,20170529,20170529,50,2.0,False,Non local,2,549.99,26107.10956665,0.05,54.999,2610.710956665
914,1,4,1068,38,2,6,1,2,20170528,20170531,20170531,68,3.0,False,Non local,1,549.99,26107.10956665,0.07,38.499300000000005,1827.4976696655
914,2,4,1068,20,1,3,1,2,20170528,20170531,20170531,68,3.0,False,Non local,2,599.99,28480.52631665,0.2,239.996,11392.210526660001
914,3,4,1068,106,7,2,1,2,20170528,20170531,20170531,68,3.0,False,Non local,1,449.99,21360.276066650003,0.05,22.4995,1068.0138033325002
914,4,4,1068,46,2,6,1,2,20170528,20170531,20170531,68,3.0,False,Non local,1,1409.99,66929.87766665,0.1,140.999,6692.987766665001
915,1,4,215,64,1,3,2,6,20170528,20170530,20170530,123,2.0,False,Non local,1,489.99,23259.00946665,0.05,24.4995,1162.9504733325
915,2,4,215,48,9,7,2,6,20170528,20170530,20170530,123,2.0,False,Non local,1,1499.99,71202.02781665,0.07,104.9993,4984.141947165501
915,3,4,215,42,9,6,2,6,20170528,20170530,20170530,123,2.0,False,Non local,1,2299.99,109176.69581665,0.2,459.998,21835.33916333
915,4,4,215,2,5,6,2,6,20170528,20170530,20170530,123,2.0,False,Non local,1,749.99,35600.776566650005,0.07,52.499300000000005,2492.0543596655007
916,1,4,718,92,2,1,2,6,20170528,20170529,20170529,121,1.0,False,Non local,1,209.99,9967.87566665,0.2,41.998000000000005,1993.57513333
917,1,4,881,41,2,6,1,2,20170529,20170531,20170601,179,3.0,True,Non local,1,1469.99,69777.97776665,0.07,102.89930000000001,4884.4584436655
918,1,4,242,91,9,1,1,3,20170530,20170531,20170531,132,1.0,False,Non local,1,349.99,16613.442566650003,0.2,69.998,3322.6885133300007
918,2,4,242,31,8,6,1,3,20170530,20170531,20170531,132,1.0,False,Non local,1,1632.99,77515.31637165001,0.1,163.299,7751.5316371650015
918,3,4,242,4,9,6,1,3,20170530,20170531,20170531,132,1.0,False,Non local,2,2899.99,137657.69681665,0.07,405.9986,19272.077554331
919,1,4,781,7,9,6,2,7,20170530,20170531,20170531,75,1.0,False,Non local,1,3999.99,189872.86531665,0.07,279.9993,13291.1005721655
919,2,4,781,44,2,6,2,7,20170530,20170531,20170531,75,1.0,False,Non local,1,539.99,25632.42621665,0.1,53.999,2563.242621665
920,1,4,966,76,1,3,2,7,20170530,20170601,20170602,177,3.0,True,Non local,1,299.99,14240.02581665,0.05,14.999500000000001,712.0012908325001
920,2,4,966,39,9,6,2,7,20170530,20170601,20170602,177,3.0,True,Non local,2,1499.99,71202.02781665,0.07,209.9986,9968.283894331002
920,3,4,966,78,7,3,2,7,20170530,20170601,20170602,177,3.0,True,Non local,1,647.99,30759.00639665,0.05,32.3995,1537.9503198325
920,4,4,966,80,7,3,2,7,20170530,20170601,20170602,177,3.0,True,Non local,2,761.99,36170.39658665,0.07,106.67860000000002,5063.855522131001
921,1,4,628,77,1,3,2,6,20170531,20170602,20170602,91,2.0,False,Non local,1,799.99,37974.19331665,0.2,159.99800000000002,7594.838663330001
921,2,4,628,75,1,3,2,6,20170531,20170602,20170602,91,2.0,False,Non local,2,599.99,28480.52631665,0.07,83.99860000000001,3987.2736843310004
921,3,4,628,48,9,7,2,6,20170531,20170602,20170602,91,2.0,False,Non local,1,1499.99,71202.02781665,0.1,149.999,7120.202781665001
922,1,4,656,68,7,3,2,6,20170531,20170601,20170603,81,3.0,True,Non local,1,449.99,21360.276066650003,0.2,89.998,4272.055213330001
922,2,4,656,73,7,3,2,6,20170531,20170601,20170603,81,3.0,True,Non local,1,749.99,35600.776566650005,0.2,149.99800000000002,7120.155313330001
922,3,4,656,86,9,1,2,6,20170531,20170601,20170603,81,3.0,True,Non local,1,149.99,7119.775566650001,0.1,14.999000000000002,711.9775566650001
923,1,4,769,74,1,3,2,7,20170531,20170603,20170602,148,2.0,False,Non local,2,439.99,20885.59271665,0.05,43.999,2088.5592716650003
923,2,4,769,6,8,6,2,7,20170531,20170603,20170602,148,2.0,False,Non local,1,469.99,22309.64276665,0.1,46.999,2230.964276665
924,1,3,68,97,1,1,3,8,20170602,20170602,,57,,False,local,2,349.99,16613.442566650003,0.2,139.996,6645.377026660001
924,2,3,68,36,8,6,3,8,20170602,20170602,,57,,False,local,1,832.99,39540.64837165,0.2,166.598,7908.129674330001
925,1,4,1316,97,1,1,2,7,20170602,20170605,20170603,94,1.0,False,Non local,1,349.99,16613.442566650003,0.07,24.4993,1162.9409796655002
925,2,4,1316,62,9,4,2,7,20170602,20170605,20170603,94,1.0,False,Non local,2,3499.99,166138.69781665,0.2,1399.996,66455.47912666001
926,1,4,233,37,2,6,1,2,20170603,20170605,20170606,109,3.0,True,Non local,2,379.99,18037.49261665,0.2,151.996,7214.997046660001
927,1,4,1438,74,1,3,1,2,20170603,20170605,20170606,82,3.0,True,Non local,2,439.99,20885.59271665,0.1,87.998,4177.118543330001
927,2,4,1438,16,1,3,1,2,20170603,20170605,20170606,82,3.0,True,Non local,2,599.99,28480.52631665,0.2,239.996,11392.210526660001
927,3,4,1438,50,9,7,1,2,20170603,20170605,20170606,82,3.0,True,Non local,1,5999.99,284809.53531665,0.1,599.999,28480.953531665
927,4,4,1438,3,8,6,1,2,20170603,20170605,20170606,82,3.0,True,Non local,1,999.99,47467.86031665,0.1,99.99900000000001,4746.786031665
927,5,4,1438,43,9,6,1,2,20170603,20170605,20170606,82,3.0,True,Non local,1,5299.99,251581.70081665,0.07,370.9993,17610.7190571655
928,1,4,957,71,7,3,1,3,20170605,20170606,20170606,83,1.0,False,Non local,2,416.99,19793.82101165,0.05,41.699000000000005,1979.3821011650002
928,2,4,957,83,9,1,1,3,20170605,20170606,20170606,83,1.0,False,Non local,1,149.99,7119.775566650001,0.2,29.998000000000005,1423.9551133300001
929,1,4,472,82,1,3,2,6,20170605,20170606,20170608,53,3.0,True,Non local,1,659.99,31328.626416650004,0.2,131.99800000000002,6265.725283330001
929,2,4,472,63,9,4,2,6,20170605,20170606,20170608,53,3.0,True,Non local,2,3499.99,166138.69781665,0.1,699.998,33227.739563330004
929,3,4,472,24,1,2,2,6,20170605,20170606,20170608,53,3.0,True,Non local,1,549.99,26107.10956665,0.05,27.4995,1305.3554783325
930,1,4,1224,56,9,7,3,9,20170605,20170606,20170606,164,1.0,False,Non local,2,5499.99,261075.36781665,0.07,769.9986,36550.551494331005
930,2,4,1224,82,1,3,3,9,20170605,20170606,20170606,164,1.0,False,Non local,1,659.99,31328.626416650004,0.07,46.19930000000001,2193.0038491655005
930,3,4,1224,60,7,5,3,9,20170605,20170606,20170606,164,1.0,False,Non local,1,1559.99,74050.12791665,0.1,155.99900000000002,7405.012791665001
930,4,4,1224,65,7,3,3,9,20170605,20170606,20170606,164,1.0,False,Non local,2,346.99,16471.037561650002,0.05,34.699000000000005,1647.1037561650003
930,5,4,1224,51,9,7,3,9,20170605,20170606,20170606,164,1.0,False,Non local,2,6499.99,308543.70281665004,0.1,1299.998,61708.74056333001
931,1,4,631,49,9,7,2,6,20170607,20170608,20170608,27,1.0,False,Non local,2,3499.99,166138.69781665,0.07,489.9986,23259.417694331
931,2,4,631,76,1,3,2,6,20170607,20170608,20170608,27,1.0,False,Non local,1,299.99,14240.02581665,0.2,59.998000000000005,2848.0051633300004
932,1,4,804,74,1,3,2,6,20170607,20170608,20170609,155,2.0,True,Non local,1,439.99,20885.59271665,0.05,21.9995,1044.2796358325002
933,1,4,909,77,1,3,2,6,20170607,20170610,20170608,4,1.0,False,Non local,1,799.99,37974.19331665,0.07,55.999300000000005,2658.1935321655005
933,2,4,909,21,1,1,2,6,20170607,20170610,20170608,4,1.0,False,Non local,1,269.99,12815.97576665,0.2,53.998000000000005,2563.1951533300003
933,3,4,909,75,1,3,2,6,20170607,20170610,20170608,4,1.0,False,Non local,2,599.99,28480.52631665,0.05,59.999,2848.0526316650003
934,1,4,93,35,7,6,2,7,20170609,20170610,20170612,73,3.0,True,Non local,2,832.99,39540.64837165,0.05,83.299,3954.0648371650004
934,2,4,93,48,9,7,2,7,20170609,20170610,20170612,73,3.0,True,Non local,1,1499.99,71202.02781665,0.05,74.9995,3560.1013908325003
934,3,4,93,18,4,3,2,7,20170609,20170610,20170612,73,3.0,True,Non local,1,449.0,21313.282415,0.1,44.900000000000006,2131.3282415000003
934,4,4,93,61,9,5,2,7,20170609,20170610,20170612,73,3.0,True,Non local,1,4999.99,237341.20031665,0.07,349.9993,16613.8840221655
934,5,4,93,56,9,7,2,7,20170609,20170610,20170612,73,3.0,True,Non local,2,5499.99,261075.36781665,0.2,2199.996,104430.14712666
935,1,3,43,65,7,3,3,8,20170610,20170610,,40,,False,Non local,2,346.99,16471.037561650002,0.2,138.79600000000002,6588.415024660001
935,2,3,43,76,1,3,3,8,20170610,20170610,,40,,False,Non local,2,299.99,14240.02581665,0.07,41.9986,1993.6036143310002
935,3,3,43,6,8,6,3,8,20170610,20170610,,40,,False,Non local,1,469.99,22309.64276665,0.07,32.899300000000004,1561.6749936655
935,4,3,43,38,2,6,3,8,20170610,20170610,,40,,False,Non local,1,549.99,26107.10956665,0.07,38.499300000000005,1827.4976696655
936,1,4,265,70,1,3,2,6,20170610,20170613,20170612,49,2.0,False,Non local,1,659.99,31328.626416650004,0.1,65.99900000000001,3132.8626416650004
936,2,4,265,44,2,6,2,6,20170610,20170613,20170612,49,2.0,False,Non local,1,539.99,25632.42621665,0.07,37.7993,1794.2698351655004
937,1,4,73,108,7,2,2,7,20170611,20170614,20170613,33,2.0,False,Non local,2,449.99,21360.276066650003,0.1,89.998,4272.055213330001
937,2,4,73,51,9,7,2,7,20170611,20170614,20170613,33,2.0,False,Non local,2,6499.99,308543.70281665004,0.07,909.9986,43196.11839433101
937,3,4,73,58,9,7,2,7,20170611,20170614,20170613,33,2.0,False,Non local,2,4999.99,237341.20031665,0.07,699.9986,33227.768044331
937,4,4,73,28,8,6,2,7,20170611,20170614,20170613,33,2.0,False,Non local,2,2499.99,118670.36281665,0.07,349.9986,16613.850794331
937,5,4,73,66,7,3,2,7,20170611,20170614,20170613,33,2.0,False,Non local,1,250.99,11914.077401650002,0.2,50.19800000000001,2382.8154803300004
938,1,4,129,4,9,6,2,6,20170611,20170612,20170612,91,1.0,False,Non local,1,2899.99,137657.69681665,0.05,144.99949999999998,6882.884840832499
938,2,4,129,13,1,3,2,6,20170611,20170612,20170612,91,1.0,False,Non local,1,269.99,12815.97576665,0.05,13.499500000000001,640.7987883325001
939,1,4,1407,5,3,6,2,6,20170611,20170612,20170614,146,3.0,True,Non local,1,1320.99,62705.19585165,0.1,132.09900000000002,6270.5195851650005
939,2,4,1407,107,7,2,2,6,20170611,20170612,20170614,146,3.0,True,Non local,2,416.99,19793.82101165,0.2,166.79600000000002,7917.528404660001
940,1,4,585,75,1,3,1,2,20170612,20170614,20170613,58,1.0,False,Non local,2,599.99,28480.52631665,0.2,239.996,11392.210526660001
941,1,4,736,25,1,2,1,2,20170612,20170614,20170614,3,2.0,False,Non local,1,499.99,23733.692816650004,0.1,49.999,2373.3692816650005
941,2,4,736,102,1,2,1,2,20170612,20170614,20170614,3,2.0,False,Non local,2,489.99,23259.00946665,0.05,48.999,2325.900946665
941,3,4,736,11,8,4,1,2,20170612,20170614,20170614,3,2.0,False,Non local,2,1680.99,79793.79645165,0.07,235.3386,11171.131503231001
942,1,4,537,98,1,1,2,6,20170613,20170616,20170615,163,2.0,False,Non local,2,489.99,23259.00946665,0.05,48.999,2325.900946665
942,2,4,537,110,7,2,2,6,20170613,20170616,20170615,163,2.0,False,Non local,2,470.99,22357.111101650004,0.1,94.19800000000001,4471.4222203300005
942,3,4,537,35,7,6,2,6,20170613,20170616,20170615,163,2.0,False,Non local,2,832.99,39540.64837165,0.07,116.61860000000001,5535.690772031001
942,4,4,537,103,7,2,2,6,20170613,20170616,20170615,163,2.0,False,Non local,1,551.99,26202.046236650003,0.05,27.599500000000003,1310.1023118325002
942,5,4,537,100,1,1,2,6,20170613,20170616,20170615,163,2.0,False,Non local,1,489.99,23259.00946665,0.05,24.4995,1162.9504733325
943,1,4,1025,25,1,2,2,6,20170613,20170615,20170615,72,2.0,False,Non local,1,499.99,23733.692816650004,0.2,99.998,4746.738563330001
943,2,4,1025,82,1,3,2,6,20170613,20170615,20170615,72,2.0,False,Non local,1,659.99,31328.626416650004,0.2,131.99800000000002,6265.725283330001
944,1,4,138,29,9,6,1,3,20170614,20170615,20170617,83,3.0,True,Non local,2,999.99,47467.86031665,0.07,139.9986,6645.500444331001
944,2,4,138,16,1,3,1,3,20170614,20170615,20170617,83,3.0,True,Non local,2,599.99,28480.52631665,0.1,119.998,5696.1052633300005
944,3,4,138,70,1,3,1,3,20170614,20170615,20170617,83,3.0,True,Non local,2,659.99,31328.626416650004,0.2,263.99600000000004,12531.450566660002
944,4,4,138,85,2,1,1,3,20170614,20170615,20170617,83,3.0,True,Non local,2,329.99,15664.075866650002,0.2,131.996,6265.630346660001
944,5,4,138,69,7,3,1,3,20170614,20170615,20170617,83,3.0,True,Non local,2,416.99,19793.82101165,0.07,58.378600000000006,2771.1349416310004
945,1,4,167,105,7,2,2,7,20170614,20170615,20170616,95,2.0,True,Non local,1,533.99,25347.616206650004,0.05,26.6995,1267.3808103325002
945,2,4,167,94,2,1,2,7,20170614,20170615,20170616,95,2.0,True,Non local,2,249.99,11866.60906665,0.2,99.99600000000001,4746.64362666
945,3,4,167,34,9,6,2,7,20170614,20170615,20170616,95,2.0,True,Non local,2,469.99,22309.64276665,0.05,46.999,2230.964276665
945,4,4,167,44,2,6,2,7,20170614,20170615,20170616,95,2.0,True,Non local,2,539.99,25632.42621665,0.1,107.998,5126.48524333
945,5,4,167,50,9,7,2,7,20170614,20170615,20170616,95,2.0,True,Non local,2,5999.99,284809.53531665,0.05,599.999,28480.953531665
946,1,4,525,7,9,6,2,6,20170614,20170616,20170615,165,1.0,False,Non local,1,3999.99,189872.86531665,0.1,399.999,18987.286531665
946,2,4,525,85,2,1,2,6,20170614,20170616,20170615,165,1.0,False,Non local,2,329.99,15664.075866650002,0.2,131.996,6265.630346660001
946,3,4,525,62,9,4,2,6,20170614,20170616,20170615,165,1.0,False,Non local,1,3499.99,166138.69781665,0.05,174.9995,8306.934890832501
946,4,4,525,22,1,1,2,6,20170614,20170616,20170615,165,1.0,False,Non local,2,269.99,12815.97576665,0.2,107.99600000000001,5126.3903066600005
946,5,4,525,56,9,7,2,6,20170614,20170616,20170615,165,1.0,False,Non local,2,5499.99,261075.36781665,0.07,769.9986,36550.551494331005
947,1,4,278,32,9,6,1,3,20170615,20170618,20170617,2,2.0,False,Non local,1,469.99,22309.64276665,0.05,23.4995,1115.4821383325
947,2,4,278,42,9,6,1,3,20170615,20170618,20170617,2,2.0,False,Non local,2,2299.99,109176.69581665,0.07,321.9986,15284.737414331
947,3,4,278,44,2,6,1,3,20170615,20170618,20170617,2,2.0,False,Non local,1,539.99,25632.42621665,0.07,37.7993,1794.2698351655004
948,1,4,618,23,1,1,2,6,20170615,20170617,20170617,39,2.0,False,Non local,2,299.99,14240.02581665,0.2,119.99600000000001,5696.010326660001
948,2,4,618,20,1,3,2,6,20170615,20170617,20170617,39,2.0,False,Non local,2,599.99,28480.52631665,0.1,119.998,5696.1052633300005
948,3,4,618,101,1,1,2,6,20170615,20170617,20170617,39,2.0,False,Non local,1,339.99,16138.759216650002,0.2,67.998,3227.7518433300006
948,4,4,618,92,2,1,2,6,20170615,20170617,20170617,39,2.0,False,Non local,2,209.99,9967.87566665,0.2,83.99600000000001,3987.15026666
948,5,4,618,72,7,3,2,6,20170615,20170617,20170617,39,2.0,False,Non local,2,619.99,29429.893016650003,0.2,247.996,11771.957206660001
949,1,4,867,9,9,5,1,3,20170616,20170618,20170617,2,1.0,False,Non local,2,2999.99,142404.53031665,0.1,599.9979999999999,28480.90606333
949,2,4,867,55,9,7,1,3,20170616,20170618,20170617,2,1.0,False,Non local,2,2699.99,128164.02981665,0.05,269.99899999999997,12816.402981665
950,1,4,142,56,9,7,2,6,20170616,20170619,20170618,84,2.0,False,Non local,1,5499.99,261075.36781665,0.05,274.9995,13053.7683908325
951,1,4,339,59,9,7,2,7,20170616,20170619,20170619,49,3.0,False,Non local,1,2599.99,123417.19631665,0.1,259.99899999999997,12341.719631665
951,2,4,339,43,9,6,2,7,20170616,20170619,20170619,49,3.0,False,Non local,2,5299.99,251581.70081665,0.1,1059.998,50316.34016333
951,3,4,339,62,9,4,2,7,20170616,20170619,20170619,49,3.0,False,Non local,2,3499.99,166138.69781665,0.2,1399.996,66455.47912666001
952,1,4,355,20,1,3,2,7,20170616,20170618,20170618,103,2.0,False,Non local,2,599.99,28480.52631665,0.07,83.99860000000001,3987.2736843310004
952,2,4,355,57,9,7,2,7,20170616,20170618,20170618,103,2.0,False,Non local,1,1999.99,94936.19531665,0.05,99.99950000000001,4746.8097658325005
953,1,4,658,23,1,1,2,7,20170616,20170618,20170617,11,1.0,False,Non local,2,299.99,14240.02581665,0.07,41.9986,1993.6036143310002
954,1,4,611,4,9,6,2,6,20170617,20170620,20170620,145,3.0,False,Non local,2,2899.99,137657.69681665,0.1,579.9979999999999,27531.539363329997
955,1,4,880,43,9,6,2,6,20170617,20170619,20170618,26,1.0,False,Non local,1,5299.99,251581.70081665,0.1,529.999,25158.170081665
955,2,4,880,31,8,6,2,6,20170617,20170619,20170618,26,1.0,False,Non local,2,1632.99,77515.31637165001,0.07,228.61860000000001,10852.144292031004
955,3,4,880,96,1,1,2,6,20170617,20170619,20170618,26,1.0,False,Non local,1,349.99,16613.442566650003,0.05,17.4995,830.6721283325002
955,4,4,880,63,9,4,2,6,20170617,20170619,20170618,26,1.0,False,Non local,1,3499.99,166138.69781665,0.2,699.998,33227.739563330004
955,5,4,880,88,9,1,2,6,20170617,20170619,20170618,26,1.0,False,Non local,1,189.99,9018.50896665,0.05,9.499500000000001,450.9254483325001
956,1,4,1184,76,1,3,2,6,20170617,20170619,20170620,95,3.0,True,Non local,2,299.99,14240.02581665,0.1,59.998000000000005,2848.0051633300004
956,2,4,1184,23,1,1,2,6,20170617,20170619,20170620,95,3.0,True,Non local,1,299.99,14240.02581665,0.2,59.998000000000005,2848.0051633300004
956,3,4,1184,73,7,3,2,6,20170617,20170619,20170620,95,3.0,True,Non local,2,749.99,35600.776566650005,0.1,149.99800000000002,7120.155313330001
956,4,4,1184,13,1,3,2,6,20170617,20170619,20170620,95,3.0,True,Non local,2,269.99,12815.97576665,0.2,107.99600000000001,5126.3903066600005
956,5,4,1184,79,7,3,2,6,20170617,20170619,20170620,95,3.0,True,Non local,2,402.99,19129.26432165,0.1,80.59800000000001,3825.85286433
957,1,4,722,108,7,2,3,9,20170617,20170620,20170620,190,3.0,False,Non local,2,449.99,21360.276066650003,0.05,44.999,2136.0276066650003
957,2,4,722,14,1,3,3,9,20170617,20170620,20170620,190,3.0,False,Non local,2,269.99,12815.97576665,0.07,37.79860000000001,1794.2366073310002
957,3,4,722,70,1,3,3,9,20170617,20170620,20170620,190,3.0,False,Non local,2,659.99,31328.626416650004,0.05,65.99900000000001,3132.8626416650004
957,4,4,722,66,7,3,3,9,20170617,20170620,20170620,190,3.0,False,Non local,1,250.99,11914.077401650002,0.07,17.569300000000002,833.9854181155002
957,5,4,722,111,7,2,3,9,20170617,20170620,20170620,190,3.0,False,Non local,1,470.99,22357.111101650004,0.05,23.549500000000002,1117.8555550825001
958,1,4,1276,51,9,7,1,2,20170618,20170620,20170619,111,1.0,False,Non local,1,6499.99,308543.70281665004,0.1,649.999,30854.370281665004
958,2,4,1276,76,1,3,1,2,20170618,20170620,20170619,111,1.0,False,Non local,1,299.99,14240.02581665,0.2,59.998000000000005,2848.0051633300004
959,1,4,650,15,1,3,2,7,20170618,20170621,20170621,27,3.0,False,Non local,1,529.99,25157.74286665,0.2,105.998,5031.548573330001
959,2,4,650,72,7,3,2,7,20170618,20170621,20170621,27,3.0,False,Non local,1,619.99,29429.893016650003,0.1,61.999,2942.9893016650003
959,3,4,650,41,2,6,2,7,20170618,20170621,20170621,27,3.0,False,Non local,1,1469.99,69777.97776665,0.05,73.4995,3488.8988883325
959,4,4,650,65,7,3,2,7,20170618,20170621,20170621,27,3.0,False,Non local,1,346.99,16471.037561650002,0.07,24.289300000000004,1152.9726293155002
960,1,4,1390,73,7,3,2,7,20170618,20170619,20170619,75,1.0,False,Non local,2,749.99,35600.776566650005,0.05,74.99900000000001,3560.0776566650006
960,2,4,1390,52,8,7,2,7,20170618,20170619,20170619,75,1.0,False,Non local,1,875.99,41581.786776650006,0.1,87.599,4158.178677665001
960,3,4,1390,48,9,7,2,7,20170618,20170619,20170619,75,1.0,False,Non local,2,1499.99,71202.02781665,0.05,149.999,7120.202781665001
960,4,4,1390,83,9,1,2,7,20170618,20170619,20170619,75,1.0,False,Non local,2,149.99,7119.775566650001,0.1,29.998000000000005,1423.9551133300001
961,1,4,82,105,7,2,1,2,20170619,20170621,20170622,64,3.0,True,Non local,1,533.99,25347.616206650004,0.1,53.399,2534.7616206650005
961,2,4,82,47,9,6,1,2,20170619,20170621,20170622,64,3.0,True,Non local,2,5299.99,251581.70081665,0.2,2119.996,100632.68032666
961,3,4,82,65,7,3,1,2,20170619,20170621,20170622,64,3.0,True,Non local,2,346.99,16471.037561650002,0.07,48.57860000000001,2305.9452586310003
962,1,4,570,65,7,3,2,7,20170619,20170622,20170620,96,1.0,False,Non local,2,346.99,16471.037561650002,0.07,48.57860000000001,2305.9452586310003
962,2,4,570,64,1,3,2,7,20170619,20170622,20170620,96,1.0,False,Non local,2,489.99,23259.00946665,0.07,68.5986,3256.2613253310005
963,1,4,1432,4,9,6,2,6,20170619,20170621,20170621,21,2.0,False,Non local,1,2899.99,137657.69681665,0.07,202.9993,9636.0387771655
964,1,4,404,90,9,1,2,7,20170620,20170622,20170622,117,2.0,False,Non local,1,209.99,9967.87566665,0.2,41.998000000000005,1993.57513333
964,2,4,404,74,1,3,2,7,20170620,20170622,20170622,117,2.0,False,Non local,1,439.99,20885.59271665,0.2,87.998,4177.118543330001
965,1,4,457,90,9,1,2,6,20170620,20170622,20170623,39,3.0,True,Non local,2,209.99,9967.87566665,0.1,41.998000000000005,1993.57513333
966,1,4,389,88,9,1,3,8,20170620,20170622,20170622,52,2.0,False,Non local,1,189.99,9018.50896665,0.05,9.499500000000001,450.9254483325001
966,2,4,389,73,7,3,3,8,20170620,20170622,20170622,52,2.0,False,Non local,1,749.99,35600.776566650005,0.07,52.499300000000005,2492.0543596655007
967,1,4,1323,66,7,3,2,6,20170621,20170624,20170624,188,3.0,False,Non local,1,250.99,11914.077401650002,0.2,50.19800000000001,2382.8154803300004
967,2,4,1323,77,1,3,2,6,20170621,20170624,20170624,188,3.0,False,Non local,2,799.99,37974.19331665,0.05,79.99900000000001,3797.4193316650003
967,3,4,1323,87,9,1,2,6,20170621,20170624,20170624,188,3.0,False,Non local,1,189.99,9018.50896665,0.1,18.999000000000002,901.8508966650002
967,4,4,1323,103,7,2,2,6,20170621,20170624,20170624,188,3.0,False,Non local,1,551.99,26202.046236650003,0.2,110.39800000000001,5240.409247330001
968,1,4,1403,87,9,1,2,6,20170621,20170623,20170623,73,2.0,False,Non local,1,189.99,9018.50896665,0.2,37.998000000000005,1803.7017933300003
968,2,4,1403,61,9,5,2,6,20170621,20170623,20170623,73,2.0,False,Non local,2,4999.99,237341.20031665,0.05,499.999,23734.120031665003
968,3,4,1403,10,8,4,2,6,20170621,20170623,20170623,73,2.0,False,Non local,2,1549.0,73528.45091500001,0.05,154.9,7352.845091500001
969,1,4,248,74,1,3,3,9,20170621,20170624,20170622,125,1.0,False,Non local,1,439.99,20885.59271665,0.2,87.998,4177.118543330001
969,2,4,248,36,8,6,3,9,20170621,20170624,20170622,125,1.0,False,Non local,1,832.99,39540.64837165,0.1,83.299,3954.0648371650004
970,1,4,836,85,2,1,2,7,20170622,20170625,20170623,157,1.0,False,Non local,1,329.99,15664.075866650002,0.1,32.999,1566.4075866650003
970,2,4,836,48,9,7,2,7,20170622,20170625,20170623,157,1.0,False,Non local,2,1499.99,71202.02781665,0.1,299.998,14240.405563330001
970,3,4,836,54,9,7,2,7,20170622,20170625,20170623,157,1.0,False,Non local,2,3199.99,151898.19731665,0.1,639.998,30379.639463330004
970,4,4,836,68,7,3,2,7,20170622,20170625,20170623,157,1.0,False,Non local,1,449.99,21360.276066650003,0.1,44.999,2136.0276066650003
971,1,4,1426,70,1,3,3,8,20170622,20170623,20170624,89,2.0,True,Non local,2,659.99,31328.626416650004,0.05,65.99900000000001,3132.8626416650004
971,2,4,1426,65,7,3,3,8,20170622,20170623,20170624,89,2.0,True,Non local,2,346.99,16471.037561650002,0.07,48.57860000000001,2305.9452586310003
971,3,4,1426,8,9,6,3,8,20170622,20170623,20170624,89,2.0,True,Non local,2,1799.99,85442.52831665,0.05,179.99900000000002,8544.252831665
971,4,4,1426,12,1,3,3,8,20170622,20170623,20170624,89,2.0,True,Non local,2,549.99,26107.10956665,0.07,76.99860000000001,3654.995339331
971,5,4,1426,38,2,6,3,8,20170622,20170623,20170624,89,2.0,True,Non local,1,549.99,26107.10956665,0.2,109.998,5221.42191333
972,1,4,270,100,1,1,2,7,20170623,20170624,20170625,140,2.0,True,Non local,1,489.99,23259.00946665,0.2,97.998,4651.80189333
972,2,4,270,63,9,4,2,7,20170623,20170624,20170625,140,2.0,True,Non local,1,3499.99,166138.69781665,0.07,244.9993,11629.7088471655
973,1,4,238,4,9,6,2,6,20170624,20170627,20170627,88,3.0,False,Non local,2,2899.99,137657.69681665,0.1,579.9979999999999,27531.539363329997
973,2,4,238,28,8,6,2,6,20170624,20170627,20170627,88,3.0,False,Non local,2,2499.99,118670.36281665,0.1,499.998,23734.072563330003
973,3,4,238,47,9,6,2,6,20170624,20170627,20170627,88,3.0,False,Non local,2,5299.99,251581.70081665,0.05,529.999,25158.170081665
973,4,4,238,71,7,3,2,6,20170624,20170627,20170627,88,3.0,False,Non local,1,416.99,19793.82101165,0.07,29.189300000000003,1385.5674708155002
974,1,4,511,33,8,6,3,8,20170624,20170627,20170627,176,3.0,False,Non local,2,469.99,22309.64276665,0.1,93.998,4461.92855333
974,2,4,511,22,1,1,3,8,20170624,20170627,20170627,176,3.0,False,Non local,2,269.99,12815.97576665,0.2,107.99600000000001,5126.3903066600005
975,1,4,1092,110,7,2,2,6,20170625,20170627,20170628,21,3.0,True,Non local,2,470.99,22357.111101650004,0.2,188.39600000000002,8942.844440660001
976,1,4,1266,26,1,2,3,9,20170625,20170628,20170627,56,2.0,False,Non local,2,599.99,28480.52631665,0.1,119.998,5696.1052633300005
976,2,4,1266,39,9,6,3,9,20170625,20170628,20170627,56,2.0,False,Non local,1,1499.99,71202.02781665,0.07,104.9993,4984.141947165501
977,1,4,400,52,8,7,2,7,20170626,20170628,20170627,161,1.0,False,Non local,2,875.99,41581.786776650006,0.1,175.198,8316.357355330001
977,2,4,400,69,7,3,2,7,20170626,20170628,20170627,161,1.0,False,Non local,2,416.99,19793.82101165,0.05,41.699000000000005,1979.3821011650002
977,3,4,400,27,8,6,2,7,20170626,20170628,20170627,161,1.0,False,Non local,1,999.99,47467.86031665,0.05,49.999500000000005,2373.3930158325
977,4,4,400,80,7,3,2,7,20170626,20170628,20170627,161,1.0,False,Non local,2,761.99,36170.39658665,0.05,76.199,3617.0396586650004
978,1,4,1123,106,7,2,2,6,20170626,20170628,20170627,6,1.0,False,Non local,2,449.99,21360.276066650003,0.05,44.999,2136.0276066650003
978,2,4,1123,25,1,2,2,6,20170626,20170628,20170627,6,1.0,False,Non local,2,499.99,23733.692816650004,0.2,199.996,9493.477126660002
978,3,4,1123,108,7,2,2,6,20170626,20170628,20170627,6,1.0,False,Non local,2,449.99,21360.276066650003,0.05,44.999,2136.0276066650003
979,1,4,1190,55,9,7,2,6,20170626,20170629,20170627,61,1.0,False,Non local,1,2699.99,128164.02981665,0.05,134.99949999999998,6408.2014908325
979,2,4,1190,71,7,3,2,6,20170626,20170629,20170627,61,1.0,False,Non local,2,416.99,19793.82101165,0.2,166.79600000000002,7917.528404660001
979,3,4,1190,12,1,3,2,6,20170626,20170629,20170627,61,1.0,False,Non local,2,549.99,26107.10956665,0.1,109.998,5221.42191333
979,4,4,1190,52,8,7,2,6,20170626,20170629,20170627,61,1.0,False,Non local,1,875.99,41581.786776650006,0.2,175.198,8316.357355330001
980,1,4,328,49,9,7,3,9,20170626,20170628,20170627,85,1.0,False,Non local,2,3499.99,166138.69781665,0.2,1399.996,66455.47912666001
980,2,4,328,9,9,5,3,9,20170626,20170628,20170627,85,1.0,False,Non local,1,2999.99,142404.53031665,0.1,299.99899999999997,14240.453031665
980,3,4,328,64,1,3,3,9,20170626,20170628,20170627,85,1.0,False,Non local,1,489.99,23259.00946665,0.1,48.999,2325.900946665
981,1,4,687,35,7,6,3,8,20170626,20170629,20170628,54,2.0,False,Non local,1,832.99,39540.64837165,0.1,83.299,3954.0648371650004
981,2,4,687,95,1,1,3,8,20170626,20170629,20170628,54,2.0,False,Non local,2,299.99,14240.02581665,0.05,29.999000000000002,1424.0025816650002
981,3,4,687,21,1,1,3,8,20170626,20170629,20170628,54,2.0,False,Non local,2,269.99,12815.97576665,0.07,37.79860000000001,1794.2366073310002
981,4,4,687,36,8,6,3,8,20170626,20170629,20170628,54,2.0,False,Non local,2,832.99,39540.64837165,0.1,166.598,7908.129674330001
981,5,4,687,61,9,5,3,8,20170626,20170629,20170628,54,2.0,False,Non local,1,4999.99,237341.20031665,0.07,349.9993,16613.8840221655
982,1,4,1423,22,1,1,3,9,20170626,20170629,20170628,176,2.0,False,Non local,2,269.99,12815.97576665,0.1,53.998000000000005,2563.1951533300003
982,2,4,1423,110,7,2,3,9,20170626,20170629,20170628,176,2.0,False,Non local,1,470.99,22357.111101650004,0.07,32.969300000000004,1564.9977771155004
982,3,4,1423,52,8,7,3,9,20170626,20170629,20170628,176,2.0,False,Non local,1,875.99,41581.786776650006,0.07,61.319300000000005,2910.725074365501
982,4,4,1423,40,9,6,3,9,20170626,20170629,20170628,176,2.0,False,Non local,2,4999.99,237341.20031665,0.05,499.999,23734.120031665003
983,1,4,1158,63,9,4,2,6,20170627,20170628,20170629,18,2.0,True,Non local,1,3499.99,166138.69781665,0.1,349.999,16613.869781665002
983,2,4,1158,20,1,3,2,6,20170627,20170628,20170629,18,2.0,True,Non local,2,599.99,28480.52631665,0.2,239.996,11392.210526660001
983,3,4,1158,68,7,3,2,6,20170627,20170628,20170629,18,2.0,True,Non local,1,449.99,21360.276066650003,0.07,31.499300000000005,1495.2193246655004
983,4,4,1158,81,1,3,2,6,20170627,20170628,20170629,18,2.0,True,Non local,2,1099.99,52214.69381665,0.07,153.9986,7310.057134331
983,5,4,1158,88,9,1,2,6,20170627,20170628,20170629,18,2.0,True,Non local,1,189.99,9018.50896665,0.05,9.499500000000001,450.9254483325001
984,1,4,1287,68,7,3,2,7,20170627,20170628,20170629,35,2.0,True,Non local,1,449.99,21360.276066650003,0.2,89.998,4272.055213330001
984,2,4,1287,81,1,3,2,7,20170627,20170628,20170629,35,2.0,True,Non local,2,1099.99,52214.69381665,0.2,439.99600000000004,20885.87752666
984,3,4,1287,12,1,3,2,7,20170627,20170628,20170629,35,2.0,True,Non local,1,549.99,26107.10956665,0.1,54.999,2610.710956665
984,4,4,1287,111,7,2,2,7,20170627,20170628,20170629,35,2.0,True,Non local,1,470.99,22357.111101650004,0.2,94.19800000000001,4471.4222203300005
985,1,4,461,5,3,6,2,6,20170630,20170702,20170701,128,1.0,False,Non local,2,1320.99,62705.19585165,0.07,184.9386,8778.727419231001
985,2,4,461,59,9,7,2,6,20170630,20170702,20170701,128,1.0,False,Non local,1,2599.99,123417.19631665,0.2,519.9979999999999,24683.43926333
985,3,4,461,78,7,3,2,6,20170630,20170702,20170701,128,1.0,False,Non local,2,647.99,30759.00639665,0.05,64.799,3075.900639665
986,1,4,556,87,9,1,2,7,20170630,20170703,20170701,10,1.0,False,Non local,1,189.99,9018.50896665,0.1,18.999000000000002,901.8508966650002
986,2,4,556,78,7,3,2,7,20170630,20170703,20170701,10,1.0,False,Non local,1,647.99,30759.00639665,0.05,32.3995,1537.9503198325
986,3,4,556,26,1,2,2,7,20170630,20170703,20170701,10,1.0,False,Non local,2,599.99,28480.52631665,0.07,83.99860000000001,3987.2736843310004
987,1,4,172,51,9,7,1,2,20170702,20170704,20170704,109,2.0,False,Non local,2,6499.99,308543.70281665004,0.1,1299.998,61708.74056333001
987,2,4,172,60,7,5,1,2,20170702,20170704,20170704,109,2.0,False,Non local,2,1559.99,74050.12791665,0.2,623.9960000000001,29620.051166660003
987,3,4,172,80,7,3,1,2,20170702,20170704,20170704,109,2.0,False,Non local,1,761.99,36170.39658665,0.07,53.33930000000001,2531.9277610655004
988,1,4,436,35,7,6,2,6,20170702,20170704,20170705,75,3.0,True,Non local,1,832.99,39540.64837165,0.2,166.598,7908.129674330001
988,2,4,436,38,2,6,2,6,20170702,20170704,20170705,75,3.0,True,Non local,1,549.99,26107.10956665,0.07,38.499300000000005,1827.4976696655
988,3,4,436,12,1,3,2,6,20170702,20170704,20170705,75,3.0,True,Non local,2,549.99,26107.10956665,0.07,76.99860000000001,3654.995339331
989,1,4,1145,99,1,1,2,6,20170702,20170704,20170703,166,1.0,False,Non local,1,299.99,14240.02581665,0.05,14.999500000000001,712.0012908325001
989,2,4,1145,27,8,6,2,6,20170702,20170704,20170703,166,1.0,False,Non local,1,999.99,47467.86031665,0.1,99.99900000000001,4746.786031665
989,3,4,1145,70,1,3,2,6,20170702,20170704,20170703,166,1.0,False,Non local,1,659.99,31328.626416650004,0.1,65.99900000000001,3132.8626416650004
989,4,4,1145,84,7,1,2,6,20170702,20170704,20170703,166,1.0,False,Non local,2,109.99,5221.04216665,0.07,15.3986,730.9459033310001
989,5,4,1145,5,3,6,2,6,20170702,20170704,20170703,166,1.0,False,Non local,1,1320.99,62705.19585165,0.1,132.09900000000002,6270.5195851650005
990,1,4,706,6,8,6,2,7,20170704,20170707,20170707,136,3.0,False,Non local,2,469.99,22309.64276665,0.2,187.996,8923.85710666
990,2,4,706,29,9,6,2,7,20170704,20170707,20170707,136,3.0,False,Non local,1,999.99,47467.86031665,0.1,99.99900000000001,4746.786031665
990,3,4,706,91,9,1,2,7,20170704,20170707,20170707,136,3.0,False,Non local,1,349.99,16613.442566650003,0.1,34.999,1661.3442566650003
990,4,4,706,14,1,3,2,7,20170704,20170707,20170707,136,3.0,False,Non local,2,269.99,12815.97576665,0.1,53.998000000000005,2563.1951533300003
991,1,4,751,9,9,5,1,2,20170706,20170707,20170709,64,3.0,True,Non local,2,2999.99,142404.53031665,0.2,1199.9959999999999,56961.81212666
991,2,4,751,79,7,3,1,2,20170706,20170707,20170709,64,3.0,True,Non local,1,402.99,19129.26432165,0.2,80.59800000000001,3825.85286433
991,3,4,751,34,9,6,1,2,20170706,20170707,20170709,64,3.0,True,Non local,1,469.99,22309.64276665,0.2,93.998,4461.92855333
992,1,4,723,45,2,6,2,7,20170707,20170710,20170709,158,2.0,False,Non local,1,869.99,41296.976766650005,0.07,60.899300000000004,2890.788373665501
992,2,4,723,102,1,2,2,7,20170707,20170710,20170709,158,2.0,False,Non local,1,489.99,23259.00946665,0.1,48.999,2325.900946665
992,3,4,723,20,1,3,2,7,20170707,20170710,20170709,158,2.0,False,Non local,1,599.99,28480.52631665,0.2,119.998,5696.1052633300005
992,4,4,723,101,1,1,2,7,20170707,20170710,20170709,158,2.0,False,Non local,2,339.99,16138.759216650002,0.2,135.996,6455.503686660001
992,5,4,723,7,9,6,2,7,20170707,20170710,20170709,158,2.0,False,Non local,1,3999.99,189872.86531665,0.05,199.9995,9493.6432658325
993,1,4,1415,58,9,7,1,3,20170709,20170711,20170711,113,2.0,False,local,1,4999.99,237341.20031665,0.2,999.998,47468.240063330006
993,2,4,1415,36,8,6,1,3,20170709,20170711,20170711,113,2.0,False,local,2,832.99,39540.64837165,0.1,166.598,7908.129674330001
993,3,4,1415,10,8,4,1,3,20170709,20170711,20170711,113,2.0,False,local,2,1549.0,73528.45091500001,0.05,154.9,7352.845091500001
993,4,4,1415,99,1,1,1,3,20170709,20170711,20170711,113,2.0,False,local,2,299.99,14240.02581665,0.07,41.9986,1993.6036143310002
993,5,4,1415,79,7,3,1,3,20170709,20170711,20170711,113,2.0,False,local,2,402.99,19129.26432165,0.1,80.59800000000001,3825.85286433
994,1,4,419,37,2,6,2,7,20170709,20170711,20170711,144,2.0,False,Non local,2,379.99,18037.49261665,0.1,75.998,3607.4985233300004
994,2,4,419,45,2,6,2,7,20170709,20170711,20170711,144,2.0,False,Non local,1,869.99,41296.976766650005,0.2,173.99800000000002,8259.395353330001
994,3,4,419,66,7,3,2,7,20170709,20170711,20170711,144,2.0,False,Non local,1,250.99,11914.077401650002,0.07,17.569300000000002,833.9854181155002
995,1,4,621,16,1,3,1,2,20170711,20170713,20170714,43,3.0,True,Non local,2,599.99,28480.52631665,0.1,119.998,5696.1052633300005
995,2,4,621,90,9,1,1,2,20170711,20170713,20170714,43,3.0,True,Non local,1,209.99,9967.87566665,0.2,41.998000000000005,1993.57513333
995,3,4,621,101,1,1,1,2,20170711,20170713,20170714,43,3.0,True,Non local,1,339.99,16138.759216650002,0.1,33.999,1613.8759216650003
996,1,4,915,68,7,3,1,2,20170711,20170712,20170712,5,1.0,False,Non local,2,449.99,21360.276066650003,0.05,44.999,2136.0276066650003
996,2,4,915,32,9,6,1,2,20170711,20170712,20170712,5,1.0,False,Non local,1,469.99,22309.64276665,0.05,23.4995,1115.4821383325
997,1,4,485,86,9,1,2,7,20170711,20170713,20170714,45,3.0,True,Non local,2,149.99,7119.775566650001,0.07,20.998600000000003,996.7685793310002
997,2,4,485,105,7,2,2,7,20170711,20170713,20170714,45,3.0,True,Non local,2,533.99,25347.616206650004,0.2,213.596,10139.046482660002
997,3,4,485,14,1,3,2,7,20170711,20170713,20170714,45,3.0,True,Non local,2,269.99,12815.97576665,0.07,37.79860000000001,1794.2366073310002
998,1,4,219,26,1,2,2,7,20170712,20170713,20170714,124,2.0,True,Non local,2,599.99,28480.52631665,0.05,59.999,2848.0526316650003
998,2,4,219,105,7,2,2,7,20170712,20170713,20170714,124,2.0,True,Non local,1,533.99,25347.616206650004,0.2,106.798,5069.523241330001
999,1,4,590,70,1,3,2,6,20170712,20170713,20170714,63,2.0,True,local,2,659.99,31328.626416650004,0.07,92.39860000000002,4386.007698331001
999,2,4,590,106,7,2,2,6,20170712,20170713,20170714,63,2.0,True,local,1,449.99,21360.276066650003,0.05,22.4995,1068.0138033325002
1000,1,4,645,65,7,3,2,7,20170712,20170714,20170715,128,3.0,True,Non local,2,346.99,16471.037561650002,0.05,34.699000000000005,1647.1037561650003
1000,2,4,645,111,7,2,2,7,20170712,20170714,20170715,128,3.0,True,Non local,1,470.99,22357.111101650004,0.1,47.099000000000004,2235.7111101650003
1000,3,4,645,19,4,3,2,7,20170712,20170714,20170715,128,3.0,True,Non local,2,449.0,21313.282415,0.07,62.86000000000001,2983.8595381000005
1000,4,4,645,29,9,6,2,7,20170712,20170714,20170715,128,3.0,True,Non local,2,999.99,47467.86031665,0.05,99.99900000000001,4746.786031665
1001,1,4,354,72,7,3,2,6,20170713,20170716,20170715,26,2.0,False,Non local,1,619.99,29429.893016650003,0.05,30.9995,1471.4946508325002
1001,2,4,354,45,2,6,2,6,20170713,20170716,20170715,26,2.0,False,Non local,2,869.99,41296.976766650005,0.05,86.99900000000001,4129.6976766650005
1001,3,4,354,58,9,7,2,6,20170713,20170716,20170715,26,2.0,False,Non local,1,4999.99,237341.20031665,0.1,499.999,23734.120031665003
1001,4,4,354,111,7,2,2,6,20170713,20170716,20170715,26,2.0,False,Non local,1,470.99,22357.111101650004,0.07,32.969300000000004,1564.9977771155004
1002,1,4,1418,100,1,1,1,3,20170714,20170716,20170716,83,2.0,False,Non local,1,489.99,23259.00946665,0.05,24.4995,1162.9504733325
1002,2,4,1418,83,9,1,1,3,20170714,20170716,20170716,83,2.0,False,Non local,1,149.99,7119.775566650001,0.1,14.999000000000002,711.9775566650001
1002,3,4,1418,8,9,6,1,3,20170714,20170716,20170716,83,2.0,False,Non local,2,1799.99,85442.52831665,0.1,359.99800000000005,17088.50566333
1002,4,4,1418,79,7,3,1,3,20170714,20170716,20170716,83,2.0,False,Non local,1,402.99,19129.26432165,0.2,80.59800000000001,3825.85286433
1003,1,4,503,34,9,6,2,7,20170714,20170716,20170716,134,2.0,False,Non local,2,469.99,22309.64276665,0.05,46.999,2230.964276665
1003,2,4,503,51,9,7,2,7,20170714,20170716,20170716,134,2.0,False,Non local,2,6499.99,308543.70281665004,0.05,649.999,30854.370281665004
1004,1,4,1389,36,8,6,2,6,20170714,20170717,20170716,97,2.0,False,Non local,2,832.99,39540.64837165,0.1,166.598,7908.129674330001
1005,1,4,266,14,1,3,2,7,20170715,20170717,20170716,41,1.0,False,Non local,2,269.99,12815.97576665,0.2,107.99600000000001,5126.3903066600005
1005,2,4,266,81,1,3,2,7,20170715,20170717,20170716,41,1.0,False,Non local,2,1099.99,52214.69381665,0.1,219.99800000000002,10442.93876333
1005,3,4,266,99,1,1,2,7,20170715,20170717,20170716,41,1.0,False,Non local,1,299.99,14240.02581665,0.1,29.999000000000002,1424.0025816650002
1006,1,4,1070,20,1,3,2,7,20170715,20170718,20170717,192,2.0,False,Non local,1,599.99,28480.52631665,0.07,41.999300000000005,1993.6368421655002
1006,2,4,1070,68,7,3,2,7,20170715,20170718,20170717,192,2.0,False,Non local,1,449.99,21360.276066650003,0.1,44.999,2136.0276066650003
1006,3,4,1070,56,9,7,2,7,20170715,20170718,20170717,192,2.0,False,Non local,2,5499.99,261075.36781665,0.07,769.9986,36550.551494331005
1006,4,4,1070,65,7,3,2,7,20170715,20170718,20170717,192,2.0,False,Non local,1,346.99,16471.037561650002,0.1,34.699000000000005,1647.1037561650003
1006,5,4,1070,46,2,6,2,7,20170715,20170718,20170717,192,2.0,False,Non local,1,1409.99,66929.87766665,0.1,140.999,6692.987766665001
1007,1,4,1115,26,1,2,2,6,20170716,20170717,20170717,177,1.0,False,Non local,1,599.99,28480.52631665,0.2,119.998,5696.1052633300005
1007,2,4,1115,11,8,4,2,6,20170716,20170717,20170717,177,1.0,False,Non local,1,1680.99,79793.79645165,0.05,84.04950000000001,3989.6898225825007
1007,3,4,1115,85,2,1,2,6,20170716,20170717,20170717,177,1.0,False,Non local,2,329.99,15664.075866650002,0.1,65.998,3132.8151733300006
1007,4,4,1115,76,1,3,2,6,20170716,20170717,20170717,177,1.0,False,Non local,1,299.99,14240.02581665,0.2,59.998000000000005,2848.0051633300004
1007,5,4,1115,106,7,2,2,6,20170716,20170717,20170717,177,1.0,False,Non local,2,449.99,21360.276066650003,0.1,89.998,4272.055213330001
1008,1,4,1345,71,7,3,2,6,20170716,20170718,20170718,159,2.0,False,Non local,1,416.99,19793.82101165,0.2,83.39800000000001,3958.7642023300004
1008,2,4,1345,2,5,6,2,6,20170716,20170718,20170718,159,2.0,False,Non local,1,749.99,35600.776566650005,0.1,74.99900000000001,3560.0776566650006
1008,3,4,1345,95,1,1,2,6,20170716,20170718,20170718,159,2.0,False,Non local,1,299.99,14240.02581665,0.07,20.9993,996.8018071655001
1009,1,4,1064,95,1,1,3,8,20170716,20170719,20170719,57,3.0,False,local,2,299.99,14240.02581665,0.07,41.9986,1993.6036143310002
1009,2,4,1064,44,2,6,3,8,20170716,20170719,20170719,57,3.0,False,local,1,539.99,25632.42621665,0.07,37.7993,1794.2698351655004
1010,1,3,8,109,7,2,2,7,20170718,20170718,,8,,False,Non local,2,416.99,19793.82101165,0.1,83.39800000000001,3958.7642023300004
1011,1,4,495,88,9,1,1,3,20170718,20170721,20170721,160,3.0,False,Non local,1,189.99,9018.50896665,0.2,37.998000000000005,1803.7017933300003
1011,2,4,495,99,1,1,1,3,20170718,20170721,20170721,160,3.0,False,Non local,2,299.99,14240.02581665,0.2,119.99600000000001,5696.010326660001
1011,3,4,495,16,1,3,1,3,20170718,20170721,20170721,160,3.0,False,Non local,2,599.99,28480.52631665,0.2,239.996,11392.210526660001
1011,4,4,495,68,7,3,1,3,20170718,20170721,20170721,160,3.0,False,Non local,2,449.99,21360.276066650003,0.05,44.999,2136.0276066650003
1012,1,4,620,8,9,6,2,7,20170718,20170720,20170720,118,2.0,False,Non local,1,1799.99,85442.52831665,0.07,125.99930000000002,5980.976982165501
1012,2,4,620,64,1,3,2,7,20170718,20170720,20170720,118,2.0,False,Non local,1,489.99,23259.00946665,0.2,97.998,4651.80189333
1013,1,4,174,60,7,5,2,6,20170719,20170722,20170721,17,2.0,False,Non local,2,1559.99,74050.12791665,0.05,155.99900000000002,7405.012791665001
1014,1,4,748,97,1,1,2,6,20170719,20170721,20170721,80,2.0,False,Non local,1,349.99,16613.442566650003,0.2,69.998,3322.6885133300007
1014,2,4,748,45,2,6,2,6,20170719,20170721,20170721,80,2.0,False,Non local,2,869.99,41296.976766650005,0.05,86.99900000000001,4129.6976766650005
1014,3,4,748,81,1,3,2,6,20170719,20170721,20170721,80,2.0,False,Non local,2,1099.99,52214.69381665,0.1,219.99800000000002,10442.93876333
1014,4,4,748,59,9,7,2,6,20170719,20170721,20170721,80,2.0,False,Non local,1,2599.99,123417.19631665,0.05,129.99949999999998,6170.8598158325
1015,1,4,799,6,8,6,2,7,20170719,20170722,20170721,100,2.0,False,Non local,2,469.99,22309.64276665,0.1,93.998,4461.92855333
1015,2,4,799,73,7,3,2,7,20170719,20170722,20170721,100,2.0,False,Non local,2,749.99,35600.776566650005,0.2,299.99600000000004,14240.310626660003
1015,3,4,799,101,1,1,2,7,20170719,20170722,20170721,100,2.0,False,Non local,2,339.99,16138.759216650002,0.1,67.998,3227.7518433300006
1015,4,4,799,13,1,3,2,7,20170719,20170722,20170721,100,2.0,False,Non local,1,269.99,12815.97576665,0.2,53.998000000000005,2563.1951533300003
1016,1,4,1417,76,1,3,3,9,20170719,20170720,20170721,14,2.0,True,Non local,2,299.99,14240.02581665,0.07,41.9986,1993.6036143310002
1017,1,4,168,89,9,1,2,6,20170720,20170721,20170723,107,3.0,True,Non local,1,209.99,9967.87566665,0.07,14.699300000000003,697.7512966655
1017,2,4,168,82,1,3,2,6,20170720,20170721,20170723,107,3.0,True,Non local,2,659.99,31328.626416650004,0.2,263.99600000000004,12531.450566660002
1017,3,4,168,100,1,1,2,6,20170720,20170721,20170723,107,3.0,True,Non local,1,489.99,23259.00946665,0.2,97.998,4651.80189333
1017,4,4,168,18,4,3,2,6,20170720,20170721,20170723,107,3.0,True,Non local,2,449.0,21313.282415,0.2,179.60000000000002,8525.312966000001
1017,5,4,168,77,1,3,2,6,20170720,20170721,20170723,107,3.0,True,Non local,2,799.99,37974.19331665,0.1,159.99800000000002,7594.838663330001
1018,1,4,290,76,1,3,2,6,20170722,20170723,20170723,146,1.0,False,Non local,2,299.99,14240.02581665,0.07,41.9986,1993.6036143310002
1018,2,4,290,97,1,1,2,6,20170722,20170723,20170723,146,1.0,False,Non local,2,349.99,16613.442566650003,0.1,69.998,3322.6885133300007
1018,3,4,290,91,9,1,2,6,20170722,20170723,20170723,146,1.0,False,Non local,1,349.99,16613.442566650003,0.2,69.998,3322.6885133300007
1019,1,4,408,30,8,6,2,7,20170722,20170723,20170724,49,2.0,True,Non local,1,999.99,47467.86031665,0.1,99.99900000000001,4746.786031665
1019,2,4,408,52,8,7,2,7,20170722,20170723,20170724,49,2.0,True,Non local,1,875.99,41581.786776650006,0.2,175.198,8316.357355330001
1019,3,4,408,37,2,6,2,7,20170722,20170723,20170724,49,2.0,True,Non local,1,379.99,18037.49261665,0.05,18.9995,901.8746308325001
1019,4,4,408,93,2,1,2,7,20170722,20170723,20170724,49,2.0,True,Non local,2,209.99,9967.87566665,0.2,83.99600000000001,3987.15026666
1020,1,3,16,20,1,3,2,6,20170723,20170723,,16,,False,Non local,2,599.99,28480.52631665,0.05,59.999,2848.0526316650003
1020,2,3,16,69,7,3,2,6,20170723,20170723,,16,,False,Non local,2,416.99,19793.82101165,0.05,41.699000000000005,1979.3821011650002
1020,3,3,16,15,1,3,2,6,20170723,20170723,,16,,False,Non local,1,529.99,25157.74286665,0.07,37.09930000000001,1761.0420006655004
1020,4,3,16,57,9,7,2,6,20170723,20170723,,16,,False,Non local,2,1999.99,94936.19531665,0.1,399.99800000000005,18987.239063330002
1020,5,3,16,40,9,6,2,6,20170723,20170723,,16,,False,Non local,2,4999.99,237341.20031665,0.05,499.999,23734.120031665003
1021,1,4,125,49,9,7,2,6,20170723,20170724,20170726,18,3.0,True,Non local,2,3499.99,166138.69781665,0.07,489.9986,23259.417694331
1021,2,4,125,23,1,1,2,6,20170723,20170724,20170726,18,3.0,True,Non local,2,299.99,14240.02581665,0.07,41.9986,1993.6036143310002
1022,1,4,353,33,8,6,2,7,20170723,20170726,20170724,11,1.0,False,Non local,1,469.99,22309.64276665,0.2,93.998,4461.92855333
1022,2,4,353,46,2,6,2,7,20170723,20170726,20170724,11,1.0,False,Non local,1,1409.99,66929.87766665,0.1,140.999,6692.987766665001
1022,3,4,353,65,7,3,2,7,20170723,20170726,20170724,11,1.0,False,Non local,1,346.99,16471.037561650002,0.07,24.289300000000004,1152.9726293155002
1022,4,4,353,5,3,6,2,7,20170723,20170726,20170724,11,1.0,False,Non local,1,1320.99,62705.19585165,0.07,92.4693,4389.363709615501
1023,1,4,356,91,9,1,2,6,20170723,20170726,20170725,48,2.0,False,Non local,1,349.99,16613.442566650003,0.07,24.4993,1162.9409796655002
1023,2,4,356,43,9,6,2,6,20170723,20170726,20170725,48,2.0,False,Non local,2,5299.99,251581.70081665,0.1,1059.998,50316.34016333
1024,1,4,837,104,7,2,2,7,20170723,20170725,20170726,32,3.0,True,Non local,1,481.99,22879.26278665,0.2,96.39800000000001,4575.85255733
1024,2,4,837,28,8,6,2,7,20170723,20170725,20170726,32,3.0,True,Non local,2,2499.99,118670.36281665,0.05,249.999,11867.036281665001
1024,3,4,837,98,1,1,2,7,20170723,20170725,20170726,32,3.0,True,Non local,2,489.99,23259.00946665,0.2,195.996,9303.60378666
1024,4,4,837,96,1,1,2,7,20170723,20170725,20170726,32,3.0,True,Non local,2,349.99,16613.442566650003,0.1,69.998,3322.6885133300007
1024,5,4,837,91,9,1,2,7,20170723,20170725,20170726,32,3.0,True,Non local,1,349.99,16613.442566650003,0.2,69.998,3322.6885133300007
1025,1,4,1304,89,9,1,2,6,20170723,20170726,20170726,22,3.0,False,Non local,1,209.99,9967.87566665,0.07,14.699300000000003,697.7512966655
1025,2,4,1304,102,1,2,2,6,20170723,20170726,20170726,22,3.0,False,Non local,1,489.99,23259.00946665,0.1,48.999,2325.900946665
1025,3,4,1304,39,9,6,2,6,20170723,20170726,20170726,22,3.0,False,Non local,1,1499.99,71202.02781665,0.1,149.999,7120.202781665001
1025,4,4,1304,15,1,3,2,6,20170723,20170726,20170726,22,3.0,False,Non local,1,529.99,25157.74286665,0.05,26.4995,1257.8871433325003
1025,5,4,1304,66,7,3,2,6,20170723,20170726,20170726,22,3.0,False,Non local,2,250.99,11914.077401650002,0.05,25.099000000000004,1191.4077401650002
1026,1,4,1370,7,9,6,1,2,20170726,20170728,20170729,82,3.0,True,Non local,2,3999.99,189872.86531665,0.07,559.9986,26582.201144331
1027,1,4,588,95,1,1,2,6,20170726,20170728,20170728,155,2.0,False,Non local,2,299.99,14240.02581665,0.1,59.998000000000005,2848.0051633300004
1027,2,4,588,14,1,3,2,6,20170726,20170728,20170728,155,2.0,False,Non local,2,269.99,12815.97576665,0.05,26.999000000000002,1281.5975766650001
1028,1,4,1273,111,7,2,2,7,20170727,20170728,20170730,67,3.0,True,Non local,2,470.99,22357.111101650004,0.1,94.19800000000001,4471.4222203300005
1028,2,4,1273,10,8,4,2,7,20170727,20170728,20170730,67,3.0,True,Non local,1,1549.0,73528.45091500001,0.2,309.8,14705.690183000002
1028,3,4,1273,41,2,6,2,7,20170727,20170728,20170730,67,3.0,True,Non local,1,1469.99,69777.97776665,0.2,293.998,13955.59555333
1028,4,4,1273,35,7,6,2,7,20170727,20170728,20170730,67,3.0,True,Non local,2,832.99,39540.64837165,0.1,166.598,7908.129674330001
1028,5,4,1273,108,7,2,2,7,20170727,20170728,20170730,67,3.0,True,Non local,1,449.99,21360.276066650003,0.2,89.998,4272.055213330001
1029,1,4,407,20,1,3,1,3,20170729,20170730,20170801,133,3.0,True,Non local,1,599.99,28480.52631665,0.2,119.998,5696.1052633300005
1029,2,4,407,55,9,7,1,3,20170729,20170730,20170801,133,3.0,True,Non local,1,2699.99,128164.02981665,0.1,269.99899999999997,12816.402981665
1029,3,4,407,40,9,6,1,3,20170729,20170730,20170801,133,3.0,True,Non local,1,4999.99,237341.20031665,0.2,999.998,47468.240063330006
1029,4,4,407,68,7,3,1,3,20170729,20170730,20170801,133,3.0,True,Non local,2,449.99,21360.276066650003,0.1,89.998,4272.055213330001
1030,1,4,161,27,8,6,2,6,20170729,20170730,20170731,99,2.0,True,Non local,1,999.99,47467.86031665,0.05,49.999500000000005,2373.3930158325
1030,2,4,161,10,8,4,2,6,20170729,20170730,20170731,99,2.0,True,Non local,2,1549.0,73528.45091500001,0.1,309.8,14705.690183000002
1030,3,4,161,72,7,3,2,6,20170729,20170730,20170731,99,2.0,True,Non local,1,619.99,29429.893016650003,0.1,61.999,2942.9893016650003
1031,1,4,1308,27,8,6,1,2,20170730,20170801,20170802,59,3.0,True,Non local,2,999.99,47467.86031665,0.2,399.99600000000004,18987.14412666
1031,2,4,1308,108,7,2,1,2,20170730,20170801,20170802,59,3.0,True,Non local,2,449.99,21360.276066650003,0.2,179.996,8544.110426660001
1032,1,4,429,60,7,5,2,6,20170730,20170802,20170801,155,2.0,False,Non local,2,1559.99,74050.12791665,0.1,311.99800000000005,14810.025583330002
1032,2,4,429,17,4,3,2,6,20170730,20170802,20170801,155,2.0,False,Non local,1,429.0,20363.915715000003,0.1,42.900000000000006,2036.3915715000003
1033,1,4,582,26,1,2,2,7,20170730,20170731,20170802,8,3.0,True,Non local,1,599.99,28480.52631665,0.07,41.999300000000005,1993.6368421655002
1033,2,4,582,109,7,2,2,7,20170730,20170731,20170802,8,3.0,True,Non local,2,416.99,19793.82101165,0.1,83.39800000000001,3958.7642023300004
1033,3,4,582,27,8,6,2,7,20170730,20170731,20170802,8,3.0,True,Non local,2,999.99,47467.86031665,0.07,139.9986,6645.500444331001
1034,1,4,895,101,1,1,2,7,20170730,20170731,20170731,101,1.0,False,Non local,1,339.99,16138.759216650002,0.1,33.999,1613.8759216650003
1034,2,4,895,8,9,6,2,7,20170730,20170731,20170731,101,1.0,False,Non local,2,1799.99,85442.52831665,0.1,359.99800000000005,17088.50566333
1034,3,4,895,11,8,4,2,7,20170730,20170731,20170731,101,1.0,False,Non local,2,1680.99,79793.79645165,0.07,235.3386,11171.131503231001
1034,4,4,895,21,1,1,2,7,20170730,20170731,20170731,101,1.0,False,Non local,1,269.99,12815.97576665,0.05,13.499500000000001,640.7987883325001
1035,1,4,1283,96,1,1,2,6,20170730,20170802,20170802,142,3.0,False,Non local,1,349.99,16613.442566650003,0.2,69.998,3322.6885133300007
1036,1,4,1442,55,9,7,2,6,20170730,20170801,20170731,119,1.0,False,Non local,2,2699.99,128164.02981665,0.1,539.9979999999999,25632.80596333
1036,2,4,1442,76,1,3,2,6,20170730,20170801,20170731,119,1.0,False,Non local,1,299.99,14240.02581665,0.07,20.9993,996.8018071655001
1036,3,4,1442,18,4,3,2,6,20170730,20170801,20170731,119,1.0,False,Non local,2,449.0,21313.282415,0.05,44.900000000000006,2131.3282415000003
1036,4,4,1442,65,7,3,2,6,20170730,20170801,20170731,119,1.0,False,Non local,2,346.99,16471.037561650002,0.2,138.79600000000002,6588.415024660001
1036,5,4,1442,12,1,3,2,6,20170730,20170801,20170731,119,1.0,False,Non local,1,549.99,26107.10956665,0.2,109.998,5221.42191333
1037,1,4,1229,74,1,3,2,6,20170731,20170802,20170803,158,3.0,True,Non local,2,439.99,20885.59271665,0.07,61.598600000000005,2923.9829803310004
1037,2,4,1229,3,8,6,2,6,20170731,20170802,20170803,158,3.0,True,Non local,1,999.99,47467.86031665,0.07,69.9993,3322.7502221655004
1037,3,4,1229,65,7,3,2,6,20170731,20170802,20170803,158,3.0,True,Non local,2,346.99,16471.037561650002,0.2,138.79600000000002,6588.415024660001
1037,4,4,1229,92,2,1,2,6,20170731,20170802,20170803,158,3.0,True,Non local,1,209.99,9967.87566665,0.07,14.699300000000003,697.7512966655
1037,5,4,1229,84,7,1,2,6,20170731,20170802,20170803,158,3.0,True,Non local,2,109.99,5221.04216665,0.05,10.999,522.104216665
1038,1,4,1281,83,9,1,2,7,20170731,20170801,20170803,106,3.0,True,Non local,1,149.99,7119.775566650001,0.05,7.499500000000001,355.98877833250003
1038,2,4,1281,9,9,5,2,7,20170731,20170801,20170803,106,3.0,True,Non local,1,2999.99,142404.53031665,0.07,209.9993,9968.317122165501
1039,1,4,1077,18,4,3,2,7,20170802,20170804,20170803,26,1.0,False,Non local,2,449.0,21313.282415,0.2,179.60000000000002,8525.312966000001
1040,1,4,1225,97,1,1,1,2,20170804,20170807,20170805,160,1.0,False,Non local,1,349.99,16613.442566650003,0.1,34.999,1661.3442566650003
1040,2,4,1225,28,8,6,1,2,20170804,20170807,20170805,160,1.0,False,Non local,2,2499.99,118670.36281665,0.2,999.996,47468.145126660005
1040,3,4,1225,64,1,3,1,2,20170804,20170807,20170805,160,1.0,False,Non local,1,489.99,23259.00946665,0.07,34.2993,1628.1306626655003
1040,4,4,1225,27,8,6,1,2,20170804,20170807,20170805,160,1.0,False,Non local,2,999.99,47467.86031665,0.07,139.9986,6645.500444331001
1040,5,4,1225,8,9,6,1,2,20170804,20170807,20170805,160,1.0,False,Non local,2,1799.99,85442.52831665,0.05,179.99900000000002,8544.252831665
1041,1,4,70,89,9,1,2,7,20170804,20170806,20170805,45,1.0,False,Non local,1,209.99,9967.87566665,0.1,20.999000000000002,996.787566665
1041,2,4,70,61,9,5,2,7,20170804,20170806,20170805,45,1.0,False,Non local,2,4999.99,237341.20031665,0.07,699.9986,33227.768044331
1041,3,4,70,94,2,1,2,7,20170804,20170806,20170805,45,1.0,False,Non local,2,249.99,11866.60906665,0.1,49.998000000000005,2373.32181333
1042,1,4,539,23,1,1,2,7,20170806,20170807,20170807,141,1.0,False,Non local,1,299.99,14240.02581665,0.1,29.999000000000002,1424.0025816650002
1043,1,4,1235,55,9,7,2,6,20170806,20170809,20170808,189,2.0,False,Non local,2,2699.99,128164.02981665,0.1,539.9979999999999,25632.80596333
1043,2,4,1235,20,1,3,2,6,20170806,20170809,20170808,189,2.0,False,Non local,1,599.99,28480.52631665,0.07,41.999300000000005,1993.6368421655002
1044,1,4,1270,97,1,1,2,7,20170807,20170810,20170808,1,1.0,False,Non local,2,349.99,16613.442566650003,0.1,69.998,3322.6885133300007
1045,1,4,185,28,8,6,3,9,20170807,20170809,20170810,52,3.0,True,Non local,1,2499.99,118670.36281665,0.05,124.9995,5933.518140832501
1045,2,4,185,104,7,2,3,9,20170807,20170809,20170810,52,3.0,True,Non local,2,481.99,22879.26278665,0.05,48.199000000000005,2287.926278665
1046,1,4,1134,60,7,5,3,8,20170807,20170809,20170808,54,1.0,False,Non local,1,1559.99,74050.12791665,0.07,109.19930000000001,5183.508954165501
1046,2,4,1134,79,7,3,3,8,20170807,20170809,20170808,54,1.0,False,Non local,1,402.99,19129.26432165,0.07,28.209300000000002,1339.0485025155
1046,3,4,1134,32,9,6,3,8,20170807,20170809,20170808,54,1.0,False,Non local,1,469.99,22309.64276665,0.07,32.899300000000004,1561.6749936655
1046,4,4,1134,41,2,6,3,8,20170807,20170809,20170808,54,1.0,False,Non local,2,1469.99,69777.97776665,0.1,293.998,13955.59555333
1046,5,4,1134,17,4,3,3,8,20170807,20170809,20170808,54,1.0,False,Non local,2,429.0,20363.915715000003,0.05,42.900000000000006,2036.3915715000003
1047,1,3,116,28,8,6,3,8,20170808,20170808,,85,,False,Non local,2,2499.99,118670.36281665,0.1,499.998,23734.072563330003
1047,2,3,116,78,7,3,3,8,20170808,20170808,,85,,False,Non local,1,647.99,30759.00639665,0.2,129.598,6151.80127933
1047,3,3,116,35,7,6,3,8,20170808,20170808,,85,,False,Non local,1,832.99,39540.64837165,0.05,41.6495,1977.0324185825002
1047,4,3,116,49,9,7,3,8,20170808,20170808,,85,,False,Non local,1,3499.99,166138.69781665,0.05,174.9995,8306.934890832501
1048,1,4,777,3,8,6,2,7,20170808,20170810,20170809,140,1.0,False,Non local,2,999.99,47467.86031665,0.1,199.99800000000002,9493.57206333
1048,2,4,777,37,2,6,2,7,20170808,20170810,20170809,140,1.0,False,Non local,1,379.99,18037.49261665,0.1,37.999,1803.7492616650002
1048,3,4,777,94,2,1,2,7,20170808,20170810,20170809,140,1.0,False,Non local,1,249.99,11866.60906665,0.05,12.499500000000001,593.3304533325
1049,1,4,194,9,9,5,1,2,20170809,20170811,20170810,113,1.0,False,local,1,2999.99,142404.53031665,0.1,299.99899999999997,14240.453031665
1049,2,4,194,36,8,6,1,2,20170809,20170811,20170810,113,1.0,False,local,2,832.99,39540.64837165,0.05,83.299,3954.0648371650004
1049,3,4,194,3,8,6,1,2,20170809,20170811,20170810,113,1.0,False,local,1,999.99,47467.86031665,0.1,99.99900000000001,4746.786031665
1049,4,4,194,26,1,2,1,2,20170809,20170811,20170810,113,1.0,False,local,1,599.99,28480.52631665,0.07,41.999300000000005,1993.6368421655002
1049,5,4,194,10,8,4,1,2,20170809,20170811,20170810,113,1.0,False,local,2,1549.0,73528.45091500001,0.05,154.9,7352.845091500001
1050,1,4,239,96,1,1,1,3,20170809,20170812,20170812,132,3.0,False,Non local,2,349.99,16613.442566650003,0.07,48.9986,2325.8819593310004
1050,2,4,239,99,1,1,1,3,20170809,20170812,20170812,132,3.0,False,Non local,2,299.99,14240.02581665,0.1,59.998000000000005,2848.0051633300004
1050,3,4,239,45,2,6,1,3,20170809,20170812,20170812,132,3.0,False,Non local,2,869.99,41296.976766650005,0.2,347.99600000000004,16518.790706660002
1050,4,4,239,14,1,3,1,3,20170809,20170812,20170812,132,3.0,False,Non local,2,269.99,12815.97576665,0.2,107.99600000000001,5126.3903066600005
1051,1,4,209,46,2,6,2,7,20170810,20170811,20170811,121,1.0,False,Non local,1,1409.99,66929.87766665,0.2,281.998,13385.975533330002
1052,1,4,460,7,9,6,2,6,20170810,20170812,20170813,138,3.0,True,Non local,1,3999.99,189872.86531665,0.05,199.9995,9493.6432658325
1052,2,4,460,103,7,2,2,6,20170810,20170812,20170813,138,3.0,True,Non local,1,551.99,26202.046236650003,0.05,27.599500000000003,1310.1023118325002
1052,3,4,460,26,1,2,2,6,20170810,20170812,20170813,138,3.0,True,Non local,2,599.99,28480.52631665,0.07,83.99860000000001,3987.2736843310004
1053,1,4,1439,49,9,7,2,6,20170810,20170811,20170812,165,2.0,True,Non local,2,3499.99,166138.69781665,0.05,349.999,16613.869781665002
1053,2,4,1439,26,1,2,2,6,20170810,20170811,20170812,165,2.0,True,Non local,2,599.99,28480.52631665,0.2,239.996,11392.210526660001
1053,3,4,1439,23,1,1,2,6,20170810,20170811,20170812,165,2.0,True,Non local,2,299.99,14240.02581665,0.2,119.99600000000001,5696.010326660001
1053,4,4,1439,68,7,3,2,6,20170810,20170811,20170812,165,2.0,True,Non local,1,449.99,21360.276066650003,0.1,44.999,2136.0276066650003
1053,5,4,1439,73,7,3,2,6,20170810,20170811,20170812,165,2.0,True,Non local,2,749.99,35600.776566650005,0.05,74.99900000000001,3560.0776566650006
1054,1,4,189,36,8,6,2,7,20170811,20170812,20170812,33,1.0,False,Non local,2,832.99,39540.64837165,0.1,166.598,7908.129674330001
1054,2,4,189,16,1,3,2,7,20170811,20170812,20170812,33,1.0,False,Non local,1,599.99,28480.52631665,0.05,29.9995,1424.0263158325001
1055,1,4,140,43,9,6,2,6,20170812,20170815,20170815,45,3.0,False,Non local,2,5299.99,251581.70081665,0.07,741.9986,35221.438114331
1055,2,4,140,101,1,1,2,6,20170812,20170815,20170815,45,3.0,False,Non local,2,339.99,16138.759216650002,0.2,135.996,6455.503686660001
1055,3,4,140,12,1,3,2,6,20170812,20170815,20170815,45,3.0,False,Non local,2,549.99,26107.10956665,0.1,109.998,5221.42191333
1055,4,4,140,83,9,1,2,6,20170812,20170815,20170815,45,3.0,False,Non local,2,149.99,7119.775566650001,0.1,29.998000000000005,1423.9551133300001
1055,5,4,140,60,7,5,2,6,20170812,20170815,20170815,45,3.0,False,Non local,1,1559.99,74050.12791665,0.2,311.99800000000005,14810.025583330002
1056,1,4,325,3,8,6,2,7,20170812,20170815,20170813,48,1.0,False,Non local,1,999.99,47467.86031665,0.05,49.999500000000005,2373.3930158325
1057,1,4,456,105,7,2,2,7,20170812,20170815,20170813,118,1.0,False,Non local,1,533.99,25347.616206650004,0.2,106.798,5069.523241330001
1057,2,4,456,97,1,1,2,7,20170812,20170815,20170813,118,1.0,False,Non local,1,349.99,16613.442566650003,0.05,17.4995,830.6721283325002
1057,3,4,456,98,1,1,2,7,20170812,20170815,20170813,118,1.0,False,Non local,2,489.99,23259.00946665,0.05,48.999,2325.900946665
1058,1,4,782,43,9,6,2,6,20170813,20170816,20170814,106,1.0,False,Non local,1,5299.99,251581.70081665,0.1,529.999,25158.170081665
1058,2,4,782,29,9,6,2,6,20170813,20170816,20170814,106,1.0,False,Non local,2,999.99,47467.86031665,0.05,99.99900000000001,4746.786031665
1058,3,4,782,103,7,2,2,6,20170813,20170816,20170814,106,1.0,False,Non local,1,551.99,26202.046236650003,0.07,38.639300000000006,1834.1432365655005
1059,1,4,6,46,2,6,2,7,20170814,20170817,20170817,6,3.0,False,Non local,2,1409.99,66929.87766665,0.05,140.999,6692.987766665001
1059,2,4,6,7,9,6,2,7,20170814,20170817,20170817,6,3.0,False,Non local,1,3999.99,189872.86531665,0.1,399.999,18987.286531665
1059,3,4,6,13,1,3,2,7,20170814,20170817,20170817,6,3.0,False,Non local,1,269.99,12815.97576665,0.07,18.899300000000004,897.1183036655001
1060,1,4,182,7,9,6,2,6,20170815,20170818,20170817,103,2.0,False,Non local,1,3999.99,189872.86531665,0.07,279.9993,13291.1005721655
1060,2,4,182,11,8,4,2,6,20170815,20170818,20170817,103,2.0,False,Non local,2,1680.99,79793.79645165,0.07,235.3386,11171.131503231001
1060,3,4,182,61,9,5,2,6,20170815,20170818,20170817,103,2.0,False,Non local,2,4999.99,237341.20031665,0.1,999.998,47468.240063330006
1060,4,4,182,30,8,6,2,6,20170815,20170818,20170817,103,2.0,False,Non local,2,999.99,47467.86031665,0.05,99.99900000000001,4746.786031665
1061,1,4,655,14,1,3,2,7,20170815,20170818,20170818,17,3.0,False,Non local,1,269.99,12815.97576665,0.07,18.899300000000004,897.1183036655001
1061,2,4,655,19,4,3,2,7,20170815,20170818,20170818,17,3.0,False,Non local,1,449.0,21313.282415,0.1,44.900000000000006,2131.3282415000003
1062,1,4,1210,13,1,3,2,6,20170815,20170817,20170818,106,3.0,True,Non local,1,269.99,12815.97576665,0.05,13.499500000000001,640.7987883325001
1062,2,4,1210,111,7,2,2,6,20170815,20170817,20170818,106,3.0,True,Non local,2,470.99,22357.111101650004,0.2,188.39600000000002,8942.844440660001
1062,3,4,1210,5,3,6,2,6,20170815,20170817,20170818,106,3.0,True,Non local,1,1320.99,62705.19585165,0.05,66.04950000000001,3135.2597925825003
1062,4,4,1210,12,1,3,2,6,20170815,20170817,20170818,106,3.0,True,Non local,1,549.99,26107.10956665,0.2,109.998,5221.42191333
1063,1,4,198,33,8,6,3,8,20170816,20170819,20170819,115,3.0,False,Non local,2,469.99,22309.64276665,0.1,93.998,4461.92855333
1063,2,4,198,100,1,1,3,8,20170816,20170819,20170819,115,3.0,False,Non local,2,489.99,23259.00946665,0.07,68.5986,3256.2613253310005
1063,3,4,198,72,7,3,3,8,20170816,20170819,20170819,115,3.0,False,Non local,2,619.99,29429.893016650003,0.2,247.996,11771.957206660001
1064,1,4,898,18,4,3,3,9,20170816,20170818,20170819,40,3.0,True,Non local,1,449.0,21313.282415,0.07,31.430000000000003,1491.9297690500002
1064,2,4,898,49,9,7,3,9,20170816,20170818,20170819,40,3.0,True,Non local,1,3499.99,166138.69781665,0.1,349.999,16613.869781665002
1065,1,4,25,48,9,7,2,7,20170817,20170819,20170819,24,2.0,False,Non local,2,1499.99,71202.02781665,0.07,209.9986,9968.283894331002
1065,2,4,25,103,7,2,2,7,20170817,20170819,20170819,24,2.0,False,Non local,2,551.99,26202.046236650003,0.05,55.199000000000005,2620.2046236650003
1065,3,4,25,63,9,4,2,7,20170817,20170819,20170819,24,2.0,False,Non local,1,3499.99,166138.69781665,0.07,244.9993,11629.7088471655
1066,1,4,106,15,1,3,2,7,20170817,20170820,20170819,80,2.0,False,Non local,2,529.99,25157.74286665,0.05,52.999,2515.7742866650005
1066,2,4,106,46,2,6,2,7,20170817,20170820,20170819,80,2.0,False,Non local,1,1409.99,66929.87766665,0.1,140.999,6692.987766665001
1066,3,4,106,12,1,3,2,7,20170817,20170820,20170819,80,2.0,False,Non local,1,549.99,26107.10956665,0.1,54.999,2610.710956665
1067,1,4,225,74,1,3,2,7,20170817,20170819,20170819,101,2.0,False,Non local,2,439.99,20885.59271665,0.07,61.598600000000005,2923.9829803310004
1067,2,4,225,9,9,5,2,7,20170817,20170819,20170819,101,2.0,False,Non local,2,2999.99,142404.53031665,0.2,1199.9959999999999,56961.81212666
1067,3,4,225,72,7,3,2,7,20170817,20170819,20170819,101,2.0,False,Non local,2,619.99,29429.893016650003,0.1,123.998,5885.978603330001
1067,4,4,225,6,8,6,2,7,20170817,20170819,20170819,101,2.0,False,Non local,2,469.99,22309.64276665,0.2,187.996,8923.85710666
1068,1,4,453,87,9,1,2,7,20170817,20170820,20170819,138,2.0,False,Non local,2,189.99,9018.50896665,0.2,75.99600000000001,3607.4035866600007
1068,2,4,453,82,1,3,2,7,20170817,20170820,20170819,138,2.0,False,Non local,1,659.99,31328.626416650004,0.2,131.99800000000002,6265.725283330001
1068,3,4,453,49,9,7,2,7,20170817,20170820,20170819,138,2.0,False,Non local,2,3499.99,166138.69781665,0.2,1399.996,66455.47912666001
1068,4,4,453,45,2,6,2,7,20170817,20170820,20170819,138,2.0,False,Non local,2,869.99,41296.976766650005,0.2,347.99600000000004,16518.790706660002
1069,1,4,493,109,7,2,2,6,20170817,20170819,20170818,92,1.0,False,Non local,1,416.99,19793.82101165,0.07,29.189300000000003,1385.5674708155002
1069,2,4,493,93,2,1,2,6,20170817,20170819,20170818,92,1.0,False,Non local,1,209.99,9967.87566665,0.1,20.999000000000002,996.787566665
1070,1,4,596,110,7,2,2,7,20170817,20170820,20170818,92,1.0,False,Non local,1,470.99,22357.111101650004,0.2,94.19800000000001,4471.4222203300005
1070,2,4,596,18,4,3,2,7,20170817,20170820,20170818,92,1.0,False,Non local,2,449.0,21313.282415,0.1,89.80000000000001,4262.656483000001
1070,3,4,596,94,2,1,2,7,20170817,20170820,20170818,92,1.0,False,Non local,1,249.99,11866.60906665,0.05,12.499500000000001,593.3304533325
1071,1,4,602,25,1,2,3,8,20170817,20170820,20170818,115,1.0,False,Non local,2,499.99,23733.692816650004,0.2,199.996,9493.477126660002
1072,1,3,47,83,9,1,1,3,20170818,20170818,,43,,False,Non local,1,149.99,7119.775566650001,0.2,29.998000000000005,1423.9551133300001
1072,2,3,47,89,9,1,1,3,20170818,20170818,,43,,False,Non local,2,209.99,9967.87566665,0.07,29.398600000000005,1395.502593331
1072,3,3,47,36,8,6,1,3,20170818,20170818,,43,,False,Non local,2,832.99,39540.64837165,0.07,116.61860000000001,5535.690772031001
1073,1,4,911,81,1,3,2,7,20170818,20170819,20170821,86,3.0,True,Non local,1,1099.99,52214.69381665,0.2,219.99800000000002,10442.93876333
1073,2,4,911,13,1,3,2,7,20170818,20170819,20170821,86,3.0,True,Non local,1,269.99,12815.97576665,0.07,18.899300000000004,897.1183036655001
1073,3,4,911,20,1,3,2,7,20170818,20170819,20170821,86,3.0,True,Non local,1,599.99,28480.52631665,0.2,119.998,5696.1052633300005
1074,1,3,11,59,9,7,2,6,20170819,20170819,,11,,False,Non local,1,2599.99,123417.19631665,0.1,259.99899999999997,12341.719631665
1074,2,3,11,87,9,1,2,6,20170819,20170819,,11,,False,Non local,1,189.99,9018.50896665,0.07,13.299300000000002,631.2956276655001
1074,3,3,11,89,9,1,2,6,20170819,20170819,,11,,False,Non local,2,209.99,9967.87566665,0.1,41.998000000000005,1993.57513333
1075,1,4,1003,48,9,7,1,3,20170819,20170821,20170822,168,3.0,True,Non local,2,1499.99,71202.02781665,0.1,299.998,14240.405563330001
1075,2,4,1003,111,7,2,1,3,20170819,20170821,20170822,168,3.0,True,Non local,2,470.99,22357.111101650004,0.05,47.099000000000004,2235.7111101650003
1076,1,4,42,95,1,1,2,6,20170819,20170822,20170822,39,3.0,False,Non local,1,299.99,14240.02581665,0.1,29.999000000000002,1424.0025816650002
1076,2,4,42,102,1,2,2,6,20170819,20170822,20170822,39,3.0,False,Non local,1,489.99,23259.00946665,0.07,34.2993,1628.1306626655003
1076,3,4,42,73,7,3,2,6,20170819,20170822,20170822,39,3.0,False,Non local,2,749.99,35600.776566650005,0.07,104.99860000000001,4984.108719331001
1077,1,4,412,60,7,5,2,6,20170819,20170820,20170821,26,2.0,True,Non local,2,1559.99,74050.12791665,0.05,155.99900000000002,7405.012791665001
1078,1,4,793,76,1,3,2,6,20170819,20170821,20170820,80,1.0,False,Non local,2,299.99,14240.02581665,0.07,41.9986,1993.6036143310002
1078,2,4,793,60,7,5,2,6,20170819,20170821,20170820,80,1.0,False,Non local,2,1559.99,74050.12791665,0.2,623.9960000000001,29620.051166660003
1078,3,4,793,15,1,3,2,6,20170819,20170821,20170820,80,1.0,False,Non local,1,529.99,25157.74286665,0.07,37.09930000000001,1761.0420006655004
1078,4,4,793,10,8,4,2,6,20170819,20170821,20170820,80,1.0,False,Non local,2,1549.0,73528.45091500001,0.1,309.8,14705.690183000002
1078,5,4,793,72,7,3,2,6,20170819,20170821,20170820,80,1.0,False,Non local,2,619.99,29429.893016650003,0.2,247.996,11771.957206660001
1079,1,4,812,70,1,3,2,7,20170819,20170820,20170820,79,1.0,False,Non local,2,659.99,31328.626416650004,0.07,92.39860000000002,4386.007698331001
1080,1,4,1086,31,8,6,2,7,20170819,20170820,20170820,118,1.0,False,Non local,1,1632.99,77515.31637165001,0.2,326.598,15503.063274330003
1080,2,4,1086,40,9,6,2,7,20170819,20170820,20170820,118,1.0,False,Non local,1,4999.99,237341.20031665,0.1,499.999,23734.120031665003
1080,3,4,1086,50,9,7,2,7,20170819,20170820,20170820,118,1.0,False,Non local,1,5999.99,284809.53531665,0.05,299.9995,14240.4767658325
1080,4,4,1086,32,9,6,2,7,20170819,20170820,20170820,118,1.0,False,Non local,2,469.99,22309.64276665,0.2,187.996,8923.85710666
1080,5,4,1086,86,9,1,2,7,20170819,20170820,20170820,118,1.0,False,Non local,1,149.99,7119.775566650001,0.05,7.499500000000001,355.98877833250003
1081,1,4,1106,52,8,7,2,6,20170819,20170822,20170822,95,3.0,False,Non local,2,875.99,41581.786776650006,0.1,175.198,8316.357355330001
1082,1,4,1327,29,9,6,2,6,20170820,20170822,20170821,10,1.0,False,Non local,2,999.99,47467.86031665,0.2,399.99600000000004,18987.14412666
1083,1,4,1372,65,7,3,2,6,20170820,20170823,20170823,107,3.0,False,Non local,2,346.99,16471.037561650002,0.2,138.79600000000002,6588.415024660001
1083,2,4,1372,77,1,3,2,6,20170820,20170823,20170823,107,3.0,False,Non local,2,799.99,37974.19331665,0.1,159.99800000000002,7594.838663330001
1083,3,4,1372,61,9,5,2,6,20170820,20170823,20170823,107,3.0,False,Non local,1,4999.99,237341.20031665,0.07,349.9993,16613.8840221655
1083,4,4,1372,33,8,6,2,6,20170820,20170823,20170823,107,3.0,False,Non local,1,469.99,22309.64276665,0.2,93.998,4461.92855333
1084,1,4,2,30,8,6,1,2,20170821,20170824,20170823,2,2.0,False,Non local,1,999.99,47467.86031665,0.05,49.999500000000005,2373.3930158325
1084,2,4,2,70,1,3,1,2,20170821,20170824,20170823,2,2.0,False,Non local,1,659.99,31328.626416650004,0.05,32.999500000000005,1566.4313208325002
1084,3,4,2,98,1,1,1,2,20170821,20170824,20170823,2,2.0,False,Non local,2,489.99,23259.00946665,0.2,195.996,9303.60378666
1084,4,4,2,65,7,3,1,2,20170821,20170824,20170823,2,2.0,False,Non local,2,346.99,16471.037561650002,0.07,48.57860000000001,2305.9452586310003
1084,5,4,2,60,7,5,1,2,20170821,20170824,20170823,2,2.0,False,Non local,1,1559.99,74050.12791665,0.1,155.99900000000002,7405.012791665001
1085,1,4,305,66,7,3,1,3,20170821,20170823,20170823,3,2.0,False,Non local,2,250.99,11914.077401650002,0.2,100.39600000000002,4765.630960660001
1085,2,4,305,64,1,3,1,3,20170821,20170823,20170823,3,2.0,False,Non local,1,489.99,23259.00946665,0.1,48.999,2325.900946665
1085,3,4,305,74,1,3,1,3,20170821,20170823,20170823,3,2.0,False,Non local,1,439.99,20885.59271665,0.1,43.999,2088.5592716650003
1086,1,4,220,108,7,2,2,7,20170821,20170823,20170824,99,3.0,True,Non local,1,449.99,21360.276066650003,0.07,31.499300000000005,1495.2193246655004
1086,2,4,220,67,7,3,2,7,20170821,20170823,20170824,99,3.0,True,Non local,1,250.99,11914.077401650002,0.1,25.099000000000004,1191.4077401650002
1086,3,4,220,81,1,3,2,7,20170821,20170823,20170824,99,3.0,True,Non local,2,1099.99,52214.69381665,0.05,109.99900000000001,5221.469381665
1086,4,4,220,10,8,4,2,7,20170821,20170823,20170824,99,3.0,True,Non local,2,1549.0,73528.45091500001,0.07,216.86,10293.983128100002
1086,5,4,220,5,3,6,2,7,20170821,20170823,20170824,99,3.0,True,Non local,1,1320.99,62705.19585165,0.2,264.19800000000004,12541.039170330001
1087,1,4,675,15,1,3,3,8,20170822,20170823,20170825,135,3.0,True,Non local,1,529.99,25157.74286665,0.07,37.09930000000001,1761.0420006655004
1087,2,4,675,102,1,2,3,8,20170822,20170823,20170825,135,3.0,True,Non local,2,489.99,23259.00946665,0.07,68.5986,3256.2613253310005
1087,3,4,675,59,9,7,3,8,20170822,20170823,20170825,135,3.0,True,Non local,2,2599.99,123417.19631665,0.1,519.9979999999999,24683.43926333
1087,4,4,675,13,1,3,3,8,20170822,20170823,20170825,135,3.0,True,Non local,2,269.99,12815.97576665,0.07,37.79860000000001,1794.2366073310002
1087,5,4,675,109,7,2,3,8,20170822,20170823,20170825,135,3.0,True,Non local,2,416.99,19793.82101165,0.2,166.79600000000002,7917.528404660001
1088,1,4,1160,64,1,3,3,8,20170822,20170823,20170823,85,1.0,False,Non local,1,489.99,23259.00946665,0.1,48.999,2325.900946665
1088,2,4,1160,30,8,6,3,8,20170822,20170823,20170823,85,1.0,False,Non local,1,999.99,47467.86031665,0.1,99.99900000000001,4746.786031665
1088,3,4,1160,33,8,6,3,8,20170822,20170823,20170823,85,1.0,False,Non local,1,469.99,22309.64276665,0.07,32.899300000000004,1561.6749936655
1088,4,4,1160,36,8,6,3,8,20170822,20170823,20170823,85,1.0,False,Non local,2,832.99,39540.64837165,0.2,333.196,15816.259348660002
1089,1,3,46,70,1,3,1,2,20170823,20170823,,37,,False,Non local,2,659.99,31328.626416650004,0.07,92.39860000000002,4386.007698331001
1089,2,3,46,30,8,6,1,2,20170823,20170823,,37,,False,Non local,2,999.99,47467.86031665,0.05,99.99900000000001,4746.786031665
1090,1,4,1427,74,1,3,1,2,20170824,20170826,20170826,23,2.0,False,Non local,1,439.99,20885.59271665,0.2,87.998,4177.118543330001
1091,1,4,1260,97,1,1,2,7,20170824,20170825,20170825,150,1.0,False,Non local,1,349.99,16613.442566650003,0.05,17.4995,830.6721283325002
1091,2,4,1260,56,9,7,2,7,20170824,20170825,20170825,150,1.0,False,Non local,1,5499.99,261075.36781665,0.1,549.999,26107.536781665
1091,3,4,1260,19,4,3,2,7,20170824,20170825,20170825,150,1.0,False,Non local,1,449.0,21313.282415,0.1,44.900000000000006,2131.3282415000003
1092,1,4,40,34,9,6,1,2,20170825,20170828,20170827,37,2.0,False,Non local,1,469.99,22309.64276665,0.05,23.4995,1115.4821383325
1092,2,4,40,30,8,6,1,2,20170825,20170828,20170827,37,2.0,False,Non local,2,999.99,47467.86031665,0.07,139.9986,6645.500444331001
1092,3,4,40,2,5,6,1,2,20170825,20170828,20170827,37,2.0,False,Non local,2,749.99,35600.776566650005,0.1,149.99800000000002,7120.155313330001
1092,4,4,40,18,4,3,1,2,20170825,20170828,20170827,37,2.0,False,Non local,1,449.0,21313.282415,0.2,89.80000000000001,4262.656483000001
1093,1,4,326,45,2,6,1,3,20170825,20170828,20170826,58,1.0,False,Non local,2,869.99,41296.976766650005,0.07,121.79860000000001,5781.576747331002
1093,2,4,326,17,4,3,1,3,20170825,20170828,20170826,58,1.0,False,Non local,2,429.0,20363.915715000003,0.1,85.80000000000001,4072.7831430000006
1093,3,4,326,90,9,1,1,3,20170825,20170828,20170826,58,1.0,False,Non local,2,209.99,9967.87566665,0.1,41.998000000000005,1993.57513333
1094,1,4,828,71,7,3,2,6,20170825,20170827,20170828,152,3.0,True,Non local,1,416.99,19793.82101165,0.1,41.699000000000005,1979.3821011650002
1094,2,4,828,11,8,4,2,6,20170825,20170827,20170828,152,3.0,True,Non local,1,1680.99,79793.79645165,0.1,168.09900000000002,7979.379645165001
1094,3,4,828,24,1,2,2,6,20170825,20170827,20170828,152,3.0,True,Non local,1,549.99,26107.10956665,0.1,54.999,2610.710956665
1094,4,4,828,107,7,2,2,6,20170825,20170827,20170828,152,3.0,True,Non local,1,416.99,19793.82101165,0.2,83.39800000000001,3958.7642023300004
1095,1,4,1382,78,7,3,3,9,20170826,20170828,20170827,164,1.0,False,Non local,2,647.99,30759.00639665,0.05,64.799,3075.900639665
1095,2,4,1382,3,8,6,3,9,20170826,20170828,20170827,164,1.0,False,Non local,2,999.99,47467.86031665,0.2,399.99600000000004,18987.14412666
1095,3,4,1382,15,1,3,3,9,20170826,20170828,20170827,164,1.0,False,Non local,2,529.99,25157.74286665,0.1,105.998,5031.548573330001
1095,4,4,1382,31,8,6,3,9,20170826,20170828,20170827,164,1.0,False,Non local,1,1632.99,77515.31637165001,0.2,326.598,15503.063274330003
1095,5,4,1382,50,9,7,3,9,20170826,20170828,20170827,164,1.0,False,Non local,2,5999.99,284809.53531665,0.05,599.999,28480.953531665
1096,1,4,589,11,8,4,1,2,20170827,20170829,20170829,137,2.0,False,Non local,1,1680.99,79793.79645165,0.1,168.09900000000002,7979.379645165001
1097,1,4,1311,99,1,1,2,6,20170827,20170830,20170828,93,1.0,False,Non local,1,299.99,14240.02581665,0.05,14.999500000000001,712.0012908325001
1097,2,4,1311,106,7,2,2,6,20170827,20170830,20170828,93,1.0,False,Non local,2,449.99,21360.276066650003,0.07,62.99860000000001,2990.4386493310008
1097,3,4,1311,98,1,1,2,6,20170827,20170830,20170828,93,1.0,False,Non local,2,489.99,23259.00946665,0.07,68.5986,3256.2613253310005
1097,4,4,1311,19,4,3,2,6,20170827,20170830,20170828,93,1.0,False,Non local,1,449.0,21313.282415,0.2,89.80000000000001,4262.656483000001
1097,5,4,1311,35,7,6,2,6,20170827,20170830,20170828,93,1.0,False,Non local,2,832.99,39540.64837165,0.05,83.299,3954.0648371650004
1098,1,4,752,88,9,1,1,2,20170828,20170830,20170830,37,2.0,False,Non local,1,189.99,9018.50896665,0.1,18.999000000000002,901.8508966650002
1099,1,4,1128,64,1,3,2,6,20170828,20170829,20170830,24,2.0,True,Non local,1,489.99,23259.00946665,0.1,48.999,2325.900946665
1099,2,4,1128,13,1,3,2,6,20170828,20170829,20170830,24,2.0,True,Non local,2,269.99,12815.97576665,0.05,26.999000000000002,1281.5975766650001
1099,3,4,1128,46,2,6,2,6,20170828,20170829,20170830,24,2.0,True,Non local,1,1409.99,66929.87766665,0.07,98.69930000000001,4685.091436665501
1099,4,4,1128,89,9,1,2,6,20170828,20170829,20170830,24,2.0,True,Non local,2,209.99,9967.87566665,0.1,41.998000000000005,1993.57513333
1100,1,4,1392,12,1,3,2,7,20170828,20170829,20170829,6,1.0,False,Non local,1,549.99,26107.10956665,0.05,27.4995,1305.3554783325
1100,2,4,1392,9,9,5,2,7,20170828,20170829,20170829,6,1.0,False,Non local,2,2999.99,142404.53031665,0.1,599.9979999999999,28480.90606333
1101,1,4,379,105,7,2,2,7,20170829,20170830,20170830,4,1.0,False,Non local,1,533.99,25347.616206650004,0.07,37.37930000000001,1774.3331344655005
1101,2,4,379,51,9,7,2,7,20170829,20170830,20170830,4,1.0,False,Non local,1,6499.99,308543.70281665004,0.05,324.9995,15427.185140832502
1102,1,4,1317,91,9,1,2,6,20170829,20170831,20170831,78,2.0,False,Non local,1,349.99,16613.442566650003,0.07,24.4993,1162.9409796655002
1103,1,4,1394,106,7,2,2,7,20170831,20170902,20170902,53,2.0,False,Non local,1,449.99,21360.276066650003,0.2,89.998,4272.055213330001
1103,2,4,1394,46,2,6,2,7,20170831,20170902,20170902,53,2.0,False,Non local,2,1409.99,66929.87766665,0.2,563.996,26771.951066660004
1104,1,4,268,17,4,3,2,6,20170901,20170904,20170903,117,2.0,False,Non local,1,429.0,20363.915715000003,0.1,42.900000000000006,2036.3915715000003
1104,2,4,268,70,1,3,2,6,20170901,20170904,20170903,117,2.0,False,Non local,2,659.99,31328.626416650004,0.1,131.99800000000002,6265.725283330001
1104,3,4,268,43,9,6,2,6,20170901,20170904,20170903,117,2.0,False,Non local,1,5299.99,251581.70081665,0.07,370.9993,17610.7190571655
1104,4,4,268,80,7,3,2,6,20170901,20170904,20170903,117,2.0,False,Non local,1,761.99,36170.39658665,0.07,53.33930000000001,2531.9277610655004
1105,1,4,747,60,7,5,3,8,20170901,20170904,20170903,14,2.0,False,Non local,1,1559.99,74050.12791665,0.05,77.99950000000001,3702.5063958325004
1105,2,4,747,56,9,7,3,8,20170901,20170904,20170903,14,2.0,False,Non local,2,5499.99,261075.36781665,0.2,2199.996,104430.14712666
1105,3,4,747,35,7,6,3,8,20170901,20170904,20170903,14,2.0,False,Non local,2,832.99,39540.64837165,0.07,116.61860000000001,5535.690772031001
1106,1,4,1009,96,1,1,2,6,20170902,20170904,20170904,157,2.0,False,Non local,1,349.99,16613.442566650003,0.1,34.999,1661.3442566650003
1107,1,4,1424,43,9,6,2,7,20170902,20170905,20170905,11,3.0,False,Non local,1,5299.99,251581.70081665,0.2,1059.998,50316.34016333
1107,2,4,1424,41,2,6,2,7,20170902,20170905,20170905,11,3.0,False,Non local,2,1469.99,69777.97776665,0.2,587.996,27911.19110666
1108,1,4,735,45,2,6,1,3,20170903,20170905,20170904,23,1.0,False,Non local,2,869.99,41296.976766650005,0.05,86.99900000000001,4129.6976766650005
1108,2,4,735,100,1,1,1,3,20170903,20170905,20170904,23,1.0,False,Non local,1,489.99,23259.00946665,0.07,34.2993,1628.1306626655003
1108,3,4,735,105,7,2,1,3,20170903,20170905,20170904,23,1.0,False,Non local,1,533.99,25347.616206650004,0.07,37.37930000000001,1774.3331344655005
1109,1,4,23,72,7,3,2,6,20170903,20170904,20170904,22,1.0,False,Non local,2,619.99,29429.893016650003,0.1,123.998,5885.978603330001
1110,1,4,912,56,9,7,2,6,20170904,20170907,20170907,136,3.0,False,Non local,1,5499.99,261075.36781665,0.1,549.999,26107.536781665
1111,1,4,930,95,1,1,2,6,20170904,20170906,20170905,186,1.0,False,Non local,1,299.99,14240.02581665,0.05,14.999500000000001,712.0012908325001
1111,2,4,930,66,7,3,2,6,20170904,20170906,20170905,186,1.0,False,Non local,2,250.99,11914.077401650002,0.1,50.19800000000001,2382.8154803300004
1111,3,4,930,14,1,3,2,6,20170904,20170906,20170905,186,1.0,False,Non local,1,269.99,12815.97576665,0.2,53.998000000000005,2563.1951533300003
1111,4,4,930,24,1,2,2,6,20170904,20170906,20170905,186,1.0,False,Non local,1,549.99,26107.10956665,0.07,38.499300000000005,1827.4976696655
1112,1,4,798,71,7,3,2,7,20170905,20170908,20170907,136,2.0,False,Non local,2,416.99,19793.82101165,0.05,41.699000000000005,1979.3821011650002
1112,2,4,798,42,9,6,2,7,20170905,20170908,20170907,136,2.0,False,Non local,1,2299.99,109176.69581665,0.07,160.9993,7642.3687071655
1112,3,4,798,5,3,6,2,7,20170905,20170908,20170907,136,2.0,False,Non local,2,1320.99,62705.19585165,0.1,264.19800000000004,12541.039170330001
1112,4,4,798,87,9,1,2,7,20170905,20170908,20170907,136,2.0,False,Non local,2,189.99,9018.50896665,0.07,26.598600000000005,1262.5912553310002
1112,5,4,798,9,9,5,2,7,20170905,20170908,20170907,136,2.0,False,Non local,2,2999.99,142404.53031665,0.1,599.9979999999999,28480.90606333
1113,1,4,388,106,7,2,2,7,20170906,20170908,20170907,123,1.0,False,Non local,1,449.99,21360.276066650003,0.07,31.499300000000005,1495.2193246655004
1114,1,4,1036,52,8,7,2,6,20170906,20170908,20170908,146,2.0,False,Non local,1,875.99,41581.786776650006,0.2,175.198,8316.357355330001
1115,1,4,1100,97,1,1,2,6,20170907,20170909,20170909,117,2.0,False,Non local,2,349.99,16613.442566650003,0.2,139.996,6645.377026660001
1115,2,4,1100,50,9,7,2,6,20170907,20170909,20170909,117,2.0,False,Non local,2,5999.99,284809.53531665,0.07,839.9986,39873.33494433101
1115,3,4,1100,91,9,1,2,6,20170907,20170909,20170909,117,2.0,False,Non local,2,349.99,16613.442566650003,0.07,48.9986,2325.8819593310004
1115,4,4,1100,49,9,7,2,6,20170907,20170909,20170909,117,2.0,False,Non local,2,3499.99,166138.69781665,0.1,699.998,33227.739563330004
1116,1,4,52,11,8,4,2,7,20170908,20170910,20170910,45,2.0,False,Non local,2,1680.99,79793.79645165,0.07,235.3386,11171.131503231001
1117,1,4,334,37,2,6,2,6,20170908,20170910,20170910,66,2.0,False,Non local,2,379.99,18037.49261665,0.1,75.998,3607.4985233300004
1117,2,4,334,91,9,1,2,6,20170908,20170910,20170910,66,2.0,False,Non local,1,349.99,16613.442566650003,0.2,69.998,3322.6885133300007
1117,3,4,334,51,9,7,2,6,20170908,20170910,20170910,66,2.0,False,Non local,2,6499.99,308543.70281665004,0.1,1299.998,61708.74056333001
1118,1,4,1023,55,9,7,2,6,20170908,20170911,20170911,117,3.0,False,Non local,2,2699.99,128164.02981665,0.2,1079.9959999999999,51265.61192666
1118,2,4,1023,50,9,7,2,6,20170908,20170911,20170911,117,3.0,False,Non local,1,5999.99,284809.53531665,0.07,419.9993,19936.667472165504
1118,3,4,1023,29,9,6,2,6,20170908,20170911,20170911,117,3.0,False,Non local,1,999.99,47467.86031665,0.05,49.999500000000005,2373.3930158325
1118,4,4,1023,47,9,6,2,6,20170908,20170911,20170911,117,3.0,False,Non local,2,5299.99,251581.70081665,0.2,2119.996,100632.68032666
1119,1,4,749,93,2,1,1,2,20170910,20170912,20170913,69,3.0,True,Non local,2,209.99,9967.87566665,0.1,41.998000000000005,1993.57513333
1119,2,4,749,55,9,7,1,2,20170910,20170912,20170913,69,3.0,True,Non local,2,2699.99,128164.02981665,0.05,269.99899999999997,12816.402981665
1119,3,4,749,104,7,2,1,2,20170910,20170912,20170913,69,3.0,True,Non local,1,481.99,22879.26278665,0.2,96.39800000000001,4575.85255733
1120,1,4,1269,92,2,1,2,7,20170910,20170912,20170913,9,3.0,True,Non local,2,209.99,9967.87566665,0.07,29.398600000000005,1395.502593331
1120,2,4,1269,31,8,6,2,7,20170910,20170912,20170913,9,3.0,True,Non local,1,1632.99,77515.31637165001,0.07,114.30930000000001,5426.072146015502
1120,3,4,1269,30,8,6,2,7,20170910,20170912,20170913,9,3.0,True,Non local,2,999.99,47467.86031665,0.05,99.99900000000001,4746.786031665
1120,4,4,1269,93,2,1,2,7,20170910,20170912,20170913,9,3.0,True,Non local,1,209.99,9967.87566665,0.07,14.699300000000003,697.7512966655
1120,5,4,1269,94,2,1,2,7,20170910,20170912,20170913,9,3.0,True,Non local,1,249.99,11866.60906665,0.2,49.998000000000005,2373.32181333
1121,1,4,143,11,8,4,2,7,20170911,20170913,20170912,8,1.0,False,Non local,2,1680.99,79793.79645165,0.1,336.19800000000004,15958.759290330003
1121,2,4,143,110,7,2,2,7,20170911,20170913,20170912,8,1.0,False,Non local,2,470.99,22357.111101650004,0.05,47.099000000000004,2235.7111101650003
1122,1,4,1132,9,9,5,2,6,20170912,20170914,20170914,156,2.0,False,Non local,2,2999.99,142404.53031665,0.07,419.9986,19936.634244331002
1122,2,4,1132,53,8,7,2,6,20170912,20170914,20170914,156,2.0,False,Non local,1,749.99,35600.776566650005,0.1,74.99900000000001,3560.0776566650006
1122,3,4,1132,49,9,7,2,6,20170912,20170914,20170914,156,2.0,False,Non local,2,3499.99,166138.69781665,0.2,1399.996,66455.47912666001
1122,4,4,1132,41,2,6,2,6,20170912,20170914,20170914,156,2.0,False,Non local,2,1469.99,69777.97776665,0.05,146.999,6977.797776665
1122,5,4,1132,72,7,3,2,6,20170912,20170914,20170914,156,2.0,False,Non local,1,619.99,29429.893016650003,0.1,61.999,2942.9893016650003
1123,1,4,598,65,7,3,2,7,20170913,20170914,20170914,161,1.0,False,Non local,2,346.99,16471.037561650002,0.07,48.57860000000001,2305.9452586310003
1123,2,4,598,61,9,5,2,7,20170913,20170914,20170914,161,1.0,False,Non local,2,4999.99,237341.20031665,0.1,999.998,47468.240063330006
1124,1,4,275,7,9,6,3,9,20170913,20170914,20170916,52,3.0,True,Non local,2,3999.99,189872.86531665,0.1,799.998,37974.57306333
1124,2,4,275,6,8,6,3,9,20170913,20170914,20170916,52,3.0,True,Non local,1,469.99,22309.64276665,0.1,46.999,2230.964276665
1124,3,4,275,109,7,2,3,9,20170913,20170914,20170916,52,3.0,True,Non local,2,416.99,19793.82101165,0.07,58.378600000000006,2771.1349416310004
1124,4,4,275,45,2,6,3,9,20170913,20170914,20170916,52,3.0,True,Non local,2,869.99,41296.976766650005,0.05,86.99900000000001,4129.6976766650005
1124,5,4,275,2,5,6,3,9,20170913,20170914,20170916,52,3.0,True,Non local,2,749.99,35600.776566650005,0.05,74.99900000000001,3560.0776566650006
1125,1,4,945,16,1,3,2,7,20170914,20170915,20170915,9,1.0,False,Non local,2,599.99,28480.52631665,0.05,59.999,2848.0526316650003
1125,2,4,945,21,1,1,2,7,20170914,20170915,20170915,9,1.0,False,Non local,1,269.99,12815.97576665,0.1,26.999000000000002,1281.5975766650001
1125,3,4,945,81,1,3,2,7,20170914,20170915,20170915,9,1.0,False,Non local,2,1099.99,52214.69381665,0.07,153.9986,7310.057134331
1125,4,4,945,24,1,2,2,7,20170914,20170915,20170915,9,1.0,False,Non local,1,549.99,26107.10956665,0.07,38.499300000000005,1827.4976696655
1125,5,4,945,32,9,6,2,7,20170914,20170915,20170915,9,1.0,False,Non local,2,469.99,22309.64276665,0.07,65.79860000000001,3123.349987331
1126,1,4,1213,33,8,6,3,8,20170914,20170916,20170915,52,1.0,False,Non local,2,469.99,22309.64276665,0.1,93.998,4461.92855333
1126,2,4,1213,58,9,7,3,8,20170914,20170916,20170915,52,1.0,False,Non local,1,4999.99,237341.20031665,0.2,999.998,47468.240063330006
1126,3,4,1213,89,9,1,3,8,20170914,20170916,20170915,52,1.0,False,Non local,2,209.99,9967.87566665,0.05,20.999000000000002,996.787566665
1127,1,4,494,23,1,1,2,7,20170915,20170916,20170916,4,1.0,False,Non local,2,299.99,14240.02581665,0.1,59.998000000000005,2848.0051633300004
1127,2,4,494,96,1,1,2,7,20170915,20170916,20170916,4,1.0,False,Non local,2,349.99,16613.442566650003,0.07,48.9986,2325.8819593310004
1127,3,4,494,37,2,6,2,7,20170915,20170916,20170916,4,1.0,False,Non local,1,379.99,18037.49261665,0.2,75.998,3607.4985233300004
1128,1,4,936,44,2,6,2,6,20170915,20170917,20170916,27,1.0,False,Non local,1,539.99,25632.42621665,0.05,26.9995,1281.6213108325
1128,2,4,936,10,8,4,2,6,20170915,20170917,20170916,27,1.0,False,Non local,1,1549.0,73528.45091500001,0.2,309.8,14705.690183000002
1128,3,4,936,65,7,3,2,6,20170915,20170917,20170916,27,1.0,False,Non local,2,346.99,16471.037561650002,0.05,34.699000000000005,1647.1037561650003
1129,1,4,663,71,7,3,2,6,20170917,20170918,20170920,116,3.0,True,Non local,2,416.99,19793.82101165,0.2,166.79600000000002,7917.528404660001
1129,2,4,663,56,9,7,2,6,20170917,20170918,20170920,116,3.0,True,Non local,1,5499.99,261075.36781665,0.2,1099.998,52215.07356333
1129,3,4,663,61,9,5,2,6,20170917,20170918,20170920,116,3.0,True,Non local,2,4999.99,237341.20031665,0.05,499.999,23734.120031665003
1130,1,4,69,54,9,7,1,3,20170918,20170920,20170920,58,2.0,False,Non local,2,3199.99,151898.19731665,0.2,1279.996,60759.27892666001
1131,1,4,1178,60,7,5,1,3,20170918,20170920,20170919,108,1.0,False,Non local,2,1559.99,74050.12791665,0.07,218.39860000000002,10367.017908331001
1131,2,4,1178,103,7,2,1,3,20170918,20170920,20170919,108,1.0,False,Non local,2,551.99,26202.046236650003,0.05,55.199000000000005,2620.2046236650003
1132,1,4,351,43,9,6,2,6,20170919,20170920,20170920,11,1.0,False,Non local,1,5299.99,251581.70081665,0.05,264.9995,12579.0850408325
1132,2,4,351,10,8,4,2,6,20170919,20170920,20170920,11,1.0,False,Non local,1,1549.0,73528.45091500001,0.1,154.9,7352.845091500001
1132,3,4,351,36,8,6,2,6,20170919,20170920,20170920,11,1.0,False,Non local,2,832.99,39540.64837165,0.1,166.598,7908.129674330001
1132,4,4,351,16,1,3,2,6,20170919,20170920,20170920,11,1.0,False,Non local,1,599.99,28480.52631665,0.05,29.9995,1424.0263158325001
1133,1,4,517,4,9,6,2,7,20170919,20170921,20170921,139,2.0,False,Non local,2,2899.99,137657.69681665,0.05,289.99899999999997,13765.769681664999
1133,2,4,517,17,4,3,2,7,20170919,20170921,20170921,139,2.0,False,Non local,1,429.0,20363.915715000003,0.07,30.03,1425.4741000500003
1133,3,4,517,90,9,1,2,7,20170919,20170921,20170921,139,2.0,False,Non local,2,209.99,9967.87566665,0.2,83.99600000000001,3987.15026666
1133,4,4,517,62,9,4,2,7,20170919,20170921,20170921,139,2.0,False,Non local,1,3499.99,166138.69781665,0.2,699.998,33227.739563330004
1134,1,4,978,97,1,1,2,6,20170919,20170922,20170920,48,1.0,False,Non local,1,349.99,16613.442566650003,0.1,34.999,1661.3442566650003
1134,2,4,978,36,8,6,2,6,20170919,20170922,20170920,48,1.0,False,Non local,1,832.99,39540.64837165,0.1,83.299,3954.0648371650004
1135,1,4,1347,101,1,1,2,6,20170919,20170921,20170920,74,1.0,False,Non local,2,339.99,16138.759216650002,0.05,33.999,1613.8759216650003
1135,2,4,1347,51,9,7,2,6,20170919,20170921,20170920,74,1.0,False,Non local,1,6499.99,308543.70281665004,0.1,649.999,30854.370281665004
1136,1,4,1050,105,7,2,2,6,20170920,20170921,20170921,162,1.0,False,Non local,1,533.99,25347.616206650004,0.1,53.399,2534.7616206650005
1137,1,4,810,28,8,6,3,8,20170920,20170923,20170923,40,3.0,False,Non local,1,2499.99,118670.36281665,0.2,499.998,23734.072563330003
1137,2,4,810,58,9,7,3,8,20170920,20170923,20170923,40,3.0,False,Non local,2,4999.99,237341.20031665,0.2,1999.996,94936.48012666001
1137,3,4,810,84,7,1,3,8,20170920,20170923,20170923,40,3.0,False,Non local,2,109.99,5221.04216665,0.2,43.996,2088.41686666
1137,4,4,810,69,7,3,3,8,20170920,20170923,20170923,40,3.0,False,Non local,2,416.99,19793.82101165,0.07,58.378600000000006,2771.1349416310004
1138,1,4,254,13,1,3,1,2,20170921,20170923,20170922,127,1.0,False,Non local,2,269.99,12815.97576665,0.05,26.999000000000002,1281.5975766650001
1138,2,4,254,105,7,2,1,2,20170921,20170923,20170922,127,1.0,False,Non local,2,533.99,25347.616206650004,0.05,53.399,2534.7616206650005
1138,3,4,254,93,2,1,1,2,20170921,20170923,20170922,127,1.0,False,Non local,1,209.99,9967.87566665,0.1,20.999000000000002,996.787566665
1139,1,4,1006,106,7,2,1,2,20170921,20170922,20170923,111,2.0,True,Non local,2,449.99,21360.276066650003,0.05,44.999,2136.0276066650003
1139,2,4,1006,44,2,6,1,2,20170921,20170922,20170923,111,2.0,True,Non local,2,539.99,25632.42621665,0.1,107.998,5126.48524333
1139,3,4,1006,69,7,3,1,2,20170921,20170922,20170923,111,2.0,True,Non local,1,416.99,19793.82101165,0.05,20.849500000000003,989.6910505825001
1139,4,4,1006,25,1,2,1,2,20170921,20170922,20170923,111,2.0,True,Non local,2,499.99,23733.692816650004,0.1,99.998,4746.738563330001
1139,5,4,1006,7,9,6,1,2,20170921,20170922,20170923,111,2.0,True,Non local,1,3999.99,189872.86531665,0.1,399.999,18987.286531665
1140,1,4,1063,39,9,6,3,8,20170921,20170922,20170922,173,1.0,False,Non local,2,1499.99,71202.02781665,0.1,299.998,14240.405563330001
1140,2,4,1063,71,7,3,3,8,20170921,20170922,20170922,173,1.0,False,Non local,2,416.99,19793.82101165,0.07,58.378600000000006,2771.1349416310004
1140,3,4,1063,38,2,6,3,8,20170921,20170922,20170922,173,1.0,False,Non local,2,549.99,26107.10956665,0.1,109.998,5221.42191333
1140,4,4,1063,40,9,6,3,8,20170921,20170922,20170922,173,1.0,False,Non local,2,4999.99,237341.20031665,0.07,699.9986,33227.768044331
1141,1,4,1076,8,9,6,1,2,20170922,20170923,20170924,168,2.0,True,Non local,1,1799.99,85442.52831665,0.1,179.99900000000002,8544.252831665
1142,1,4,554,20,1,3,1,3,20170923,20170926,20170926,2,3.0,False,Non local,2,599.99,28480.52631665,0.07,83.99860000000001,3987.2736843310004
1142,2,4,554,30,8,6,1,3,20170923,20170926,20170926,2,3.0,False,Non local,1,999.99,47467.86031665,0.1,99.99900000000001,4746.786031665
1142,3,4,554,109,7,2,1,3,20170923,20170926,20170926,2,3.0,False,Non local,2,416.99,19793.82101165,0.05,41.699000000000005,1979.3821011650002
1142,4,4,554,108,7,2,1,3,20170923,20170926,20170926,2,3.0,False,Non local,2,449.99,21360.276066650003,0.2,179.996,8544.110426660001
1142,5,4,554,100,1,1,1,3,20170923,20170926,20170926,2,3.0,False,Non local,2,489.99,23259.00946665,0.05,48.999,2325.900946665
1143,1,4,1087,99,1,1,1,2,20170924,20170926,20170927,137,3.0,True,Non local,1,299.99,14240.02581665,0.2,59.998000000000005,2848.0051633300004
1143,2,4,1087,48,9,7,1,2,20170924,20170926,20170927,137,3.0,True,Non local,1,1499.99,71202.02781665,0.2,299.998,14240.405563330001
1143,3,4,1087,69,7,3,1,2,20170924,20170926,20170927,137,3.0,True,Non local,2,416.99,19793.82101165,0.1,83.39800000000001,3958.7642023300004
1144,1,4,1414,88,9,1,2,7,20170924,20170927,20170927,38,3.0,False,Non local,1,189.99,9018.50896665,0.07,13.299300000000002,631.2956276655001
1145,1,4,617,105,7,2,2,6,20170925,20170927,20170926,185,1.0,False,Non local,2,533.99,25347.616206650004,0.07,74.75860000000002,3548.666268931001
1146,1,4,757,36,8,6,2,7,20170925,20170926,20170928,145,3.0,True,Non local,1,832.99,39540.64837165,0.07,58.30930000000001,2767.8453860155005
1146,2,4,757,64,1,3,2,7,20170925,20170926,20170928,145,3.0,True,Non local,1,489.99,23259.00946665,0.2,97.998,4651.80189333
1146,3,4,757,11,8,4,2,7,20170925,20170926,20170928,145,3.0,True,Non local,1,1680.99,79793.79645165,0.2,336.19800000000004,15958.759290330003
1147,1,4,1344,82,1,3,2,6,20170925,20170926,20170927,88,2.0,True,Non local,1,659.99,31328.626416650004,0.2,131.99800000000002,6265.725283330001
1147,2,4,1344,39,9,6,2,6,20170925,20170926,20170927,88,2.0,True,Non local,2,1499.99,71202.02781665,0.05,149.999,7120.202781665001
1148,1,4,1379,82,1,3,2,7,20170925,20170926,20170927,26,2.0,True,Non local,1,659.99,31328.626416650004,0.07,46.19930000000001,2193.0038491655005
1148,2,4,1379,22,1,1,2,7,20170925,20170926,20170927,26,2.0,True,Non local,1,269.99,12815.97576665,0.07,18.899300000000004,897.1183036655001
1148,3,4,1379,77,1,3,2,7,20170925,20170926,20170927,26,2.0,True,Non local,2,799.99,37974.19331665,0.05,79.99900000000001,3797.4193316650003
1148,4,4,1379,94,2,1,2,7,20170925,20170926,20170927,26,2.0,True,Non local,2,249.99,11866.60906665,0.1,49.998000000000005,2373.32181333
1149,1,4,787,98,1,1,2,7,20170927,20170930,20170930,152,3.0,False,Non local,2,489.99,23259.00946665,0.07,68.5986,3256.2613253310005
1149,2,4,787,48,9,7,2,7,20170927,20170930,20170930,152,3.0,False,Non local,1,1499.99,71202.02781665,0.05,74.9995,3560.1013908325003
1149,3,4,787,58,9,7,2,7,20170927,20170930,20170930,152,3.0,False,Non local,1,4999.99,237341.20031665,0.05,249.9995,11867.060015832501
1149,4,4,787,85,2,1,2,7,20170927,20170930,20170930,152,3.0,False,Non local,1,329.99,15664.075866650002,0.2,65.998,3132.8151733300006
1149,5,4,787,94,2,1,2,7,20170927,20170930,20170930,152,3.0,False,Non local,1,249.99,11866.60906665,0.1,24.999000000000002,1186.660906665
1150,1,4,1183,29,9,6,2,7,20170928,20171001,20170930,44,2.0,False,Non local,1,999.99,47467.86031665,0.05,49.999500000000005,2373.3930158325
1150,2,4,1183,91,9,1,2,7,20170928,20171001,20170930,44,2.0,False,Non local,1,349.99,16613.442566650003,0.05,17.4995,830.6721283325002
1150,3,4,1183,104,7,2,2,7,20170928,20171001,20170930,44,2.0,False,Non local,2,481.99,22879.26278665,0.07,67.47860000000001,3203.0967901310005
1150,4,4,1183,21,1,1,2,7,20170928,20171001,20170930,44,2.0,False,Non local,2,269.99,12815.97576665,0.1,53.998000000000005,2563.1951533300003
1151,1,4,708,30,8,6,1,3,20170929,20170930,20170930,111,1.0,False,Non local,2,999.99,47467.86031665,0.05,99.99900000000001,4746.786031665
1152,1,4,1244,58,9,7,2,6,20170929,20171002,20171001,161,2.0,False,Non local,1,4999.99,237341.20031665,0.07,349.9993,16613.8840221655
1152,2,4,1244,91,9,1,2,6,20170929,20171002,20171001,161,2.0,False,Non local,2,349.99,16613.442566650003,0.2,139.996,6645.377026660001
1152,3,4,1244,24,1,2,2,6,20170929,20171002,20171001,161,2.0,False,Non local,1,549.99,26107.10956665,0.05,27.4995,1305.3554783325
1153,1,4,720,103,7,2,2,7,20170930,20171003,20171003,169,3.0,False,Non local,1,551.99,26202.046236650003,0.1,55.199000000000005,2620.2046236650003
1153,2,4,720,6,8,6,2,7,20170930,20171003,20171003,169,3.0,False,Non local,2,469.99,22309.64276665,0.05,46.999,2230.964276665
1154,1,4,789,17,4,3,2,7,20170930,20171003,20171003,134,3.0,False,Non local,1,429.0,20363.915715000003,0.2,85.80000000000001,4072.7831430000006
1154,2,4,789,60,7,5,2,7,20170930,20171003,20171003,134,3.0,False,Non local,1,1559.99,74050.12791665,0.07,109.19930000000001,5183.508954165501
1154,3,4,789,67,7,3,2,7,20170930,20171003,20171003,134,3.0,False,Non local,2,250.99,11914.077401650002,0.2,100.39600000000002,4765.630960660001
1155,1,4,865,68,7,3,2,7,20170930,20171001,20171001,35,1.0,False,Non local,2,449.99,21360.276066650003,0.05,44.999,2136.0276066650003
1155,2,4,865,6,8,6,2,7,20170930,20171001,20171001,35,1.0,False,Non local,2,469.99,22309.64276665,0.1,93.998,4461.92855333
1155,3,4,865,35,7,6,2,7,20170930,20171001,20171001,35,1.0,False,Non local,1,832.99,39540.64837165,0.07,58.30930000000001,2767.8453860155005
1155,4,4,865,77,1,3,2,7,20170930,20171001,20171001,35,1.0,False,Non local,2,799.99,37974.19331665,0.05,79.99900000000001,3797.4193316650003
1156,1,4,869,111,7,2,2,7,20170930,20171003,20171003,39,3.0,False,Non local,2,470.99,22357.111101650004,0.05,47.099000000000004,2235.7111101650003
1156,2,4,869,86,9,1,2,7,20170930,20171003,20171003,39,3.0,False,Non local,1,149.99,7119.775566650001,0.05,7.499500000000001,355.98877833250003
1157,1,4,24,20,1,3,1,3,20171001,20171003,20171004,23,3.0,True,Non local,1,599.99,28480.52631665,0.1,59.999,2848.0526316650003
1157,2,4,24,31,8,6,1,3,20171001,20171003,20171004,23,3.0,True,Non local,2,1632.99,77515.31637165001,0.1,326.598,15503.063274330003
1157,3,4,24,37,2,6,1,3,20171001,20171003,20171004,23,3.0,True,Non local,2,379.99,18037.49261665,0.2,151.996,7214.997046660001
1157,4,4,24,41,2,6,1,3,20171001,20171003,20171004,23,3.0,True,Non local,1,1469.99,69777.97776665,0.07,102.89930000000001,4884.4584436655
1158,1,4,889,95,1,1,1,2,20171001,20171003,20171002,51,1.0,False,Non local,2,299.99,14240.02581665,0.1,59.998000000000005,2848.0051633300004
1158,2,4,889,74,1,3,1,2,20171001,20171003,20171002,51,1.0,False,Non local,1,439.99,20885.59271665,0.07,30.799300000000002,1461.9914901655002
1159,1,4,1221,12,1,3,1,3,20171001,20171002,20171003,111,2.0,True,Non local,2,549.99,26107.10956665,0.1,109.998,5221.42191333
1160,1,4,1262,41,2,6,1,2,20171001,20171002,20171004,133,3.0,True,Non local,1,1469.99,69777.97776665,0.1,146.999,6977.797776665
1160,2,4,1262,9,9,5,1,2,20171001,20171002,20171004,133,3.0,True,Non local,1,2999.99,142404.53031665,0.2,599.9979999999999,28480.90606333
1161,1,4,41,71,7,3,2,7,20171001,20171004,20171002,38,1.0,False,Non local,2,416.99,19793.82101165,0.1,83.39800000000001,3958.7642023300004
1161,2,4,41,38,2,6,2,7,20171001,20171004,20171002,38,1.0,False,Non local,1,549.99,26107.10956665,0.07,38.499300000000005,1827.4976696655
1161,3,4,41,22,1,1,2,7,20171001,20171004,20171002,38,1.0,False,Non local,1,269.99,12815.97576665,0.2,53.998000000000005,2563.1951533300003
1161,4,4,41,29,9,6,2,7,20171001,20171004,20171002,38,1.0,False,Non local,2,999.99,47467.86031665,0.1,199.99800000000002,9493.57206333
1162,1,4,888,88,9,1,2,6,20171001,20171003,20171003,110,2.0,False,Non local,1,189.99,9018.50896665,0.2,37.998000000000005,1803.7017933300003
1162,2,4,888,40,9,6,2,6,20171001,20171003,20171003,110,2.0,False,Non local,2,4999.99,237341.20031665,0.2,1999.996,94936.48012666001
1162,3,4,888,86,9,1,2,6,20171001,20171003,20171003,110,2.0,False,Non local,1,149.99,7119.775566650001,0.1,14.999000000000002,711.9775566650001
1162,4,4,888,41,2,6,2,6,20171001,20171003,20171003,110,2.0,False,Non local,1,1469.99,69777.97776665,0.05,73.4995,3488.8988883325
1162,5,4,888,12,1,3,2,6,20171001,20171003,20171003,110,2.0,False,Non local,2,549.99,26107.10956665,0.05,54.999,2610.710956665
1163,1,4,934,63,9,4,2,6,20171001,20171002,20171002,92,1.0,False,Non local,2,3499.99,166138.69781665,0.05,349.999,16613.869781665002
1163,2,4,934,53,8,7,2,6,20171001,20171002,20171002,92,1.0,False,Non local,2,749.99,35600.776566650005,0.1,149.99800000000002,7120.155313330001
1164,1,4,1067,8,9,6,2,6,20171001,20171002,20171003,114,2.0,True,Non local,1,1799.99,85442.52831665,0.2,359.99800000000005,17088.50566333
1164,2,4,1067,78,7,3,2,6,20171001,20171002,20171003,114,2.0,True,Non local,1,647.99,30759.00639665,0.05,32.3995,1537.9503198325
1164,3,4,1067,103,7,2,2,6,20171001,20171002,20171003,114,2.0,True,Non local,2,551.99,26202.046236650003,0.05,55.199000000000005,2620.2046236650003
1164,4,4,1067,44,2,6,2,6,20171001,20171002,20171003,114,2.0,True,Non local,2,539.99,25632.42621665,0.05,53.999,2563.242621665
1165,1,4,652,65,7,3,2,7,20171002,20171003,20171005,73,3.0,True,Non local,2,346.99,16471.037561650002,0.07,48.57860000000001,2305.9452586310003
1165,2,4,652,68,7,3,2,7,20171002,20171003,20171005,73,3.0,True,Non local,1,449.99,21360.276066650003,0.07,31.499300000000005,1495.2193246655004
1166,1,4,286,103,7,2,2,7,20171003,20171004,20171004,145,1.0,False,Non local,2,551.99,26202.046236650003,0.07,77.27860000000001,3668.286473131001
1167,1,4,900,29,9,6,1,2,20171004,20171007,20171006,51,2.0,False,Non local,2,999.99,47467.86031665,0.05,99.99900000000001,4746.786031665
1167,2,4,900,81,1,3,1,2,20171004,20171007,20171006,51,2.0,False,Non local,2,1099.99,52214.69381665,0.1,219.99800000000002,10442.93876333
1167,3,4,900,68,7,3,1,2,20171004,20171007,20171006,51,2.0,False,Non local,1,449.99,21360.276066650003,0.07,31.499300000000005,1495.2193246655004
1168,1,4,1031,23,1,1,2,6,20171004,20171005,20171006,6,2.0,True,Non local,2,299.99,14240.02581665,0.1,59.998000000000005,2848.0051633300004
1168,2,4,1031,82,1,3,2,6,20171004,20171005,20171006,6,2.0,True,Non local,1,659.99,31328.626416650004,0.2,131.99800000000002,6265.725283330001
1168,3,4,1031,51,9,7,2,6,20171004,20171005,20171006,6,2.0,True,Non local,1,6499.99,308543.70281665004,0.07,454.9993,21598.059197165505
1168,4,4,1031,107,7,2,2,6,20171004,20171005,20171006,6,2.0,True,Non local,2,416.99,19793.82101165,0.2,166.79600000000002,7917.528404660001
1168,5,4,1031,15,1,3,2,6,20171004,20171005,20171006,6,2.0,True,Non local,2,529.99,25157.74286665,0.05,52.999,2515.7742866650005
1169,1,4,1421,91,9,1,2,7,20171004,20171006,20171007,15,3.0,True,Non local,2,349.99,16613.442566650003,0.2,139.996,6645.377026660001
1169,2,4,1421,51,9,7,2,7,20171004,20171006,20171007,15,3.0,True,Non local,1,6499.99,308543.70281665004,0.05,324.9995,15427.185140832502
1169,3,4,1421,58,9,7,2,7,20171004,20171006,20171007,15,3.0,True,Non local,2,4999.99,237341.20031665,0.1,999.998,47468.240063330006
1169,4,4,1421,81,1,3,2,7,20171004,20171006,20171007,15,3.0,True,Non local,2,1099.99,52214.69381665,0.2,439.99600000000004,20885.87752666
1170,1,4,534,15,1,3,2,6,20171005,20171007,20171006,153,1.0,False,Non local,1,529.99,25157.74286665,0.1,52.999,2515.7742866650005
1170,2,4,534,47,9,6,2,6,20171005,20171007,20171006,153,1.0,False,Non local,2,5299.99,251581.70081665,0.05,529.999,25158.170081665
1170,3,4,534,62,9,4,2,6,20171005,20171007,20171006,153,1.0,False,Non local,2,3499.99,166138.69781665,0.1,699.998,33227.739563330004
1171,1,4,826,94,2,1,2,6,20171005,20171006,20171008,99,3.0,True,Non local,2,249.99,11866.60906665,0.2,99.99600000000001,4746.64362666
1171,2,4,826,92,2,1,2,6,20171005,20171006,20171008,99,3.0,True,Non local,2,209.99,9967.87566665,0.07,29.398600000000005,1395.502593331
1171,3,4,826,10,8,4,2,6,20171005,20171006,20171008,99,3.0,True,Non local,2,1549.0,73528.45091500001,0.07,216.86,10293.983128100002
1172,1,4,1339,78,7,3,2,7,20171007,20171010,20171009,124,2.0,False,Non local,2,647.99,30759.00639665,0.07,90.71860000000001,4306.260895531
1172,2,4,1339,104,7,2,2,7,20171007,20171010,20171009,124,2.0,False,Non local,1,481.99,22879.26278665,0.2,96.39800000000001,4575.85255733
1173,1,4,548,95,1,1,2,7,20171008,20171010,20171009,140,1.0,False,Non local,1,299.99,14240.02581665,0.2,59.998000000000005,2848.0051633300004
1173,2,4,548,17,4,3,2,7,20171008,20171010,20171009,140,1.0,False,Non local,1,429.0,20363.915715000003,0.07,30.03,1425.4741000500003
1173,3,4,548,68,7,3,2,7,20171008,20171010,20171009,140,1.0,False,Non local,1,449.99,21360.276066650003,0.05,22.4995,1068.0138033325002
1173,4,4,548,103,7,2,2,7,20171008,20171010,20171009,140,1.0,False,Non local,2,551.99,26202.046236650003,0.2,220.79600000000002,10480.818494660001
1174,1,4,1109,110,7,2,2,6,20171008,20171010,20171011,130,3.0,True,Non local,2,470.99,22357.111101650004,0.2,188.39600000000002,8942.844440660001
1174,2,4,1109,6,8,6,2,6,20171008,20171010,20171011,130,3.0,True,Non local,1,469.99,22309.64276665,0.07,32.899300000000004,1561.6749936655
1174,3,4,1109,106,7,2,2,6,20171008,20171010,20171011,130,3.0,True,Non local,1,449.99,21360.276066650003,0.1,44.999,2136.0276066650003
1175,1,4,292,58,9,7,2,6,20171009,20171011,20171012,12,3.0,True,Non local,2,4999.99,237341.20031665,0.07,699.9986,33227.768044331
1175,2,4,292,65,7,3,2,6,20171009,20171011,20171012,12,3.0,True,Non local,1,346.99,16471.037561650002,0.2,69.39800000000001,3294.2075123300006
1175,3,4,292,20,1,3,2,6,20171009,20171011,20171012,12,3.0,True,Non local,1,599.99,28480.52631665,0.05,29.9995,1424.0263158325001
1175,4,4,292,3,8,6,2,6,20171009,20171011,20171012,12,3.0,True,Non local,1,999.99,47467.86031665,0.05,49.999500000000005,2373.3930158325
1175,5,4,292,9,9,5,2,6,20171009,20171011,20171012,12,3.0,True,Non local,1,2999.99,142404.53031665,0.05,149.99949999999998,7120.2265158325
1176,1,4,1111,87,9,1,3,9,20171010,20171013,20171011,62,1.0,False,Non local,1,189.99,9018.50896665,0.1,18.999000000000002,901.8508966650002
1177,1,3,21,62,9,4,3,9,20171012,20171012,,20,,False,Non local,2,3499.99,166138.69781665,0.07,489.9986,23259.417694331
1177,2,3,21,74,1,3,3,9,20171012,20171012,,20,,False,Non local,1,439.99,20885.59271665,0.1,43.999,2088.5592716650003
1178,1,4,771,46,2,6,2,6,20171012,20171015,20171013,7,1.0,False,Non local,1,1409.99,66929.87766665,0.07,98.69930000000001,4685.091436665501
1178,2,4,771,77,1,3,2,6,20171012,20171015,20171013,7,1.0,False,Non local,1,799.99,37974.19331665,0.2,159.99800000000002,7594.838663330001
1178,3,4,771,108,7,2,2,6,20171012,20171015,20171013,7,1.0,False,Non local,1,449.99,21360.276066650003,0.05,22.4995,1068.0138033325002
1178,4,4,771,13,1,3,2,6,20171012,20171015,20171013,7,1.0,False,Non local,2,269.99,12815.97576665,0.05,26.999000000000002,1281.5975766650001
1179,1,4,1150,93,2,1,3,9,20171012,20171015,20171015,89,3.0,False,Non local,2,209.99,9967.87566665,0.05,20.999000000000002,996.787566665
1179,2,4,1150,88,9,1,3,9,20171012,20171015,20171015,89,3.0,False,Non local,2,189.99,9018.50896665,0.05,18.999000000000002,901.8508966650002
1179,3,4,1150,33,8,6,3,9,20171012,20171015,20171015,89,3.0,False,Non local,2,469.99,22309.64276665,0.2,187.996,8923.85710666
1179,4,4,1150,50,9,7,3,9,20171012,20171015,20171015,89,3.0,False,Non local,1,5999.99,284809.53531665,0.07,419.9993,19936.667472165504
1180,1,4,1065,66,7,3,1,3,20171013,20171016,20171016,43,3.0,False,Non local,2,250.99,11914.077401650002,0.07,35.138600000000004,1667.9708362310005
1181,1,4,1022,98,1,1,2,7,20171013,20171016,20171015,24,2.0,False,Non local,1,489.99,23259.00946665,0.1,48.999,2325.900946665
1182,1,4,1422,35,7,6,2,7,20171013,20171014,20171016,99,3.0,True,Non local,1,832.99,39540.64837165,0.1,83.299,3954.0648371650004
1182,2,4,1422,49,9,7,2,7,20171013,20171014,20171016,99,3.0,True,Non local,2,3499.99,166138.69781665,0.1,699.998,33227.739563330004
1183,1,4,216,63,9,4,2,6,20171014,20171017,20171017,42,3.0,False,Non local,1,3499.99,166138.69781665,0.2,699.998,33227.739563330004
1183,2,4,216,80,7,3,2,6,20171014,20171017,20171017,42,3.0,False,Non local,2,761.99,36170.39658665,0.2,304.796,14468.158634660002
1183,3,4,216,6,8,6,2,6,20171014,20171017,20171017,42,3.0,False,Non local,2,469.99,22309.64276665,0.05,46.999,2230.964276665
1184,1,4,369,16,1,3,2,6,20171014,20171015,20171016,106,2.0,True,Non local,2,599.99,28480.52631665,0.05,59.999,2848.0526316650003
1184,2,4,369,71,7,3,2,6,20171014,20171015,20171016,106,2.0,True,Non local,1,416.99,19793.82101165,0.05,20.849500000000003,989.6910505825001
1185,1,4,960,19,4,3,2,6,20171014,20171016,20171017,12,3.0,True,Non local,2,449.0,21313.282415,0.07,62.86000000000001,2983.8595381000005
1185,2,4,960,21,1,1,2,6,20171014,20171016,20171017,12,3.0,True,Non local,1,269.99,12815.97576665,0.07,18.899300000000004,897.1183036655001
1185,3,4,960,63,9,4,2,6,20171014,20171016,20171017,12,3.0,True,Non local,2,3499.99,166138.69781665,0.1,699.998,33227.739563330004
1185,4,4,960,80,7,3,2,6,20171014,20171016,20171017,12,3.0,True,Non local,1,761.99,36170.39658665,0.2,152.398,7234.079317330001
1186,1,4,1120,48,9,7,2,6,20171014,20171016,20171015,21,1.0,False,Non local,2,1499.99,71202.02781665,0.1,299.998,14240.405563330001
1186,2,4,1120,49,9,7,2,6,20171014,20171016,20171015,21,1.0,False,Non local,1,3499.99,166138.69781665,0.07,244.9993,11629.7088471655
1186,3,4,1120,106,7,2,2,6,20171014,20171016,20171015,21,1.0,False,Non local,1,449.99,21360.276066650003,0.1,44.999,2136.0276066650003
1186,4,4,1120,27,8,6,2,6,20171014,20171016,20171015,21,1.0,False,Non local,1,999.99,47467.86031665,0.2,199.99800000000002,9493.57206333
1187,1,4,486,36,8,6,2,6,20171015,20171018,20171016,131,1.0,False,Non local,2,832.99,39540.64837165,0.1,166.598,7908.129674330001
1187,2,4,486,79,7,3,2,6,20171015,20171018,20171016,131,1.0,False,Non local,1,402.99,19129.26432165,0.07,28.209300000000002,1339.0485025155
1187,3,4,486,4,9,6,2,6,20171015,20171018,20171016,131,1.0,False,Non local,1,2899.99,137657.69681665,0.1,289.99899999999997,13765.769681664999
1187,4,4,486,53,8,7,2,6,20171015,20171018,20171016,131,1.0,False,Non local,2,749.99,35600.776566650005,0.1,149.99800000000002,7120.155313330001
1188,1,4,647,66,7,3,2,7,20171015,20171018,20171017,39,2.0,False,Non local,2,250.99,11914.077401650002,0.1,50.19800000000001,2382.8154803300004
1188,2,4,647,91,9,1,2,7,20171015,20171018,20171017,39,2.0,False,Non local,2,349.99,16613.442566650003,0.2,139.996,6645.377026660001
1188,3,4,647,87,9,1,2,7,20171015,20171018,20171017,39,2.0,False,Non local,2,189.99,9018.50896665,0.1,37.998000000000005,1803.7017933300003
1189,1,4,1090,55,9,7,2,6,20171015,20171017,20171018,61,3.0,True,Non local,1,2699.99,128164.02981665,0.07,188.9993,8971.482087165501
1189,2,4,1090,102,1,2,2,6,20171015,20171017,20171018,61,3.0,True,Non local,2,489.99,23259.00946665,0.1,97.998,4651.80189333
1189,3,4,1090,40,9,6,2,6,20171015,20171017,20171018,61,3.0,True,Non local,2,4999.99,237341.20031665,0.1,999.998,47468.240063330006
1190,1,4,34,71,7,3,2,6,20171016,20171019,20171017,21,1.0,False,Non local,1,416.99,19793.82101165,0.07,29.189300000000003,1385.5674708155002
1191,1,4,186,40,9,6,2,6,20171017,20171018,20171018,11,1.0,False,Non local,2,4999.99,237341.20031665,0.1,999.998,47468.240063330006
1191,2,4,186,89,9,1,2,6,20171017,20171018,20171018,11,1.0,False,Non local,2,209.99,9967.87566665,0.1,41.998000000000005,1993.57513333
1191,3,4,186,100,1,1,2,6,20171017,20171018,20171018,11,1.0,False,Non local,1,489.99,23259.00946665,0.07,34.2993,1628.1306626655003
1192,1,4,1114,24,1,2,2,6,20171017,20171019,20171018,122,1.0,False,Non local,2,549.99,26107.10956665,0.1,109.998,5221.42191333
1192,2,4,1114,88,9,1,2,6,20171017,20171019,20171018,122,1.0,False,Non local,2,189.99,9018.50896665,0.07,26.598600000000005,1262.5912553310002
1192,3,4,1114,37,2,6,2,6,20171017,20171019,20171018,122,1.0,False,Non local,2,379.99,18037.49261665,0.2,151.996,7214.997046660001
1193,1,4,1412,83,9,1,2,7,20171017,20171019,20171019,114,2.0,False,Non local,2,149.99,7119.775566650001,0.05,14.999000000000002,711.9775566650001
1193,2,4,1412,27,8,6,2,7,20171017,20171019,20171019,114,2.0,False,Non local,1,999.99,47467.86031665,0.05,49.999500000000005,2373.3930158325
1194,1,4,192,71,7,3,1,2,20171019,20171022,20171022,28,3.0,False,Non local,1,416.99,19793.82101165,0.05,20.849500000000003,989.6910505825001
1194,2,4,192,7,9,6,1,2,20171019,20171022,20171022,28,3.0,False,Non local,2,3999.99,189872.86531665,0.07,559.9986,26582.201144331
1194,3,4,192,105,7,2,1,2,20171019,20171022,20171022,28,3.0,False,Non local,2,533.99,25347.616206650004,0.1,106.798,5069.523241330001
1194,4,4,192,84,7,1,1,2,20171019,20171022,20171022,28,3.0,False,Non local,1,109.99,5221.04216665,0.05,5.4995,261.0521083325
1195,1,4,229,52,8,7,2,7,20171019,20171021,20171021,129,2.0,False,Non local,1,875.99,41581.786776650006,0.07,61.319300000000005,2910.725074365501
1196,1,4,508,53,8,7,2,6,20171019,20171021,20171020,36,1.0,False,Non local,1,749.99,35600.776566650005,0.07,52.499300000000005,2492.0543596655007
1197,1,4,269,13,1,3,2,6,20171021,20171023,20171023,139,2.0,False,Non local,1,269.99,12815.97576665,0.07,18.899300000000004,897.1183036655001
1197,2,4,269,108,7,2,2,6,20171021,20171023,20171023,139,2.0,False,Non local,2,449.99,21360.276066650003,0.05,44.999,2136.0276066650003
1197,3,4,269,9,9,5,2,6,20171021,20171023,20171023,139,2.0,False,Non local,2,2999.99,142404.53031665,0.05,299.99899999999997,14240.453031665
1197,4,4,269,106,7,2,2,6,20171021,20171023,20171023,139,2.0,False,Non local,2,449.99,21360.276066650003,0.2,179.996,8544.110426660001
1198,1,4,1289,105,7,2,2,7,20171022,20171024,20171024,42,2.0,False,Non local,1,533.99,25347.616206650004,0.05,26.6995,1267.3808103325002
1199,1,4,318,32,9,6,1,2,20171023,20171024,20171026,30,3.0,True,Non local,1,469.99,22309.64276665,0.05,23.4995,1115.4821383325
1199,2,4,318,94,2,1,1,2,20171023,20171024,20171026,30,3.0,True,Non local,2,249.99,11866.60906665,0.07,34.9986,1661.3252693310003
1199,3,4,318,109,7,2,1,2,20171023,20171024,20171026,30,3.0,True,Non local,2,416.99,19793.82101165,0.1,83.39800000000001,3958.7642023300004
1200,1,4,48,42,9,6,2,6,20171023,20171025,20171026,33,3.0,True,Non local,2,2299.99,109176.69581665,0.2,919.996,43670.67832666
1201,1,4,201,95,1,1,2,6,20171023,20171024,20171024,117,1.0,False,Non local,1,299.99,14240.02581665,0.07,20.9993,996.8018071655001
1201,2,4,201,13,1,3,2,6,20171023,20171024,20171024,117,1.0,False,Non local,1,269.99,12815.97576665,0.05,13.499500000000001,640.7987883325001
1201,3,4,201,26,1,2,2,6,20171023,20171024,20171024,117,1.0,False,Non local,1,599.99,28480.52631665,0.2,119.998,5696.1052633300005
1201,4,4,201,17,4,3,2,6,20171023,20171024,20171024,117,1.0,False,Non local,2,429.0,20363.915715000003,0.05,42.900000000000006,2036.3915715000003
1201,5,4,201,19,4,3,2,6,20171023,20171024,20171024,117,1.0,False,Non local,2,449.0,21313.282415,0.2,179.60000000000002,8525.312966000001
1202,1,4,593,84,7,1,2,6,20171024,20171025,20171025,99,1.0,False,Non local,2,109.99,5221.04216665,0.05,10.999,522.104216665
1203,1,4,1191,6,8,6,2,7,20171025,20171027,20171026,169,1.0,False,Non local,2,469.99,22309.64276665,0.07,65.79860000000001,3123.349987331
1203,2,4,1191,55,9,7,2,7,20171025,20171027,20171026,169,1.0,False,Non local,1,2699.99,128164.02981665,0.05,134.99949999999998,6408.2014908325
1204,1,4,1277,37,2,6,2,6,20171025,20171028,20171028,93,3.0,False,Non local,2,379.99,18037.49261665,0.07,53.198600000000006,2525.2489663310002
1205,1,4,1091,105,7,2,1,2,20171026,20171028,20171028,58,2.0,False,Non local,2,533.99,25347.616206650004,0.2,213.596,10139.046482660002
1205,2,4,1091,46,2,6,1,2,20171026,20171028,20171028,58,2.0,False,Non local,2,1409.99,66929.87766665,0.2,563.996,26771.951066660004
1205,3,4,1091,71,7,3,1,2,20171026,20171028,20171028,58,2.0,False,Non local,1,416.99,19793.82101165,0.05,20.849500000000003,989.6910505825001
1205,4,4,1091,79,7,3,1,2,20171026,20171028,20171028,58,2.0,False,Non local,2,402.99,19129.26432165,0.07,56.418600000000005,2678.097005031
1205,5,4,1091,92,2,1,1,2,20171026,20171028,20171028,58,2.0,False,Non local,1,209.99,9967.87566665,0.1,20.999000000000002,996.787566665
1206,1,4,222,73,7,3,2,6,20171026,20171029,20171029,21,3.0,False,Non local,1,749.99,35600.776566650005,0.07,52.499300000000005,2492.0543596655007
1206,2,4,222,29,9,6,2,6,20171026,20171029,20171029,21,3.0,False,Non local,1,999.99,47467.86031665,0.2,199.99800000000002,9493.57206333
1207,1,4,1002,104,7,2,2,6,20171026,20171028,20171027,94,1.0,False,Non local,1,481.99,22879.26278665,0.05,24.099500000000003,1143.9631393325
1207,2,4,1002,103,7,2,2,6,20171026,20171028,20171027,94,1.0,False,Non local,1,551.99,26202.046236650003,0.1,55.199000000000005,2620.2046236650003
1207,3,4,1002,23,1,1,2,6,20171026,20171028,20171027,94,1.0,False,Non local,1,299.99,14240.02581665,0.07,20.9993,996.8018071655001
1208,1,4,1226,12,1,3,2,7,20171026,20171028,20171027,21,1.0,False,Non local,1,549.99,26107.10956665,0.2,109.998,5221.42191333
1208,2,4,1226,65,7,3,2,7,20171026,20171028,20171027,21,1.0,False,Non local,2,346.99,16471.037561650002,0.07,48.57860000000001,2305.9452586310003
1208,3,4,1226,86,9,1,2,7,20171026,20171028,20171027,21,1.0,False,Non local,2,149.99,7119.775566650001,0.2,59.99600000000001,2847.9102266600003
1208,4,4,1226,13,1,3,2,7,20171026,20171028,20171027,21,1.0,False,Non local,2,269.99,12815.97576665,0.1,53.998000000000005,2563.1951533300003
1208,5,4,1226,87,9,1,2,7,20171026,20171028,20171027,21,1.0,False,Non local,1,189.99,9018.50896665,0.07,13.299300000000002,631.2956276655001
1209,1,4,1342,89,9,1,2,7,20171026,20171027,20171029,172,3.0,True,Non local,1,209.99,9967.87566665,0.07,14.699300000000003,697.7512966655
1209,2,4,1342,97,1,1,2,7,20171026,20171027,20171029,172,3.0,True,Non local,1,349.99,16613.442566650003,0.05,17.4995,830.6721283325002
1210,1,4,730,26,1,2,3,8,20171026,20171027,20171029,115,3.0,True,Non local,1,599.99,28480.52631665,0.1,59.999,2848.0526316650003
1210,2,4,730,6,8,6,3,8,20171026,20171027,20171029,115,3.0,True,Non local,2,469.99,22309.64276665,0.07,65.79860000000001,3123.349987331
1210,3,4,730,78,7,3,3,8,20171026,20171027,20171029,115,3.0,True,Non local,2,647.99,30759.00639665,0.05,64.799,3075.900639665
1210,4,4,730,84,7,1,3,8,20171026,20171027,20171029,115,3.0,True,Non local,1,109.99,5221.04216665,0.1,10.999,522.104216665
1210,5,4,730,35,7,6,3,8,20171026,20171027,20171029,115,3.0,True,Non local,2,832.99,39540.64837165,0.05,83.299,3954.0648371650004
1211,1,4,19,15,1,3,2,7,20171027,20171028,20171029,1,2.0,True,Non local,2,529.99,25157.74286665,0.2,211.996,10063.097146660002
1211,2,4,19,59,9,7,2,7,20171027,20171028,20171029,1,2.0,True,Non local,1,2599.99,123417.19631665,0.05,129.99949999999998,6170.8598158325
1211,3,4,19,92,2,1,2,7,20171027,20171028,20171029,1,2.0,True,Non local,1,209.99,9967.87566665,0.2,41.998000000000005,1993.57513333
1211,4,4,19,93,2,1,2,7,20171027,20171028,20171029,1,2.0,True,Non local,1,209.99,9967.87566665,0.1,20.999000000000002,996.787566665
1211,5,4,19,108,7,2,2,7,20171027,20171028,20171029,1,2.0,True,Non local,2,449.99,21360.276066650003,0.2,179.996,8544.110426660001
1212,1,4,213,74,1,3,2,6,20171027,20171030,20171029,92,2.0,False,Non local,1,439.99,20885.59271665,0.1,43.999,2088.5592716650003
1212,2,4,213,37,2,6,2,6,20171027,20171030,20171029,92,2.0,False,Non local,2,379.99,18037.49261665,0.07,53.198600000000006,2525.2489663310002
1212,3,4,213,39,9,6,2,6,20171027,20171030,20171029,92,2.0,False,Non local,2,1499.99,71202.02781665,0.05,149.999,7120.202781665001
1212,4,4,213,68,7,3,2,6,20171027,20171030,20171029,92,2.0,False,Non local,2,449.99,21360.276066650003,0.07,62.99860000000001,2990.4386493310008
1213,1,4,669,64,1,3,3,9,20171027,20171029,20171029,164,2.0,False,Non local,2,489.99,23259.00946665,0.07,68.5986,3256.2613253310005
1213,2,4,669,78,7,3,3,9,20171027,20171029,20171029,164,2.0,False,Non local,1,647.99,30759.00639665,0.07,45.359300000000005,2153.1304477655
1213,3,4,669,102,1,2,3,9,20171027,20171029,20171029,164,2.0,False,Non local,2,489.99,23259.00946665,0.1,97.998,4651.80189333
1213,4,4,669,15,1,3,3,9,20171027,20171029,20171029,164,2.0,False,Non local,1,529.99,25157.74286665,0.05,26.4995,1257.8871433325003
1214,1,4,783,9,9,5,2,6,20171028,20171029,20171029,36,1.0,False,Non local,2,2999.99,142404.53031665,0.05,299.99899999999997,14240.453031665
1214,2,4,783,7,9,6,2,6,20171028,20171029,20171029,36,1.0,False,Non local,1,3999.99,189872.86531665,0.2,799.998,37974.57306333
1214,3,4,783,22,1,1,2,6,20171028,20171029,20171029,36,1.0,False,Non local,1,269.99,12815.97576665,0.05,13.499500000000001,640.7987883325001
1214,4,4,783,77,1,3,2,6,20171028,20171029,20171029,36,1.0,False,Non local,2,799.99,37974.19331665,0.1,159.99800000000002,7594.838663330001
1214,5,4,783,67,7,3,2,6,20171028,20171029,20171029,36,1.0,False,Non local,2,250.99,11914.077401650002,0.2,100.39600000000002,4765.630960660001
1215,1,4,807,73,7,3,2,7,20171028,20171031,20171030,104,2.0,False,Non local,2,749.99,35600.776566650005,0.1,149.99800000000002,7120.155313330001
1215,2,4,807,10,8,4,2,7,20171028,20171031,20171030,104,2.0,False,Non local,2,1549.0,73528.45091500001,0.07,216.86,10293.983128100002
1216,1,4,886,64,1,3,2,7,20171028,20171030,20171029,60,1.0,False,Non local,2,489.99,23259.00946665,0.1,97.998,4651.80189333
1216,2,4,886,54,9,7,2,7,20171028,20171030,20171029,60,1.0,False,Non local,1,3199.99,151898.19731665,0.05,159.9995,7594.909865832501
1216,3,4,886,19,4,3,2,7,20171028,20171030,20171029,60,1.0,False,Non local,1,449.0,21313.282415,0.2,89.80000000000001,4262.656483000001
1216,4,4,886,110,7,2,2,7,20171028,20171030,20171029,60,1.0,False,Non local,2,470.99,22357.111101650004,0.07,65.93860000000001,3129.995554231001
1216,5,4,886,43,9,6,2,7,20171028,20171030,20171029,60,1.0,False,Non local,1,5299.99,251581.70081665,0.1,529.999,25158.170081665
1217,1,4,1155,73,7,3,2,7,20171028,20171031,20171030,194,2.0,False,Non local,1,749.99,35600.776566650005,0.05,37.499500000000005,1780.0388283325003
1217,2,4,1155,106,7,2,2,7,20171028,20171031,20171030,194,2.0,False,Non local,2,449.99,21360.276066650003,0.05,44.999,2136.0276066650003
1218,1,4,1017,32,9,6,1,2,20171030,20171101,20171031,29,1.0,False,Non local,1,469.99,22309.64276665,0.07,32.899300000000004,1561.6749936655
1218,2,4,1017,102,1,2,1,2,20171030,20171101,20171031,29,1.0,False,Non local,2,489.99,23259.00946665,0.05,48.999,2325.900946665
1219,1,4,840,17,4,3,2,7,20171030,20171102,20171102,45,3.0,False,Non local,2,429.0,20363.915715000003,0.07,60.06,2850.9482001000006
1219,2,4,840,62,9,4,2,7,20171030,20171102,20171102,45,3.0,False,Non local,2,3499.99,166138.69781665,0.1,699.998,33227.739563330004
1219,3,4,840,40,9,6,2,7,20171030,20171102,20171102,45,3.0,False,Non local,2,4999.99,237341.20031665,0.2,1999.996,94936.48012666001
1220,1,4,803,47,9,6,2,6,20171031,20171103,20171103,123,3.0,False,Non local,2,5299.99,251581.70081665,0.1,1059.998,50316.34016333
1220,2,4,803,49,9,7,2,6,20171031,20171103,20171103,123,3.0,False,Non local,1,3499.99,166138.69781665,0.2,699.998,33227.739563330004
1220,3,4,803,85,2,1,2,6,20171031,20171103,20171103,123,3.0,False,Non local,2,329.99,15664.075866650002,0.2,131.996,6265.630346660001
1221,1,4,1290,100,1,1,2,7,20171031,20171102,20171101,175,1.0,False,Non local,1,489.99,23259.00946665,0.05,24.4995,1162.9504733325
1221,2,4,1290,81,1,3,2,7,20171031,20171102,20171101,175,1.0,False,Non local,2,1099.99,52214.69381665,0.05,109.99900000000001,5221.469381665
1221,3,4,1290,42,9,6,2,7,20171031,20171102,20171101,175,1.0,False,Non local,2,2299.99,109176.69581665,0.1,459.998,21835.33916333
1221,4,4,1290,38,2,6,2,7,20171031,20171102,20171101,175,1.0,False,Non local,2,549.99,26107.10956665,0.1,109.998,5221.42191333
1221,5,4,1290,97,1,1,2,7,20171031,20171102,20171101,175,1.0,False,Non local,2,349.99,16613.442566650003,0.07,48.9986,2325.8819593310004
1222,1,4,482,97,1,1,3,9,20171101,20171104,20171103,115,2.0,False,Non local,1,349.99,16613.442566650003,0.2,69.998,3322.6885133300007
1223,1,4,1207,103,7,2,2,6,20171102,20171103,20171103,128,1.0,False,Non local,1,551.99,26202.046236650003,0.05,27.599500000000003,1310.1023118325002
1224,1,4,544,62,9,4,2,6,20171103,20171104,20171104,104,1.0,False,Non local,1,3499.99,166138.69781665,0.07,244.9993,11629.7088471655
1224,2,4,544,51,9,7,2,6,20171103,20171104,20171104,104,1.0,False,Non local,1,6499.99,308543.70281665004,0.1,649.999,30854.370281665004
1224,3,4,544,108,7,2,2,6,20171103,20171104,20171104,104,1.0,False,Non local,1,449.99,21360.276066650003,0.05,22.4995,1068.0138033325002
1224,4,4,544,32,9,6,2,6,20171103,20171104,20171104,104,1.0,False,Non local,1,469.99,22309.64276665,0.2,93.998,4461.92855333
1225,1,4,768,81,1,3,1,2,20171104,20171105,20171107,133,3.0,True,Non local,1,1099.99,52214.69381665,0.1,109.99900000000001,5221.469381665
1225,2,4,768,59,9,7,1,2,20171104,20171105,20171107,133,3.0,True,Non local,2,2599.99,123417.19631665,0.1,519.9979999999999,24683.43926333
1225,3,4,768,6,8,6,1,2,20171104,20171105,20171107,133,3.0,True,Non local,2,469.99,22309.64276665,0.1,93.998,4461.92855333
1226,1,4,226,77,1,3,2,7,20171104,20171107,20171106,39,2.0,False,Non local,2,799.99,37974.19331665,0.05,79.99900000000001,3797.4193316650003
1226,2,4,226,101,1,1,2,7,20171104,20171107,20171106,39,2.0,False,Non local,1,339.99,16138.759216650002,0.2,67.998,3227.7518433300006
1226,3,4,226,11,8,4,2,7,20171104,20171107,20171106,39,2.0,False,Non local,2,1680.99,79793.79645165,0.07,235.3386,11171.131503231001
1226,4,4,226,51,9,7,2,7,20171104,20171107,20171106,39,2.0,False,Non local,1,6499.99,308543.70281665004,0.07,454.9993,21598.059197165505
1226,5,4,226,42,9,6,2,7,20171104,20171107,20171106,39,2.0,False,Non local,1,2299.99,109176.69581665,0.1,229.999,10917.669581665
1227,1,4,702,90,9,1,2,6,20171104,20171107,20171106,44,2.0,False,Non local,2,209.99,9967.87566665,0.2,83.99600000000001,3987.15026666
1227,2,4,702,44,2,6,2,6,20171104,20171107,20171106,44,2.0,False,Non local,1,539.99,25632.42621665,0.07,37.7993,1794.2698351655004
1227,3,4,702,26,1,2,2,6,20171104,20171107,20171106,44,2.0,False,Non local,1,599.99,28480.52631665,0.05,29.9995,1424.0263158325001
1227,4,4,702,8,9,6,2,6,20171104,20171107,20171106,44,2.0,False,Non local,1,1799.99,85442.52831665,0.07,125.99930000000002,5980.976982165501
1227,5,4,702,42,9,6,2,6,20171104,20171107,20171106,44,2.0,False,Non local,2,2299.99,109176.69581665,0.2,919.996,43670.67832666
1228,1,4,1041,92,2,1,2,6,20171104,20171106,20171106,67,2.0,False,Non local,1,209.99,9967.87566665,0.2,41.998000000000005,1993.57513333
1228,2,4,1041,55,9,7,2,6,20171104,20171106,20171106,67,2.0,False,Non local,2,2699.99,128164.02981665,0.2,1079.9959999999999,51265.61192666
1228,3,4,1041,20,1,3,2,6,20171104,20171106,20171106,67,2.0,False,Non local,2,599.99,28480.52631665,0.05,59.999,2848.0526316650003
1229,1,4,89,36,8,6,1,3,20171105,20171108,20171106,69,1.0,False,Non local,2,832.99,39540.64837165,0.07,116.61860000000001,5535.690772031001
1229,2,4,89,61,9,5,1,3,20171105,20171108,20171106,69,1.0,False,Non local,2,4999.99,237341.20031665,0.1,999.998,47468.240063330006
1230,1,4,1107,32,9,6,2,6,20171105,20171106,20171107,74,2.0,True,Non local,2,469.99,22309.64276665,0.1,93.998,4461.92855333
1230,2,4,1107,38,2,6,2,6,20171105,20171106,20171107,74,2.0,True,Non local,2,549.99,26107.10956665,0.07,76.99860000000001,3654.995339331
1231,1,4,1180,75,1,3,2,6,20171105,20171107,20171106,72,1.0,False,Non local,2,599.99,28480.52631665,0.05,59.999,2848.0526316650003
1231,2,4,1180,70,1,3,2,6,20171105,20171107,20171106,72,1.0,False,Non local,1,659.99,31328.626416650004,0.07,46.19930000000001,2193.0038491655005
1232,1,4,665,4,9,6,1,3,20171106,20171107,20171109,29,3.0,True,Non local,2,2899.99,137657.69681665,0.07,405.9986,19272.077554331
1232,2,4,665,110,7,2,1,3,20171106,20171107,20171109,29,3.0,True,Non local,2,470.99,22357.111101650004,0.05,47.099000000000004,2235.7111101650003
1232,3,4,665,6,8,6,1,3,20171106,20171107,20171109,29,3.0,True,Non local,2,469.99,22309.64276665,0.2,187.996,8923.85710666
1233,1,4,462,87,9,1,2,6,20171106,20171107,20171108,171,2.0,True,Non local,2,189.99,9018.50896665,0.2,75.99600000000001,3607.4035866600007
1233,2,4,462,61,9,5,2,6,20171106,20171107,20171108,171,2.0,True,Non local,2,4999.99,237341.20031665,0.1,999.998,47468.240063330006
1233,3,4,462,55,9,7,2,6,20171106,20171107,20171108,171,2.0,True,Non local,1,2699.99,128164.02981665,0.2,539.9979999999999,25632.80596333
1234,1,3,19,56,9,7,2,6,20171107,20171107,,1,,False,Non local,2,5499.99,261075.36781665,0.07,769.9986,36550.551494331005
1234,2,3,19,71,7,3,2,6,20171107,20171107,,1,,False,Non local,2,416.99,19793.82101165,0.07,58.378600000000006,2771.1349416310004
1235,1,4,210,7,9,6,2,6,20171107,20171108,20171109,122,2.0,True,Non local,1,3999.99,189872.86531665,0.1,399.999,18987.286531665
1236,1,4,243,60,7,5,2,7,20171108,20171111,20171109,117,1.0,False,Non local,1,1559.99,74050.12791665,0.07,109.19930000000001,5183.508954165501
1236,2,4,243,32,9,6,2,7,20171108,20171111,20171109,117,1.0,False,Non local,2,469.99,22309.64276665,0.05,46.999,2230.964276665
1236,3,4,243,91,9,1,2,7,20171108,20171111,20171109,117,1.0,False,Non local,1,349.99,16613.442566650003,0.1,34.999,1661.3442566650003
1237,1,4,571,23,1,1,1,2,20171109,20171112,20171111,31,2.0,False,Non local,1,299.99,14240.02581665,0.1,29.999000000000002,1424.0025816650002
1237,2,4,571,87,9,1,1,2,20171109,20171112,20171111,31,2.0,False,Non local,2,189.99,9018.50896665,0.1,37.998000000000005,1803.7017933300003
1237,3,4,571,95,1,1,1,2,20171109,20171112,20171111,31,2.0,False,Non local,2,299.99,14240.02581665,0.2,119.99600000000001,5696.010326660001
1237,4,4,571,55,9,7,1,2,20171109,20171112,20171111,31,2.0,False,Non local,2,2699.99,128164.02981665,0.07,377.9986,17942.964174331002
1237,5,4,571,25,1,2,1,2,20171109,20171112,20171111,31,2.0,False,Non local,1,499.99,23733.692816650004,0.07,34.999300000000005,1661.3584971655005
1238,1,4,998,40,9,6,2,6,20171109,20171110,20171111,187,2.0,True,Non local,1,4999.99,237341.20031665,0.1,499.999,23734.120031665003
1238,2,4,998,14,1,3,2,6,20171109,20171110,20171111,187,2.0,True,Non local,1,269.99,12815.97576665,0.1,26.999000000000002,1281.5975766650001
1238,3,4,998,99,1,1,2,6,20171109,20171110,20171111,187,2.0,True,Non local,2,299.99,14240.02581665,0.2,119.99600000000001,5696.010326660001
1238,4,4,998,101,1,1,2,6,20171109,20171110,20171111,187,2.0,True,Non local,1,339.99,16138.759216650002,0.1,33.999,1613.8759216650003
1239,1,4,1197,15,1,3,2,7,20171109,20171110,20171111,9,2.0,True,Non local,2,529.99,25157.74286665,0.2,211.996,10063.097146660002
1239,2,4,1197,91,9,1,2,7,20171109,20171110,20171111,9,2.0,True,Non local,1,349.99,16613.442566650003,0.1,34.999,1661.3442566650003
1239,3,4,1197,34,9,6,2,7,20171109,20171110,20171111,9,2.0,True,Non local,2,469.99,22309.64276665,0.1,93.998,4461.92855333
1239,4,4,1197,36,8,6,2,7,20171109,20171110,20171111,9,2.0,True,Non local,1,832.99,39540.64837165,0.05,41.6495,1977.0324185825002
1240,1,4,903,107,7,2,2,7,20171110,20171111,20171111,112,1.0,False,Non local,2,416.99,19793.82101165,0.1,83.39800000000001,3958.7642023300004
1240,2,4,903,23,1,1,2,7,20171110,20171111,20171111,112,1.0,False,Non local,2,299.99,14240.02581665,0.05,29.999000000000002,1424.0025816650002
1240,3,4,903,15,1,3,2,7,20171110,20171111,20171111,112,1.0,False,Non local,2,529.99,25157.74286665,0.2,211.996,10063.097146660002
1240,4,4,903,77,1,3,2,7,20171110,20171111,20171111,112,1.0,False,Non local,2,799.99,37974.19331665,0.05,79.99900000000001,3797.4193316650003
1240,5,4,903,57,9,7,2,7,20171110,20171111,20171111,112,1.0,False,Non local,1,1999.99,94936.19531665,0.05,99.99950000000001,4746.8097658325005
1241,1,4,1170,74,1,3,2,7,20171110,20171112,20171111,39,1.0,False,Non local,1,439.99,20885.59271665,0.05,21.9995,1044.2796358325002
1241,2,4,1170,71,7,3,2,7,20171110,20171112,20171111,39,1.0,False,Non local,2,416.99,19793.82101165,0.05,41.699000000000005,1979.3821011650002
1242,1,4,303,94,2,1,2,6,20171111,20171112,20171112,79,1.0,False,Non local,1,249.99,11866.60906665,0.05,12.499500000000001,593.3304533325
1242,2,4,303,27,8,6,2,6,20171111,20171112,20171112,79,1.0,False,Non local,1,999.99,47467.86031665,0.07,69.9993,3322.7502221655004
1242,3,4,303,10,8,4,2,6,20171111,20171112,20171112,79,1.0,False,Non local,1,1549.0,73528.45091500001,0.07,108.43,5146.991564050001
1242,4,4,303,70,1,3,2,6,20171111,20171112,20171112,79,1.0,False,Non local,1,659.99,31328.626416650004,0.2,131.99800000000002,6265.725283330001
1243,1,4,346,44,2,6,2,6,20171111,20171113,20171114,34,3.0,True,Non local,1,539.99,25632.42621665,0.07,37.7993,1794.2698351655004
1244,1,4,333,45,2,6,2,6,20171112,20171114,20171113,26,1.0,False,Non local,1,869.99,41296.976766650005,0.2,173.99800000000002,8259.395353330001
1244,2,4,333,38,2,6,2,6,20171112,20171114,20171113,26,1.0,False,Non local,2,549.99,26107.10956665,0.07,76.99860000000001,3654.995339331
1244,3,4,333,33,8,6,2,6,20171112,20171114,20171113,26,1.0,False,Non local,1,469.99,22309.64276665,0.07,32.899300000000004,1561.6749936655
1244,4,4,333,37,2,6,2,6,20171112,20171114,20171113,26,1.0,False,Non local,2,379.99,18037.49261665,0.1,75.998,3607.4985233300004
1245,1,4,1166,13,1,3,2,7,20171113,20171116,20171114,103,1.0,False,Non local,1,269.99,12815.97576665,0.1,26.999000000000002,1281.5975766650001
1246,1,4,1329,78,7,3,2,7,20171113,20171116,20171116,22,3.0,False,Non local,2,647.99,30759.00639665,0.2,259.196,12303.60255866
1246,2,4,1329,46,2,6,2,7,20171113,20171116,20171116,22,3.0,False,Non local,1,1409.99,66929.87766665,0.05,70.4995,3346.4938833325004
1246,3,4,1329,45,2,6,2,7,20171113,20171116,20171116,22,3.0,False,Non local,2,869.99,41296.976766650005,0.07,121.79860000000001,5781.576747331002
1247,1,4,426,15,1,3,1,2,20171116,20171118,20171117,154,1.0,False,Non local,2,529.99,25157.74286665,0.1,105.998,5031.548573330001
1247,2,4,426,28,8,6,1,2,20171116,20171118,20171117,154,1.0,False,Non local,2,2499.99,118670.36281665,0.1,499.998,23734.072563330003
1247,3,4,426,26,1,2,1,2,20171116,20171118,20171117,154,1.0,False,Non local,1,599.99,28480.52631665,0.05,29.9995,1424.0263158325001
1248,1,4,1367,94,2,1,1,3,20171116,20171117,20171118,2,2.0,True,Non local,2,249.99,11866.60906665,0.05,24.999000000000002,1186.660906665
1248,2,4,1367,33,8,6,1,3,20171116,20171117,20171118,2,2.0,True,Non local,2,469.99,22309.64276665,0.1,93.998,4461.92855333
1248,3,4,1367,92,2,1,1,3,20171116,20171117,20171118,2,2.0,True,Non local,1,209.99,9967.87566665,0.1,20.999000000000002,996.787566665
1248,4,4,1367,12,1,3,1,3,20171116,20171117,20171118,2,2.0,True,Non local,1,549.99,26107.10956665,0.05,27.4995,1305.3554783325
1249,1,4,545,62,9,4,2,6,20171117,20171118,20171120,67,3.0,True,Non local,1,3499.99,166138.69781665,0.05,174.9995,8306.934890832501
1249,2,4,545,104,7,2,2,6,20171117,20171118,20171120,67,3.0,True,Non local,1,481.99,22879.26278665,0.05,24.099500000000003,1143.9631393325
1249,3,4,545,61,9,5,2,6,20171117,20171118,20171120,67,3.0,True,Non local,1,4999.99,237341.20031665,0.2,999.998,47468.240063330006
1250,1,4,1188,78,7,3,2,6,20171117,20171119,20171118,166,1.0,False,Non local,2,647.99,30759.00639665,0.05,64.799,3075.900639665
1250,2,4,1188,66,7,3,2,6,20171117,20171119,20171118,166,1.0,False,Non local,2,250.99,11914.077401650002,0.1,50.19800000000001,2382.8154803300004
1250,3,4,1188,20,1,3,2,6,20171117,20171119,20171118,166,1.0,False,Non local,2,599.99,28480.52631665,0.05,59.999,2848.0526316650003
1250,4,4,1188,6,8,6,2,6,20171117,20171119,20171118,166,1.0,False,Non local,2,469.99,22309.64276665,0.1,93.998,4461.92855333
1251,1,4,289,40,9,6,3,9,20171117,20171119,20171119,62,2.0,False,Non local,2,4999.99,237341.20031665,0.1,999.998,47468.240063330006
1251,2,4,289,56,9,7,3,9,20171117,20171119,20171119,62,2.0,False,Non local,1,5499.99,261075.36781665,0.07,384.9993,18275.275747165502
1251,3,4,289,7,9,6,3,9,20171117,20171119,20171119,62,2.0,False,Non local,1,3999.99,189872.86531665,0.07,279.9993,13291.1005721655
1252,1,4,110,79,7,3,1,3,20171118,20171120,20171121,83,3.0,True,Non local,1,402.99,19129.26432165,0.2,80.59800000000001,3825.85286433
1252,2,4,110,84,7,1,1,3,20171118,20171120,20171121,83,3.0,True,Non local,1,109.99,5221.04216665,0.2,21.998,1044.20843333
1252,3,4,110,57,9,7,1,3,20171118,20171120,20171121,83,3.0,True,Non local,2,1999.99,94936.19531665,0.05,199.99900000000002,9493.619531665001
1253,1,4,44,25,1,2,2,6,20171118,20171121,20171121,41,3.0,False,Non local,2,499.99,23733.692816650004,0.1,99.998,4746.738563330001
1253,2,4,44,21,1,1,2,6,20171118,20171121,20171121,41,3.0,False,Non local,1,269.99,12815.97576665,0.07,18.899300000000004,897.1183036655001
1253,3,4,44,88,9,1,2,6,20171118,20171121,20171121,41,3.0,False,Non local,1,189.99,9018.50896665,0.2,37.998000000000005,1803.7017933300003
1254,1,4,1098,80,7,3,2,7,20171118,20171119,20171119,50,1.0,False,Non local,1,761.99,36170.39658665,0.2,152.398,7234.079317330001
1254,2,4,1098,91,9,1,2,7,20171118,20171119,20171119,50,1.0,False,Non local,1,349.99,16613.442566650003,0.2,69.998,3322.6885133300007
1255,1,4,375,43,9,6,2,6,20171119,20171120,20171121,4,2.0,True,Non local,2,5299.99,251581.70081665,0.2,2119.996,100632.68032666
1255,2,4,375,53,8,7,2,6,20171119,20171120,20171121,4,2.0,True,Non local,1,749.99,35600.776566650005,0.05,37.499500000000005,1780.0388283325003
1255,3,4,375,14,1,3,2,6,20171119,20171120,20171121,4,2.0,True,Non local,2,269.99,12815.97576665,0.2,107.99600000000001,5126.3903066600005
1255,4,4,375,26,1,2,2,6,20171119,20171120,20171121,4,2.0,True,Non local,2,599.99,28480.52631665,0.05,59.999,2848.0526316650003
1255,5,4,375,82,1,3,2,6,20171119,20171120,20171121,4,2.0,True,Non local,1,659.99,31328.626416650004,0.05,32.999500000000005,1566.4313208325002
1256,1,4,458,44,2,6,2,6,20171119,20171120,20171122,129,3.0,True,Non local,2,539.99,25632.42621665,0.2,215.996,10252.97048666
1256,2,4,458,100,1,1,2,6,20171119,20171120,20171122,129,3.0,True,Non local,1,489.99,23259.00946665,0.1,48.999,2325.900946665
1257,1,4,1136,30,8,6,2,7,20171119,20171122,20171120,169,1.0,False,Non local,2,999.99,47467.86031665,0.05,99.99900000000001,4746.786031665
1257,2,4,1136,61,9,5,2,7,20171119,20171122,20171120,169,1.0,False,Non local,1,4999.99,237341.20031665,0.05,249.9995,11867.060015832501
1257,3,4,1136,17,4,3,2,7,20171119,20171122,20171120,169,1.0,False,Non local,2,429.0,20363.915715000003,0.1,85.80000000000001,4072.7831430000006
1257,4,4,1136,41,2,6,2,7,20171119,20171122,20171120,169,1.0,False,Non local,1,1469.99,69777.97776665,0.05,73.4995,3488.8988883325
1257,5,4,1136,4,9,6,2,7,20171119,20171122,20171120,169,1.0,False,Non local,1,2899.99,137657.69681665,0.1,289.99899999999997,13765.769681664999
1258,1,4,1099,94,2,1,2,7,20171120,20171121,20171122,8,2.0,True,Non local,2,249.99,11866.60906665,0.1,49.998000000000005,2373.32181333
1258,2,4,1099,99,1,1,2,7,20171120,20171121,20171122,8,2.0,True,Non local,2,299.99,14240.02581665,0.05,29.999000000000002,1424.0025816650002
1259,1,3,4,60,7,5,2,7,20171121,20171121,,4,,False,Non local,1,1559.99,74050.12791665,0.1,155.99900000000002,7405.012791665001
1259,2,3,4,19,4,3,2,7,20171121,20171121,,4,,False,Non local,1,449.0,21313.282415,0.2,89.80000000000001,4262.656483000001
1260,1,4,1117,8,9,6,2,6,20171122,20171123,20171124,157,2.0,True,Non local,1,1799.99,85442.52831665,0.1,179.99900000000002,8544.252831665
1260,2,4,1117,66,7,3,2,6,20171122,20171123,20171124,157,2.0,True,Non local,1,250.99,11914.077401650002,0.1,25.099000000000004,1191.4077401650002
1261,1,4,435,73,7,3,2,7,20171123,20171125,20171124,79,1.0,False,Non local,1,749.99,35600.776566650005,0.2,149.99800000000002,7120.155313330001
1261,2,4,435,88,9,1,2,7,20171123,20171125,20171124,79,1.0,False,Non local,2,189.99,9018.50896665,0.2,75.99600000000001,3607.4035866600007
1261,3,4,435,100,1,1,2,7,20171123,20171125,20171124,79,1.0,False,Non local,1,489.99,23259.00946665,0.05,24.4995,1162.9504733325
1261,4,4,435,42,9,6,2,7,20171123,20171125,20171124,79,1.0,False,Non local,1,2299.99,109176.69581665,0.1,229.999,10917.669581665
1262,1,4,509,37,2,6,2,6,20171123,20171126,20171126,167,3.0,False,Non local,1,379.99,18037.49261665,0.07,26.599300000000003,1262.6244831655001
1262,2,4,509,52,8,7,2,6,20171123,20171126,20171126,167,3.0,False,Non local,1,875.99,41581.786776650006,0.05,43.7995,2079.0893388325003
1262,3,4,509,43,9,6,2,6,20171123,20171126,20171126,167,3.0,False,Non local,2,5299.99,251581.70081665,0.07,741.9986,35221.438114331
1262,4,4,509,77,1,3,2,6,20171123,20171126,20171126,167,3.0,False,Non local,1,799.99,37974.19331665,0.07,55.999300000000005,2658.1935321655005
1263,1,4,1408,45,2,6,2,6,20171123,20171126,20171126,97,3.0,False,Non local,1,869.99,41296.976766650005,0.2,173.99800000000002,8259.395353330001
1263,2,4,1408,62,9,4,2,6,20171123,20171126,20171126,97,3.0,False,Non local,1,3499.99,166138.69781665,0.05,174.9995,8306.934890832501
1263,3,4,1408,19,4,3,2,6,20171123,20171126,20171126,97,3.0,False,Non local,2,449.0,21313.282415,0.1,89.80000000000001,4262.656483000001
1264,1,4,113,101,1,1,2,6,20171124,20171127,20171125,72,1.0,False,Non local,1,339.99,16138.759216650002,0.07,23.799300000000002,1129.7131451655002
1264,2,4,113,77,1,3,2,6,20171124,20171127,20171125,72,1.0,False,Non local,2,799.99,37974.19331665,0.07,111.99860000000001,5316.387064331001
1264,3,4,113,29,9,6,2,6,20171124,20171127,20171125,72,1.0,False,Non local,2,999.99,47467.86031665,0.2,399.99600000000004,18987.14412666
1264,4,4,113,52,8,7,2,6,20171124,20171127,20171125,72,1.0,False,Non local,1,875.99,41581.786776650006,0.05,43.7995,2079.0893388325003
1265,1,4,950,41,2,6,2,7,20171124,20171127,20171127,169,3.0,False,Non local,2,1469.99,69777.97776665,0.1,293.998,13955.59555333
1265,2,4,950,72,7,3,2,7,20171124,20171127,20171127,169,3.0,False,Non local,2,619.99,29429.893016650003,0.07,86.79860000000001,4120.185022331001
1266,1,4,387,90,9,1,2,6,20171125,20171128,20171127,80,2.0,False,Non local,1,209.99,9967.87566665,0.2,41.998000000000005,1993.57513333
1266,2,4,387,48,9,7,2,6,20171125,20171128,20171127,80,2.0,False,Non local,1,1499.99,71202.02781665,0.2,299.998,14240.405563330001
1267,1,4,467,45,2,6,2,6,20171125,20171126,20171126,24,1.0,False,Non local,1,869.99,41296.976766650005,0.1,86.99900000000001,4129.6976766650005
1267,2,4,467,27,8,6,2,6,20171125,20171126,20171126,24,1.0,False,Non local,1,999.99,47467.86031665,0.07,69.9993,3322.7502221655004
1267,3,4,467,108,7,2,2,6,20171125,20171126,20171126,24,1.0,False,Non local,1,449.99,21360.276066650003,0.2,89.998,4272.055213330001
1267,4,4,467,95,1,1,2,6,20171125,20171126,20171126,24,1.0,False,Non local,1,299.99,14240.02581665,0.05,14.999500000000001,712.0012908325001
1268,1,4,774,68,7,3,1,3,20171126,20171128,20171129,127,3.0,True,Non local,2,449.99,21360.276066650003,0.07,62.99860000000001,2990.4386493310008
1268,2,4,774,87,9,1,1,3,20171126,20171128,20171129,127,3.0,True,Non local,2,189.99,9018.50896665,0.07,26.598600000000005,1262.5912553310002
1268,3,4,774,59,9,7,1,3,20171126,20171128,20171129,127,3.0,True,Non local,2,2599.99,123417.19631665,0.2,1039.9959999999999,49366.87852666
1268,4,4,774,100,1,1,1,3,20171126,20171128,20171129,127,3.0,True,Non local,1,489.99,23259.00946665,0.07,34.2993,1628.1306626655003
1269,1,4,1236,4,9,6,2,6,20171126,20171129,20171129,152,3.0,False,Non local,2,2899.99,137657.69681665,0.2,1159.9959999999999,55063.078726659995
1269,2,4,1236,7,9,6,2,6,20171126,20171129,20171129,152,3.0,False,Non local,1,3999.99,189872.86531665,0.2,799.998,37974.57306333
1269,3,4,1236,111,7,2,2,6,20171126,20171129,20171129,152,3.0,False,Non local,1,470.99,22357.111101650004,0.1,47.099000000000004,2235.7111101650003
1270,1,4,1388,54,9,7,2,6,20171126,20171129,20171129,131,3.0,False,Non local,1,3199.99,151898.19731665,0.2,639.998,30379.639463330004
1271,1,4,734,25,1,2,2,6,20171127,20171130,20171130,126,3.0,False,Non local,2,499.99,23733.692816650004,0.1,99.998,4746.738563330001
1271,2,4,734,50,9,7,2,6,20171127,20171130,20171130,126,3.0,False,Non local,2,5999.99,284809.53531665,0.07,839.9986,39873.33494433101
1271,3,4,734,87,9,1,2,6,20171127,20171130,20171130,126,3.0,False,Non local,2,189.99,9018.50896665,0.07,26.598600000000005,1262.5912553310002
1271,4,4,734,32,9,6,2,6,20171127,20171130,20171130,126,3.0,False,Non local,2,469.99,22309.64276665,0.07,65.79860000000001,3123.349987331
1272,1,4,935,16,1,3,2,6,20171127,20171129,20171130,10,3.0,True,Non local,2,599.99,28480.52631665,0.2,239.996,11392.210526660001
1272,2,4,935,71,7,3,2,6,20171127,20171129,20171130,10,3.0,True,Non local,2,416.99,19793.82101165,0.1,83.39800000000001,3958.7642023300004
1272,3,4,935,86,9,1,2,6,20171127,20171129,20171130,10,3.0,True,Non local,1,149.99,7119.775566650001,0.07,10.499300000000002,498.3842896655001
1273,1,4,1268,95,1,1,2,6,20171127,20171129,20171129,140,2.0,False,Non local,2,299.99,14240.02581665,0.07,41.9986,1993.6036143310002
1273,2,4,1268,20,1,3,2,6,20171127,20171129,20171129,140,2.0,False,Non local,1,599.99,28480.52631665,0.07,41.999300000000005,1993.6368421655002
1273,3,4,1268,58,9,7,2,6,20171127,20171129,20171129,140,2.0,False,Non local,1,4999.99,237341.20031665,0.2,999.998,47468.240063330006
1274,1,4,1364,81,1,3,2,7,20171128,20171129,20171201,117,3.0,True,Non local,1,1099.99,52214.69381665,0.1,109.99900000000001,5221.469381665
1275,1,4,165,58,9,7,1,2,20171129,20171201,20171130,82,1.0,False,Non local,1,4999.99,237341.20031665,0.07,349.9993,16613.8840221655
1275,2,4,165,30,8,6,1,2,20171129,20171201,20171130,82,1.0,False,Non local,1,999.99,47467.86031665,0.1,99.99900000000001,4746.786031665
1276,1,4,893,18,4,3,2,6,20171130,20171203,20171202,161,2.0,False,Non local,2,449.0,21313.282415,0.2,179.60000000000002,8525.312966000001
1276,2,4,893,58,9,7,2,6,20171130,20171203,20171202,161,2.0,False,Non local,1,4999.99,237341.20031665,0.2,999.998,47468.240063330006
1276,3,4,893,42,9,6,2,6,20171130,20171203,20171202,161,2.0,False,Non local,1,2299.99,109176.69581665,0.05,114.9995,5458.8347908325
1276,4,4,893,24,1,2,2,6,20171130,20171203,20171202,161,2.0,False,Non local,2,549.99,26107.10956665,0.2,219.996,10442.84382666
1276,5,4,893,78,7,3,2,6,20171130,20171203,20171202,161,2.0,False,Non local,2,647.99,30759.00639665,0.2,259.196,12303.60255866
1277,1,4,227,56,9,7,2,6,20171201,20171204,20171202,126,1.0,False,Non local,2,5499.99,261075.36781665,0.2,2199.996,104430.14712666
1277,2,4,227,93,2,1,2,6,20171201,20171204,20171202,126,1.0,False,Non local,2,209.99,9967.87566665,0.05,20.999000000000002,996.787566665
1277,3,4,227,9,9,5,2,6,20171201,20171204,20171202,126,1.0,False,Non local,2,2999.99,142404.53031665,0.1,599.9979999999999,28480.90606333
1277,4,4,227,4,9,6,2,6,20171201,20171204,20171202,126,1.0,False,Non local,1,2899.99,137657.69681665,0.1,289.99899999999997,13765.769681664999
1277,5,4,227,11,8,4,2,6,20171201,20171204,20171202,126,1.0,False,Non local,1,1680.99,79793.79645165,0.2,336.19800000000004,15958.759290330003
1278,1,4,980,103,7,2,2,7,20171201,20171202,20171204,97,3.0,True,Non local,2,551.99,26202.046236650003,0.1,110.39800000000001,5240.409247330001
1278,2,4,980,32,9,6,2,7,20171201,20171202,20171204,97,3.0,True,Non local,1,469.99,22309.64276665,0.1,46.999,2230.964276665
1279,1,4,1014,9,9,5,2,6,20171201,20171204,20171203,175,2.0,False,Non local,2,2999.99,142404.53031665,0.05,299.99899999999997,14240.453031665
1280,1,4,123,72,7,3,3,9,20171201,20171203,20171203,89,2.0,False,Non local,2,619.99,29429.893016650003,0.07,86.79860000000001,4120.185022331001
1280,2,4,123,74,1,3,3,9,20171201,20171203,20171203,89,2.0,False,Non local,1,439.99,20885.59271665,0.05,21.9995,1044.2796358325002
1280,3,4,123,52,8,7,3,9,20171201,20171203,20171203,89,2.0,False,Non local,1,875.99,41581.786776650006,0.07,61.319300000000005,2910.725074365501
1280,4,4,123,63,9,4,3,9,20171201,20171203,20171203,89,2.0,False,Non local,1,3499.99,166138.69781665,0.2,699.998,33227.739563330004
1281,1,4,1060,36,8,6,2,6,20171202,20171205,20171205,36,3.0,False,Non local,1,832.99,39540.64837165,0.05,41.6495,1977.0324185825002
1281,2,4,1060,49,9,7,2,6,20171202,20171205,20171205,36,3.0,False,Non local,2,3499.99,166138.69781665,0.05,349.999,16613.869781665002
1281,3,4,1060,75,1,3,2,6,20171202,20171205,20171205,36,3.0,False,Non local,1,599.99,28480.52631665,0.05,29.9995,1424.0263158325001
1282,1,4,320,111,7,2,2,6,20171203,20171205,20171205,124,2.0,False,Non local,1,470.99,22357.111101650004,0.05,23.549500000000002,1117.8555550825001
1282,2,4,320,50,9,7,2,6,20171203,20171205,20171205,124,2.0,False,Non local,2,5999.99,284809.53531665,0.2,2399.996,113923.81412666
1283,1,4,85,61,9,5,2,7,20171204,20171207,20171207,66,3.0,False,Non local,2,4999.99,237341.20031665,0.05,499.999,23734.120031665003
1283,2,4,85,81,1,3,2,7,20171204,20171207,20171207,66,3.0,False,Non local,1,1099.99,52214.69381665,0.2,219.99800000000002,10442.93876333
1283,3,4,85,7,9,6,2,7,20171204,20171207,20171207,66,3.0,False,Non local,1,3999.99,189872.86531665,0.1,399.999,18987.286531665
1283,4,4,85,32,9,6,2,7,20171204,20171207,20171207,66,3.0,False,Non local,1,469.99,22309.64276665,0.1,46.999,2230.964276665
1283,5,4,85,11,8,4,2,7,20171204,20171207,20171207,66,3.0,False,Non local,1,1680.99,79793.79645165,0.2,336.19800000000004,15958.759290330003
1284,1,4,128,101,1,1,2,7,20171204,20171206,20171207,15,3.0,True,Non local,1,339.99,16138.759216650002,0.07,23.799300000000002,1129.7131451655002
1284,2,4,128,8,9,6,2,7,20171204,20171206,20171207,15,3.0,True,Non local,1,1799.99,85442.52831665,0.05,89.99950000000001,4272.1264158325
1284,3,4,128,4,9,6,2,7,20171204,20171206,20171207,15,3.0,True,Non local,2,2899.99,137657.69681665,0.05,289.99899999999997,13765.769681664999
1285,1,4,262,78,7,3,2,7,20171204,20171207,20171207,7,3.0,False,Non local,2,647.99,30759.00639665,0.07,90.71860000000001,4306.260895531
1285,2,4,262,93,2,1,2,7,20171204,20171207,20171207,7,3.0,False,Non local,1,209.99,9967.87566665,0.1,20.999000000000002,996.787566665
1285,3,4,262,69,7,3,2,7,20171204,20171207,20171207,7,3.0,False,Non local,2,416.99,19793.82101165,0.2,166.79600000000002,7917.528404660001
1285,4,4,262,6,8,6,2,7,20171204,20171207,20171207,7,3.0,False,Non local,1,469.99,22309.64276665,0.1,46.999,2230.964276665
1286,1,4,1033,109,7,2,2,7,20171204,20171207,20171206,151,2.0,False,Non local,2,416.99,19793.82101165,0.2,166.79600000000002,7917.528404660001
1286,2,4,1033,81,1,3,2,7,20171204,20171207,20171206,151,2.0,False,Non local,2,1099.99,52214.69381665,0.07,153.9986,7310.057134331
1286,3,4,1033,87,9,1,2,7,20171204,20171207,20171206,151,2.0,False,Non local,1,189.99,9018.50896665,0.07,13.299300000000002,631.2956276655001
1287,1,4,279,27,8,6,1,3,20171207,20171210,20171209,59,2.0,False,Non local,2,999.99,47467.86031665,0.2,399.99600000000004,18987.14412666
1287,2,4,279,62,9,4,1,3,20171207,20171210,20171209,59,2.0,False,Non local,2,3499.99,166138.69781665,0.1,699.998,33227.739563330004
1287,3,4,279,103,7,2,1,3,20171207,20171210,20171209,59,2.0,False,Non local,1,551.99,26202.046236650003,0.1,55.199000000000005,2620.2046236650003
1287,4,4,279,100,1,1,1,3,20171207,20171210,20171209,59,2.0,False,Non local,2,489.99,23259.00946665,0.05,48.999,2325.900946665
1288,1,4,778,73,7,3,3,9,20171207,20171210,20171209,20,2.0,False,Non local,1,749.99,35600.776566650005,0.2,149.99800000000002,7120.155313330001
1288,2,4,778,64,1,3,3,9,20171207,20171210,20171209,20,2.0,False,Non local,2,489.99,23259.00946665,0.2,195.996,9303.60378666
1288,3,4,778,62,9,4,3,9,20171207,20171210,20171209,20,2.0,False,Non local,2,3499.99,166138.69781665,0.1,699.998,33227.739563330004
1288,4,4,778,17,4,3,3,9,20171207,20171210,20171209,20,2.0,False,Non local,2,429.0,20363.915715000003,0.07,60.06,2850.9482001000006
1289,1,4,1292,89,9,1,1,3,20171208,20171211,20171210,43,2.0,False,Non local,1,209.99,9967.87566665,0.05,10.499500000000001,498.3937833325
1289,2,4,1292,3,8,6,1,3,20171208,20171211,20171210,43,2.0,False,Non local,1,999.99,47467.86031665,0.1,99.99900000000001,4746.786031665
1290,1,4,967,75,1,3,2,6,20171208,20171210,20171210,18,2.0,False,Non local,2,599.99,28480.52631665,0.05,59.999,2848.0526316650003
1290,2,4,967,36,8,6,2,6,20171208,20171210,20171210,18,2.0,False,Non local,1,832.99,39540.64837165,0.05,41.6495,1977.0324185825002
1290,3,4,967,92,2,1,2,6,20171208,20171210,20171210,18,2.0,False,Non local,2,209.99,9967.87566665,0.1,41.998000000000005,1993.57513333
1291,1,4,1284,57,9,7,2,6,20171209,20171211,20171212,119,3.0,True,Non local,1,1999.99,94936.19531665,0.1,199.99900000000002,9493.619531665001
1291,2,4,1284,58,9,7,2,6,20171209,20171211,20171212,119,3.0,True,Non local,2,4999.99,237341.20031665,0.05,499.999,23734.120031665003
1292,1,4,285,70,1,3,2,6,20171210,20171213,20171211,35,1.0,False,Non local,1,659.99,31328.626416650004,0.07,46.19930000000001,2193.0038491655005
1293,1,4,1401,88,9,1,2,7,20171210,20171212,20171211,45,1.0,False,Non local,2,189.99,9018.50896665,0.1,37.998000000000005,1803.7017933300003
1293,2,4,1401,74,1,3,2,7,20171210,20171212,20171211,45,1.0,False,Non local,2,439.99,20885.59271665,0.05,43.999,2088.5592716650003
1293,3,4,1401,38,2,6,2,7,20171210,20171212,20171211,45,1.0,False,Non local,2,549.99,26107.10956665,0.07,76.99860000000001,3654.995339331
1294,1,4,947,95,1,1,1,2,20171211,20171213,20171214,31,3.0,True,Non local,2,299.99,14240.02581665,0.05,29.999000000000002,1424.0025816650002
1294,2,4,947,44,2,6,1,2,20171211,20171213,20171214,31,3.0,True,Non local,1,539.99,25632.42621665,0.05,26.9995,1281.6213108325
1295,1,4,37,5,3,6,2,7,20171211,20171212,20171214,34,3.0,True,Non local,2,1320.99,62705.19585165,0.2,528.3960000000001,25082.078340660002
1295,2,4,37,61,9,5,2,7,20171211,20171212,20171214,34,3.0,True,Non local,1,4999.99,237341.20031665,0.2,999.998,47468.240063330006
1295,3,4,37,52,8,7,2,7,20171211,20171212,20171214,34,3.0,True,Non local,1,875.99,41581.786776650006,0.05,43.7995,2079.0893388325003
1296,1,4,231,25,1,2,1,3,20171214,20171217,20171215,5,1.0,False,Non local,2,499.99,23733.692816650004,0.05,49.999,2373.3692816650005
1296,2,4,231,90,9,1,1,3,20171214,20171217,20171215,5,1.0,False,Non local,1,209.99,9967.87566665,0.1,20.999000000000002,996.787566665
1296,3,4,231,16,1,3,1,3,20171214,20171217,20171215,5,1.0,False,Non local,1,599.99,28480.52631665,0.05,29.9995,1424.0263158325001
1296,4,4,231,2,5,6,1,3,20171214,20171217,20171215,5,1.0,False,Non local,2,749.99,35600.776566650005,0.1,149.99800000000002,7120.155313330001
1297,1,4,108,104,7,2,2,6,20171214,20171217,20171216,81,2.0,False,Non local,2,481.99,22879.26278665,0.07,67.47860000000001,3203.0967901310005
1297,2,4,108,43,9,6,2,6,20171214,20171217,20171216,81,2.0,False,Non local,1,5299.99,251581.70081665,0.05,264.9995,12579.0850408325
1297,3,4,108,51,9,7,2,6,20171214,20171217,20171216,81,2.0,False,Non local,2,6499.99,308543.70281665004,0.05,649.999,30854.370281665004
1298,1,4,533,59,9,7,3,9,20171214,20171217,20171216,89,2.0,False,Non local,1,2599.99,123417.19631665,0.05,129.99949999999998,6170.8598158325
1298,2,4,533,110,7,2,3,9,20171214,20171217,20171216,89,2.0,False,Non local,2,470.99,22357.111101650004,0.07,65.93860000000001,3129.995554231001
1299,1,4,1216,14,1,3,1,2,20171215,20171218,20171216,137,1.0,False,Non local,2,269.99,12815.97576665,0.1,53.998000000000005,2563.1951533300003
1299,2,4,1216,101,1,1,1,2,20171215,20171218,20171216,137,1.0,False,Non local,1,339.99,16138.759216650002,0.05,16.9995,806.9379608325002
1299,3,4,1216,75,1,3,1,2,20171215,20171218,20171216,137,1.0,False,Non local,1,599.99,28480.52631665,0.05,29.9995,1424.0263158325001
1299,4,4,1216,52,8,7,1,2,20171215,20171218,20171216,137,1.0,False,Non local,2,875.99,41581.786776650006,0.2,350.396,16632.714710660002
1300,1,4,824,101,1,1,2,6,20171215,20171217,20171217,110,2.0,False,Non local,2,339.99,16138.759216650002,0.07,47.598600000000005,2259.4262903310005
1300,2,4,824,58,9,7,2,6,20171215,20171217,20171217,110,2.0,False,Non local,2,4999.99,237341.20031665,0.05,499.999,23734.120031665003
1301,1,4,1088,45,2,6,1,3,20171216,20171219,20171219,111,3.0,False,Non local,2,869.99,41296.976766650005,0.2,347.99600000000004,16518.790706660002
1301,2,4,1088,105,7,2,1,3,20171216,20171219,20171219,111,3.0,False,Non local,2,533.99,25347.616206650004,0.1,106.798,5069.523241330001
1301,3,4,1088,8,9,6,1,3,20171216,20171219,20171219,111,3.0,False,Non local,1,1799.99,85442.52831665,0.2,359.99800000000005,17088.50566333
1302,1,4,322,38,2,6,2,7,20171216,20171218,20171219,144,3.0,True,Non local,1,549.99,26107.10956665,0.05,27.4995,1305.3554783325
1302,2,4,322,20,1,3,2,7,20171216,20171218,20171219,144,3.0,True,Non local,2,599.99,28480.52631665,0.1,119.998,5696.1052633300005
1302,3,4,322,56,9,7,2,7,20171216,20171218,20171219,144,3.0,True,Non local,2,5499.99,261075.36781665,0.07,769.9986,36550.551494331005
1303,1,4,878,96,1,1,2,7,20171216,20171219,20171218,99,2.0,False,Non local,1,349.99,16613.442566650003,0.1,34.999,1661.3442566650003
1303,2,4,878,63,9,4,2,7,20171216,20171219,20171218,99,2.0,False,Non local,2,3499.99,166138.69781665,0.2,1399.996,66455.47912666001
1303,3,4,878,108,7,2,2,7,20171216,20171219,20171218,99,2.0,False,Non local,1,449.99,21360.276066650003,0.1,44.999,2136.0276066650003
1303,4,4,878,73,7,3,2,7,20171216,20171219,20171218,99,2.0,False,Non local,1,749.99,35600.776566650005,0.1,74.99900000000001,3560.0776566650006
1303,5,4,878,24,1,2,2,7,20171216,20171219,20171218,99,2.0,False,Non local,2,549.99,26107.10956665,0.1,109.998,5221.42191333
1304,1,4,1409,80,7,3,2,6,20171216,20171217,20171217,7,1.0,False,Non local,1,761.99,36170.39658665,0.05,38.0995,1808.5198293325002
1304,2,4,1409,99,1,1,2,6,20171216,20171217,20171217,7,1.0,False,Non local,2,299.99,14240.02581665,0.05,29.999000000000002,1424.0025816650002
1304,3,4,1409,102,1,2,2,6,20171216,20171217,20171217,7,1.0,False,Non local,1,489.99,23259.00946665,0.2,97.998,4651.80189333
1304,4,4,1409,17,4,3,2,6,20171216,20171217,20171217,7,1.0,False,Non local,1,429.0,20363.915715000003,0.05,21.450000000000003,1018.1957857500001
1305,1,4,257,85,2,1,2,7,20171217,20171219,20171218,80,1.0,False,Non local,1,329.99,15664.075866650002,0.2,65.998,3132.8151733300006
1305,2,4,257,9,9,5,2,7,20171217,20171219,20171218,80,1.0,False,Non local,1,2999.99,142404.53031665,0.07,209.9993,9968.317122165501
1305,3,4,257,11,8,4,2,7,20171217,20171219,20171218,80,1.0,False,Non local,1,1680.99,79793.79645165,0.05,84.04950000000001,3989.6898225825007
1305,4,4,257,91,9,1,2,7,20171217,20171219,20171218,80,1.0,False,Non local,2,349.99,16613.442566650003,0.05,34.999,1661.3442566650003
1306,1,4,28,103,7,2,2,6,20171220,20171221,20171222,27,2.0,True,Non local,2,551.99,26202.046236650003,0.05,55.199000000000005,2620.2046236650003
1306,2,4,28,81,1,3,2,6,20171220,20171221,20171222,27,2.0,True,Non local,2,1099.99,52214.69381665,0.07,153.9986,7310.057134331
1306,3,4,28,45,2,6,2,6,20171220,20171221,20171222,27,2.0,True,Non local,1,869.99,41296.976766650005,0.2,173.99800000000002,8259.395353330001
1306,4,4,28,42,9,6,2,6,20171220,20171221,20171222,27,2.0,True,Non local,1,2299.99,109176.69581665,0.2,459.998,21835.33916333
1306,5,4,28,9,9,5,2,6,20171220,20171221,20171222,27,2.0,True,Non local,2,2999.99,142404.53031665,0.07,419.9986,19936.634244331002
1307,1,4,1384,96,1,1,1,2,20171222,20171223,20171225,51,3.0,True,Non local,2,349.99,16613.442566650003,0.07,48.9986,2325.8819593310004
1307,2,4,1384,53,8,7,1,2,20171222,20171223,20171225,51,3.0,True,Non local,2,749.99,35600.776566650005,0.2,299.99600000000004,14240.310626660003
1307,3,4,1384,69,7,3,1,2,20171222,20171223,20171225,51,3.0,True,Non local,2,416.99,19793.82101165,0.2,166.79600000000002,7917.528404660001
1308,1,4,713,54,9,7,2,7,20171222,20171224,20171224,61,2.0,False,Non local,1,3199.99,151898.19731665,0.05,159.9995,7594.909865832501
1308,2,4,713,69,7,3,2,7,20171222,20171224,20171224,61,2.0,False,Non local,1,416.99,19793.82101165,0.2,83.39800000000001,3958.7642023300004
1308,3,4,713,14,1,3,2,7,20171222,20171224,20171224,61,2.0,False,Non local,2,269.99,12815.97576665,0.07,37.79860000000001,1794.2366073310002
1308,4,4,713,56,9,7,2,7,20171222,20171224,20171224,61,2.0,False,Non local,1,5499.99,261075.36781665,0.2,1099.998,52215.07356333
1308,5,4,713,32,9,6,2,7,20171222,20171224,20171224,61,2.0,False,Non local,1,469.99,22309.64276665,0.07,32.899300000000004,1561.6749936655
1309,1,4,821,65,7,3,2,6,20171222,20171225,20171224,35,2.0,False,Non local,1,346.99,16471.037561650002,0.05,17.349500000000003,823.5518780825001
1309,2,4,821,87,9,1,2,6,20171222,20171225,20171224,35,2.0,False,Non local,2,189.99,9018.50896665,0.2,75.99600000000001,3607.4035866600007
1310,1,4,444,59,9,7,1,3,20171224,20171225,20171226,43,2.0,True,Non local,1,2599.99,123417.19631665,0.2,519.9979999999999,24683.43926333
1310,2,4,444,77,1,3,1,3,20171224,20171225,20171226,43,2.0,True,Non local,2,799.99,37974.19331665,0.2,319.99600000000004,15189.677326660001
1310,3,4,444,11,8,4,1,3,20171224,20171225,20171226,43,2.0,True,Non local,2,1680.99,79793.79645165,0.1,336.19800000000004,15958.759290330003
1310,4,4,444,54,9,7,1,3,20171224,20171225,20171226,43,2.0,True,Non local,1,3199.99,151898.19731665,0.2,639.998,30379.639463330004
1311,1,4,1021,69,7,3,2,6,20171224,20171226,20171227,96,3.0,True,Non local,1,416.99,19793.82101165,0.1,41.699000000000005,1979.3821011650002
1311,2,4,1021,45,2,6,2,6,20171224,20171226,20171227,96,3.0,True,Non local,2,869.99,41296.976766650005,0.07,121.79860000000001,5781.576747331002
1311,3,4,1021,27,8,6,2,6,20171224,20171226,20171227,96,3.0,True,Non local,2,999.99,47467.86031665,0.1,199.99800000000002,9493.57206333
1311,4,4,1021,42,9,6,2,6,20171224,20171226,20171227,96,3.0,True,Non local,1,2299.99,109176.69581665,0.1,229.999,10917.669581665
1312,1,4,311,67,7,3,1,3,20171225,20171228,20171226,87,1.0,False,Non local,2,250.99,11914.077401650002,0.05,25.099000000000004,1191.4077401650002
1312,2,4,311,14,1,3,1,3,20171225,20171228,20171226,87,1.0,False,Non local,1,269.99,12815.97576665,0.2,53.998000000000005,2563.1951533300003
1312,3,4,311,20,1,3,1,3,20171225,20171228,20171226,87,1.0,False,Non local,1,599.99,28480.52631665,0.07,41.999300000000005,1993.6368421655002
1313,1,4,1294,75,1,3,1,3,20171225,20171227,20171227,180,2.0,False,Non local,1,599.99,28480.52631665,0.2,119.998,5696.1052633300005
1313,2,4,1294,33,8,6,1,3,20171225,20171227,20171227,180,2.0,False,Non local,1,469.99,22309.64276665,0.2,93.998,4461.92855333
1313,3,4,1294,69,7,3,1,3,20171225,20171227,20171227,180,2.0,False,Non local,1,416.99,19793.82101165,0.07,29.189300000000003,1385.5674708155002
1314,1,4,1027,52,8,7,2,7,20171225,20171226,20171228,96,3.0,True,Non local,1,875.99,41581.786776650006,0.07,61.319300000000005,2910.725074365501
1314,2,4,1027,72,7,3,2,7,20171225,20171226,20171228,96,3.0,True,Non local,2,619.99,29429.893016650003,0.05,61.999,2942.9893016650003
1314,3,4,1027,94,2,1,2,7,20171225,20171226,20171228,96,3.0,True,Non local,1,249.99,11866.60906665,0.1,24.999000000000002,1186.660906665
1315,1,4,931,104,7,2,3,9,20171225,20171227,20171228,52,3.0,True,Non local,2,481.99,22879.26278665,0.07,67.47860000000001,3203.0967901310005
1315,2,4,931,41,2,6,3,9,20171225,20171227,20171228,52,3.0,True,Non local,1,1469.99,69777.97776665,0.05,73.4995,3488.8988883325
1315,3,4,931,24,1,2,3,9,20171225,20171227,20171228,52,3.0,True,Non local,1,549.99,26107.10956665,0.1,54.999,2610.710956665
1315,4,4,931,26,1,2,3,9,20171225,20171227,20171228,52,3.0,True,Non local,1,599.99,28480.52631665,0.07,41.999300000000005,1993.6368421655002
1315,5,4,931,16,1,3,3,9,20171225,20171227,20171228,52,3.0,True,Non local,2,599.99,28480.52631665,0.2,239.996,11392.210526660001
1316,1,4,846,76,1,3,1,3,20171226,20171229,20171227,58,1.0,False,Non local,2,299.99,14240.02581665,0.1,59.998000000000005,2848.0051633300004
1316,2,4,846,90,9,1,1,3,20171226,20171229,20171227,58,1.0,False,Non local,1,209.99,9967.87566665,0.1,20.999000000000002,996.787566665
1317,1,4,418,82,1,3,1,3,20171227,20171228,20171229,108,2.0,True,Non local,1,659.99,31328.626416650004,0.1,65.99900000000001,3132.8626416650004
1318,1,4,75,82,1,3,2,6,20171227,20171230,20171229,53,2.0,False,Non local,2,659.99,31328.626416650004,0.2,263.99600000000004,12531.450566660002
1318,2,4,75,62,9,4,2,6,20171227,20171230,20171229,53,2.0,False,Non local,2,3499.99,166138.69781665,0.2,1399.996,66455.47912666001
1318,3,4,75,111,7,2,2,6,20171227,20171230,20171229,53,2.0,False,Non local,1,470.99,22357.111101650004,0.2,94.19800000000001,4471.4222203300005
1318,4,4,75,92,2,1,2,6,20171227,20171230,20171229,53,2.0,False,Non local,1,209.99,9967.87566665,0.07,14.699300000000003,697.7512966655
1319,1,4,604,75,1,3,2,6,20171227,20171230,20171230,53,3.0,False,Non local,1,599.99,28480.52631665,0.07,41.999300000000005,1993.6368421655002
1319,2,4,604,91,9,1,2,6,20171227,20171230,20171230,53,3.0,False,Non local,1,349.99,16613.442566650003,0.2,69.998,3322.6885133300007
1320,1,4,244,104,7,2,1,3,20171228,20171230,20171229,133,1.0,False,Non local,1,481.99,22879.26278665,0.1,48.199000000000005,2287.926278665
1320,2,4,244,93,2,1,1,3,20171228,20171230,20171229,133,1.0,False,Non local,1,209.99,9967.87566665,0.05,10.499500000000001,498.3937833325
1320,3,4,244,99,1,1,1,3,20171228,20171230,20171229,133,1.0,False,Non local,2,299.99,14240.02581665,0.2,119.99600000000001,5696.010326660001
1321,1,4,217,34,9,6,1,3,20171230,20171231,20171231,87,1.0,False,Non local,1,469.99,22309.64276665,0.1,46.999,2230.964276665
1321,2,4,217,107,7,2,1,3,20171230,20171231,20171231,87,1.0,False,Non local,1,416.99,19793.82101165,0.1,41.699000000000005,1979.3821011650002
1321,3,4,217,11,8,4,1,3,20171230,20171231,20171231,87,1.0,False,Non local,2,1680.99,79793.79645165,0.1,336.19800000000004,15958.759290330003
1322,1,4,39,28,8,6,2,7,20171231,20180103,20180102,36,2.0,False,Non local,2,2499.99,118670.36281665,0.05,249.999,11867.036281665001
1322,2,4,39,104,7,2,2,7,20171231,20180103,20180102,36,2.0,False,Non local,2,481.99,22879.26278665,0.05,48.199000000000005,2287.926278665
1323,1,4,273,27,8,6,2,6,20171231,20180101,20180101,141,1.0,False,Non local,2,999.99,47467.86031665,0.07,139.9986,6645.500444331001
1323,2,4,273,20,1,3,2,6,20171231,20180101,20180101,141,1.0,False,Non local,1,599.99,28480.52631665,0.05,29.9995,1424.0263158325001
1323,3,4,273,70,1,3,2,6,20171231,20180101,20180101,141,1.0,False,Non local,1,659.99,31328.626416650004,0.05,32.999500000000005,1566.4313208325002
1324,1,4,862,66,7,3,2,6,20180101,20180104,20180103,184,2.0,False,Non local,1,250.99,11914.077401650002,0.1,25.099000000000004,1191.4077401650002
1324,2,4,862,120,9,6,2,6,20180101,20180104,20180103,184,2.0,False,Non local,2,2499.99,118670.36281665,0.2,999.996,47468.145126660005
1324,3,4,862,235,1,3,2,6,20180101,20180104,20180103,184,2.0,False,Non local,1,899.99,42721.02681665,0.1,89.99900000000001,4272.102681665
1324,4,4,862,3,8,6,2,6,20180101,20180104,20180103,184,2.0,False,Non local,1,999.99,47467.86031665,0.2,199.99800000000002,9493.57206333
1325,1,4,68,139,9,6,3,8,20180101,20180102,20180103,57,2.0,True,local,1,2999.99,142404.53031665,0.05,149.99949999999998,7120.2265158325
1325,2,4,68,257,1,3,3,8,20180101,20180102,20180103,57,2.0,True,local,1,899.99,42721.02681665,0.05,44.999500000000005,2136.0513408325
1325,3,4,68,209,9,4,3,8,20180101,20180102,20180103,57,2.0,True,local,1,2999.99,142404.53031665,0.1,299.99899999999997,14240.453031665
1325,4,4,68,28,8,6,3,8,20180101,20180102,20180103,57,2.0,True,local,1,2499.99,118670.36281665,0.07,174.9993,8306.9253971655
1326,1,4,567,190,9,5,3,9,20180101,20180103,20180102,13,1.0,False,Non local,2,2799.99,132910.86331665,0.07,391.9986,18607.520864331003
1326,2,4,567,269,9,1,3,9,20180101,20180103,20180102,13,1.0,False,Non local,2,199.99,9493.192316650002,0.07,27.998600000000003,1329.0469243310004
1327,1,4,1026,151,9,7,2,6,20180102,20180103,20180105,189,3.0,True,Non local,2,1549.99,73575.44456665001,0.07,216.9986,10300.562239331002
1327,2,4,1026,235,1,3,2,6,20180102,20180103,20180105,189,3.0,True,Non local,2,899.99,42721.02681665,0.1,179.99800000000002,8544.20536333
1327,3,4,1026,48,9,7,2,6,20180102,20180103,20180105,189,3.0,True,Non local,2,1499.99,71202.02781665,0.1,299.998,14240.405563330001
1327,4,4,1026,180,9,7,2,6,20180102,20180103,20180105,189,3.0,True,Non local,1,919.99,43670.39351665,0.2,183.99800000000002,8734.07870333
1328,1,4,1083,241,1,3,2,6,20180102,20180103,20180103,153,1.0,False,Non local,1,749.99,35600.776566650005,0.07,52.499300000000005,2492.0543596655007
1328,2,4,1083,129,9,6,2,6,20180102,20180103,20180103,153,1.0,False,Non local,2,919.99,43670.39351665,0.1,183.99800000000002,8734.07870333
1328,3,4,1083,228,1,3,2,6,20180102,20180103,20180103,153,1.0,False,Non local,1,319.99,15189.39251665,0.07,22.399300000000004,1063.2574761655
1328,4,4,1083,311,1,2,2,6,20180102,20180103,20180103,153,1.0,False,Non local,1,749.99,35600.776566650005,0.1,74.99900000000001,3560.0776566650006
1328,5,4,1083,247,1,3,2,6,20180102,20180103,20180103,153,1.0,False,Non local,1,599.99,28480.52631665,0.1,59.999,2848.0526316650003
1329,1,4,443,143,9,7,1,3,20180104,20180105,20180106,108,2.0,True,Non local,1,1099.99,52214.69381665,0.07,76.9993,3655.0285671655
1329,2,4,443,107,7,2,1,3,20180104,20180105,20180106,108,2.0,True,Non local,1,416.99,19793.82101165,0.05,20.849500000000003,989.6910505825001
1329,3,4,443,55,9,7,1,3,20180104,20180105,20180106,108,2.0,True,Non local,1,2699.99,128164.02981665,0.07,188.9993,8971.482087165501
1329,4,4,443,283,1,1,1,3,20180104,20180105,20180106,108,2.0,True,Non local,2,319.99,15189.39251665,0.2,127.99600000000001,6075.75700666
1329,5,4,443,13,1,3,1,3,20180104,20180105,20180106,108,2.0,True,Non local,1,269.99,12815.97576665,0.1,26.999000000000002,1281.5975766650001
1330,1,4,761,232,1,3,2,7,20180104,20180105,20180107,143,3.0,True,Non local,1,479.99,22784.32611665,0.2,95.998,4556.865223330001
1330,2,4,761,243,1,3,2,7,20180104,20180105,20180107,143,3.0,True,Non local,2,679.99,32277.993116650003,0.05,67.99900000000001,3227.7993116650005
1330,3,4,761,230,1,3,2,7,20180104,20180105,20180107,143,3.0,True,Non local,2,429.99,20410.90936665,0.2,171.996,8164.363746660001
1330,4,4,761,102,1,2,2,7,20180104,20180105,20180107,143,3.0,True,Non local,2,489.99,23259.00946665,0.05,48.999,2325.900946665
1330,5,4,761,282,1,1,2,7,20180104,20180105,20180107,143,3.0,True,Non local,1,279.99,13290.659116650002,0.1,27.999000000000002,1329.0659116650004
1331,1,4,1122,253,1,3,2,6,20180105,20180106,20180108,136,3.0,True,Non local,1,2599.99,123417.19631665,0.05,129.99949999999998,6170.8598158325
1331,2,4,1122,290,1,1,2,6,20180105,20180106,20180108,136,3.0,True,Non local,1,369.99,17562.80926665,0.05,18.4995,878.1404633325001
1331,3,4,1122,145,9,7,2,6,20180105,20180106,20180108,136,3.0,True,Non local,2,1799.99,85442.52831665,0.1,359.99800000000005,17088.50566333
1331,4,4,1122,300,1,2,2,6,20180105,20180106,20180108,136,3.0,True,Non local,1,799.99,37974.19331665,0.2,159.99800000000002,7594.838663330001
1332,1,4,256,296,1,1,2,7,20180106,20180107,20180109,44,3.0,True,Non local,1,369.99,17562.80926665,0.2,73.998,3512.5618533300003
1332,2,4,256,93,2,1,2,7,20180106,20180107,20180109,44,3.0,True,Non local,2,209.99,9967.87566665,0.05,20.999000000000002,996.787566665
1332,3,4,256,179,9,7,2,7,20180106,20180107,20180109,44,3.0,True,Non local,2,919.99,43670.39351665,0.07,128.79860000000002,6113.855092331
1332,4,4,256,298,1,1,2,7,20180106,20180107,20180109,44,3.0,True,Non local,1,279.99,13290.659116650002,0.1,27.999000000000002,1329.0659116650004
1333,1,4,203,205,9,5,3,8,20180106,20180107,20180107,40,1.0,False,Non local,2,4999.99,237341.20031665,0.05,499.999,23734.120031665003
1333,2,4,203,304,1,2,3,8,20180106,20180107,20180107,40,1.0,False,Non local,2,679.99,32277.993116650003,0.1,135.99800000000002,6455.598623330001
1333,3,4,203,99,1,1,3,8,20180106,20180107,20180107,40,1.0,False,Non local,2,299.99,14240.02581665,0.1,59.998000000000005,2848.0051633300004
1333,4,4,203,12,1,3,3,8,20180106,20180107,20180107,40,1.0,False,Non local,1,549.99,26107.10956665,0.05,27.4995,1305.3554783325
1333,5,4,203,78,7,3,3,8,20180106,20180107,20180107,40,1.0,False,Non local,1,647.99,30759.00639665,0.1,64.799,3075.900639665
1334,1,4,425,203,9,5,2,6,20180107,20180109,20180110,152,3.0,True,Non local,2,4999.99,237341.20031665,0.05,499.999,23734.120031665003
1334,2,4,425,160,9,7,2,6,20180107,20180109,20180110,152,3.0,True,Non local,2,4499.99,213607.03281665,0.07,629.9986,29904.984594331003
1334,3,4,425,84,7,1,2,6,20180107,20180109,20180110,152,3.0,True,Non local,2,109.99,5221.04216665,0.1,21.998,1044.20843333
1334,4,4,425,13,1,3,2,6,20180107,20180109,20180110,152,3.0,True,Non local,1,269.99,12815.97576665,0.05,13.499500000000001,640.7987883325001
1334,5,4,425,42,9,6,2,6,20180107,20180109,20180110,152,3.0,True,Non local,1,2299.99,109176.69581665,0.05,114.9995,5458.8347908325
1335,1,4,955,138,9,6,2,7,20180107,20180108,20180108,188,1.0,False,Non local,2,2249.99,106803.27906665,0.05,224.999,10680.327906665
1336,1,4,904,29,9,6,1,2,20180109,20180110,20180112,82,3.0,True,Non local,2,999.99,47467.86031665,0.2,399.99600000000004,18987.14412666
1336,2,4,904,157,9,7,1,2,20180109,20180110,20180112,82,3.0,True,Non local,1,6499.99,308543.70281665004,0.05,324.9995,15427.185140832502
1336,3,4,904,21,1,1,1,2,20180109,20180110,20180112,82,3.0,True,Non local,2,269.99,12815.97576665,0.07,37.79860000000001,1794.2366073310002
1336,4,4,904,207,9,4,1,2,20180109,20180110,20180112,82,3.0,True,Non local,1,3999.99,189872.86531665,0.1,399.999,18987.286531665
1336,5,4,904,185,9,5,1,2,20180109,20180110,20180112,82,3.0,True,Non local,1,2799.99,132910.86331665,0.1,279.99899999999997,13291.086331665001
1337,1,4,970,153,9,7,2,7,20180109,20180112,20180112,22,3.0,False,Non local,1,4999.99,237341.20031665,0.1,499.999,23734.120031665003
1338,1,4,905,169,9,7,2,6,20180110,20180111,20180113,32,3.0,True,Non local,2,6499.99,308543.70281665004,0.07,909.9986,43196.11839433101
1339,1,4,580,175,9,7,1,3,20180111,20180114,20180113,182,2.0,False,Non local,1,3199.99,151898.19731665,0.07,223.9993,10632.873812165502
1340,1,4,1066,253,1,3,1,3,20180112,20180113,20180113,83,1.0,False,Non local,1,2599.99,123417.19631665,0.2,519.9979999999999,24683.43926333
1340,2,4,1066,92,2,1,1,3,20180112,20180113,20180113,83,1.0,False,Non local,2,209.99,9967.87566665,0.2,83.99600000000001,3987.15026666
1340,3,4,1066,237,1,3,1,3,20180112,20180113,20180113,83,1.0,False,Non local,2,849.99,40347.610066650006,0.05,84.99900000000001,4034.761006665001
1341,1,4,1258,215,1,3,2,7,20180112,20180113,20180114,103,2.0,True,Non local,2,749.99,35600.776566650005,0.07,104.99860000000001,4984.108719331001
1341,2,4,1258,56,9,7,2,7,20180112,20180113,20180114,103,2.0,True,Non local,2,5499.99,261075.36781665,0.2,2199.996,104430.14712666
1341,3,4,1258,234,1,3,2,7,20180112,20180113,20180114,103,2.0,True,Non local,2,899.99,42721.02681665,0.05,89.99900000000001,4272.102681665
1341,4,4,1258,66,7,3,2,7,20180112,20180113,20180114,103,2.0,True,Non local,2,250.99,11914.077401650002,0.05,25.099000000000004,1191.4077401650002
1342,1,4,1393,60,7,5,2,7,20180112,20180113,20180115,118,3.0,True,Non local,1,1559.99,74050.12791665,0.05,77.99950000000001,3702.5063958325004
1342,2,4,1393,270,9,1,2,7,20180112,20180113,20180115,118,3.0,True,Non local,1,209.99,9967.87566665,0.05,10.499500000000001,498.3937833325
1343,1,4,594,244,1,3,2,6,20180113,20180115,20180114,65,1.0,False,Non local,1,559.99,26581.792916650003,0.05,27.9995,1329.0896458325003
1343,2,4,594,99,1,1,2,6,20180113,20180115,20180114,65,1.0,False,Non local,1,299.99,14240.02581665,0.05,14.999500000000001,712.0012908325001
1343,3,4,594,184,9,7,2,6,20180113,20180115,20180114,65,1.0,False,Non local,2,3499.99,166138.69781665,0.2,1399.996,66455.47912666001
1343,4,4,594,65,7,3,2,6,20180113,20180115,20180114,65,1.0,False,Non local,2,346.99,16471.037561650002,0.2,138.79600000000002,6588.415024660001
1343,5,4,594,206,9,4,2,6,20180113,20180115,20180114,65,1.0,False,Non local,1,3299.99,156645.03081665,0.1,329.999,15664.503081665
1344,1,4,916,77,1,3,2,6,20180113,20180116,20180115,152,2.0,False,Non local,2,799.99,37974.19331665,0.07,111.99860000000001,5316.387064331001
1344,2,4,916,103,7,2,2,6,20180113,20180116,20180115,152,2.0,False,Non local,2,551.99,26202.046236650003,0.2,220.79600000000002,10480.818494660001
1344,3,4,916,3,8,6,2,6,20180113,20180116,20180115,152,2.0,False,Non local,1,999.99,47467.86031665,0.07,69.9993,3322.7502221655004
1344,4,4,916,61,9,5,2,6,20180113,20180116,20180115,152,2.0,False,Non local,1,4999.99,237341.20031665,0.07,349.9993,16613.8840221655
1345,1,4,1037,40,9,6,2,6,20180114,20180115,20180115,171,1.0,False,Non local,2,4999.99,237341.20031665,0.2,1999.996,94936.48012666001
1345,2,4,1037,172,9,7,2,6,20180114,20180115,20180115,171,1.0,False,Non local,2,3199.99,151898.19731665,0.05,319.999,15189.819731665002
1345,3,4,1037,164,8,7,2,6,20180114,20180115,20180115,171,1.0,False,Non local,2,1549.0,73528.45091500001,0.2,619.6,29411.380366000005
1345,4,4,1037,2,5,6,2,6,20180114,20180115,20180115,171,1.0,False,Non local,2,749.99,35600.776566650005,0.2,299.99600000000004,14240.310626660003
1346,1,4,136,134,9,6,3,8,20180114,20180115,20180115,14,1.0,False,Non local,2,1499.99,71202.02781665,0.05,149.999,7120.202781665001
1346,2,4,136,150,9,7,3,8,20180114,20180115,20180115,14,1.0,False,Non local,1,4499.99,213607.03281665,0.05,224.9995,10680.351640832501
1346,3,4,136,18,4,3,3,8,20180114,20180115,20180115,14,1.0,False,Non local,2,449.0,21313.282415,0.05,44.900000000000006,2131.3282415000003
1346,4,4,136,249,1,3,3,8,20180114,20180115,20180115,14,1.0,False,Non local,1,749.99,35600.776566650005,0.1,74.99900000000001,3560.0776566650006
1346,5,4,136,263,6,1,3,8,20180114,20180115,20180115,14,1.0,False,Non local,2,89.99,4271.67546665,0.2,35.996,1708.6701866600001
1347,1,4,247,43,9,6,1,2,20180115,20180118,20180118,31,3.0,False,Non local,2,5299.99,251581.70081665,0.07,741.9986,35221.438114331
1347,2,4,247,53,8,7,1,2,20180115,20180118,20180118,31,3.0,False,Non local,1,749.99,35600.776566650005,0.05,37.499500000000005,1780.0388283325003
1348,1,4,1214,203,9,5,1,2,20180115,20180117,20180117,109,2.0,False,Non local,1,4999.99,237341.20031665,0.05,249.9995,11867.060015832501
1348,2,4,1214,148,9,7,1,2,20180115,20180117,20180117,109,2.0,False,Non local,1,5499.99,261075.36781665,0.05,274.9995,13053.7683908325
1348,3,4,1214,58,9,7,1,2,20180115,20180117,20180117,109,2.0,False,Non local,2,4999.99,237341.20031665,0.1,999.998,47468.240063330006
1348,4,4,1214,147,9,7,1,2,20180115,20180117,20180117,109,2.0,False,Non local,1,1799.99,85442.52831665,0.07,125.99930000000002,5980.976982165501
1349,1,4,464,138,9,6,2,6,20180115,20180117,20180116,138,1.0,False,Non local,2,2249.99,106803.27906665,0.05,224.999,10680.327906665
1349,2,4,464,205,9,5,2,6,20180115,20180117,20180116,138,1.0,False,Non local,2,4999.99,237341.20031665,0.07,699.9986,33227.768044331
1349,3,4,464,168,8,7,2,6,20180115,20180117,20180116,138,1.0,False,Non local,2,1549.0,73528.45091500001,0.2,619.6,29411.380366000005
1349,4,4,464,184,9,7,2,6,20180115,20180117,20180116,138,1.0,False,Non local,1,3499.99,166138.69781665,0.2,699.998,33227.739563330004
1350,1,4,637,305,1,2,2,7,20180115,20180118,20180117,27,2.0,False,Non local,1,749.99,35600.776566650005,0.1,74.99900000000001,3560.0776566650006
1350,2,4,637,250,1,3,2,7,20180115,20180118,20180117,27,2.0,False,Non local,1,2599.99,123417.19631665,0.07,181.9993,8639.2037421655
1350,3,4,637,253,1,3,2,7,20180115,20180118,20180117,27,2.0,False,Non local,1,2599.99,123417.19631665,0.07,181.9993,8639.2037421655
1350,4,4,637,159,9,7,2,7,20180115,20180118,20180117,27,2.0,False,Non local,1,2299.99,109176.69581665,0.05,114.9995,5458.8347908325
1350,5,4,637,13,1,3,2,7,20180115,20180118,20180117,27,2.0,False,Non local,2,269.99,12815.97576665,0.2,107.99600000000001,5126.3903066600005
1351,1,4,1016,297,1,1,2,7,20180116,20180119,20180119,16,3.0,False,Non local,2,279.99,13290.659116650002,0.2,111.99600000000001,5316.2636466600015
1351,2,4,1016,133,9,6,2,7,20180116,20180119,20180119,16,3.0,False,Non local,1,1499.99,71202.02781665,0.1,149.999,7120.202781665001
1352,1,4,1433,136,9,6,2,6,20180116,20180118,20180118,17,2.0,False,Non local,1,1799.99,85442.52831665,0.2,359.99800000000005,17088.50566333
1352,2,4,1433,52,8,7,2,6,20180116,20180118,20180118,17,2.0,False,Non local,2,875.99,41581.786776650006,0.1,175.198,8316.357355330001
1352,3,4,1433,282,1,1,2,6,20180116,20180118,20180118,17,2.0,False,Non local,2,279.99,13290.659116650002,0.1,55.998000000000005,2658.1318233300008
1352,4,4,1433,86,9,1,2,6,20180116,20180118,20180118,17,2.0,False,Non local,2,149.99,7119.775566650001,0.2,59.99600000000001,2847.9102266600003
1352,5,4,1433,100,1,1,2,6,20180116,20180118,20180118,17,2.0,False,Non local,1,489.99,23259.00946665,0.05,24.4995,1162.9504733325
1353,1,4,502,107,7,2,2,6,20180117,20180119,20180118,123,1.0,False,Non local,2,416.99,19793.82101165,0.05,41.699000000000005,1979.3821011650002
1353,2,4,502,233,1,3,2,6,20180117,20180119,20180118,123,1.0,False,Non local,1,639.99,30379.25971665,0.07,44.7993,2126.5481801655005
1353,3,4,502,300,1,2,2,6,20180117,20180119,20180118,123,1.0,False,Non local,1,799.99,37974.19331665,0.2,159.99800000000002,7594.838663330001
1353,4,4,502,86,9,1,2,6,20180117,20180119,20180118,123,1.0,False,Non local,2,149.99,7119.775566650001,0.05,14.999000000000002,711.9775566650001
1354,1,4,476,166,9,7,1,3,20180119,20180120,20180121,113,2.0,True,local,2,749.99,35600.776566650005,0.07,104.99860000000001,4984.108719331001
1355,1,4,1010,297,1,1,2,7,20180119,20180121,20180120,42,1.0,False,Non local,1,279.99,13290.659116650002,0.1,27.999000000000002,1329.0659116650004
1355,2,4,1010,253,1,3,2,7,20180119,20180121,20180120,42,1.0,False,Non local,1,2599.99,123417.19631665,0.07,181.9993,8639.2037421655
1355,3,4,1010,149,9,7,2,7,20180119,20180121,20180120,42,1.0,False,Non local,1,7499.99,356012.03781665,0.2,1499.998,71202.40756333001
1355,4,4,1010,313,1,2,2,7,20180119,20180121,20180120,42,1.0,False,Non local,2,449.99,21360.276066650003,0.1,89.998,4272.055213330001
1356,1,4,1161,192,1,5,2,6,20180119,20180121,20180122,155,3.0,True,Non local,1,2599.99,123417.19631665,0.05,129.99949999999998,6170.8598158325
1356,2,4,1161,199,1,5,2,6,20180119,20180121,20180122,155,3.0,True,Non local,2,2999.99,142404.53031665,0.1,599.9979999999999,28480.90606333
1356,3,4,1161,276,9,1,2,6,20180119,20180121,20180122,155,3.0,True,Non local,2,319.99,15189.39251665,0.1,63.998000000000005,3037.87850333
1357,1,4,440,145,9,7,2,6,20180120,20180123,20180121,117,1.0,False,Non local,2,1799.99,85442.52831665,0.2,719.9960000000001,34177.01132666
1357,2,4,440,60,7,5,2,6,20180120,20180123,20180121,117,1.0,False,Non local,1,1559.99,74050.12791665,0.2,311.99800000000005,14810.025583330002
1357,3,4,440,130,9,6,2,6,20180120,20180123,20180121,117,1.0,False,Non local,1,919.99,43670.39351665,0.2,183.99800000000002,8734.07870333
1358,1,4,253,257,1,3,1,2,20180121,20180123,20180124,23,3.0,True,Non local,2,899.99,42721.02681665,0.2,359.99600000000004,17088.41072666
1359,1,4,1008,282,1,1,3,9,20180121,20180122,20180122,14,1.0,False,Non local,1,279.99,13290.659116650002,0.05,13.999500000000001,664.5329558325002
1359,2,4,1008,82,1,3,3,9,20180121,20180122,20180122,14,1.0,False,Non local,1,659.99,31328.626416650004,0.05,32.999500000000005,1566.4313208325002
1360,1,4,71,31,8,6,2,6,20180122,20180125,20180124,48,2.0,False,Non local,1,1632.99,77515.31637165001,0.05,81.6495,3875.7658185825007
1361,1,4,1084,307,1,2,2,7,20180122,20180124,20180123,70,1.0,False,Non local,2,749.99,35600.776566650005,0.07,104.99860000000001,4984.108719331001
1361,2,4,1084,153,9,7,2,7,20180122,20180124,20180123,70,1.0,False,Non local,1,4999.99,237341.20031665,0.05,249.9995,11867.060015832501
1361,3,4,1084,163,8,7,2,7,20180122,20180124,20180123,70,1.0,False,Non local,2,1349.0,64034.78391500001,0.2,539.6,25613.913566000003
1362,1,4,310,27,8,6,2,6,20180123,20180124,20180125,149,2.0,True,Non local,2,999.99,47467.86031665,0.2,399.99600000000004,18987.14412666
1362,2,4,310,204,9,5,2,6,20180123,20180124,20180125,149,2.0,True,Non local,2,3599.99,170885.53131665,0.07,503.9986,23923.974384331003
1362,3,4,310,4,9,6,2,6,20180123,20180124,20180125,149,2.0,True,Non local,2,2899.99,137657.69681665,0.2,1159.9959999999999,55063.078726659995
1363,1,4,860,66,7,3,2,6,20180124,20180125,20180125,107,1.0,False,Non local,2,250.99,11914.077401650002,0.1,50.19800000000001,2382.8154803300004
1364,1,4,122,78,7,3,2,6,20180125,20180128,20180128,88,3.0,False,Non local,1,647.99,30759.00639665,0.07,45.359300000000005,2153.1304477655
1364,2,4,122,155,9,7,2,6,20180125,20180128,20180128,88,3.0,False,Non local,2,11999.99,569619.5453166501,0.1,2399.998,113923.90906333002
1364,3,4,122,152,9,7,2,6,20180125,20180128,20180128,88,3.0,False,Non local,1,2499.99,118670.36281665,0.1,249.999,11867.036281665001
1364,4,4,122,110,7,2,2,6,20180125,20180128,20180128,88,3.0,False,Non local,1,470.99,22357.111101650004,0.07,32.969300000000004,1564.9977771155004
1365,1,4,689,144,9,7,2,7,20180125,20180128,20180127,47,2.0,False,Non local,1,1549.99,73575.44456665001,0.07,108.4993,5150.281119665501
1365,2,4,689,58,9,7,2,7,20180125,20180128,20180127,47,2.0,False,Non local,1,4999.99,237341.20031665,0.07,349.9993,16613.8840221655
1365,3,4,689,236,1,3,2,7,20180125,20180128,20180127,47,2.0,False,Non local,1,749.99,35600.776566650005,0.05,37.499500000000005,1780.0388283325003
1366,1,4,1441,115,9,6,2,6,20180126,20180127,20180128,98,2.0,True,Non local,1,3199.99,151898.19731665,0.1,319.999,15189.819731665002
1366,2,4,1441,128,8,6,2,6,20180126,20180127,20180128,98,2.0,True,Non local,2,1899.0,90142.368165,0.2,759.6,36056.947266
1366,3,4,1441,200,9,5,2,6,20180126,20180127,20180128,98,2.0,True,Non local,1,3499.99,166138.69781665,0.07,244.9993,11629.7088471655
1367,1,4,1118,132,9,6,1,3,20180127,20180128,20180128,132,1.0,False,Non local,1,1499.99,71202.02781665,0.1,149.999,7120.202781665001
1367,2,4,1118,131,3,6,1,3,20180127,20180128,20180128,132,1.0,False,Non local,2,2599.0,123370.202665,0.2,1039.6000000000001,49348.081066000006
1367,3,4,1118,124,8,6,1,3,20180127,20180128,20180128,132,1.0,False,Non local,1,1499.0,71155.034165,0.07,104.93,4980.852391550001
1367,4,4,1118,24,1,2,1,3,20180127,20180128,20180128,132,1.0,False,Non local,2,549.99,26107.10956665,0.05,54.999,2610.710956665
1368,1,4,765,66,7,3,2,6,20180127,20180128,20180129,27,2.0,True,Non local,1,250.99,11914.077401650002,0.1,25.099000000000004,1191.4077401650002
1368,2,4,765,113,9,6,2,6,20180127,20180128,20180129,27,2.0,True,Non local,2,489.99,23259.00946665,0.07,68.5986,3256.2613253310005
1368,3,4,765,186,9,5,2,6,20180127,20180128,20180129,27,2.0,True,Non local,1,4499.99,213607.03281665,0.2,899.998,42721.406563330005
1369,1,4,92,213,1,3,2,6,20180128,20180130,20180130,72,2.0,False,Non local,2,269.99,12815.97576665,0.05,26.999000000000002,1281.5975766650001
1370,1,4,115,7,9,6,2,7,20180128,20180129,20180129,10,1.0,False,Non local,1,3999.99,189872.86531665,0.07,279.9993,13291.1005721655
1370,2,4,115,89,9,1,2,7,20180128,20180129,20180129,10,1.0,False,Non local,2,209.99,9967.87566665,0.1,41.998000000000005,1993.57513333
1370,3,4,115,208,9,4,2,7,20180128,20180129,20180129,10,1.0,False,Non local,2,1799.99,85442.52831665,0.2,719.9960000000001,34177.01132666
1370,4,4,115,134,9,6,2,7,20180128,20180129,20180129,10,1.0,False,Non local,1,1499.99,71202.02781665,0.1,149.999,7120.202781665001
1371,1,4,937,223,1,3,2,7,20180129,20180130,20180201,84,3.0,True,Non local,2,529.99,25157.74286665,0.07,74.19860000000001,3522.0840013310008
1371,2,4,937,8,9,6,2,7,20180129,20180130,20180201,84,3.0,True,Non local,2,1799.99,85442.52831665,0.2,719.9960000000001,34177.01132666
1372,1,4,1013,307,1,2,2,6,20180129,20180201,20180130,174,1.0,False,Non local,1,749.99,35600.776566650005,0.07,52.499300000000005,2492.0543596655007
1372,2,4,1013,283,1,1,2,6,20180129,20180201,20180130,174,1.0,False,Non local,2,319.99,15189.39251665,0.2,127.99600000000001,6075.75700666
1373,1,4,427,63,9,4,3,9,20180129,20180131,20180131,56,2.0,False,Non local,1,3499.99,166138.69781665,0.1,349.999,16613.869781665002
1374,1,4,1330,181,9,7,1,3,20180130,20180201,20180201,51,2.0,False,Non local,2,2199.99,104429.86231665,0.05,219.999,10442.986231665001
1374,2,4,1330,130,9,6,1,3,20180130,20180201,20180201,51,2.0,False,Non local,2,919.99,43670.39351665,0.07,128.79860000000002,6113.855092331
1375,1,4,312,147,9,7,3,8,20180130,20180201,20180201,13,2.0,False,Non local,2,1799.99,85442.52831665,0.05,179.99900000000002,8544.252831665
1375,2,4,312,182,9,7,3,8,20180130,20180201,20180201,13,2.0,False,Non local,1,2499.99,118670.36281665,0.2,499.998,23734.072563330003
1376,1,4,1186,5,3,6,1,2,20180201,20180202,20180203,51,2.0,True,Non local,1,1320.99,62705.19585165,0.07,92.4693,4389.363709615501
1377,1,4,1007,153,9,7,2,7,20180201,20180203,20180203,88,2.0,False,Non local,2,4999.99,237341.20031665,0.05,499.999,23734.120031665003
1377,2,4,1007,130,9,6,2,7,20180201,20180203,20180203,88,2.0,False,Non local,1,919.99,43670.39351665,0.05,45.999500000000005,2183.5196758325
1377,3,4,1007,48,9,7,2,7,20180201,20180203,20180203,88,2.0,False,Non local,1,1499.99,71202.02781665,0.07,104.9993,4984.141947165501
1377,4,4,1007,188,9,5,2,7,20180201,20180203,20180203,88,2.0,False,Non local,2,3499.99,166138.69781665,0.07,489.9986,23259.417694331
1378,1,4,983,96,1,1,1,2,20180202,20180205,20180204,30,2.0,False,Non local,2,349.99,16613.442566650003,0.07,48.9986,2325.8819593310004
1378,2,4,983,142,9,6,1,2,20180202,20180205,20180204,30,2.0,False,Non local,2,3199.99,151898.19731665,0.07,447.9986,21265.747624331005
1378,3,4,983,2,5,6,1,2,20180202,20180205,20180204,30,2.0,False,Non local,2,749.99,35600.776566650005,0.2,299.99600000000004,14240.310626660003
1378,4,4,983,110,7,2,1,2,20180202,20180205,20180204,30,2.0,False,Non local,1,470.99,22357.111101650004,0.07,32.969300000000004,1564.9977771155004
1378,5,4,983,129,9,6,1,2,20180202,20180205,20180204,30,2.0,False,Non local,2,919.99,43670.39351665,0.2,367.99600000000004,17468.15740666
1379,1,4,1256,15,1,3,2,6,20180202,20180205,20180205,143,3.0,False,Non local,1,529.99,25157.74286665,0.1,52.999,2515.7742866650005
1379,2,4,1256,118,9,6,2,6,20180202,20180205,20180205,143,3.0,False,Non local,1,999.99,47467.86031665,0.1,99.99900000000001,4746.786031665
1379,3,4,1256,263,6,1,2,6,20180202,20180205,20180205,143,3.0,False,Non local,2,89.99,4271.67546665,0.1,17.998,854.3350933300001
1380,1,4,818,255,1,3,1,3,20180205,20180208,20180208,71,3.0,False,Non local,2,899.99,42721.02681665,0.1,179.99800000000002,8544.20536333
1380,2,4,818,229,1,3,1,3,20180205,20180208,20180208,71,3.0,False,Non local,2,429.99,20410.90936665,0.07,60.198600000000006,2857.5273113310004
1381,1,4,680,274,9,1,2,7,20180205,20180206,20180208,178,3.0,True,Non local,2,229.99,10917.242366650002,0.2,91.99600000000001,4366.896946660001
1381,2,4,680,214,1,3,2,7,20180205,20180206,20180208,178,3.0,True,Non local,2,899.99,42721.02681665,0.1,179.99800000000002,8544.20536333
1382,1,4,1303,232,1,3,2,6,20180206,20180209,20180208,106,2.0,False,Non local,1,479.99,22784.32611665,0.2,95.998,4556.865223330001
1382,2,4,1303,81,1,3,2,6,20180206,20180209,20180208,106,2.0,False,Non local,2,1099.99,52214.69381665,0.05,109.99900000000001,5221.469381665
1382,3,4,1303,225,1,3,2,6,20180206,20180209,20180208,106,2.0,False,Non local,1,959.99,45569.126916650006,0.1,95.99900000000001,4556.912691665001
1382,4,4,1303,135,9,6,2,6,20180206,20180209,20180208,106,2.0,False,Non local,1,1499.99,71202.02781665,0.07,104.9993,4984.141947165501
1382,5,4,1303,238,1,3,2,6,20180206,20180209,20180208,106,2.0,False,Non local,1,749.99,35600.776566650005,0.2,149.99800000000002,7120.155313330001
1383,1,4,488,188,9,5,1,3,20180207,20180208,20180208,83,1.0,False,Non local,2,3499.99,166138.69781665,0.2,1399.996,66455.47912666001
1383,2,4,488,65,7,3,1,3,20180207,20180208,20180208,83,1.0,False,Non local,2,346.99,16471.037561650002,0.05,34.699000000000005,1647.1037561650003
1384,1,4,1126,32,9,6,2,7,20180208,20180210,20180209,95,1.0,False,Non local,1,469.99,22309.64276665,0.07,32.899300000000004,1561.6749936655
1384,2,4,1126,142,9,6,2,7,20180208,20180210,20180209,95,1.0,False,Non local,2,3199.99,151898.19731665,0.1,639.998,30379.639463330004
1384,3,4,1126,89,9,1,2,7,20180208,20180210,20180209,95,1.0,False,Non local,1,209.99,9967.87566665,0.1,20.999000000000002,996.787566665
1384,4,4,1126,97,1,1,2,7,20180208,20180210,20180209,95,1.0,False,Non local,1,349.99,16613.442566650003,0.05,17.4995,830.6721283325002
1385,1,4,866,24,1,2,3,9,20180208,20180211,20180209,13,1.0,False,Non local,2,549.99,26107.10956665,0.05,54.999,2610.710956665
1385,2,4,866,145,9,7,3,9,20180208,20180211,20180209,13,1.0,False,Non local,1,1799.99,85442.52831665,0.07,125.99930000000002,5980.976982165501
1385,3,4,866,39,9,6,3,9,20180208,20180211,20180209,13,1.0,False,Non local,2,1499.99,71202.02781665,0.1,299.998,14240.405563330001
1385,4,4,866,135,9,6,3,9,20180208,20180211,20180209,13,1.0,False,Non local,1,1499.99,71202.02781665,0.05,74.9995,3560.1013908325003
1386,1,4,1254,292,1,1,1,2,20180209,20180210,20180211,132,2.0,True,Non local,1,369.99,17562.80926665,0.2,73.998,3512.5618533300003
1386,2,4,1254,262,9,1,1,2,20180209,20180210,20180211,132,2.0,True,Non local,1,249.99,11866.60906665,0.1,24.999000000000002,1186.660906665
1386,3,4,1254,306,1,2,1,2,20180209,20180210,20180211,132,2.0,True,Non local,1,899.99,42721.02681665,0.1,89.99900000000001,4272.102681665
1386,4,4,1254,150,9,7,1,2,20180209,20180210,20180211,132,2.0,True,Non local,1,4499.99,213607.03281665,0.07,314.9993,14952.492297165501
1387,1,4,11,106,7,2,2,7,20180209,20180211,20180211,11,2.0,False,Non local,1,449.99,21360.276066650003,0.1,44.999,2136.0276066650003
1388,1,4,323,251,1,3,2,7,20180209,20180212,20180212,150,3.0,False,Non local,1,2999.99,142404.53031665,0.1,299.99899999999997,14240.453031665
1389,1,4,491,85,2,1,2,7,20180211,20180212,20180214,94,3.0,True,Non local,2,329.99,15664.075866650002,0.1,65.998,3132.8151733300006
1389,2,4,491,171,9,7,2,7,20180211,20180212,20180214,94,3.0,True,Non local,2,3199.99,151898.19731665,0.05,319.999,15189.819731665002
1389,3,4,491,227,1,3,2,7,20180211,20180212,20180214,94,3.0,True,Non local,1,319.99,15189.39251665,0.07,22.399300000000004,1063.2574761655
1390,1,4,63,41,2,6,2,7,20180212,20180213,20180213,53,1.0,False,Non local,2,1469.99,69777.97776665,0.05,146.999,6977.797776665
1390,2,4,63,27,8,6,2,7,20180212,20180213,20180213,53,1.0,False,Non local,2,999.99,47467.86031665,0.05,99.99900000000001,4746.786031665
1390,3,4,63,306,1,2,2,7,20180212,20180213,20180213,53,1.0,False,Non local,1,899.99,42721.02681665,0.1,89.99900000000001,4272.102681665
1390,4,4,63,104,7,2,2,7,20180212,20180213,20180213,53,1.0,False,Non local,1,481.99,22879.26278665,0.05,24.099500000000003,1143.9631393325
1390,5,4,63,147,9,7,2,7,20180212,20180213,20180213,53,1.0,False,Non local,2,1799.99,85442.52831665,0.1,359.99800000000005,17088.50566333
1391,1,4,914,223,1,3,2,7,20180213,20180214,20180214,50,1.0,False,Non local,2,529.99,25157.74286665,0.07,74.19860000000001,3522.0840013310008
1391,2,4,914,295,1,1,2,7,20180213,20180214,20180214,50,1.0,False,Non local,2,319.99,15189.39251665,0.2,127.99600000000001,6075.75700666
1391,3,4,914,277,9,1,2,7,20180213,20180214,20180214,50,1.0,False,Non local,1,369.99,17562.80926665,0.2,73.998,3512.5618533300003
1392,1,4,1187,87,9,1,2,6,20180213,20180214,20180214,159,1.0,False,Non local,2,189.99,9018.50896665,0.2,75.99600000000001,3607.4035866600007
1392,2,4,1187,240,1,3,2,6,20180213,20180214,20180214,159,1.0,False,Non local,2,899.99,42721.02681665,0.05,89.99900000000001,4272.102681665
1393,1,4,547,92,2,1,2,7,20180214,20180215,20180215,90,1.0,False,Non local,1,209.99,9967.87566665,0.07,14.699300000000003,697.7512966655
1393,2,4,547,82,1,3,2,7,20180214,20180215,20180215,90,1.0,False,Non local,1,659.99,31328.626416650004,0.07,46.19930000000001,2193.0038491655005
1393,3,4,547,47,9,6,2,7,20180214,20180215,20180215,90,1.0,False,Non local,2,5299.99,251581.70081665,0.05,529.999,25158.170081665
1393,4,4,547,268,9,1,2,7,20180214,20180215,20180215,90,1.0,False,Non local,2,159.99,7594.458916650001,0.05,15.999000000000002,759.4458916650001
1394,1,4,906,165,9,7,3,8,20180214,20180216,20180216,19,2.0,False,Non local,2,2499.99,118670.36281665,0.05,249.999,11867.036281665001
1395,1,4,1052,204,9,5,1,3,20180215,20180218,20180216,5,1.0,False,Non local,1,3599.99,170885.53131665,0.2,719.998,34177.10626333
1395,2,4,1052,48,9,7,1,3,20180215,20180218,20180216,5,1.0,False,Non local,2,1499.99,71202.02781665,0.1,299.998,14240.405563330001
1395,3,4,1052,180,9,7,1,3,20180215,20180218,20180216,5,1.0,False,Non local,2,919.99,43670.39351665,0.2,367.99600000000004,17468.15740666
1395,4,4,1052,226,1,3,1,3,20180215,20180218,20180216,5,1.0,False,Non local,1,679.99,32277.993116650003,0.1,67.99900000000001,3227.7993116650005
1396,1,4,856,57,9,7,2,7,20180215,20180218,20180216,143,1.0,False,Non local,1,1999.99,94936.19531665,0.05,99.99950000000001,4746.8097658325005
1396,2,4,856,181,9,7,2,7,20180215,20180218,20180216,143,1.0,False,Non local,1,2199.99,104429.86231665,0.2,439.998,20885.972463330003
1397,1,4,920,127,8,6,2,6,20180215,20180217,20180216,60,1.0,False,Non local,2,469.99,22309.64276665,0.1,93.998,4461.92855333
1397,2,4,920,139,9,6,2,6,20180215,20180217,20180216,60,1.0,False,Non local,1,2999.99,142404.53031665,0.07,209.9993,9968.317122165501
1397,3,4,920,7,9,6,2,6,20180215,20180217,20180216,60,1.0,False,Non local,1,3999.99,189872.86531665,0.05,199.9995,9493.6432658325
1397,4,4,920,249,1,3,2,6,20180215,20180217,20180216,60,1.0,False,Non local,1,749.99,35600.776566650005,0.05,37.499500000000005,1780.0388283325003
1397,5,4,920,78,7,3,2,6,20180215,20180217,20180216,60,1.0,False,Non local,2,647.99,30759.00639665,0.1,129.598,6151.80127933
1398,1,4,1383,69,7,3,1,3,20180216,20180219,20180219,170,3.0,False,Non local,2,416.99,19793.82101165,0.05,41.699000000000005,1979.3821011650002
1398,2,4,1383,53,8,7,1,3,20180216,20180219,20180219,170,3.0,False,Non local,1,749.99,35600.776566650005,0.2,149.99800000000002,7120.155313330001
1399,1,4,146,210,8,4,2,6,20180216,20180218,20180218,74,2.0,False,Non local,2,1549.0,73528.45091500001,0.2,619.6,29411.380366000005
1399,2,4,146,224,1,3,2,6,20180216,20180218,20180218,74,2.0,False,Non local,1,479.99,22784.32611665,0.05,23.9995,1139.2163058325002
1399,3,4,146,127,8,6,2,6,20180216,20180218,20180218,74,2.0,False,Non local,2,469.99,22309.64276665,0.07,65.79860000000001,3123.349987331
1399,4,4,146,28,8,6,2,6,20180216,20180218,20180218,74,2.0,False,Non local,1,2499.99,118670.36281665,0.05,124.9995,5933.518140832501
1400,1,4,987,24,1,2,2,6,20180217,20180218,20180218,98,1.0,False,Non local,2,549.99,26107.10956665,0.2,219.996,10442.84382666
1400,2,4,987,217,1,3,2,6,20180217,20180218,20180218,98,1.0,False,Non local,2,909.99,43195.71016665,0.2,363.99600000000004,17278.284066660002
1400,3,4,987,275,9,1,2,6,20180217,20180218,20180218,98,1.0,False,Non local,1,229.99,10917.242366650002,0.1,22.999000000000002,1091.7242366650003
1400,4,4,987,90,9,1,2,6,20180217,20180218,20180218,98,1.0,False,Non local,1,209.99,9967.87566665,0.07,14.699300000000003,697.7512966655
1401,1,4,15,112,9,6,2,7,20180218,20180219,20180220,15,2.0,True,Non local,1,379.99,18037.49261665,0.07,26.599300000000003,1262.6244831655001
1401,2,4,15,230,1,3,2,7,20180218,20180219,20180220,15,2.0,True,Non local,1,429.99,20410.90936665,0.05,21.4995,1020.5454683325001
1401,3,4,15,254,1,3,2,7,20180218,20180219,20180220,15,2.0,True,Non local,2,749.99,35600.776566650005,0.2,299.99600000000004,14240.310626660003
1402,1,4,1171,189,9,5,2,6,20180219,20180221,20180221,55,2.0,False,Non local,2,2799.99,132910.86331665,0.2,1119.9959999999999,53164.345326660005
1402,2,4,1171,28,8,6,2,6,20180219,20180221,20180221,55,2.0,False,Non local,2,2499.99,118670.36281665,0.05,249.999,11867.036281665001
1402,3,4,1171,203,9,5,2,6,20180219,20180221,20180221,55,2.0,False,Non local,1,4999.99,237341.20031665,0.05,249.9995,11867.060015832501
1402,4,4,1171,273,9,1,2,6,20180219,20180221,20180221,55,2.0,False,Non local,1,289.99,13765.34246665,0.07,20.299300000000002,963.5739726655
1403,1,4,452,93,2,1,2,7,20180221,20180222,20180222,112,1.0,False,Non local,2,209.99,9967.87566665,0.1,41.998000000000005,1993.57513333
1404,1,4,1240,112,9,6,1,3,20180223,20180226,20180224,68,1.0,False,Non local,2,379.99,18037.49261665,0.05,37.999,1803.7492616650002
1404,2,4,1240,220,1,3,1,3,20180223,20180226,20180224,68,1.0,False,Non local,1,269.99,12815.97576665,0.1,26.999000000000002,1281.5975766650001
1404,3,4,1240,193,9,5,1,3,20180223,20180226,20180224,68,1.0,False,Non local,2,2799.99,132910.86331665,0.2,1119.9959999999999,53164.345326660005
1405,1,4,100,162,9,7,2,6,20180225,20180228,20180227,77,2.0,False,Non local,2,2999.99,142404.53031665,0.1,599.9979999999999,28480.90606333
1406,1,4,1053,230,1,3,2,7,20180225,20180227,20180227,24,2.0,False,Non local,2,429.99,20410.90936665,0.05,42.999,2041.0909366650003
1406,2,4,1053,113,9,6,2,7,20180225,20180227,20180227,24,2.0,False,Non local,1,489.99,23259.00946665,0.1,48.999,2325.900946665
1407,1,3,18,300,1,2,2,6,20180226,20180226,,18,,False,Non local,1,799.99,37974.19331665,0.05,39.999500000000005,1898.7096658325001
1407,2,3,18,36,8,6,2,6,20180226,20180226,,18,,False,Non local,2,832.99,39540.64837165,0.1,166.598,7908.129674330001
1407,3,3,18,266,9,1,2,6,20180226,20180226,,18,,False,Non local,1,399.99,18986.859316650003,0.1,39.999,1898.6859316650005
1407,4,3,18,35,7,6,2,6,20180226,20180226,,18,,False,Non local,1,832.99,39540.64837165,0.2,166.598,7908.129674330001
1408,1,4,1172,23,1,1,2,6,20180226,20180227,20180301,86,3.0,True,Non local,2,299.99,14240.02581665,0.2,119.99600000000001,5696.010326660001
1408,2,4,1172,166,9,7,2,6,20180226,20180227,20180301,86,3.0,True,Non local,1,749.99,35600.776566650005,0.2,149.99800000000002,7120.155313330001
1408,3,4,1172,114,9,6,2,6,20180226,20180227,20180301,86,3.0,True,Non local,1,579.99,27531.15961665,0.07,40.59930000000001,1927.1811731655
1408,4,4,1172,137,3,6,2,6,20180226,20180227,20180301,86,3.0,True,Non local,2,2599.0,123370.202665,0.2,1039.6000000000001,49348.081066000006
1409,1,4,21,301,1,2,3,8,20180226,20180228,20180228,20,2.0,False,Non local,2,899.99,42721.02681665,0.07,125.99860000000001,5980.943754331001
1409,2,4,21,170,9,7,3,8,20180226,20180228,20180228,20,2.0,False,Non local,1,1299.99,61708.360816650005,0.07,90.9993,4319.5852571655005
1409,3,4,21,171,9,7,3,8,20180226,20180228,20180228,20,2.0,False,Non local,2,3199.99,151898.19731665,0.05,319.999,15189.819731665002
1409,4,4,21,265,6,1,3,8,20180226,20180228,20180228,20,2.0,False,Non local,1,289.99,13765.34246665,0.05,14.499500000000001,688.2671233325
1409,5,4,21,222,1,3,3,8,20180226,20180228,20180228,20,2.0,False,Non local,1,269.99,12815.97576665,0.1,26.999000000000002,1281.5975766650001
1410,1,4,1005,205,9,5,2,7,20180227,20180228,20180228,35,1.0,False,Non local,2,4999.99,237341.20031665,0.1,999.998,47468.240063330006
1410,2,4,1005,203,9,5,2,7,20180227,20180228,20180228,35,1.0,False,Non local,2,4999.99,237341.20031665,0.2,1999.996,94936.48012666001
1410,3,4,1005,304,1,2,2,7,20180227,20180228,20180228,35,1.0,False,Non local,1,679.99,32277.993116650003,0.1,67.99900000000001,3227.7993116650005
1411,1,4,109,9,9,5,1,2,20180301,20180302,20180302,82,1.0,False,Non local,1,2999.99,142404.53031665,0.1,299.99899999999997,14240.453031665
1411,2,4,109,308,1,2,1,2,20180301,20180302,20180302,82,1.0,False,Non local,2,749.99,35600.776566650005,0.2,299.99600000000004,14240.310626660003
1412,1,4,1043,180,9,7,2,7,20180301,20180302,20180304,184,3.0,True,Non local,2,919.99,43670.39351665,0.07,128.79860000000002,6113.855092331
1412,2,4,1043,43,9,6,2,7,20180301,20180302,20180304,184,3.0,True,Non local,1,5299.99,251581.70081665,0.1,529.999,25158.170081665
1412,3,4,1043,109,7,2,2,7,20180301,20180302,20180304,184,3.0,True,Non local,2,416.99,19793.82101165,0.07,58.378600000000006,2771.1349416310004
1413,1,4,56,297,1,1,3,8,20180301,20180303,20180304,40,3.0,True,Non local,2,279.99,13290.659116650002,0.05,27.999000000000002,1329.0659116650004
1414,1,4,293,162,9,7,2,7,20180303,20180305,20180306,101,3.0,True,Non local,2,2999.99,142404.53031665,0.1,599.9979999999999,28480.90606333
1414,2,4,293,292,1,1,2,7,20180303,20180305,20180306,101,3.0,True,Non local,2,369.99,17562.80926665,0.05,36.999,1756.2809266650002
1415,1,4,839,31,8,6,2,7,20180303,20180304,20180305,177,2.0,True,Non local,2,1632.99,77515.31637165001,0.07,228.61860000000001,10852.144292031004
1415,2,4,839,17,4,3,2,7,20180303,20180304,20180305,177,2.0,True,Non local,1,429.0,20363.915715000003,0.05,21.450000000000003,1018.1957857500001
1415,3,4,839,264,6,1,2,7,20180303,20180304,20180305,177,2.0,True,Non local,2,249.99,11866.60906665,0.1,49.998000000000005,2373.32181333
1415,4,4,839,245,1,3,2,7,20180303,20180304,20180305,177,2.0,True,Non local,1,659.99,31328.626416650004,0.05,32.999500000000005,1566.4313208325002
1416,1,4,566,194,9,5,3,8,20180303,20180304,20180306,173,3.0,True,Non local,1,3499.99,166138.69781665,0.2,699.998,33227.739563330004
1416,2,4,566,242,1,3,3,8,20180303,20180304,20180306,173,3.0,True,Non local,2,699.99,33227.35981665,0.1,139.99800000000002,6645.471963330001
1416,3,4,566,92,2,1,3,8,20180303,20180304,20180306,173,3.0,True,Non local,2,209.99,9967.87566665,0.05,20.999000000000002,996.787566665
1417,1,4,300,219,1,3,1,2,20180304,20180306,20180307,147,3.0,True,Non local,2,639.99,30379.25971665,0.2,255.996,12151.703886660001
1418,1,4,364,120,9,6,2,6,20180304,20180305,20180307,156,3.0,True,Non local,2,2499.99,118670.36281665,0.2,999.996,47468.145126660005
1418,2,4,364,243,1,3,2,6,20180304,20180305,20180307,156,3.0,True,Non local,2,679.99,32277.993116650003,0.05,67.99900000000001,3227.7993116650005
1419,1,4,474,124,8,6,2,6,20180304,20180307,20180307,110,3.0,False,Non local,1,1499.0,71155.034165,0.07,104.93,4980.852391550001
1419,2,4,474,235,1,3,2,6,20180304,20180307,20180307,110,3.0,False,Non local,2,899.99,42721.02681665,0.2,359.99600000000004,17088.41072666
1419,3,4,474,234,1,3,2,6,20180304,20180307,20180307,110,3.0,False,Non local,1,899.99,42721.02681665,0.1,89.99900000000001,4272.102681665
1420,1,4,838,197,9,5,2,7,20180304,20180305,20180307,88,3.0,True,Non local,1,2299.99,109176.69581665,0.2,459.998,21835.33916333
1420,2,4,838,194,9,5,2,7,20180304,20180305,20180307,88,3.0,True,Non local,2,3499.99,166138.69781665,0.1,699.998,33227.739563330004
1420,3,4,838,128,8,6,2,7,20180304,20180305,20180307,88,3.0,True,Non local,1,1899.0,90142.368165,0.1,189.9,9014.2368165
1421,1,4,1176,298,1,1,2,7,20180305,20180307,20180307,38,2.0,False,Non local,2,279.99,13290.659116650002,0.05,27.999000000000002,1329.0659116650004
1422,1,4,599,80,7,3,3,8,20180305,20180306,20180308,115,3.0,True,Non local,2,761.99,36170.39658665,0.07,106.67860000000002,5063.855522131001
1422,2,4,599,180,9,7,3,8,20180305,20180306,20180308,115,3.0,True,Non local,2,919.99,43670.39351665,0.2,367.99600000000004,17468.15740666
1422,3,4,599,243,1,3,3,8,20180305,20180306,20180308,115,3.0,True,Non local,1,679.99,32277.993116650003,0.05,33.999500000000005,1613.8996558325002
1423,1,4,1231,249,1,3,1,2,20180306,20180307,20180307,2,1.0,False,Non local,1,749.99,35600.776566650005,0.2,149.99800000000002,7120.155313330001
1423,2,4,1231,71,7,3,1,2,20180306,20180307,20180307,2,1.0,False,Non local,1,416.99,19793.82101165,0.1,41.699000000000005,1979.3821011650002
1423,3,4,1231,302,1,2,1,2,20180306,20180307,20180307,2,1.0,False,Non local,1,449.99,21360.276066650003,0.2,89.998,4272.055213330001
1423,4,4,1231,113,9,6,1,2,20180306,20180307,20180307,2,1.0,False,Non local,2,489.99,23259.00946665,0.2,195.996,9303.60378666
1424,1,4,1445,140,9,6,1,2,20180307,20180310,20180310,43,3.0,False,Non local,2,4999.99,237341.20031665,0.2,1999.996,94936.48012666001
1425,1,4,126,227,1,3,2,6,20180307,20180309,20180309,90,2.0,False,Non local,2,319.99,15189.39251665,0.05,31.999000000000002,1518.939251665
1425,2,4,126,263,6,1,2,6,20180307,20180309,20180309,90,2.0,False,Non local,1,89.99,4271.67546665,0.07,6.299300000000001,299.01728266550003
1425,3,4,126,93,2,1,2,6,20180307,20180309,20180309,90,2.0,False,Non local,1,209.99,9967.87566665,0.07,14.699300000000003,697.7512966655
1425,4,4,126,54,9,7,2,6,20180307,20180309,20180309,90,2.0,False,Non local,2,3199.99,151898.19731665,0.05,319.999,15189.819731665002
1425,5,4,126,145,9,7,2,6,20180307,20180309,20180309,90,2.0,False,Non local,2,1799.99,85442.52831665,0.07,251.99860000000004,11961.953964331002
1426,1,4,938,215,1,3,2,6,20180307,20180308,20180310,169,3.0,True,Non local,1,749.99,35600.776566650005,0.07,52.499300000000005,2492.0543596655007
1426,2,4,938,20,1,3,2,6,20180307,20180308,20180310,169,3.0,True,Non local,2,599.99,28480.52631665,0.05,59.999,2848.0526316650003
1426,3,4,938,281,1,1,2,6,20180307,20180308,20180310,169,3.0,True,Non local,1,319.99,15189.39251665,0.07,22.399300000000004,1063.2574761655
1427,1,4,999,230,1,3,2,6,20180307,20180308,20180308,117,1.0,False,Non local,2,429.99,20410.90936665,0.07,60.198600000000006,2857.5273113310004
1427,2,4,999,139,9,6,2,6,20180307,20180308,20180308,117,1.0,False,Non local,1,2999.99,142404.53031665,0.05,149.99949999999998,7120.2265158325
1427,3,4,999,164,8,7,2,6,20180307,20180308,20180308,117,1.0,False,Non local,2,1549.0,73528.45091500001,0.07,216.86,10293.983128100002
1428,1,4,195,216,1,3,2,7,20180308,20180310,20180311,70,3.0,True,Non local,2,899.99,42721.02681665,0.2,359.99600000000004,17088.41072666
1428,2,4,195,126,8,6,2,7,20180308,20180310,20180311,70,3.0,True,Non local,1,469.99,22309.64276665,0.07,32.899300000000004,1561.6749936655
1428,3,4,195,187,9,5,2,7,20180308,20180310,20180311,70,3.0,True,Non local,2,2799.99,132910.86331665,0.07,391.9986,18607.520864331003
1428,4,4,195,28,8,6,2,7,20180308,20180310,20180311,70,3.0,True,Non local,1,2499.99,118670.36281665,0.1,249.999,11867.036281665001
1428,5,4,195,194,9,5,2,7,20180308,20180310,20180311,70,3.0,True,Non local,2,3499.99,166138.69781665,0.2,1399.996,66455.47912666001
1429,1,4,1116,70,1,3,2,6,20180308,20180309,20180309,35,1.0,False,Non local,2,659.99,31328.626416650004,0.2,263.99600000000004,12531.450566660002
1430,1,4,1239,221,1,3,2,7,20180310,20180313,20180311,65,1.0,False,Non local,1,319.99,15189.39251665,0.05,15.999500000000001,759.4696258325
1430,2,4,1239,281,1,1,2,7,20180310,20180313,20180311,65,1.0,False,Non local,1,319.99,15189.39251665,0.07,22.399300000000004,1063.2574761655
1431,1,4,308,207,9,4,2,6,20180311,20180312,20180314,110,3.0,True,Non local,1,3999.99,189872.86531665,0.1,399.999,18987.286531665
1431,2,4,308,53,8,7,2,6,20180311,20180312,20180314,110,3.0,True,Non local,1,749.99,35600.776566650005,0.07,52.499300000000005,2492.0543596655007
1431,3,4,308,252,1,3,2,6,20180311,20180312,20180314,110,3.0,True,Non local,1,2999.99,142404.53031665,0.2,599.9979999999999,28480.90606333
1431,4,4,308,254,1,3,2,6,20180311,20180312,20180314,110,3.0,True,Non local,1,749.99,35600.776566650005,0.07,52.499300000000005,2492.0543596655007
1432,1,4,483,161,8,7,2,6,20180311,20180312,20180314,65,3.0,True,Non local,1,1899.0,90142.368165,0.2,379.8,18028.473633
1433,1,4,1142,264,6,1,2,7,20180311,20180313,20180312,86,1.0,False,Non local,1,249.99,11866.60906665,0.07,17.4993,830.6626346655001
1434,1,4,595,229,1,3,2,6,20180314,20180316,20180316,156,2.0,False,Non local,2,429.99,20410.90936665,0.2,171.996,8164.363746660001
1434,2,4,595,198,1,5,2,6,20180314,20180316,20180316,156,2.0,False,Non local,1,2999.99,142404.53031665,0.1,299.99899999999997,14240.453031665
1434,3,4,595,286,1,1,2,6,20180314,20180316,20180316,156,2.0,False,Non local,2,279.99,13290.659116650002,0.1,55.998000000000005,2658.1318233300008
1434,4,4,595,61,9,5,2,6,20180314,20180316,20180316,156,2.0,False,Non local,2,4999.99,237341.20031665,0.07,699.9986,33227.768044331
1435,1,4,744,141,9,6,2,6,20180314,20180315,20180316,152,2.0,True,Non local,2,1599.99,75948.86131665,0.07,223.9986,10632.840584331001
1435,2,4,744,29,9,6,2,6,20180314,20180315,20180316,152,2.0,True,Non local,1,999.99,47467.86031665,0.2,199.99800000000002,9493.57206333
1435,3,4,744,60,7,5,2,6,20180314,20180315,20180316,152,2.0,True,Non local,1,1559.99,74050.12791665,0.1,155.99900000000002,7405.012791665001
1435,4,4,744,260,1,3,2,6,20180314,20180315,20180316,152,2.0,True,Non local,1,799.99,37974.19331665,0.07,55.999300000000005,2658.1935321655005
1436,1,4,1044,244,1,3,2,6,20180314,20180317,20180316,157,2.0,False,Non local,2,559.99,26581.792916650003,0.07,78.3986,3721.451008331001
1437,1,4,518,141,9,6,1,2,20180315,20180316,20180316,31,1.0,False,Non local,2,1599.99,75948.86131665,0.05,159.99900000000002,7594.886131665
1438,1,4,263,225,1,3,2,6,20180315,20180317,20180316,124,1.0,False,Non local,1,959.99,45569.126916650006,0.2,191.99800000000002,9113.825383330002
1438,2,4,263,140,9,6,2,6,20180315,20180317,20180316,124,1.0,False,Non local,1,4999.99,237341.20031665,0.2,999.998,47468.240063330006
1438,3,4,263,81,1,3,2,6,20180315,20180317,20180316,124,1.0,False,Non local,2,1099.99,52214.69381665,0.05,109.99900000000001,5221.469381665
1438,4,4,263,137,3,6,2,6,20180315,20180317,20180316,124,1.0,False,Non local,1,2599.0,123370.202665,0.1,259.90000000000003,12337.020266500002
1438,5,4,263,190,9,5,2,6,20180315,20180317,20180316,124,1.0,False,Non local,2,2799.99,132910.86331665,0.07,391.9986,18607.520864331003
1439,1,4,463,42,9,6,2,7,20180315,20180316,20180317,101,2.0,True,Non local,1,2299.99,109176.69581665,0.07,160.9993,7642.3687071655
1439,2,4,463,263,6,1,2,7,20180315,20180316,20180317,101,2.0,True,Non local,1,89.99,4271.67546665,0.2,17.998,854.3350933300001
1439,3,4,463,102,1,2,2,7,20180315,20180316,20180317,101,2.0,True,Non local,2,489.99,23259.00946665,0.05,48.999,2325.900946665
1439,4,4,463,149,9,7,2,7,20180315,20180316,20180317,101,2.0,True,Non local,1,7499.99,356012.03781665,0.05,374.9995,17800.601890832502
1440,1,4,859,116,9,6,3,8,20180315,20180318,20180316,19,1.0,False,Non local,2,749.99,35600.776566650005,0.07,104.99860000000001,4984.108719331001
1440,2,4,859,109,7,2,3,8,20180315,20180318,20180316,19,1.0,False,Non local,1,416.99,19793.82101165,0.07,29.189300000000003,1385.5674708155002
1440,3,4,859,186,9,5,3,8,20180315,20180318,20180316,19,1.0,False,Non local,1,4499.99,213607.03281665,0.1,449.999,21360.703281665003
1440,4,4,859,178,9,7,3,8,20180315,20180318,20180316,19,1.0,False,Non local,2,749.99,35600.776566650005,0.05,74.99900000000001,3560.0776566650006
1440,5,4,859,67,7,3,3,8,20180315,20180318,20180316,19,1.0,False,Non local,2,250.99,11914.077401650002,0.2,100.39600000000002,4765.630960660001
1441,1,4,982,6,8,6,3,8,20180315,20180316,20180318,52,3.0,True,Non local,1,469.99,22309.64276665,0.05,23.4995,1115.4821383325
1441,2,4,982,242,1,3,3,8,20180315,20180316,20180318,52,3.0,True,Non local,2,699.99,33227.35981665,0.2,279.99600000000004,13290.943926660002
1441,3,4,982,46,2,6,3,8,20180315,20180316,20180318,52,3.0,True,Non local,1,1409.99,66929.87766665,0.07,98.69930000000001,4685.091436665501
1442,1,4,478,160,9,7,2,7,20180316,20180317,20180317,172,1.0,False,Non local,1,4499.99,213607.03281665,0.1,449.999,21360.703281665003
1442,2,4,478,220,1,3,2,7,20180316,20180317,20180317,172,1.0,False,Non local,1,269.99,12815.97576665,0.07,18.899300000000004,897.1183036655001
1442,3,4,478,271,9,1,2,7,20180316,20180317,20180317,172,1.0,False,Non local,2,209.99,9967.87566665,0.05,20.999000000000002,996.787566665
1443,1,4,972,160,9,7,2,7,20180316,20180317,20180317,25,1.0,False,Non local,1,4499.99,213607.03281665,0.07,314.9993,14952.492297165501
1443,2,4,972,57,9,7,2,7,20180316,20180317,20180317,25,1.0,False,Non local,1,1999.99,94936.19531665,0.2,399.99800000000005,18987.239063330002
1443,3,4,972,101,1,1,2,7,20180316,20180317,20180317,25,1.0,False,Non local,2,339.99,16138.759216650002,0.1,67.998,3227.7518433300006
1444,1,4,1154,90,9,1,2,6,20180316,20180317,20180319,181,3.0,True,Non local,1,209.99,9967.87566665,0.1,20.999000000000002,996.787566665
1444,2,4,1154,128,8,6,2,6,20180316,20180317,20180319,181,3.0,True,Non local,2,1899.0,90142.368165,0.2,759.6,36056.947266
1445,1,4,515,219,1,3,2,7,20180317,20180318,20180320,17,3.0,True,Non local,2,639.99,30379.25971665,0.1,127.998,6075.851943330001
1445,2,4,515,52,8,7,2,7,20180317,20180318,20180320,17,3.0,True,Non local,1,875.99,41581.786776650006,0.07,61.319300000000005,2910.725074365501
1445,3,4,515,123,9,6,2,7,20180317,20180318,20180320,17,3.0,True,Non local,2,999.99,47467.86031665,0.1,199.99800000000002,9493.57206333
1446,1,4,820,227,1,3,2,6,20180317,20180318,20180318,150,1.0,False,Non local,1,319.99,15189.39251665,0.05,15.999500000000001,759.4696258325
1446,2,4,820,233,1,3,2,6,20180317,20180318,20180318,150,1.0,False,Non local,2,639.99,30379.25971665,0.05,63.999,3037.9259716650004
1446,3,4,820,234,1,3,2,6,20180317,20180318,20180318,150,1.0,False,Non local,2,899.99,42721.02681665,0.05,89.99900000000001,4272.102681665
1447,1,4,1419,148,9,7,1,3,20180318,20180320,20180320,137,2.0,False,Non local,1,5499.99,261075.36781665,0.2,1099.998,52215.07356333
1448,1,4,228,239,1,3,2,6,20180318,20180319,20180321,128,3.0,True,Non local,1,749.99,35600.776566650005,0.1,74.99900000000001,3560.0776566650006
1449,1,4,330,159,9,7,2,7,20180318,20180319,20180320,106,2.0,True,Non local,1,2299.99,109176.69581665,0.07,160.9993,7642.3687071655
1449,2,4,330,55,9,7,2,7,20180318,20180319,20180320,106,2.0,True,Non local,1,2699.99,128164.02981665,0.2,539.9979999999999,25632.80596333
1449,3,4,330,260,1,3,2,7,20180318,20180319,20180320,106,2.0,True,Non local,2,799.99,37974.19331665,0.07,111.99860000000001,5316.387064331001
1449,4,4,330,252,1,3,2,7,20180318,20180319,20180320,106,2.0,True,Non local,2,2999.99,142404.53031665,0.05,299.99899999999997,14240.453031665
1449,5,4,330,14,1,3,2,7,20180318,20180319,20180320,106,2.0,True,Non local,2,269.99,12815.97576665,0.1,53.998000000000005,2563.1951533300003
1450,1,4,296,98,1,1,2,7,20180319,20180320,20180322,4,3.0,True,Non local,1,489.99,23259.00946665,0.07,34.2993,1628.1306626655003
1450,2,4,296,173,9,7,2,7,20180319,20180320,20180322,4,3.0,True,Non local,2,3199.99,151898.19731665,0.1,639.998,30379.639463330004
1450,3,4,296,299,1,2,2,7,20180319,20180320,20180322,4,3.0,True,Non local,1,559.99,26581.792916650003,0.2,111.998,5316.358583330001
1450,4,4,296,209,9,4,2,7,20180319,20180320,20180322,4,3.0,True,Non local,2,2999.99,142404.53031665,0.1,599.9979999999999,28480.90606333
1450,5,4,296,235,1,3,2,7,20180319,20180320,20180322,4,3.0,True,Non local,2,899.99,42721.02681665,0.05,89.99900000000001,4272.102681665
1451,1,4,822,117,9,6,2,6,20180319,20180322,20180320,88,1.0,False,Non local,1,1469.99,69777.97776665,0.05,73.4995,3488.8988883325
1452,1,4,287,99,1,1,1,3,20180320,20180323,20180323,108,3.0,False,Non local,2,299.99,14240.02581665,0.1,59.998000000000005,2848.0051633300004
1452,2,4,287,234,1,3,1,3,20180320,20180323,20180323,108,3.0,False,Non local,1,899.99,42721.02681665,0.2,179.99800000000002,8544.20536333
1452,3,4,287,86,9,1,1,3,20180320,20180323,20180323,108,3.0,False,Non local,2,149.99,7119.775566650001,0.05,14.999000000000002,711.9775566650001
1452,4,4,287,109,7,2,1,3,20180320,20180323,20180323,108,3.0,False,Non local,2,416.99,19793.82101165,0.07,58.378600000000006,2771.1349416310004
1453,1,4,601,89,9,1,1,3,20180320,20180323,20180322,37,2.0,False,Non local,2,209.99,9967.87566665,0.1,41.998000000000005,1993.57513333
1454,1,4,395,283,1,1,2,6,20180320,20180321,20180322,33,2.0,True,Non local,1,319.99,15189.39251665,0.07,22.399300000000004,1063.2574761655
1454,2,4,395,35,7,6,2,6,20180320,20180321,20180322,33,2.0,True,Non local,2,832.99,39540.64837165,0.1,166.598,7908.129674330001
1454,3,4,395,124,8,6,2,6,20180320,20180321,20180322,33,2.0,True,Non local,1,1499.0,71155.034165,0.2,299.8,14231.006833000001
1454,4,4,395,38,2,6,2,6,20180320,20180321,20180322,33,2.0,True,Non local,2,549.99,26107.10956665,0.05,54.999,2610.710956665
1455,1,4,405,101,1,1,2,6,20180320,20180322,20180321,77,1.0,False,Non local,2,339.99,16138.759216650002,0.05,33.999,1613.8759216650003
1455,2,4,405,254,1,3,2,6,20180320,20180322,20180321,77,1.0,False,Non local,1,749.99,35600.776566650005,0.2,149.99800000000002,7120.155313330001
1456,1,4,754,193,9,5,2,7,20180320,20180321,20180323,155,3.0,True,Non local,2,2799.99,132910.86331665,0.05,279.99899999999997,13291.086331665001
1456,2,4,754,246,1,3,2,7,20180320,20180321,20180323,155,3.0,True,Non local,1,639.99,30379.25971665,0.07,44.7993,2126.5481801655005
1456,3,4,754,268,9,1,2,7,20180320,20180321,20180323,155,3.0,True,Non local,2,159.99,7594.458916650001,0.1,31.998000000000005,1518.8917833300002
1456,4,4,754,272,9,1,2,7,20180320,20180321,20180323,155,3.0,True,Non local,1,289.99,13765.34246665,0.1,28.999000000000002,1376.534246665
1456,5,4,754,126,8,6,2,7,20180320,20180321,20180323,155,3.0,True,Non local,1,469.99,22309.64276665,0.1,46.999,2230.964276665
1457,1,4,1411,113,9,6,2,6,20180320,20180323,20180323,172,3.0,False,Non local,1,489.99,23259.00946665,0.07,34.2993,1628.1306626655003
1457,2,4,1411,111,7,2,2,6,20180320,20180323,20180323,172,3.0,False,Non local,1,470.99,22357.111101650004,0.2,94.19800000000001,4471.4222203300005
1457,3,4,1411,268,9,1,2,6,20180320,20180323,20180323,172,3.0,False,Non local,1,159.99,7594.458916650001,0.2,31.998000000000005,1518.8917833300002
1457,4,4,1411,152,9,7,2,6,20180320,20180323,20180323,172,3.0,False,Non local,2,2499.99,118670.36281665,0.2,999.996,47468.145126660005
1458,1,4,1029,295,1,1,3,8,20180320,20180322,20180321,57,1.0,False,local,2,319.99,15189.39251665,0.05,31.999000000000002,1518.939251665
1458,2,4,1029,105,7,2,3,8,20180320,20180322,20180321,57,1.0,False,local,1,533.99,25347.616206650004,0.05,26.6995,1267.3808103325002
1458,3,4,1029,12,1,3,3,8,20180320,20180322,20180321,57,1.0,False,local,1,549.99,26107.10956665,0.05,27.4995,1305.3554783325
1458,4,4,1029,78,7,3,3,8,20180320,20180322,20180321,57,1.0,False,local,2,647.99,30759.00639665,0.1,129.598,6151.80127933
1459,1,4,9,258,1,3,2,7,20180321,20180322,20180322,9,1.0,False,Non local,1,1259.9,59805.35526650001,0.1,125.99000000000001,5980.535526650001
1460,1,4,1131,201,9,5,2,7,20180321,20180323,20180323,152,2.0,False,Non local,1,4499.99,213607.03281665,0.05,224.9995,10680.351640832501
1460,2,4,1131,76,1,3,2,7,20180321,20180323,20180323,152,2.0,False,Non local,1,299.99,14240.02581665,0.07,20.9993,996.8018071655001
1460,3,4,1131,167,8,7,2,7,20180321,20180323,20180323,152,2.0,False,Non local,1,749.99,35600.776566650005,0.05,37.499500000000005,1780.0388283325003
1460,4,4,1131,7,9,6,2,7,20180321,20180323,20180323,152,2.0,False,Non local,2,3999.99,189872.86531665,0.07,559.9986,26582.201144331
1460,5,4,1131,123,9,6,2,7,20180321,20180323,20180323,152,2.0,False,Non local,2,999.99,47467.86031665,0.07,139.9986,6645.500444331001
1461,1,4,139,48,9,7,2,6,20180322,20180325,20180323,95,1.0,False,Non local,1,1499.99,71202.02781665,0.2,299.998,14240.405563330001
1461,2,4,139,242,1,3,2,6,20180322,20180325,20180323,95,1.0,False,Non local,2,699.99,33227.35981665,0.2,279.99600000000004,13290.943926660002
1462,1,4,1101,263,6,1,2,6,20180322,20180324,20180324,161,2.0,False,Non local,1,89.99,4271.67546665,0.2,17.998,854.3350933300001
1462,2,4,1101,25,1,2,2,6,20180322,20180324,20180324,161,2.0,False,Non local,1,499.99,23733.692816650004,0.07,34.999300000000005,1661.3584971655005
1462,3,4,1101,223,1,3,2,6,20180322,20180324,20180324,161,2.0,False,Non local,1,529.99,25157.74286665,0.1,52.999,2515.7742866650005
1462,4,4,1101,294,1,1,2,6,20180322,20180324,20180324,161,2.0,False,Non local,1,369.99,17562.80926665,0.1,36.999,1756.2809266650002
1462,5,4,1101,251,1,3,2,6,20180322,20180324,20180324,161,2.0,False,Non local,1,2999.99,142404.53031665,0.05,149.99949999999998,7120.2265158325
1463,1,4,692,51,9,7,2,7,20180323,20180324,20180324,35,1.0,False,Non local,2,6499.99,308543.70281665004,0.05,649.999,30854.370281665004
1463,2,4,692,168,8,7,2,7,20180323,20180324,20180324,35,1.0,False,Non local,1,1549.0,73528.45091500001,0.05,77.45,3676.4225457500006
1464,1,4,1279,109,7,2,2,7,20180324,20180325,20180325,18,1.0,False,Non local,2,416.99,19793.82101165,0.05,41.699000000000005,1979.3821011650002
1464,2,4,1279,124,8,6,2,7,20180324,20180325,20180325,18,1.0,False,Non local,1,1499.0,71155.034165,0.2,299.8,14231.006833000001
1464,3,4,1279,165,9,7,2,7,20180324,20180325,20180325,18,1.0,False,Non local,2,2499.99,118670.36281665,0.2,999.996,47468.145126660005
1464,4,4,1279,151,9,7,2,7,20180324,20180325,20180325,18,1.0,False,Non local,2,1549.99,73575.44456665001,0.05,154.99900000000002,7357.544456665001
1465,1,4,623,70,1,3,2,7,20180325,20180328,20180328,93,3.0,False,Non local,2,659.99,31328.626416650004,0.05,65.99900000000001,3132.8626416650004
1466,1,4,738,310,1,2,1,3,20180326,20180329,20180328,108,2.0,False,Non local,2,899.99,42721.02681665,0.07,125.99860000000001,5980.943754331001
1466,2,4,738,251,1,3,1,3,20180326,20180329,20180328,108,2.0,False,Non local,1,2999.99,142404.53031665,0.05,149.99949999999998,7120.2265158325
1466,3,4,738,163,8,7,1,3,20180326,20180329,20180328,108,2.0,False,Non local,2,1349.0,64034.78391500001,0.2,539.6,25613.913566000003
1466,4,4,738,39,9,6,1,3,20180326,20180329,20180328,108,2.0,False,Non local,2,1499.99,71202.02781665,0.05,149.999,7120.202781665001
1467,1,4,152,18,4,3,2,7,20180326,20180327,20180329,101,3.0,True,Non local,1,449.0,21313.282415,0.07,31.430000000000003,1491.9297690500002
1467,2,4,152,115,9,6,2,7,20180326,20180327,20180329,101,3.0,True,Non local,1,3199.99,151898.19731665,0.2,639.998,30379.639463330004
1467,3,4,152,278,9,1,2,7,20180326,20180327,20180329,101,3.0,True,Non local,2,369.99,17562.80926665,0.1,73.998,3512.5618533300003
1468,1,4,3,269,9,1,1,2,20180327,20180330,20180329,3,2.0,False,Non local,1,199.99,9493.192316650002,0.05,9.999500000000001,474.6596158325001
1468,2,4,3,58,9,7,1,2,20180327,20180330,20180329,3,2.0,False,Non local,1,4999.99,237341.20031665,0.07,349.9993,16613.8840221655
1468,3,4,3,50,9,7,1,2,20180327,20180330,20180329,3,2.0,False,Non local,2,5999.99,284809.53531665,0.07,839.9986,39873.33494433101
1469,1,4,1135,77,1,3,3,8,20180327,20180328,20180330,56,3.0,True,Non local,2,799.99,37974.19331665,0.2,319.99600000000004,15189.677326660001
1469,2,4,1135,237,1,3,3,8,20180327,20180328,20180330,56,3.0,True,Non local,2,849.99,40347.610066650006,0.05,84.99900000000001,4034.761006665001
1469,3,4,1135,182,9,7,3,8,20180327,20180328,20180330,56,3.0,True,Non local,1,2499.99,118670.36281665,0.07,174.9993,8306.9253971655
1469,4,4,1135,100,1,1,3,8,20180327,20180328,20180330,56,3.0,True,Non local,2,489.99,23259.00946665,0.05,48.999,2325.900946665
1470,1,4,505,110,7,2,2,7,20180328,20180331,20180331,118,3.0,False,Non local,2,470.99,22357.111101650004,0.1,94.19800000000001,4471.4222203300005
1470,2,4,505,287,1,1,2,7,20180328,20180331,20180331,118,3.0,False,Non local,1,279.99,13290.659116650002,0.05,13.999500000000001,664.5329558325002
1470,3,4,505,252,1,3,2,7,20180328,20180331,20180331,118,3.0,False,Non local,2,2999.99,142404.53031665,0.05,299.99899999999997,14240.453031665
1471,1,4,1310,59,9,7,2,7,20180328,20180330,20180329,150,1.0,False,Non local,2,2599.99,123417.19631665,0.2,1039.9959999999999,49366.87852666
1471,2,4,1310,136,9,6,2,7,20180328,20180330,20180329,150,1.0,False,Non local,1,1799.99,85442.52831665,0.07,125.99930000000002,5980.976982165501
1472,1,4,114,84,7,1,2,6,20180329,20180330,20180331,53,2.0,True,Non local,1,109.99,5221.04216665,0.2,21.998,1044.20843333
1472,2,4,114,300,1,2,2,6,20180329,20180330,20180331,53,2.0,True,Non local,1,799.99,37974.19331665,0.2,159.99800000000002,7594.838663330001
1473,1,4,302,84,7,1,1,2,20180330,20180401,20180402,111,3.0,True,Non local,2,109.99,5221.04216665,0.2,43.996,2088.41686666
1473,2,4,302,102,1,2,1,2,20180330,20180401,20180402,111,3.0,True,Non local,1,489.99,23259.00946665,0.07,34.2993,1628.1306626655003
1474,1,4,816,301,1,2,1,3,20180330,20180401,20180402,168,3.0,True,Non local,1,899.99,42721.02681665,0.2,179.99800000000002,8544.20536333
1474,2,4,816,123,9,6,1,3,20180330,20180401,20180402,168,3.0,True,Non local,1,999.99,47467.86031665,0.05,49.999500000000005,2373.3930158325
1475,1,4,112,306,1,2,2,6,20180330,20180401,20180331,84,1.0,False,Non local,2,899.99,42721.02681665,0.05,89.99900000000001,4272.102681665
1475,2,4,112,261,1,3,2,6,20180330,20180401,20180331,84,1.0,False,Non local,2,899.99,42721.02681665,0.07,125.99860000000001,5980.943754331001
1475,3,4,112,161,8,7,2,6,20180330,20180401,20180331,84,1.0,False,Non local,2,1899.0,90142.368165,0.05,189.9,9014.2368165
1475,4,4,112,248,1,3,2,6,20180330,20180401,20180331,84,1.0,False,Non local,2,599.99,28480.52631665,0.2,239.996,11392.210526660001
1476,1,4,35,142,9,6,2,7,20180331,20180401,20180401,32,1.0,False,Non local,2,3199.99,151898.19731665,0.07,447.9986,21265.747624331005
1476,2,4,35,91,9,1,2,7,20180331,20180401,20180401,32,1.0,False,Non local,2,349.99,16613.442566650003,0.07,48.9986,2325.8819593310004
1476,3,4,35,43,9,6,2,7,20180331,20180401,20180401,32,1.0,False,Non local,1,5299.99,251581.70081665,0.07,370.9993,17610.7190571655
1476,4,4,35,191,1,5,2,7,20180331,20180401,20180401,32,1.0,False,Non local,1,2799.99,132910.86331665,0.1,279.99899999999997,13291.086331665001
1476,5,4,35,265,6,1,2,7,20180331,20180401,20180401,32,1.0,False,Non local,2,289.99,13765.34246665,0.1,57.998000000000005,2753.06849333
1477,1,4,180,210,8,4,2,6,20180331,20180403,20180401,72,1.0,False,Non local,2,1549.0,73528.45091500001,0.2,619.6,29411.380366000005
1478,1,4,392,100,1,1,2,6,20180331,20180402,20180402,80,2.0,False,Non local,2,489.99,23259.00946665,0.1,97.998,4651.80189333
1478,2,4,392,123,9,6,2,6,20180331,20180402,20180402,80,2.0,False,Non local,1,999.99,47467.86031665,0.2,199.99800000000002,9493.57206333
1479,1,2,23,252,1,3,2,7,20180401,20180401,,22,,False,Non local,1,2999.99,142404.53031665,0.05,149.99949999999998,7120.2265158325
1479,2,2,23,256,1,3,2,7,20180401,20180401,,22,,False,Non local,1,899.99,42721.02681665,0.1,89.99900000000001,4272.102681665
1480,1,2,27,308,1,2,2,7,20180401,20180401,,26,,False,Non local,2,749.99,35600.776566650005,0.1,149.99800000000002,7120.155313330001
1480,2,2,27,82,1,3,2,7,20180401,20180401,,26,,False,Non local,2,659.99,31328.626416650004,0.1,131.99800000000002,6265.725283330001
1480,3,2,27,92,2,1,2,7,20180401,20180401,,26,,False,Non local,2,209.99,9967.87566665,0.07,29.398600000000005,1395.502593331
1480,4,2,27,225,1,3,2,7,20180401,20180401,,26,,False,Non local,2,959.99,45569.126916650006,0.07,134.39860000000002,6379.677768331001
1481,1,1,62,53,8,7,2,6,20180401,20180401,,45,,False,Non local,2,749.99,35600.776566650005,0.07,104.99860000000001,4984.108719331001
1481,2,1,62,130,9,6,2,6,20180401,20180401,,45,,False,Non local,1,919.99,43670.39351665,0.1,91.99900000000001,4367.039351665
1482,1,1,94,48,9,7,2,7,20180401,20180401,,32,,False,Non local,1,1499.99,71202.02781665,0.1,149.999,7120.202781665001
1482,2,1,94,113,9,6,2,7,20180401,20180401,,32,,False,Non local,1,489.99,23259.00946665,0.05,24.4995,1162.9504733325
1482,3,1,94,58,9,7,2,7,20180401,20180401,,32,,False,Non local,2,4999.99,237341.20031665,0.07,699.9986,33227.768044331
1482,4,1,94,40,9,6,2,7,20180401,20180401,,32,,False,Non local,1,4999.99,237341.20031665,0.05,249.9995,11867.060015832501
1482,5,1,94,205,9,5,2,7,20180401,20180401,,32,,False,Non local,2,4999.99,237341.20031665,0.05,499.999,23734.120031665003
1483,1,1,15,280,9,1,2,7,20180402,20180402,,15,,False,Non local,1,489.99,23259.00946665,0.05,24.4995,1162.9504733325
1483,2,1,15,226,1,3,2,7,20180402,20180402,,15,,False,Non local,2,679.99,32277.993116650003,0.07,95.19860000000001,4518.919036331001
1484,1,2,35,295,1,1,2,6,20180402,20180402,,32,,False,Non local,2,319.99,15189.39251665,0.07,44.79860000000001,2126.514952331
1484,2,2,35,49,9,7,2,6,20180402,20180402,,32,,False,Non local,2,3499.99,166138.69781665,0.2,1399.996,66455.47912666001
1484,3,2,35,304,1,2,2,6,20180402,20180402,,32,,False,Non local,2,679.99,32277.993116650003,0.05,67.99900000000001,3227.7993116650005
1485,1,2,51,122,8,6,2,7,20180402,20180402,,44,,False,Non local,2,2499.99,118670.36281665,0.2,999.996,47468.145126660005
1485,2,2,51,276,9,1,2,7,20180402,20180402,,44,,False,Non local,1,319.99,15189.39251665,0.2,63.998000000000005,3037.87850333
1486,1,2,84,60,7,5,2,7,20180402,20180402,,65,,False,Non local,2,1559.99,74050.12791665,0.05,155.99900000000002,7405.012791665001
1486,2,2,84,98,1,1,2,7,20180402,20180402,,65,,False,Non local,1,489.99,23259.00946665,0.05,24.4995,1162.9504733325
1486,3,2,84,113,9,6,2,7,20180402,20180402,,65,,False,Non local,1,489.99,23259.00946665,0.1,48.999,2325.900946665
1486,4,2,84,269,9,1,2,7,20180402,20180402,,65,,False,Non local,1,199.99,9493.192316650002,0.1,19.999000000000002,949.3192316650002
1487,1,1,33,160,9,7,1,3,20180403,20180403,,31,,False,Non local,1,4499.99,213607.03281665,0.07,314.9993,14952.492297165501
1487,2,1,33,151,9,7,1,3,20180403,20180403,,31,,False,Non local,2,1549.99,73575.44456665001,0.2,619.9960000000001,29430.177826660005
1487,3,1,33,198,1,5,1,3,20180403,20180403,,31,,False,Non local,1,2999.99,142404.53031665,0.05,149.99949999999998,7120.2265158325
1487,4,1,33,196,9,5,1,3,20180403,20180403,,31,,False,Non local,1,2299.99,109176.69581665,0.05,114.9995,5458.8347908325
1487,5,1,33,96,1,1,1,3,20180403,20180403,,31,,False,Non local,2,349.99,16613.442566650003,0.2,139.996,6645.377026660001
1488,1,2,181,42,9,6,1,3,20180403,20180403,,3,,False,Non local,1,2299.99,109176.69581665,0.07,160.9993,7642.3687071655
1488,2,2,181,122,8,6,1,3,20180403,20180403,,3,,False,Non local,1,2499.99,118670.36281665,0.07,174.9993,8306.9253971655
1489,1,1,194,198,1,5,1,3,20180403,20180403,,113,,False,local,1,2999.99,142404.53031665,0.2,599.9979999999999,28480.90606333
1489,2,1,194,282,1,1,1,3,20180403,20180403,,113,,False,local,2,279.99,13290.659116650002,0.2,111.99600000000001,5316.2636466600015
1489,3,1,194,52,8,7,1,3,20180403,20180403,,113,,False,local,1,875.99,41581.786776650006,0.1,87.599,4158.178677665001
1490,1,2,217,99,1,1,1,3,20180403,20180403,,87,,False,Non local,1,299.99,14240.02581665,0.1,29.999000000000002,1424.0025816650002
1490,2,2,217,254,1,3,1,3,20180403,20180403,,87,,False,Non local,1,749.99,35600.776566650005,0.1,74.99900000000001,3560.0776566650006
1490,3,2,217,218,1,3,1,3,20180403,20180403,,87,,False,Non local,1,319.99,15189.39251665,0.05,15.999500000000001,759.4696258325
1491,1,1,82,95,1,1,1,3,20180404,20180404,,64,,False,Non local,2,299.99,14240.02581665,0.2,119.99600000000001,5696.010326660001
1491,2,1,82,302,1,2,1,3,20180404,20180404,,64,,False,Non local,1,449.99,21360.276066650003,0.05,22.4995,1068.0138033325002
1491,3,1,82,60,7,5,1,3,20180404,20180404,,64,,False,Non local,2,1559.99,74050.12791665,0.07,218.39860000000002,10367.017908331001
1491,4,1,82,139,9,6,1,3,20180404,20180404,,64,,False,Non local,2,2999.99,142404.53031665,0.07,419.9986,19936.634244331002
1492,1,1,41,37,2,6,2,7,20180404,20180404,,38,,False,Non local,2,379.99,18037.49261665,0.1,75.998,3607.4985233300004
1493,1,2,64,230,1,3,3,8,20180404,20180404,,54,,False,Non local,1,429.99,20410.90936665,0.1,42.999,2041.0909366650003
1494,1,2,69,230,1,3,1,3,20180405,20180405,,58,,False,Non local,2,429.99,20410.90936665,0.1,85.998,4082.1818733300006
1494,2,2,69,178,9,7,1,3,20180405,20180405,,58,,False,Non local,2,749.99,35600.776566650005,0.2,299.99600000000004,14240.310626660003
1494,3,2,69,264,6,1,1,3,20180405,20180405,,58,,False,Non local,2,249.99,11866.60906665,0.05,24.999000000000002,1186.660906665
1495,1,2,86,292,1,1,2,7,20180405,20180405,,67,,False,Non local,2,369.99,17562.80926665,0.05,36.999,1756.2809266650002
1495,2,2,86,308,1,2,2,7,20180405,20180405,,67,,False,Non local,2,749.99,35600.776566650005,0.2,299.99600000000004,14240.310626660003
1495,3,2,86,137,3,6,2,7,20180405,20180405,,67,,False,Non local,1,2599.0,123370.202665,0.1,259.90000000000003,12337.020266500002
1496,1,1,3,248,1,3,1,3,20180406,20180406,,3,,False,Non local,1,599.99,28480.52631665,0.07,41.999300000000005,1993.6368421655002
1496,2,1,3,214,1,3,1,3,20180406,20180406,,3,,False,Non local,1,899.99,42721.02681665,0.07,62.999300000000005,2990.4718771655007
1496,3,1,3,224,1,3,1,3,20180406,20180406,,3,,False,Non local,2,479.99,22784.32611665,0.05,47.999,2278.4326116650004
1496,4,1,3,302,1,2,1,3,20180406,20180406,,3,,False,Non local,1,449.99,21360.276066650003,0.05,22.4995,1068.0138033325002
1496,5,1,3,225,1,3,1,3,20180406,20180406,,3,,False,Non local,2,959.99,45569.126916650006,0.2,383.99600000000004,18227.650766660005
1497,1,2,31,141,9,6,1,2,20180406,20180406,,29,,False,Non local,2,1599.99,75948.86131665,0.2,639.9960000000001,30379.54452666
1497,2,2,31,198,1,5,1,2,20180406,20180406,,29,,False,Non local,2,2999.99,142404.53031665,0.1,599.9979999999999,28480.90606333
1497,3,2,31,204,9,5,1,2,20180406,20180406,,29,,False,Non local,2,3599.99,170885.53131665,0.07,503.9986,23923.974384331003
1498,1,1,81,172,9,7,1,2,20180406,20180406,,43,,False,Non local,1,3199.99,151898.19731665,0.05,159.9995,7594.909865832501
1498,2,1,81,260,1,3,1,2,20180406,20180406,,43,,False,Non local,2,799.99,37974.19331665,0.07,111.99860000000001,5316.387064331001
1499,1,2,120,110,7,2,1,2,20180406,20180406,,87,,False,Non local,1,470.99,22357.111101650004,0.05,23.549500000000002,1117.8555550825001
1499,2,2,120,208,9,4,1,2,20180406,20180406,,87,,False,Non local,1,1799.99,85442.52831665,0.07,125.99930000000002,5980.976982165501
1499,3,2,120,268,9,1,1,2,20180406,20180406,,87,,False,Non local,2,159.99,7594.458916650001,0.05,15.999000000000002,759.4458916650001
1499,4,2,120,2,5,6,1,2,20180406,20180406,,87,,False,Non local,1,749.99,35600.776566650005,0.05,37.499500000000005,1780.0388283325003
1499,5,2,120,171,9,7,1,2,20180406,20180406,,87,,False,Non local,2,3199.99,151898.19731665,0.1,639.998,30379.639463330004
1500,1,2,151,41,2,6,1,3,20180406,20180406,,23,,False,Non local,2,1469.99,69777.97776665,0.07,205.79860000000002,9768.916887331
1500,2,2,151,293,1,1,1,3,20180406,20180406,,23,,False,Non local,1,319.99,15189.39251665,0.07,22.399300000000004,1063.2574761655
1501,1,1,52,248,1,3,2,6,20180406,20180406,,45,,False,Non local,1,599.99,28480.52631665,0.05,29.9995,1424.0263158325001
1501,2,1,52,219,1,3,2,6,20180406,20180406,,45,,False,Non local,1,639.99,30379.25971665,0.07,44.7993,2126.5481801655005
1501,3,1,52,15,1,3,2,6,20180406,20180406,,45,,False,Non local,1,529.99,25157.74286665,0.05,26.4995,1257.8871433325003
1501,4,1,52,67,7,3,2,6,20180406,20180406,,45,,False,Non local,1,250.99,11914.077401650002,0.2,50.19800000000001,2382.8154803300004
1501,5,1,52,210,8,4,2,6,20180406,20180406,,45,,False,Non local,1,1549.0,73528.45091500001,0.05,77.45,3676.4225457500006
1502,1,2,83,231,1,3,2,6,20180406,20180406,,17,,False,Non local,2,529.99,25157.74286665,0.2,211.996,10063.097146660002
1502,2,2,83,19,4,3,2,6,20180406,20180406,,17,,False,Non local,2,449.0,21313.282415,0.07,62.86000000000001,2983.8595381000005
1502,3,2,83,26,1,2,2,6,20180406,20180406,,17,,False,Non local,2,599.99,28480.52631665,0.07,83.99860000000001,3987.2736843310004
1502,4,2,83,268,9,1,2,6,20180406,20180406,,17,,False,Non local,1,159.99,7594.458916650001,0.2,31.998000000000005,1518.8917833300002
1502,5,2,83,255,1,3,2,6,20180406,20180406,,17,,False,Non local,1,899.99,42721.02681665,0.07,62.999300000000005,2990.4718771655007
1503,1,2,208,217,1,3,1,3,20180407,20180407,,120,,False,Non local,1,909.99,43195.71016665,0.1,90.99900000000001,4319.571016665001
1503,2,2,208,302,1,2,1,3,20180407,20180407,,120,,False,Non local,2,449.99,21360.276066650003,0.05,44.999,2136.0276066650003
1504,1,2,237,276,9,1,1,2,20180408,20180408,,105,,False,Non local,1,319.99,15189.39251665,0.07,22.399300000000004,1063.2574761655
1505,1,1,22,223,1,3,2,7,20180408,20180408,,21,,False,Non local,2,529.99,25157.74286665,0.05,52.999,2515.7742866650005
1505,2,1,22,24,1,2,2,7,20180408,20180408,,21,,False,Non local,2,549.99,26107.10956665,0.07,76.99860000000001,3654.995339331
1505,3,1,22,43,9,6,2,7,20180408,20180408,,21,,False,Non local,2,5299.99,251581.70081665,0.05,529.999,25158.170081665
1506,1,1,75,184,9,7,2,7,20180408,20180408,,53,,False,Non local,1,3499.99,166138.69781665,0.05,174.9995,8306.934890832501
1506,2,1,75,153,9,7,2,7,20180408,20180408,,53,,False,Non local,2,4999.99,237341.20031665,0.2,1999.996,94936.48012666001
1506,3,1,75,149,9,7,2,7,20180408,20180408,,53,,False,Non local,2,7499.99,356012.03781665,0.05,749.999,35601.203781665004
1507,1,2,85,39,9,6,2,6,20180408,20180408,,66,,False,Non local,2,1499.99,71202.02781665,0.2,599.996,28480.811126660003
1507,2,2,85,11,8,4,2,6,20180408,20180408,,66,,False,Non local,2,1680.99,79793.79645165,0.1,336.19800000000004,15958.759290330003
1507,3,2,85,259,1,3,2,6,20180408,20180408,,66,,False,Non local,1,1199.99,56961.527316650005,0.07,83.9993,3987.3069121655008
1507,4,2,85,281,1,1,2,6,20180408,20180408,,66,,False,Non local,1,319.99,15189.39251665,0.07,22.399300000000004,1063.2574761655
1507,5,2,85,293,1,1,2,6,20180408,20180408,,66,,False,Non local,2,319.99,15189.39251665,0.05,31.999000000000002,1518.939251665
1508,1,2,92,37,2,6,2,6,20180408,20180408,,72,,False,Non local,1,379.99,18037.49261665,0.2,75.998,3607.4985233300004
1508,2,2,92,109,7,2,2,6,20180408,20180408,,72,,False,Non local,1,416.99,19793.82101165,0.1,41.699000000000005,1979.3821011650002
1508,3,2,92,52,8,7,2,6,20180408,20180408,,72,,False,Non local,2,875.99,41581.786776650006,0.05,87.599,4158.178677665001
1508,4,2,92,88,9,1,2,6,20180408,20180408,,72,,False,Non local,1,189.99,9018.50896665,0.05,9.499500000000001,450.9254483325001
1509,1,1,2,215,1,3,1,3,20180409,20180409,,2,,False,Non local,2,749.99,35600.776566650005,0.07,104.99860000000001,4984.108719331001
1510,1,2,16,142,9,6,2,6,20180409,20180409,,16,,False,Non local,2,3199.99,151898.19731665,0.05,319.999,15189.819731665002
1510,2,2,16,68,7,3,2,6,20180409,20180409,,16,,False,Non local,1,449.99,21360.276066650003,0.1,44.999,2136.0276066650003
1510,3,2,16,251,1,3,2,6,20180409,20180409,,16,,False,Non local,2,2999.99,142404.53031665,0.1,599.9979999999999,28480.90606333
1510,4,2,16,220,1,3,2,6,20180409,20180409,,16,,False,Non local,2,269.99,12815.97576665,0.1,53.998000000000005,2563.1951533300003
1510,5,2,16,137,3,6,2,6,20180409,20180409,,16,,False,Non local,1,2599.0,123370.202665,0.05,129.95000000000002,6168.510133250001
1511,1,1,25,144,9,7,2,6,20180409,20180409,,24,,False,Non local,2,1549.99,73575.44456665001,0.2,619.9960000000001,29430.177826660005
1511,2,1,25,288,1,1,2,6,20180409,20180409,,24,,False,Non local,1,389.99,18512.17596665,0.07,27.299300000000002,1295.8523176655
1511,3,1,25,17,4,3,2,6,20180409,20180409,,24,,False,Non local,2,429.0,20363.915715000003,0.07,60.06,2850.9482001000006
1511,4,1,25,41,2,6,2,6,20180409,20180409,,24,,False,Non local,1,1469.99,69777.97776665,0.05,73.4995,3488.8988883325
1511,5,1,25,124,8,6,2,6,20180409,20180409,,24,,False,Non local,2,1499.0,71155.034165,0.2,599.6,28462.013666000003
1512,1,1,68,217,1,3,3,9,20180409,20180409,,57,,False,local,1,909.99,43195.71016665,0.07,63.69930000000001,3023.6997116655
1513,1,2,32,166,9,7,1,2,20180410,20180410,,30,,False,Non local,1,749.99,35600.776566650005,0.1,74.99900000000001,3560.0776566650006
1513,2,2,32,61,9,5,1,2,20180410,20180410,,30,,False,Non local,2,4999.99,237341.20031665,0.05,499.999,23734.120031665003
1513,3,2,32,159,9,7,1,2,20180410,20180410,,30,,False,Non local,2,2299.99,109176.69581665,0.05,229.999,10917.669581665
1514,1,2,87,240,1,3,1,3,20180410,20180410,,68,,False,Non local,2,899.99,42721.02681665,0.1,179.99800000000002,8544.20536333
1514,2,2,87,203,9,5,1,3,20180410,20180410,,68,,False,Non local,2,4999.99,237341.20031665,0.05,499.999,23734.120031665003
1515,1,1,61,27,8,6,3,9,20180410,20180410,,52,,False,Non local,2,999.99,47467.86031665,0.2,399.99600000000004,18987.14412666
1515,2,1,61,202,9,5,3,9,20180410,20180410,,52,,False,Non local,2,3499.99,166138.69781665,0.1,699.998,33227.739563330004
1515,3,1,61,310,1,2,3,9,20180410,20180410,,52,,False,Non local,2,899.99,42721.02681665,0.05,89.99900000000001,4272.102681665
1515,4,1,61,40,9,6,3,9,20180410,20180410,,52,,False,Non local,1,4999.99,237341.20031665,0.1,499.999,23734.120031665003
1515,5,1,61,158,9,7,3,9,20180410,20180410,,52,,False,Non local,2,959.99,45569.126916650006,0.2,383.99600000000004,18227.650766660005
1516,1,2,47,172,9,7,1,3,20180411,20180411,,43,,False,Non local,2,3199.99,151898.19731665,0.1,639.998,30379.639463330004
1516,2,2,47,253,1,3,1,3,20180411,20180411,,43,,False,Non local,1,2599.99,123417.19631665,0.1,259.99899999999997,12341.719631665
1516,3,2,47,196,9,5,1,3,20180411,20180411,,43,,False,Non local,2,2299.99,109176.69581665,0.2,919.996,43670.67832666
1516,4,2,47,259,1,3,1,3,20180411,20180411,,43,,False,Non local,2,1199.99,56961.527316650005,0.2,479.99600000000004,22784.610926660003
1516,5,2,47,271,9,1,1,3,20180411,20180411,,43,,False,Non local,2,209.99,9967.87566665,0.2,83.99600000000001,3987.15026666
1517,1,1,97,303,1,2,1,2,20180411,20180411,,76,,False,Non local,2,2599.99,123417.19631665,0.07,363.9986,17278.407484331
1517,2,1,97,226,1,3,1,2,20180411,20180411,,76,,False,Non local,2,679.99,32277.993116650003,0.05,67.99900000000001,3227.7993116650005
1518,1,1,175,304,1,2,1,2,20180411,20180411,,68,,False,Non local,2,679.99,32277.993116650003,0.1,135.99800000000002,6455.598623330001
1518,2,1,175,182,9,7,1,2,20180411,20180411,,68,,False,Non local,2,2499.99,118670.36281665,0.05,249.999,11867.036281665001
1518,3,1,175,252,1,3,1,2,20180411,20180411,,68,,False,Non local,2,2999.99,142404.53031665,0.05,299.99899999999997,14240.453031665
1519,1,2,26,150,9,7,2,7,20180411,20180411,,25,,False,Non local,1,4499.99,213607.03281665,0.2,899.998,42721.406563330005
1519,2,2,26,85,2,1,2,7,20180411,20180411,,25,,False,Non local,2,329.99,15664.075866650002,0.2,131.996,6265.630346660001
1519,3,2,26,124,8,6,2,7,20180411,20180411,,25,,False,Non local,2,1499.0,71155.034165,0.07,209.86,9961.704783100002
1519,4,2,26,65,7,3,2,7,20180411,20180411,,25,,False,Non local,1,346.99,16471.037561650002,0.2,69.39800000000001,3294.2075123300006
1519,5,2,26,265,6,1,2,7,20180411,20180411,,25,,False,Non local,2,289.99,13765.34246665,0.05,28.999000000000002,1376.534246665
1520,1,2,66,186,9,5,3,8,20180411,20180411,,56,,False,Non local,1,4499.99,213607.03281665,0.05,224.9995,10680.351640832501
1520,2,2,66,188,9,5,3,8,20180411,20180411,,56,,False,Non local,2,3499.99,166138.69781665,0.2,1399.996,66455.47912666001
1520,3,2,66,310,1,2,3,8,20180411,20180411,,56,,False,Non local,2,899.99,42721.02681665,0.07,125.99860000000001,5980.943754331001
1520,4,2,66,263,6,1,3,8,20180411,20180411,,56,,False,Non local,2,89.99,4271.67546665,0.1,17.998,854.3350933300001
1521,1,1,53,100,1,1,1,3,20180412,20180412,,46,,False,Non local,1,489.99,23259.00946665,0.2,97.998,4651.80189333
1521,2,1,53,314,1,2,1,3,20180412,20180412,,46,,False,Non local,2,679.99,32277.993116650003,0.2,271.99600000000004,12911.197246660002
1521,3,1,53,123,9,6,1,3,20180412,20180412,,46,,False,Non local,1,999.99,47467.86031665,0.1,99.99900000000001,4746.786031665
1521,4,1,53,135,9,6,1,3,20180412,20180412,,46,,False,Non local,2,1499.99,71202.02781665,0.2,599.996,28480.811126660003
1522,1,1,78,95,1,1,1,3,20180412,20180412,,31,,False,Non local,1,299.99,14240.02581665,0.1,29.999000000000002,1424.0025816650002
1522,2,1,78,141,9,6,1,3,20180412,20180412,,31,,False,Non local,1,1599.99,75948.86131665,0.07,111.9993,5316.4202921655005
1522,3,1,78,117,9,6,1,3,20180412,20180412,,31,,False,Non local,1,1469.99,69777.97776665,0.07,102.89930000000001,4884.4584436655
1523,1,1,8,311,1,2,2,7,20180412,20180412,,8,,False,Non local,2,749.99,35600.776566650005,0.2,299.99600000000004,14240.310626660003
1524,1,1,37,168,8,7,2,6,20180412,20180412,,34,,False,Non local,1,1549.0,73528.45091500001,0.1,154.9,7352.845091500001
1524,2,1,37,295,1,1,2,6,20180412,20180412,,34,,False,Non local,2,319.99,15189.39251665,0.2,127.99600000000001,6075.75700666
1524,3,1,37,313,1,2,2,6,20180412,20180412,,34,,False,Non local,1,449.99,21360.276066650003,0.2,89.998,4272.055213330001
1524,4,1,37,252,1,3,2,6,20180412,20180412,,34,,False,Non local,2,2999.99,142404.53031665,0.2,1199.9959999999999,56961.81212666
1525,1,2,38,156,9,7,2,7,20180412,20180412,,35,,False,Non local,1,6499.99,308543.70281665004,0.1,649.999,30854.370281665004
1525,2,2,38,163,8,7,2,7,20180412,20180412,,35,,False,Non local,2,1349.0,64034.78391500001,0.07,188.86,8964.869748100002
1525,3,2,38,193,9,5,2,7,20180412,20180412,,35,,False,Non local,1,2799.99,132910.86331665,0.07,195.9993,9303.760432165502
1526,1,2,59,151,9,7,2,7,20180412,20180412,,50,,False,Non local,1,1549.99,73575.44456665001,0.07,108.4993,5150.281119665501
1526,2,2,59,56,9,7,2,7,20180412,20180412,,50,,False,Non local,1,5499.99,261075.36781665,0.1,549.999,26107.536781665
1526,3,2,59,238,1,3,2,7,20180412,20180412,,50,,False,Non local,1,749.99,35600.776566650005,0.1,74.99900000000001,3560.0776566650006
1526,4,2,59,243,1,3,2,7,20180412,20180412,,50,,False,Non local,1,679.99,32277.993116650003,0.05,33.999500000000005,1613.8996558325002
1527,1,2,13,33,8,6,3,9,20180412,20180412,,13,,False,Non local,1,469.99,22309.64276665,0.1,46.999,2230.964276665
1527,2,2,13,103,7,2,3,9,20180412,20180412,,13,,False,Non local,1,551.99,26202.046236650003,0.05,27.599500000000003,1310.1023118325002
1527,3,2,13,57,9,7,3,9,20180412,20180412,,13,,False,Non local,2,1999.99,94936.19531665,0.05,199.99900000000002,9493.619531665001
1528,1,1,20,229,1,3,3,8,20180412,20180412,,19,,False,Non local,2,429.99,20410.90936665,0.2,171.996,8164.363746660001
1529,1,1,50,23,1,1,3,8,20180412,20180412,,19,,False,Non local,1,299.99,14240.02581665,0.05,14.999500000000001,712.0012908325001
1529,2,1,50,50,9,7,3,8,20180412,20180412,,19,,False,Non local,2,5999.99,284809.53531665,0.1,1199.998,56961.90706333
1530,1,1,110,213,1,3,1,2,20180413,20180413,,83,,False,Non local,2,269.99,12815.97576665,0.1,53.998000000000005,2563.1951533300003
1530,2,1,110,116,9,6,1,2,20180413,20180413,,83,,False,Non local,1,749.99,35600.776566650005,0.1,74.99900000000001,3560.0776566650006
1531,1,1,233,128,8,6,1,2,20180413,20180413,,109,,False,Non local,1,1899.0,90142.368165,0.1,189.9,9014.2368165
1532,1,2,7,209,9,4,2,7,20180413,20180413,,7,,False,Non local,2,2999.99,142404.53031665,0.07,419.9986,19936.634244331002
1533,1,2,28,274,9,1,2,6,20180413,20180413,,27,,False,Non local,2,229.99,10917.242366650002,0.1,45.998000000000005,2183.4484733300005
1533,2,2,28,78,7,3,2,6,20180413,20180413,,27,,False,Non local,1,647.99,30759.00639665,0.1,64.799,3075.900639665
1533,3,2,28,96,1,1,2,6,20180413,20180413,,27,,False,Non local,1,349.99,16613.442566650003,0.1,34.999,1661.3442566650003
1533,4,2,28,235,1,3,2,6,20180413,20180413,,27,,False,Non local,2,899.99,42721.02681665,0.1,179.99800000000002,8544.20536333
1533,5,2,28,51,9,7,2,6,20180413,20180413,,27,,False,Non local,1,6499.99,308543.70281665004,0.1,649.999,30854.370281665004
1534,1,2,18,194,9,5,2,7,20180414,20180414,,18,,False,Non local,1,3499.99,166138.69781665,0.1,349.999,16613.869781665002
1534,2,2,18,117,9,6,2,7,20180414,20180414,,18,,False,Non local,1,1469.99,69777.97776665,0.05,73.4995,3488.8988883325
1534,3,2,18,269,9,1,2,7,20180414,20180414,,18,,False,Non local,2,199.99,9493.192316650002,0.2,79.99600000000001,3797.2769266600008
1534,4,2,18,172,9,7,2,7,20180414,20180414,,18,,False,Non local,2,3199.99,151898.19731665,0.2,1279.996,60759.27892666001
1535,1,2,19,92,2,1,2,7,20180414,20180414,,1,,False,Non local,1,209.99,9967.87566665,0.05,10.499500000000001,498.3937833325
1535,2,2,19,75,1,3,2,7,20180414,20180414,,1,,False,Non local,2,599.99,28480.52631665,0.05,59.999,2848.0526316650003
1536,1,2,34,183,9,7,2,7,20180414,20180414,,21,,False,Non local,1,2199.99,104429.86231665,0.2,439.998,20885.972463330003
1536,2,2,34,185,9,5,2,7,20180414,20180414,,21,,False,Non local,2,2799.99,132910.86331665,0.07,391.9986,18607.520864331003
1536,3,2,34,196,9,5,2,7,20180414,20180414,,21,,False,Non local,2,2299.99,109176.69581665,0.2,919.996,43670.67832666
1537,1,1,36,237,1,3,2,6,20180415,20180415,,33,,False,Non local,2,849.99,40347.610066650006,0.05,84.99900000000001,4034.761006665001
1538,1,2,79,206,9,4,2,6,20180415,20180415,,63,,False,local,1,3299.99,156645.03081665,0.07,230.9993,10965.1521571655
1538,2,2,79,46,2,6,2,6,20180415,20180415,,63,,False,local,2,1409.99,66929.87766665,0.07,197.39860000000002,9370.182873331001
1538,3,2,79,117,9,6,2,6,20180415,20180415,,63,,False,local,1,1469.99,69777.97776665,0.07,102.89930000000001,4884.4584436655
1538,4,2,79,197,9,5,2,6,20180415,20180415,,63,,False,local,1,2299.99,109176.69581665,0.2,459.998,21835.33916333
1538,5,2,79,306,1,2,2,6,20180415,20180415,,63,,False,local,2,899.99,42721.02681665,0.05,89.99900000000001,4272.102681665
1539,1,1,116,6,8,6,3,9,20180415,20180415,,85,,False,Non local,2,469.99,22309.64276665,0.05,46.999,2230.964276665
1539,2,1,116,12,1,3,3,9,20180415,20180415,,85,,False,Non local,2,549.99,26107.10956665,0.05,54.999,2610.710956665
1540,1,1,187,71,7,3,1,2,20180416,20180416,,111,,False,Non local,2,416.99,19793.82101165,0.05,41.699000000000005,1979.3821011650002
1540,2,1,187,236,1,3,1,2,20180416,20180416,,111,,False,Non local,1,749.99,35600.776566650005,0.07,52.499300000000005,2492.0543596655007
1540,3,1,187,224,1,3,1,2,20180416,20180416,,111,,False,Non local,1,479.99,22784.32611665,0.05,23.9995,1139.2163058325002
1540,4,1,187,177,9,7,1,2,20180416,20180416,,111,,False,Non local,2,5499.99,261075.36781665,0.05,549.999,26107.536781665
1540,5,1,187,78,7,3,1,2,20180416,20180416,,111,,False,Non local,1,647.99,30759.00639665,0.2,129.598,6151.80127933
1541,1,2,10,155,9,7,2,7,20180416,20180416,,10,,False,Non local,2,11999.99,569619.5453166501,0.1,2399.998,113923.90906333002
1541,2,2,10,248,1,3,2,7,20180416,20180416,,10,,False,Non local,2,599.99,28480.52631665,0.07,83.99860000000001,3987.2736843310004
1541,3,2,10,142,9,6,2,7,20180416,20180416,,10,,False,Non local,2,3199.99,151898.19731665,0.1,639.998,30379.639463330004
1541,4,2,10,17,4,3,2,7,20180416,20180416,,10,,False,Non local,1,429.0,20363.915715000003,0.1,42.900000000000006,2036.3915715000003
1541,5,2,10,86,9,1,2,7,20180416,20180416,,10,,False,Non local,2,149.99,7119.775566650001,0.05,14.999000000000002,711.9775566650001
1542,1,2,58,79,7,3,2,6,20180416,20180416,,49,,False,Non local,1,402.99,19129.26432165,0.2,80.59800000000001,3825.85286433
1542,2,2,58,122,8,6,2,6,20180416,20180416,,49,,False,Non local,2,2499.99,118670.36281665,0.05,249.999,11867.036281665001
1542,3,2,58,184,9,7,2,6,20180416,20180416,,49,,False,Non local,2,3499.99,166138.69781665,0.2,1399.996,66455.47912666001
1542,4,2,58,37,2,6,2,6,20180416,20180416,,49,,False,Non local,2,379.99,18037.49261665,0.1,75.998,3607.4985233300004
1542,5,2,58,297,1,1,2,6,20180416,20180416,,49,,False,Non local,1,279.99,13290.659116650002,0.2,55.998000000000005,2658.1318233300008
1543,1,1,76,108,7,2,2,6,20180416,20180416,,61,,False,Non local,2,449.99,21360.276066650003,0.1,89.998,4272.055213330001
1543,2,1,76,93,2,1,2,6,20180416,20180416,,61,,False,Non local,1,209.99,9967.87566665,0.2,41.998000000000005,1993.57513333
1543,3,1,76,158,9,7,2,6,20180416,20180416,,61,,False,Non local,2,959.99,45569.126916650006,0.07,134.39860000000002,6379.677768331001
1543,4,1,76,97,1,1,2,6,20180416,20180416,,61,,False,Non local,2,349.99,16613.442566650003,0.05,34.999,1661.3442566650003
1543,5,1,76,136,9,6,2,6,20180416,20180416,,61,,False,Non local,1,1799.99,85442.52831665,0.2,359.99800000000005,17088.50566333
1544,1,1,5,194,9,5,1,2,20180417,20180417,,5,,False,Non local,2,3499.99,166138.69781665,0.1,699.998,33227.739563330004
1544,2,1,5,107,7,2,1,2,20180417,20180417,,5,,False,Non local,2,416.99,19793.82101165,0.2,166.79600000000002,7917.528404660001
1545,1,1,67,45,2,6,1,3,20180417,20180417,,5,,False,Non local,1,869.99,41296.976766650005,0.1,86.99900000000001,4129.6976766650005
1546,1,2,91,156,9,7,1,3,20180417,20180417,,71,,False,Non local,1,6499.99,308543.70281665004,0.1,649.999,30854.370281665004
1546,2,2,91,185,9,5,1,3,20180417,20180417,,71,,False,Non local,2,2799.99,132910.86331665,0.1,559.9979999999999,26582.172663330002
1546,3,2,91,215,1,3,1,3,20180417,20180417,,71,,False,Non local,1,749.99,35600.776566650005,0.1,74.99900000000001,3560.0776566650006
1546,4,2,91,25,1,2,1,3,20180417,20180417,,71,,False,Non local,1,499.99,23733.692816650004,0.05,24.9995,1186.6846408325002
1547,1,1,169,106,7,2,1,3,20180417,20180417,,31,,False,Non local,2,449.99,21360.276066650003,0.2,179.996,8544.110426660001
1547,2,1,169,204,9,5,1,3,20180417,20180417,,31,,False,Non local,1,3599.99,170885.53131665,0.2,719.998,34177.10626333
1548,1,1,170,32,9,6,1,2,20180417,20180417,,108,,False,Non local,1,469.99,22309.64276665,0.1,46.999,2230.964276665
1548,2,1,170,202,9,5,1,2,20180417,20180417,,108,,False,Non local,1,3499.99,166138.69781665,0.07,244.9993,11629.7088471655
1548,3,1,170,62,9,4,1,2,20180417,20180417,,108,,False,Non local,2,3499.99,166138.69781665,0.2,1399.996,66455.47912666001
1549,1,1,17,158,9,7,2,7,20180417,20180417,,17,,False,Non local,1,959.99,45569.126916650006,0.2,191.99800000000002,9113.825383330002
1549,2,1,17,119,9,6,2,7,20180417,20180417,,17,,False,Non local,1,469.99,22309.64276665,0.05,23.4995,1115.4821383325
1549,3,1,17,249,1,3,2,7,20180417,20180417,,17,,False,Non local,2,749.99,35600.776566650005,0.05,74.99900000000001,3560.0776566650006
1549,4,1,17,242,1,3,2,7,20180417,20180417,,17,,False,Non local,2,699.99,33227.35981665,0.1,139.99800000000002,6645.471963330001
1550,1,1,39,315,1,2,2,6,20180417,20180417,,36,,False,Non local,2,559.99,26581.792916650003,0.05,55.999,2658.1792916650006
1550,2,1,39,245,1,3,2,6,20180417,20180417,,36,,False,Non local,1,659.99,31328.626416650004,0.07,46.19930000000001,2193.0038491655005
1550,3,1,39,185,9,5,2,6,20180417,20180417,,36,,False,Non local,2,2799.99,132910.86331665,0.1,559.9979999999999,26582.172663330002
1550,4,1,39,148,9,7,2,6,20180417,20180417,,36,,False,Non local,1,5499.99,261075.36781665,0.07,384.9993,18275.275747165502
1550,5,1,39,86,9,1,2,6,20180417,20180417,,36,,False,Non local,2,149.99,7119.775566650001,0.05,14.999000000000002,711.9775566650001
1551,1,1,70,207,9,4,2,7,20180417,20180417,,45,,False,Non local,2,3999.99,189872.86531665,0.2,1599.996,75949.14612666
1552,1,1,73,197,9,5,2,7,20180417,20180417,,33,,False,Non local,1,2299.99,109176.69581665,0.1,229.999,10917.669581665
1552,2,1,73,41,2,6,2,7,20180417,20180417,,33,,False,Non local,2,1469.99,69777.97776665,0.05,146.999,6977.797776665
1553,1,2,30,102,1,2,1,3,20180418,20180418,,28,,False,Non local,1,489.99,23259.00946665,0.07,34.2993,1628.1306626655003
1553,2,2,30,12,1,3,1,3,20180418,20180418,,28,,False,Non local,1,549.99,26107.10956665,0.1,54.999,2610.710956665
1553,3,2,30,251,1,3,1,3,20180418,20180418,,28,,False,Non local,1,2999.99,142404.53031665,0.05,149.99949999999998,7120.2265158325
1553,4,2,30,89,9,1,1,3,20180418,20180418,,28,,False,Non local,1,209.99,9967.87566665,0.05,10.499500000000001,498.3937833325
1554,1,1,172,166,9,7,1,3,20180418,20180418,,109,,False,Non local,1,749.99,35600.776566650005,0.05,37.499500000000005,1780.0388283325003
1554,2,1,172,285,1,1,1,3,20180418,20180418,,109,,False,Non local,1,279.99,13290.659116650002,0.2,55.998000000000005,2658.1318233300008
1555,1,1,1,24,1,2,2,7,20180418,20180418,,1,,False,Non local,2,549.99,26107.10956665,0.1,109.998,5221.42191333
1555,2,1,1,156,9,7,2,7,20180418,20180418,,1,,False,Non local,1,6499.99,308543.70281665004,0.1,649.999,30854.370281665004
1555,3,1,1,126,8,6,2,7,20180418,20180418,,1,,False,Non local,1,469.99,22309.64276665,0.1,46.999,2230.964276665
1555,4,1,1,128,8,6,2,7,20180418,20180418,,1,,False,Non local,2,1899.0,90142.368165,0.05,189.9,9014.2368165
1555,5,1,1,174,9,7,2,7,20180418,20180418,,1,,False,Non local,1,3199.99,151898.19731665,0.2,639.998,30379.639463330004
1556,1,2,4,49,9,7,2,6,20180418,20180418,,4,,False,Non local,2,3499.99,166138.69781665,0.2,1399.996,66455.47912666001
1556,2,2,4,82,1,3,2,6,20180418,20180418,,4,,False,Non local,1,659.99,31328.626416650004,0.07,46.19930000000001,2193.0038491655005
1556,3,2,4,265,6,1,2,6,20180418,20180418,,4,,False,Non local,1,289.99,13765.34246665,0.1,28.999000000000002,1376.534246665
1556,4,2,4,119,9,6,2,6,20180418,20180418,,4,,False,Non local,2,469.99,22309.64276665,0.05,46.999,2230.964276665
1556,5,2,4,235,1,3,2,6,20180418,20180418,,4,,False,Non local,2,899.99,42721.02681665,0.1,179.99800000000002,8544.20536333
1557,1,2,121,163,8,7,1,3,20180419,20180419,,31,,False,Non local,2,1349.0,64034.78391500001,0.07,188.86,8964.869748100002
1558,1,1,63,46,2,6,2,6,20180419,20180419,,53,,False,Non local,2,1409.99,66929.87766665,0.07,197.39860000000002,9370.182873331001
1558,2,1,63,123,9,6,2,6,20180419,20180419,,53,,False,Non local,1,999.99,47467.86031665,0.07,69.9993,3322.7502221655004
1558,3,1,63,4,9,6,2,6,20180419,20180419,,53,,False,Non local,1,2899.99,137657.69681665,0.05,144.99949999999998,6882.884840832499
1558,4,1,63,55,9,7,2,6,20180419,20180419,,53,,False,Non local,1,2699.99,128164.02981665,0.2,539.9979999999999,25632.80596333
1558,5,1,63,253,1,3,2,6,20180419,20180419,,53,,False,Non local,1,2599.99,123417.19631665,0.07,181.9993,8639.2037421655
1559,1,2,42,101,1,1,2,6,20180420,20180420,,39,,False,Non local,2,339.99,16138.759216650002,0.07,47.598600000000005,2259.4262903310005
1559,2,2,42,18,4,3,2,6,20180420,20180420,,39,,False,Non local,1,449.0,21313.282415,0.1,44.900000000000006,2131.3282415000003
1559,3,2,42,54,9,7,2,6,20180420,20180420,,39,,False,Non local,2,3199.99,151898.19731665,0.1,639.998,30379.639463330004
1559,4,2,42,221,1,3,2,6,20180420,20180420,,39,,False,Non local,1,319.99,15189.39251665,0.1,31.999000000000002,1518.939251665
1560,1,1,57,118,9,6,2,7,20180420,20180420,,48,,False,Non local,2,999.99,47467.86031665,0.2,399.99600000000004,18987.14412666
1560,2,1,57,41,2,6,2,7,20180420,20180420,,48,,False,Non local,1,1469.99,69777.97776665,0.2,293.998,13955.59555333
1561,1,2,65,181,9,7,2,7,20180420,20180420,,55,,False,Non local,2,2199.99,104429.86231665,0.07,307.9986,14620.180724331001
1561,2,2,65,297,1,1,2,7,20180420,20180420,,55,,False,Non local,2,279.99,13290.659116650002,0.05,27.999000000000002,1329.0659116650004
1562,1,1,88,54,9,7,2,7,20180420,20180420,,22,,False,Non local,1,3199.99,151898.19731665,0.2,639.998,30379.639463330004
1562,2,1,88,66,7,3,2,7,20180420,20180420,,22,,False,Non local,1,250.99,11914.077401650002,0.2,50.19800000000001,2382.8154803300004
1562,3,1,88,115,9,6,2,7,20180420,20180420,,22,,False,Non local,2,3199.99,151898.19731665,0.07,447.9986,21265.747624331005
1563,1,2,77,188,9,5,3,9,20180420,20180420,,62,,False,Non local,1,3499.99,166138.69781665,0.07,244.9993,11629.7088471655
1564,1,1,46,309,1,2,1,3,20180421,20180421,,37,,False,Non local,1,899.99,42721.02681665,0.07,62.999300000000005,2990.4718771655007
1564,2,1,46,14,1,3,1,3,20180421,20180421,,37,,False,Non local,1,269.99,12815.97576665,0.1,26.999000000000002,1281.5975766650001
1565,1,2,60,37,2,6,1,2,20180421,20180421,,51,,False,Non local,1,379.99,18037.49261665,0.07,26.599300000000003,1262.6244831655001
1565,2,2,60,92,2,1,1,2,20180421,20180421,,51,,False,Non local,1,209.99,9967.87566665,0.1,20.999000000000002,996.787566665
1565,3,2,60,261,1,3,1,2,20180421,20180421,,51,,False,Non local,1,899.99,42721.02681665,0.1,89.99900000000001,4272.102681665
1565,4,2,60,95,1,1,1,2,20180421,20180421,,51,,False,Non local,1,299.99,14240.02581665,0.07,20.9993,996.8018071655001
1565,5,2,60,226,1,3,1,2,20180421,20180421,,51,,False,Non local,2,679.99,32277.993116650003,0.2,271.99600000000004,12911.197246660002
1566,1,1,72,179,9,7,1,3,20180421,20180421,,59,,False,Non local,1,919.99,43670.39351665,0.05,45.999500000000005,2183.5196758325
1566,2,1,72,61,9,5,1,3,20180421,20180421,,59,,False,Non local,2,4999.99,237341.20031665,0.05,499.999,23734.120031665003
1567,1,2,89,279,9,1,1,2,20180421,20180421,,69,,False,Non local,1,319.99,15189.39251665,0.2,63.998000000000005,3037.87850333
1568,1,2,192,146,9,7,1,3,20180421,20180421,,28,,False,Non local,1,4999.99,237341.20031665,0.2,999.998,47468.240063330006
1568,2,2,192,105,7,2,1,3,20180421,20180421,,28,,False,Non local,1,533.99,25347.616206650004,0.07,37.37930000000001,1774.3331344655005
1568,3,2,192,301,1,2,1,3,20180421,20180421,,28,,False,Non local,1,899.99,42721.02681665,0.1,89.99900000000001,4272.102681665
1569,1,2,29,252,1,3,2,7,20180422,20180422,,24,,False,Non local,1,2999.99,142404.53031665,0.1,299.99899999999997,14240.453031665
1570,1,2,54,155,9,7,2,7,20180422,20180422,,47,,False,Non local,1,11999.99,569619.5453166501,0.07,839.9993000000001,39873.36817216551
1571,1,1,80,312,1,2,2,7,20180422,20180422,,7,,False,Non local,2,699.99,33227.35981665,0.1,139.99800000000002,6645.471963330001
1571,2,1,80,212,1,3,2,7,20180422,20180422,,7,,False,Non local,1,559.99,26581.792916650003,0.07,39.1993,1860.7255041655005
1571,3,1,80,20,1,3,2,7,20180422,20180422,,7,,False,Non local,2,599.99,28480.52631665,0.2,239.996,11392.210526660001
1572,1,1,14,216,1,3,3,9,20180422,20180422,,14,,False,Non local,2,899.99,42721.02681665,0.05,89.99900000000001,4272.102681665
1572,2,1,14,198,1,5,3,9,20180422,20180422,,14,,False,Non local,1,2999.99,142404.53031665,0.2,599.9979999999999,28480.90606333
1572,3,1,14,115,9,6,3,9,20180422,20180422,,14,,False,Non local,1,3199.99,151898.19731665,0.05,159.9995,7594.909865832501
1572,4,1,14,304,1,2,3,9,20180422,20180422,,14,,False,Non local,2,679.99,32277.993116650003,0.2,271.99600000000004,12911.197246660002
1573,1,2,24,9,9,5,1,2,20180423,20180423,,23,,False,Non local,1,2999.99,142404.53031665,0.05,149.99949999999998,7120.2265158325
1573,2,2,24,129,9,6,1,2,20180423,20180423,,23,,False,Non local,1,919.99,43670.39351665,0.07,64.39930000000001,3056.9275461655
1573,3,2,24,15,1,3,1,2,20180423,20180423,,23,,False,Non local,2,529.99,25157.74286665,0.1,105.998,5031.548573330001
1573,4,2,24,216,1,3,1,2,20180423,20180423,,23,,False,Non local,2,899.99,42721.02681665,0.07,125.99860000000001,5980.943754331001
1573,5,2,24,263,6,1,1,2,20180423,20180423,,23,,False,Non local,2,89.99,4271.67546665,0.1,17.998,854.3350933300001
1574,1,1,124,127,8,6,1,2,20180423,20180423,,59,,False,Non local,1,469.99,22309.64276665,0.1,46.999,2230.964276665
1575,1,2,224,44,2,6,1,3,20180423,20180423,,127,,False,Non local,1,539.99,25632.42621665,0.07,37.7993,1794.2698351655004
1575,2,2,224,207,9,4,1,3,20180423,20180423,,127,,False,Non local,2,3999.99,189872.86531665,0.1,799.998,37974.57306333
1575,3,2,224,213,1,3,1,3,20180423,20180423,,127,,False,Non local,1,269.99,12815.97576665,0.07,18.899300000000004,897.1183036655001
1575,4,2,224,126,8,6,1,3,20180423,20180423,,127,,False,Non local,2,469.99,22309.64276665,0.05,46.999,2230.964276665
1575,5,2,224,92,2,1,1,3,20180423,20180423,,127,,False,Non local,2,209.99,9967.87566665,0.2,83.99600000000001,3987.15026666
1576,1,2,12,69,7,3,2,7,20180423,20180423,,12,,False,Non local,1,416.99,19793.82101165,0.05,20.849500000000003,989.6910505825001
1576,2,2,12,293,1,1,2,7,20180423,20180423,,12,,False,Non local,1,319.99,15189.39251665,0.05,15.999500000000001,759.4696258325
1576,3,2,12,202,9,5,2,7,20180423,20180423,,12,,False,Non local,2,3499.99,166138.69781665,0.05,349.999,16613.869781665002
1577,1,1,48,298,1,1,2,7,20180423,20180423,,33,,False,Non local,2,279.99,13290.659116650002,0.05,27.999000000000002,1329.0659116650004
1577,2,1,48,111,7,2,2,7,20180423,20180423,,33,,False,Non local,2,470.99,22357.111101650004,0.1,94.19800000000001,4471.4222203300005
1577,3,1,48,300,1,2,2,7,20180423,20180423,,33,,False,Non local,2,799.99,37974.19331665,0.2,319.99600000000004,15189.677326660001
1577,4,1,48,131,3,6,2,7,20180423,20180423,,33,,False,Non local,2,2599.0,123370.202665,0.07,363.86,17271.8283731
1577,5,1,48,282,1,1,2,7,20180423,20180423,,33,,False,Non local,2,279.99,13290.659116650002,0.05,27.999000000000002,1329.0659116650004
1578,1,2,93,204,9,5,2,7,20180423,20180423,,73,,False,Non local,2,3599.99,170885.53131665,0.07,503.9986,23923.974384331003
1578,2,2,93,310,1,2,2,7,20180423,20180423,,73,,False,Non local,1,899.99,42721.02681665,0.05,44.999500000000005,2136.0513408325
1578,3,2,93,241,1,3,2,7,20180423,20180423,,73,,False,Non local,2,749.99,35600.776566650005,0.2,299.99600000000004,14240.310626660003
1579,1,2,104,49,9,7,1,2,20180424,20180424,,2,,False,Non local,1,3499.99,166138.69781665,0.05,174.9995,8306.934890832501
1579,2,2,104,214,1,3,1,2,20180424,20180424,,2,,False,Non local,1,899.99,42721.02681665,0.1,89.99900000000001,4272.102681665
1579,3,2,104,286,1,1,1,2,20180424,20180424,,2,,False,Non local,1,279.99,13290.659116650002,0.07,19.599300000000003,930.3461381655002
1579,4,2,104,65,7,3,1,2,20180424,20180424,,2,,False,Non local,2,346.99,16471.037561650002,0.1,69.39800000000001,3294.2075123300006
1580,1,2,191,119,9,6,1,2,20180424,20180424,,108,,False,Non local,2,469.99,22309.64276665,0.07,65.79860000000001,3123.349987331
1580,2,2,191,86,9,1,1,2,20180424,20180424,,108,,False,Non local,2,149.99,7119.775566650001,0.2,59.99600000000001,2847.9102266600003
1581,1,2,188,64,1,3,1,2,20180425,20180425,,108,,False,Non local,1,489.99,23259.00946665,0.1,48.999,2325.900946665
1581,2,2,188,272,9,1,1,2,20180425,20180425,,108,,False,Non local,1,289.99,13765.34246665,0.2,57.998000000000005,2753.06849333
1582,1,1,240,75,1,3,1,3,20180425,20180425,,105,,False,Non local,1,599.99,28480.52631665,0.07,41.999300000000005,1993.6368421655002
1582,2,1,240,133,9,6,1,3,20180425,20180425,,105,,False,Non local,2,1499.99,71202.02781665,0.07,209.9986,9968.283894331002
1583,1,1,44,15,1,3,2,6,20180425,20180425,,41,,False,Non local,1,529.99,25157.74286665,0.05,26.4995,1257.8871433325003
1583,2,1,44,265,6,1,2,6,20180425,20180425,,41,,False,Non local,2,289.99,13765.34246665,0.2,115.99600000000001,5506.13698666
1584,1,2,109,45,2,6,1,3,20180426,20180426,,82,,False,Non local,2,869.99,41296.976766650005,0.1,173.99800000000002,8259.395353330001
1584,2,2,109,216,1,3,1,3,20180426,20180426,,82,,False,Non local,2,899.99,42721.02681665,0.1,179.99800000000002,8544.20536333
1584,3,2,109,43,9,6,1,3,20180426,20180426,,82,,False,Non local,1,5299.99,251581.70081665,0.2,1059.998,50316.34016333
1584,4,2,109,187,9,5,1,3,20180426,20180426,,82,,False,Non local,1,2799.99,132910.86331665,0.1,279.99899999999997,13291.086331665001
1584,5,2,109,147,9,7,1,3,20180426,20180426,,82,,False,Non local,2,1799.99,85442.52831665,0.07,251.99860000000004,11961.953964331002
1585,1,1,157,313,1,2,1,3,20180426,20180426,,105,,False,Non local,1,449.99,21360.276066650003,0.1,44.999,2136.0276066650003
1585,2,1,157,106,7,2,1,3,20180426,20180426,,105,,False,Non local,2,449.99,21360.276066650003,0.1,89.998,4272.055213330001
1585,3,1,157,207,9,4,1,3,20180426,20180426,,105,,False,Non local,2,3999.99,189872.86531665,0.07,559.9986,26582.201144331
1585,4,1,157,95,1,1,1,3,20180426,20180426,,105,,False,Non local,1,299.99,14240.02581665,0.1,29.999000000000002,1424.0025816650002
1585,5,1,157,191,1,5,1,3,20180426,20180426,,105,,False,Non local,1,2799.99,132910.86331665,0.1,279.99899999999997,13291.086331665001
1586,1,1,176,22,1,1,1,2,20180426,20180426,,59,,False,Non local,2,269.99,12815.97576665,0.1,53.998000000000005,2563.1951533300003
1586,2,1,176,277,9,1,1,2,20180426,20180426,,59,,False,Non local,1,369.99,17562.80926665,0.07,25.899300000000004,1229.3966486655002
1586,3,1,176,295,1,1,1,2,20180426,20180426,,59,,False,Non local,1,319.99,15189.39251665,0.05,15.999500000000001,759.4696258325
1586,4,1,176,173,9,7,1,2,20180426,20180426,,59,,False,Non local,1,3199.99,151898.19731665,0.2,639.998,30379.639463330004
1586,5,1,176,36,8,6,1,2,20180426,20180426,,59,,False,Non local,1,832.99,39540.64837165,0.1,83.299,3954.0648371650004
1587,1,2,231,104,7,2,1,2,20180426,20180426,,5,,False,Non local,1,481.99,22879.26278665,0.1,48.199000000000005,2287.926278665
1587,2,2,231,63,9,4,1,2,20180426,20180426,,5,,False,Non local,2,3499.99,166138.69781665,0.05,349.999,16613.869781665002
1587,3,2,231,78,7,3,1,2,20180426,20180426,,5,,False,Non local,2,647.99,30759.00639665,0.05,64.799,3075.900639665
1587,4,2,231,300,1,2,1,2,20180426,20180426,,5,,False,Non local,2,799.99,37974.19331665,0.07,111.99860000000001,5316.387064331001
1588,1,1,11,93,2,1,2,6,20180426,20180426,,11,,False,Non local,2,209.99,9967.87566665,0.07,29.398600000000005,1395.502593331
1589,1,2,40,246,1,3,1,3,20180427,20180427,,37,,False,Non local,2,639.99,30379.25971665,0.05,63.999,3037.9259716650004
1589,2,2,40,260,1,3,1,3,20180427,20180427,,37,,False,Non local,1,799.99,37974.19331665,0.2,159.99800000000002,7594.838663330001
1589,3,2,40,28,8,6,1,3,20180427,20180427,,37,,False,Non local,2,2499.99,118670.36281665,0.1,499.998,23734.072563330003
1590,1,1,138,175,9,7,1,3,20180427,20180427,,83,,False,Non local,2,3199.99,151898.19731665,0.07,447.9986,21265.747624331005
1590,2,1,138,248,1,3,1,3,20180427,20180427,,83,,False,Non local,1,599.99,28480.52631665,0.2,119.998,5696.1052633300005
1590,3,1,138,23,1,1,1,3,20180427,20180427,,83,,False,Non local,1,299.99,14240.02581665,0.07,20.9993,996.8018071655001
1591,1,2,165,286,1,1,1,2,20180427,20180427,,82,,False,Non local,2,279.99,13290.659116650002,0.2,111.99600000000001,5316.2636466600015
1591,2,2,165,126,8,6,1,2,20180427,20180427,,82,,False,Non local,2,469.99,22309.64276665,0.2,187.996,8923.85710666
1591,3,2,165,97,1,1,1,2,20180427,20180427,,82,,False,Non local,2,349.99,16613.442566650003,0.07,48.9986,2325.8819593310004
1591,4,2,165,138,9,6,1,2,20180427,20180427,,82,,False,Non local,2,2249.99,106803.27906665,0.05,224.999,10680.327906665
1591,5,2,165,265,6,1,1,2,20180427,20180427,,82,,False,Non local,1,289.99,13765.34246665,0.2,57.998000000000005,2753.06849333
1592,1,2,6,211,8,4,2,7,20180427,20180427,,6,,False,Non local,2,1549.0,73528.45091500001,0.05,154.9,7352.845091500001
1592,2,2,6,159,9,7,2,7,20180427,20180427,,6,,False,Non local,1,2299.99,109176.69581665,0.07,160.9993,7642.3687071655
1592,3,2,6,40,9,6,2,7,20180427,20180427,,6,,False,Non local,2,4999.99,237341.20031665,0.07,699.9986,33227.768044331
1592,4,2,6,9,9,5,2,7,20180427,20180427,,6,,False,Non local,1,2999.99,142404.53031665,0.2,599.9979999999999,28480.90606333
1592,5,2,6,271,9,1,2,7,20180427,20180427,,6,,False,Non local,2,209.99,9967.87566665,0.05,20.999000000000002,996.787566665
1593,1,1,9,97,1,1,2,6,20180427,20180427,,9,,False,Non local,2,349.99,16613.442566650003,0.2,139.996,6645.377026660001
1593,2,1,9,34,9,6,2,6,20180427,20180427,,9,,False,Non local,1,469.99,22309.64276665,0.07,32.899300000000004,1561.6749936655
1593,3,1,9,190,9,5,2,6,20180427,20180427,,9,,False,Non local,2,2799.99,132910.86331665,0.1,559.9979999999999,26582.172663330002
1593,4,1,9,107,7,2,2,6,20180427,20180427,,9,,False,Non local,1,416.99,19793.82101165,0.05,20.849500000000003,989.6910505825001
1593,5,1,9,169,9,7,2,6,20180427,20180427,,9,,False,Non local,2,6499.99,308543.70281665004,0.07,909.9986,43196.11839433101
1594,1,1,45,79,7,3,2,7,20180428,20180428,,42,,False,Non local,2,402.99,19129.26432165,0.1,80.59800000000001,3825.85286433
1594,2,1,45,105,7,2,2,7,20180428,20180428,,42,,False,Non local,1,533.99,25347.616206650004,0.1,53.399,2534.7616206650005
1595,1,2,71,112,9,6,2,7,20180428,20180428,,48,,False,Non local,1,379.99,18037.49261665,0.2,75.998,3607.4985233300004
1596,1,2,21,91,9,1,3,8,20180428,20180428,,20,,False,Non local,1,349.99,16613.442566650003,0.05,17.4995,830.6721283325002
1596,2,2,21,18,4,3,3,8,20180428,20180428,,20,,False,Non local,1,449.0,21313.282415,0.1,44.900000000000006,2131.3282415000003
1597,1,1,56,176,9,7,3,9,20180428,20180428,,40,,False,Non local,1,3199.99,151898.19731665,0.07,223.9993,10632.873812165502
1597,2,1,56,59,9,7,3,9,20180428,20180428,,40,,False,Non local,1,2599.99,123417.19631665,0.07,181.9993,8639.2037421655
1598,1,2,239,247,1,3,1,3,20180429,20180429,,132,,False,Non local,1,599.99,28480.52631665,0.2,119.998,5696.1052633300005
1598,2,2,239,49,9,7,1,3,20180429,20180429,,132,,False,Non local,2,3499.99,166138.69781665,0.07,489.9986,23259.417694331
1598,3,2,239,88,9,1,1,3,20180429,20180429,,132,,False,Non local,1,189.99,9018.50896665,0.2,37.998000000000005,1803.7017933300003
1599,1,1,49,104,7,2,2,7,20180429,20180429,,6,,False,Non local,2,481.99,22879.26278665,0.2,192.79600000000002,9151.70511466
1600,1,1,90,146,9,7,2,6,20180429,20180429,,70,,False,Non local,1,4999.99,237341.20031665,0.1,499.999,23734.120031665003
1600,2,1,90,295,1,1,2,6,20180429,20180429,,70,,False,Non local,1,319.99,15189.39251665,0.05,15.999500000000001,759.4696258325
1600,3,1,90,36,8,6,2,6,20180429,20180429,,70,,False,Non local,1,832.99,39540.64837165,0.2,166.598,7908.129674330001
1601,1,1,43,114,9,6,3,8,20180429,20180429,,40,,False,Non local,2,579.99,27531.15961665,0.2,231.996,11012.46384666
1601,2,1,43,10,8,4,3,8,20180429,20180429,,40,,False,Non local,1,1549.0,73528.45091500001,0.2,309.8,14705.690183000002
1601,3,1,43,220,1,3,3,8,20180429,20180429,,40,,False,Non local,2,269.99,12815.97576665,0.07,37.79860000000001,1794.2366073310002
1601,4,1,43,7,9,6,3,8,20180429,20180429,,40,,False,Non local,2,3999.99,189872.86531665,0.07,559.9986,26582.201144331
1601,5,1,43,180,9,7,3,8,20180429,20180429,,40,,False,Non local,1,919.99,43670.39351665,0.1,91.99900000000001,4367.039351665
1602,1,1,55,71,7,3,2,6,20180430,20180430,,44,,False,Non local,2,416.99,19793.82101165,0.05,41.699000000000005,1979.3821011650002
1602,2,1,55,37,2,6,2,6,20180430,20180430,,44,,False,Non local,1,379.99,18037.49261665,0.07,26.599300000000003,1262.6244831655001
1602,3,1,55,275,9,1,2,6,20180430,20180430,,44,,False,Non local,2,229.99,10917.242366650002,0.2,91.99600000000001,4366.896946660001
1602,4,1,55,257,1,3,2,6,20180430,20180430,,44,,False,Non local,2,899.99,42721.02681665,0.05,89.99900000000001,4272.102681665
1603,1,2,74,275,9,1,2,6,20180430,20180430,,60,,False,Non local,2,229.99,10917.242366650002,0.05,22.999000000000002,1091.7242366650003
1604,1,3,7,271,9,1,2,7,20180617,20180617,,7,,False,Non local,1,209.99,9967.87566665,0.1,20.999000000000002,996.787566665
1605,1,3,123,72,7,3,3,8,20180701,20180701,,89,,False,Non local,1,619.99,29429.893016650003,0.1,61.999,2942.9893016650003
1605,2,3,123,186,9,5,3,8,20180701,20180701,,89,,False,Non local,1,4499.99,213607.03281665,0.2,899.998,42721.406563330005
1605,3,3,123,132,9,6,3,8,20180701,20180701,,89,,False,Non local,2,1499.99,71202.02781665,0.1,299.998,14240.405563330001
1605,4,3,123,301,1,2,3,8,20180701,20180701,,89,,False,Non local,1,899.99,42721.02681665,0.1,89.99900000000001,4272.102681665
1605,5,3,123,29,9,6,3,8,20180701,20180701,,89,,False,Non local,1,999.99,47467.86031665,0.07,69.9993,3322.7502221655004
1606,1,3,119,245,1,3,3,8,20180710,20180710,,52,,False,Non local,1,659.99,31328.626416650004,0.1,65.99900000000001,3132.8626416650004
1606,2,3,119,271,9,1,3,8,20180710,20180710,,52,,False,Non local,1,209.99,9967.87566665,0.1,20.999000000000002,996.787566665
1607,1,3,33,29,9,6,1,2,20180711,20180711,,31,,False,Non local,1,999.99,47467.86031665,0.05,49.999500000000005,2373.3930158325
1608,1,3,53,231,1,3,1,2,20180712,20180712,,46,,False,Non local,2,529.99,25157.74286665,0.05,52.999,2515.7742866650005
1609,1,3,10,96,1,1,2,7,20180823,20180823,,10,,False,Non local,1,349.99,16613.442566650003,0.2,69.998,3322.6885133300007
1609,2,3,10,238,1,3,2,7,20180823,20180823,,10,,False,Non local,2,749.99,35600.776566650005,0.2,299.99600000000004,14240.310626660003
1609,3,3,10,228,1,3,2,7,20180823,20180823,,10,,False,Non local,2,319.99,15189.39251665,0.1,63.998000000000005,3037.87850333
1609,4,3,10,105,7,2,2,7,20180823,20180823,,10,,False,Non local,1,533.99,25347.616206650004,0.2,106.798,5069.523241330001
1610,1,3,15,36,8,6,2,7,20180825,20180825,,15,,False,Non local,1,832.99,39540.64837165,0.07,58.30930000000001,2767.8453860155005
1610,2,3,15,173,9,7,2,7,20180825,20180825,,15,,False,Non local,2,3199.99,151898.19731665,0.2,1279.996,60759.27892666001
1611,1,3,6,191,1,5,2,7,20180906,20180906,,6,,False,Non local,1,2799.99,132910.86331665,0.07,195.9993,9303.760432165502
1611,2,3,6,171,9,7,2,7,20180906,20180906,,6,,False,Non local,2,3199.99,151898.19731665,0.1,639.998,30379.639463330004
1611,3,3,6,236,1,3,2,7,20180906,20180906,,6,,False,Non local,1,749.99,35600.776566650005,0.2,149.99800000000002,7120.155313330001
1612,1,3,3,242,1,3,1,3,20181021,20181021,,3,,False,Non local,1,699.99,33227.35981665,0.1,69.99900000000001,3322.7359816650005
1612,2,3,3,289,1,1,1,3,20181021,20181021,,3,,False,Non local,2,319.99,15189.39251665,0.05,31.999000000000002,1518.939251665
1612,3,3,3,101,1,1,1,3,20181021,20181021,,3,,False,Non local,2,339.99,16138.759216650002,0.2,135.996,6455.503686660001
1612,4,3,3,293,1,1,1,3,20181021,20181021,,3,,False,Non local,2,319.99,15189.39251665,0.07,44.79860000000001,2126.514952331
1612,5,3,3,60,7,5,1,3,20181021,20181021,,3,,False,Non local,1,1559.99,74050.12791665,0.1,155.99900000000002,7405.012791665001
1613,1,3,1,153,9,7,2,6,20181118,20181118,,1,,False,Non local,1,4999.99,237341.20031665,0.07,349.9993,16613.8840221655
1613,2,3,1,283,1,1,2,6,20181118,20181118,,1,,False,Non local,2,319.99,15189.39251665,0.05,31.999000000000002,1518.939251665
1614,1,3,135,124,8,6,3,8,20181128,20181128,,40,,False,Non local,1,1499.0,71155.034165,0.07,104.93,4980.852391550001
1614,2,3,135,159,9,7,3,8,20181128,20181128,,40,,False,Non local,2,2299.99,109176.69581665,0.07,321.9986,15284.737414331
1614,3,3,135,213,1,3,3,8,20181128,20181128,,40,,False,Non local,2,269.99,12815.97576665,0.2,107.99600000000001,5126.3903066600005
1615,1,3,136,197,9,5,3,8,20181228,20181228,,14,,False,Non local,2,2299.99,109176.69581665,0.2,919.996,43670.67832666
1615,2,3,136,214,1,3,3,8,20181228,20181228,,14,,False,Non local,1,899.99,42721.02681665,0.07,62.999300000000005,2990.4718771655007
1615,3,3,136,182,9,7,3,8,20181228,20181228,,14,,False,Non local,1,2499.99,118670.36281665,0.2,499.998,23734.072563330003
