,order_id,item_id,product_id,quantity,list_price,discount,extracted_date,data_source,local_price
0,1,1,20,1,599.99,0.2,2025-11-24 02:06:42,mysql_database,28480.52631665
1,1,2,8,2,1799.99,0.07,2025-11-24 02:06:42,mysql_database,85442.52831665
2,1,3,10,2,1549.0,0.05,2025-11-24 02:06:42,mysql_database,73528.45091500001
3,1,4,16,2,599.99,0.05,2025-11-24 02:06:42,mysql_database,28480.52631665
4,1,5,4,1,2899.99,0.2,2025-11-24 02:06:42,mysql_database,137657.69681665
5,2,1,20,1,599.99,0.07,2025-11-24 02:06:42,mysql_database,28480.52631665
6,2,2,16,2,599.99,0.05,2025-11-24 02:06:42,mysql_database,28480.52631665
7,3,1,3,1,999.99,0.05,2025-11-24 02:06:42,mysql_database,47467.86031665
8,3,2,20,1,599.99,0.05,2025-11-24 02:06:42,mysql_database,28480.52631665
9,4,1,2,2,749.99,0.1,2025-11-24 02:06:42,mysql_database,35600.776566650005
10,5,1,10,2,1549.0,0.05,2025-11-24 02:06:42,mysql_database,73528.45091500001
11,5,2,17,1,429.0,0.07,2025-11-24 02:06:42,mysql_database,20363.915715000003
12,5,3,26,1,599.99,0.07,2025-11-24 02:06:42,mysql_database,28480.52631665
13,6,1,18,1,449.0,0.07,2025-11-24 02:06:42,mysql_database,21313.282415
14,6,2,12,2,549.99,0.05,2025-11-24 02:06:42,mysql_database,26107.10956665
15,6,3,20,1,599.99,0.1,2025-11-24 02:06:42,mysql_database,28480.52631665
16,6,4,3,2,999.99,0.07,2025-11-24 02:06:42,mysql_database,47467.86031665
17,6,5,9,2,2999.99,0.07,2025-11-24 02:06:42,mysql_database,142404.53031665
18,7,1,15,1,529.99,0.07,2025-11-24 02:06:42,mysql_database,25157.74286665
19,7,2,3,1,999.99,0.1,2025-11-24 02:06:42,mysql_database,47467.86031665
20,7,3,17,2,429.0,0.1,2025-11-24 02:06:42,mysql_database,20363.915715000003
21,8,1,22,1,269.99,0.05,2025-11-24 02:06:42,mysql_database,12815.97576665
22,8,2,20,2,599.99,0.07,2025-11-24 02:06:42,mysql_database,28480.52631665
23,9,1,7,2,3999.99,0.1,2025-11-24 02:06:42,mysql_database,189872.86531665002
24,10,1,14,1,269.99,0.1,2025-11-24 02:06:42,mysql_database,12815.97576665
25,11,1,8,1,1799.99,0.05,2025-11-24 02:06:42,mysql_database,85442.52831665
26,11,2,22,2,269.99,0.1,2025-11-24 02:06:42,mysql_database,12815.97576665
27,11,3,16,2,599.99,0.2,2025-11-24 02:06:42,mysql_database,28480.52631665
28,12,1,4,2,2899.99,0.1,2025-11-24 02:06:42,mysql_database,137657.69681665
29,12,2,11,1,1680.99,0.05,2025-11-24 02:06:42,mysql_database,79793.79645165
30,13,1,13,1,269.99,0.1,2025-11-24 02:06:42,mysql_database,12815.97576665
31,13,2,17,2,429.0,0.05,2025-11-24 02:06:42,mysql_database,20363.915715000003
32,13,3,20,2,599.99,0.1,2025-11-24 02:06:42,mysql_database,28480.52631665
33,13,4,16,2,599.99,0.05,2025-11-24 02:06:42,mysql_database,28480.52631665
34,14,1,6,1,469.99,0.07,2025-11-24 02:06:42,mysql_database,22309.642766650002
35,15,1,12,2,549.99,0.07,2025-11-24 02:06:42,mysql_database,26107.10956665
36,15,2,8,1,1799.99,0.07,2025-11-24 02:06:42,mysql_database,85442.52831665
37,15,3,18,2,449.0,0.05,2025-11-24 02:06:42,mysql_database,21313.282415
38,15,4,23,2,299.99,0.2,2025-11-24 02:06:42,mysql_database,14240.02581665
39,16,1,8,1,1799.99,0.2,2025-11-24 02:06:42,mysql_database,85442.52831665
40,16,2,21,1,269.99,0.05,2025-11-24 02:06:42,mysql_database,12815.97576665
41,16,3,13,2,269.99,0.07,2025-11-24 02:06:42,mysql_database,12815.97576665
42,16,4,14,1,269.99,0.07,2025-11-24 02:06:42,mysql_database,12815.97576665
43,17,1,8,1,1799.99,0.07,2025-11-24 02:06:42,mysql_database,85442.52831665
44,17,2,23,1,299.99,0.1,2025-11-24 02:06:42,mysql_database,14240.02581665
45,17,3,5,1,1320.99,0.1,2025-11-24 02:06:42,mysql_database,62705.19585165
46,17,4,20,2,599.99,0.2,2025-11-24 02:06:42,mysql_database,28480.52631665
47,18,1,2,2,749.99,0.2,2025-11-24 02:06:42,mysql_database,35600.776566650005
48,18,2,22,1,269.99,0.05,2025-11-24 02:06:42,mysql_database,12815.97576665
49,18,3,7,1,3999.99,0.1,2025-11-24 02:06:42,mysql_database,189872.86531665002
50,18,4,25,2,499.99,0.05,2025-11-24 02:06:42,mysql_database,23733.692816650004
51,18,5,9,2,2999.99,0.1,2025-11-24 02:06:42,mysql_database,142404.53031665
52,19,1,10,1,1549.0,0.07,2025-11-24 02:06:42,mysql_database,73528.45091500001
53,19,2,9,2,2999.99,0.2,2025-11-24 02:06:42,mysql_database,142404.53031665
54,20,1,9,1,2999.99,0.07,2025-11-24 02:06:42,mysql_database,142404.53031665
55,20,2,10,2,1549.0,0.07,2025-11-24 02:06:42,mysql_database,73528.45091500001
56,21,1,14,1,269.99,0.05,2025-11-24 02:06:42,mysql_database,12815.97576665
57,21,2,17,1,429.0,0.1,2025-11-24 02:06:42,mysql_database,20363.915715000003
58,21,3,10,1,1549.0,0.07,2025-11-24 02:06:42,mysql_database,73528.45091500001
59,22,1,15,2,529.99,0.2,2025-11-24 02:06:42,mysql_database,25157.74286665
60,22,2,22,1,269.99,0.05,2025-11-24 02:06:42,mysql_database,12815.97576665
61,23,1,4,2,2899.99,0.05,2025-11-24 02:06:42,mysql_database,137657.69681665
62,23,2,23,2,299.99,0.1,2025-11-24 02:06:42,mysql_database,14240.02581665
63,23,3,13,1,269.99,0.2,2025-11-24 02:06:42,mysql_database,12815.97576665
64,24,1,3,2,999.99,0.1,2025-11-24 02:06:42,mysql_database,47467.86031665
65,24,2,18,2,449.0,0.07,2025-11-24 02:06:42,mysql_database,21313.282415
66,25,1,23,2,299.99,0.2,2025-11-24 02:06:42,mysql_database,14240.02581665
67,25,2,10,2,1549.0,0.2,2025-11-24 02:06:42,mysql_database,73528.45091500001
68,25,3,22,1,269.99,0.2,2025-11-24 02:06:42,mysql_database,12815.97576665
69,25,4,14,1,269.99,0.2,2025-11-24 02:06:42,mysql_database,12815.97576665
70,25,5,21,1,269.99,0.1,2025-11-24 02:06:42,mysql_database,12815.97576665
71,26,1,7,1,3999.99,0.05,2025-11-24 02:06:42,mysql_database,189872.86531665002
72,26,2,2,1,749.99,0.2,2025-11-24 02:06:42,mysql_database,35600.776566650005
73,26,3,12,1,549.99,0.2,2025-11-24 02:06:42,mysql_database,26107.10956665
74,26,4,21,2,269.99,0.07,2025-11-24 02:06:42,mysql_database,12815.97576665
75,27,1,5,1,1320.99,0.2,2025-11-24 02:06:42,mysql_database,62705.19585165
76,27,2,19,1,449.0,0.2,2025-11-24 02:06:42,mysql_database,21313.282415
77,27,3,26,2,599.99,0.07,2025-11-24 02:06:42,mysql_database,28480.52631665
78,27,4,8,1,1799.99,0.07,2025-11-24 02:06:42,mysql_database,85442.52831665
79,28,1,5,1,1320.99,0.05,2025-11-24 02:06:42,mysql_database,62705.19585165
80,28,2,7,2,3999.99,0.2,2025-11-24 02:06:42,mysql_database,189872.86531665002
81,28,3,14,2,269.99,0.1,2025-11-24 02:06:42,mysql_database,12815.97576665
82,28,4,6,1,469.99,0.05,2025-11-24 02:06:42,mysql_database,22309.642766650002
83,29,1,24,2,549.99,0.05,2025-11-24 02:06:42,mysql_database,26107.10956665
84,29,2,6,1,469.99,0.2,2025-11-24 02:06:42,mysql_database,22309.642766650002
85,29,3,21,2,269.99,0.1,2025-11-24 02:06:42,mysql_database,12815.97576665
86,29,4,8,1,1799.99,0.2,2025-11-24 02:06:42,mysql_database,85442.52831665
87,29,5,14,2,269.99,0.05,2025-11-24 02:06:42,mysql_database,12815.97576665
88,30,1,26,1,599.99,0.05,2025-11-24 02:06:42,mysql_database,28480.52631665
89,30,2,17,1,429.0,0.07,2025-11-24 02:06:42,mysql_database,20363.915715000003
90,30,3,19,1,449.0,0.1,2025-11-24 02:06:42,mysql_database,21313.282415
91,30,4,4,1,2899.99,0.1,2025-11-24 02:06:42,mysql_database,137657.69681665
92,30,5,7,2,3999.99,0.1,2025-11-24 02:06:42,mysql_database,189872.86531665002
93,31,1,11,2,1680.99,0.05,2025-11-24 02:06:42,mysql_database,79793.79645165
94,31,2,9,2,2999.99,0.2,2025-11-24 02:06:42,mysql_database,142404.53031665
95,32,1,8,2,1799.99,0.07,2025-11-24 02:06:42,mysql_database,85442.52831665
96,32,2,12,2,549.99,0.07,2025-11-24 02:06:42,mysql_database,26107.10956665
97,32,3,25,2,499.99,0.1,2025-11-24 02:06:42,mysql_database,23733.692816650004
98,33,1,23,2,299.99,0.07,2025-11-24 02:06:42,mysql_database,14240.02581665
99,33,2,7,1,3999.99,0.1,2025-11-24 02:06:42,mysql_database,189872.86531665002
100,34,1,8,2,1799.99,0.07,2025-11-24 02:06:42,mysql_database,85442.52831665
101,34,2,10,2,1549.0,0.1,2025-11-24 02:06:42,mysql_database,73528.45091500001
102,34,3,17,2,429.0,0.2,2025-11-24 02:06:42,mysql_database,20363.915715000003
103,35,1,18,1,449.0,0.05,2025-11-24 02:06:42,mysql_database,21313.282415
104,35,2,20,2,599.99,0.05,2025-11-24 02:06:42,mysql_database,28480.52631665
105,35,3,5,1,1320.99,0.2,2025-11-24 02:06:42,mysql_database,62705.19585165
106,35,4,21,2,269.99,0.07,2025-11-24 02:06:42,mysql_database,12815.97576665
107,35,5,22,1,269.99,0.07,2025-11-24 02:06:42,mysql_database,12815.97576665
108,36,1,9,1,2999.99,0.07,2025-11-24 02:06:42,mysql_database,142404.53031665
109,36,2,5,1,1320.99,0.05,2025-11-24 02:06:42,mysql_database,62705.19585165
110,36,3,3,2,999.99,0.2,2025-11-24 02:06:42,mysql_database,47467.86031665
111,37,1,16,2,599.99,0.05,2025-11-24 02:06:42,mysql_database,28480.52631665
112,38,1,7,2,3999.99,0.05,2025-11-24 02:06:42,mysql_database,189872.86531665002
113,38,2,23,1,299.99,0.07,2025-11-24 02:06:42,mysql_database,14240.02581665
114,38,3,25,1,499.99,0.2,2025-11-24 02:06:42,mysql_database,23733.692816650004
115,38,4,10,2,1549.0,0.1,2025-11-24 02:06:42,mysql_database,73528.45091500001
116,38,5,24,1,549.99,0.07,2025-11-24 02:06:42,mysql_database,26107.10956665
117,39,1,22,2,269.99,0.2,2025-11-24 02:06:42,mysql_database,12815.97576665
118,39,2,16,2,599.99,0.2,2025-11-24 02:06:42,mysql_database,28480.52631665
119,39,3,3,2,999.99,0.05,2025-11-24 02:06:42,mysql_database,47467.86031665
120,39,4,15,1,529.99,0.1,2025-11-24 02:06:42,mysql_database,25157.74286665
121,40,1,17,1,429.0,0.2,2025-11-24 02:06:42,mysql_database,20363.915715000003
122,40,2,8,2,1799.99,0.2,2025-11-24 02:06:42,mysql_database,85442.52831665
123,41,1,5,1,1320.99,0.1,2025-11-24 02:06:42,mysql_database,62705.19585165
124,41,2,19,2,449.0,0.2,2025-11-24 02:06:42,mysql_database,21313.282415
125,41,3,26,2,599.99,0.2,2025-11-24 02:06:42,mysql_database,28480.52631665
126,42,1,19,1,449.0,0.05,2025-11-24 02:06:42,mysql_database,21313.282415
127,43,1,13,2,269.99,0.1,2025-11-24 02:06:42,mysql_database,12815.97576665
128,43,2,12,2,549.99,0.05,2025-11-24 02:06:42,mysql_database,26107.10956665
129,44,1,7,1,3999.99,0.1,2025-11-24 02:06:42,mysql_database,189872.86531665002
130,44,2,16,1,599.99,0.05,2025-11-24 02:06:42,mysql_database,28480.52631665
131,45,1,4,2,2899.99,0.2,2025-11-24 02:06:42,mysql_database,137657.69681665
132,45,2,22,1,269.99,0.07,2025-11-24 02:06:42,mysql_database,12815.97576665
133,45,3,21,2,269.99,0.05,2025-11-24 02:06:42,mysql_database,12815.97576665
134,46,1,17,1,429.0,0.1,2025-11-24 02:06:42,mysql_database,20363.915715000003
135,47,1,6,1,469.99,0.05,2025-11-24 02:06:42,mysql_database,22309.642766650002
136,47,2,15,1,529.99,0.1,2025-11-24 02:06:42,mysql_database,25157.74286665
137,47,3,25,2,499.99,0.07,2025-11-24 02:06:42,mysql_database,23733.692816650004
138,47,4,13,1,269.99,0.2,2025-11-24 02:06:42,mysql_database,12815.97576665
139,48,1,11,1,1680.99,0.1,2025-11-24 02:06:42,mysql_database,79793.79645165
140,48,2,4,1,2899.99,0.2,2025-11-24 02:06:42,mysql_database,137657.69681665
141,48,3,5,2,1320.99,0.1,2025-11-24 02:06:42,mysql_database,62705.19585165
142,48,4,14,2,269.99,0.07,2025-11-24 02:06:42,mysql_database,12815.97576665
143,49,1,13,2,269.99,0.07,2025-11-24 02:06:42,mysql_database,12815.97576665
144,50,1,3,1,999.99,0.05,2025-11-24 02:06:42,mysql_database,47467.86031665
145,50,2,26,2,599.99,0.07,2025-11-24 02:06:42,mysql_database,28480.52631665
146,50,3,13,2,269.99,0.2,2025-11-24 02:06:42,mysql_database,12815.97576665
147,51,1,13,1,269.99,0.05,2025-11-24 02:06:42,mysql_database,12815.97576665
148,51,2,20,1,599.99,0.05,2025-11-24 02:06:42,mysql_database,28480.52631665
149,51,3,26,2,599.99,0.2,2025-11-24 02:06:42,mysql_database,28480.52631665
150,52,1,25,1,499.99,0.07,2025-11-24 02:06:42,mysql_database,23733.692816650004
151,53,1,8,2,1799.99,0.2,2025-11-24 02:06:42,mysql_database,85442.52831665
152,53,2,23,2,299.99,0.05,2025-11-24 02:06:42,mysql_database,14240.02581665
153,53,3,14,2,269.99,0.2,2025-11-24 02:06:42,mysql_database,12815.97576665
154,53,4,25,2,499.99,0.1,2025-11-24 02:06:42,mysql_database,23733.692816650004
155,54,1,26,2,599.99,0.2,2025-11-24 02:06:42,mysql_database,28480.52631665
156,54,2,3,1,999.99,0.2,2025-11-24 02:06:42,mysql_database,47467.86031665
157,55,1,21,1,269.99,0.05,2025-11-24 02:06:42,mysql_database,12815.97576665
158,55,2,25,2,499.99,0.2,2025-11-24 02:06:42,mysql_database,23733.692816650004
159,55,3,15,2,529.99,0.2,2025-11-24 02:06:42,mysql_database,25157.74286665
160,56,1,20,2,599.99,0.07,2025-11-24 02:06:42,mysql_database,28480.52631665
161,57,1,23,2,299.99,0.1,2025-11-24 02:06:42,mysql_database,14240.02581665
162,57,2,19,2,449.0,0.2,2025-11-24 02:06:42,mysql_database,21313.282415
163,57,3,13,1,269.99,0.07,2025-11-24 02:06:42,mysql_database,12815.97576665
164,58,1,14,2,269.99,0.05,2025-11-24 02:06:42,mysql_database,12815.97576665
165,58,2,18,1,449.0,0.07,2025-11-24 02:06:42,mysql_database,21313.282415
166,58,3,23,1,299.99,0.1,2025-11-24 02:06:42,mysql_database,14240.02581665
167,59,1,21,1,269.99,0.05,2025-11-24 02:06:42,mysql_database,12815.97576665
168,59,2,2,1,749.99,0.1,2025-11-24 02:06:42,mysql_database,35600.776566650005
169,59,3,17,2,429.0,0.1,2025-11-24 02:06:42,mysql_database,20363.915715000003
170,60,1,14,2,269.99,0.05,2025-11-24 02:06:42,mysql_database,12815.97576665
171,60,2,4,1,2899.99,0.1,2025-11-24 02:06:42,mysql_database,137657.69681665
172,60,3,15,1,529.99,0.07,2025-11-24 02:06:42,mysql_database,25157.74286665
173,60,4,22,1,269.99,0.2,2025-11-24 02:06:42,mysql_database,12815.97576665
174,61,1,25,1,499.99,0.1,2025-11-24 02:06:42,mysql_database,23733.692816650004
175,61,2,15,2,529.99,0.05,2025-11-24 02:06:42,mysql_database,25157.74286665
176,61,3,5,2,1320.99,0.2,2025-11-24 02:06:42,mysql_database,62705.19585165
177,62,1,14,1,269.99,0.07,2025-11-24 02:06:42,mysql_database,12815.97576665
178,62,2,8,2,1799.99,0.1,2025-11-24 02:06:42,mysql_database,85442.52831665
179,62,3,22,2,269.99,0.1,2025-11-24 02:06:42,mysql_database,12815.97576665
180,63,1,25,2,499.99,0.1,2025-11-24 02:06:42,mysql_database,23733.692816650004
181,63,2,19,2,449.0,0.05,2025-11-24 02:06:42,mysql_database,21313.282415
182,63,3,3,1,999.99,0.1,2025-11-24 02:06:42,mysql_database,47467.86031665
183,64,1,25,2,499.99,0.1,2025-11-24 02:06:42,mysql_database,23733.692816650004
184,64,2,22,2,269.99,0.2,2025-11-24 02:06:42,mysql_database,12815.97576665
185,64,3,23,2,299.99,0.2,2025-11-24 02:06:42,mysql_database,14240.02581665
186,64,4,24,2,549.99,0.1,2025-11-24 02:06:42,mysql_database,26107.10956665
187,65,1,12,1,549.99,0.1,2025-11-24 02:06:42,mysql_database,26107.10956665
188,66,1,2,1,749.99,0.2,2025-11-24 02:06:42,mysql_database,35600.776566650005
189,66,2,23,1,299.99,0.07,2025-11-24 02:06:42,mysql_database,14240.02581665
190,66,3,12,1,549.99,0.07,2025-11-24 02:06:42,mysql_database,26107.10956665
191,67,1,23,2,299.99,0.2,2025-11-24 02:06:42,mysql_database,14240.02581665
192,67,2,12,2,549.99,0.1,2025-11-24 02:06:42,mysql_database,26107.10956665
193,67,3,21,1,269.99,0.2,2025-11-24 02:06:42,mysql_database,12815.97576665
194,67,4,5,2,1320.99,0.1,2025-11-24 02:06:42,mysql_database,62705.19585165
195,67,5,19,1,449.0,0.2,2025-11-24 02:06:42,mysql_database,21313.282415
196,68,1,13,2,269.99,0.07,2025-11-24 02:06:42,mysql_database,12815.97576665
197,68,2,17,1,429.0,0.1,2025-11-24 02:06:42,mysql_database,20363.915715000003
198,69,1,22,2,269.99,0.1,2025-11-24 02:06:42,mysql_database,12815.97576665
199,69,2,5,1,1320.99,0.2,2025-11-24 02:06:42,mysql_database,62705.19585165
200,69,3,10,1,1549.0,0.05,2025-11-24 02:06:42,mysql_database,73528.45091500001
201,70,1,3,2,999.99,0.05,2025-11-24 02:06:42,mysql_database,47467.86031665
202,70,2,18,1,449.0,0.2,2025-11-24 02:06:42,mysql_database,21313.282415
203,70,3,20,1,599.99,0.05,2025-11-24 02:06:42,mysql_database,28480.52631665
204,71,1,26,2,599.99,0.05,2025-11-24 02:06:42,mysql_database,28480.52631665
205,71,2,24,1,549.99,0.2,2025-11-24 02:06:42,mysql_database,26107.10956665
206,71,3,18,1,449.0,0.1,2025-11-24 02:06:42,mysql_database,21313.282415
207,72,1,17,2,429.0,0.07,2025-11-24 02:06:42,mysql_database,20363.915715000003
208,72,2,12,1,549.99,0.05,2025-11-24 02:06:42,mysql_database,26107.10956665
209,72,3,13,2,269.99,0.1,2025-11-24 02:06:42,mysql_database,12815.97576665
210,73,1,22,1,269.99,0.07,2025-11-24 02:06:42,mysql_database,12815.97576665
211,73,2,26,2,599.99,0.05,2025-11-24 02:06:42,mysql_database,28480.52631665
212,73,3,3,2,999.99,0.07,2025-11-24 02:06:42,mysql_database,47467.86031665
213,73,4,25,1,499.99,0.07,2025-11-24 02:06:42,mysql_database,23733.692816650004
214,73,5,23,2,299.99,0.2,2025-11-24 02:06:42,mysql_database,14240.02581665
215,74,1,16,2,599.99,0.05,2025-11-24 02:06:42,mysql_database,28480.52631665
216,74,2,6,1,469.99,0.07,2025-11-24 02:06:42,mysql_database,22309.642766650002
217,75,1,3,1,999.99,0.1,2025-11-24 02:06:42,mysql_database,47467.86031665
218,75,2,7,2,3999.99,0.07,2025-11-24 02:06:42,mysql_database,189872.86531665002
219,75,3,15,1,529.99,0.2,2025-11-24 02:06:42,mysql_database,25157.74286665
220,76,1,12,1,549.99,0.05,2025-11-24 02:06:42,mysql_database,26107.10956665
221,76,2,11,2,1680.99,0.1,2025-11-24 02:06:42,mysql_database,79793.79645165
222,76,3,5,1,1320.99,0.07,2025-11-24 02:06:42,mysql_database,62705.19585165
223,77,1,20,1,599.99,0.07,2025-11-24 02:06:42,mysql_database,28480.52631665
224,77,2,24,2,549.99,0.1,2025-11-24 02:06:42,mysql_database,26107.10956665
225,77,3,26,1,599.99,0.2,2025-11-24 02:06:42,mysql_database,28480.52631665
226,77,4,25,1,499.99,0.2,2025-11-24 02:06:42,mysql_database,23733.692816650004
227,78,1,17,1,429.0,0.07,2025-11-24 02:06:42,mysql_database,20363.915715000003
228,78,2,19,1,449.0,0.2,2025-11-24 02:06:42,mysql_database,21313.282415
229,78,3,18,2,449.0,0.1,2025-11-24 02:06:42,mysql_database,21313.282415
230,78,4,14,2,269.99,0.1,2025-11-24 02:06:42,mysql_database,12815.97576665
231,79,1,9,2,2999.99,0.1,2025-11-24 02:06:42,mysql_database,142404.53031665
232,79,2,17,2,429.0,0.05,2025-11-24 02:06:42,mysql_database,20363.915715000003
233,79,3,6,1,469.99,0.1,2025-11-24 02:06:42,mysql_database,22309.642766650002
234,79,4,25,2,499.99,0.07,2025-11-24 02:06:42,mysql_database,23733.692816650004
235,80,1,26,1,599.99,0.1,2025-11-24 02:06:42,mysql_database,28480.52631665
236,80,2,24,1,549.99,0.1,2025-11-24 02:06:42,mysql_database,26107.10956665
237,80,3,17,1,429.0,0.2,2025-11-24 02:06:42,mysql_database,20363.915715000003
238,81,1,10,2,1549.0,0.2,2025-11-24 02:06:42,mysql_database,73528.45091500001
239,81,2,23,2,299.99,0.05,2025-11-24 02:06:42,mysql_database,14240.02581665
240,81,3,25,2,499.99,0.05,2025-11-24 02:06:42,mysql_database,23733.692816650004
241,82,1,25,2,499.99,0.1,2025-11-24 02:06:42,mysql_database,23733.692816650004
242,82,2,11,2,1680.99,0.2,2025-11-24 02:06:42,mysql_database,79793.79645165
243,83,1,20,1,599.99,0.2,2025-11-24 02:06:42,mysql_database,28480.52631665
244,83,2,3,2,999.99,0.05,2025-11-24 02:06:42,mysql_database,47467.86031665
245,84,1,23,2,299.99,0.07,2025-11-24 02:06:42,mysql_database,14240.02581665
246,84,2,15,2,529.99,0.07,2025-11-24 02:06:42,mysql_database,25157.74286665
247,85,1,4,2,2899.99,0.05,2025-11-24 02:06:42,mysql_database,137657.69681665
248,85,2,18,1,449.0,0.07,2025-11-24 02:06:42,mysql_database,21313.282415
249,86,1,9,2,2999.99,0.1,2025-11-24 02:06:42,mysql_database,142404.53031665
250,86,2,23,2,299.99,0.07,2025-11-24 02:06:42,mysql_database,14240.02581665
251,86,3,21,2,269.99,0.2,2025-11-24 02:06:42,mysql_database,12815.97576665
252,86,4,15,1,529.99,0.1,2025-11-24 02:06:42,mysql_database,25157.74286665
253,87,1,20,2,599.99,0.2,2025-11-24 02:06:42,mysql_database,28480.52631665
254,87,2,23,2,299.99,0.1,2025-11-24 02:06:42,mysql_database,14240.02581665
255,88,1,10,1,1549.0,0.07,2025-11-24 02:06:42,mysql_database,73528.45091500001
256,88,2,8,2,1799.99,0.1,2025-11-24 02:06:42,mysql_database,85442.52831665
257,88,3,7,1,3999.99,0.1,2025-11-24 02:06:42,mysql_database,189872.86531665002
258,89,1,5,1,1320.99,0.05,2025-11-24 02:06:42,mysql_database,62705.19585165
259,89,2,6,2,469.99,0.1,2025-11-24 02:06:42,mysql_database,22309.642766650002
260,90,1,3,1,999.99,0.1,2025-11-24 02:06:42,mysql_database,47467.86031665
261,90,2,6,1,469.99,0.07,2025-11-24 02:06:42,mysql_database,22309.642766650002
262,91,1,11,1,1680.99,0.1,2025-11-24 02:06:42,mysql_database,79793.79645165
263,91,2,25,1,499.99,0.05,2025-11-24 02:06:42,mysql_database,23733.692816650004
264,91,3,15,2,529.99,0.07,2025-11-24 02:06:42,mysql_database,25157.74286665
265,91,4,13,2,269.99,0.07,2025-11-24 02:06:42,mysql_database,12815.97576665
266,92,1,8,1,1799.99,0.1,2025-11-24 02:06:42,mysql_database,85442.52831665
267,93,1,22,2,269.99,0.07,2025-11-24 02:06:42,mysql_database,12815.97576665
268,93,2,17,1,429.0,0.05,2025-11-24 02:06:42,mysql_database,20363.915715000003
269,93,3,21,1,269.99,0.1,2025-11-24 02:06:42,mysql_database,12815.97576665
270,93,4,2,1,749.99,0.2,2025-11-24 02:06:42,mysql_database,35600.776566650005
271,93,5,10,2,1549.0,0.07,2025-11-24 02:06:42,mysql_database,73528.45091500001
272,94,1,12,1,549.99,0.05,2025-11-24 02:06:42,mysql_database,26107.10956665
273,94,2,4,1,2899.99,0.2,2025-11-24 02:06:42,mysql_database,137657.69681665
274,94,3,11,1,1680.99,0.2,2025-11-24 02:06:42,mysql_database,79793.79645165
275,94,4,21,2,269.99,0.07,2025-11-24 02:06:42,mysql_database,12815.97576665
276,95,1,10,2,1549.0,0.2,2025-11-24 02:06:42,mysql_database,73528.45091500001
277,95,2,19,1,449.0,0.1,2025-11-24 02:06:42,mysql_database,21313.282415
278,95,3,8,2,1799.99,0.2,2025-11-24 02:06:42,mysql_database,85442.52831665
279,95,4,20,2,599.99,0.05,2025-11-24 02:06:42,mysql_database,28480.52631665
280,96,1,26,1,599.99,0.1,2025-11-24 02:06:42,mysql_database,28480.52631665
281,96,2,23,1,299.99,0.05,2025-11-24 02:06:42,mysql_database,14240.02581665
282,97,1,20,2,599.99,0.2,2025-11-24 02:06:42,mysql_database,28480.52631665
283,97,2,2,1,749.99,0.07,2025-11-24 02:06:42,mysql_database,35600.776566650005
284,97,3,6,2,469.99,0.2,2025-11-24 02:06:42,mysql_database,22309.642766650002
285,97,4,19,1,449.0,0.1,2025-11-24 02:06:42,mysql_database,21313.282415
286,98,1,19,1,449.0,0.07,2025-11-24 02:06:42,mysql_database,21313.282415
287,98,2,21,1,269.99,0.1,2025-11-24 02:06:42,mysql_database,12815.97576665
288,98,3,2,1,749.99,0.2,2025-11-24 02:06:42,mysql_database,35600.776566650005
289,98,4,22,2,269.99,0.2,2025-11-24 02:06:42,mysql_database,12815.97576665
290,99,1,13,1,269.99,0.2,2025-11-24 02:06:42,mysql_database,12815.97576665
291,99,2,21,1,269.99,0.2,2025-11-24 02:06:42,mysql_database,12815.97576665
292,99,3,25,2,499.99,0.05,2025-11-24 02:06:42,mysql_database,23733.692816650004
293,99,4,7,2,3999.99,0.07,2025-11-24 02:06:42,mysql_database,189872.86531665002
294,99,5,23,2,299.99,0.2,2025-11-24 02:06:42,mysql_database,14240.02581665
295,100,1,12,2,549.99,0.05,2025-11-24 02:06:42,mysql_database,26107.10956665
296,100,2,11,2,1680.99,0.1,2025-11-24 02:06:42,mysql_database,79793.79645165
297,100,3,7,2,3999.99,0.2,2025-11-24 02:06:42,mysql_database,189872.86531665002
298,100,4,16,2,599.99,0.2,2025-11-24 02:06:42,mysql_database,28480.52631665
299,100,5,24,2,549.99,0.1,2025-11-24 02:06:42,mysql_database,26107.10956665
300,101,1,12,2,549.99,0.2,2025-11-24 02:06:42,mysql_database,26107.10956665
301,102,1,15,1,529.99,0.05,2025-11-24 02:06:42,mysql_database,25157.74286665
302,102,2,22,1,269.99,0.07,2025-11-24 02:06:42,mysql_database,12815.97576665
303,103,1,17,1,429.0,0.07,2025-11-24 02:06:42,mysql_database,20363.915715000003
304,103,2,3,1,999.99,0.05,2025-11-24 02:06:42,mysql_database,47467.86031665
305,103,3,18,1,449.0,0.2,2025-11-24 02:06:42,mysql_database,21313.282415
306,103,4,15,2,529.99,0.1,2025-11-24 02:06:42,mysql_database,25157.74286665
307,103,5,9,2,2999.99,0.1,2025-11-24 02:06:42,mysql_database,142404.53031665
308,104,1,19,2,449.0,0.1,2025-11-24 02:06:42,mysql_database,21313.282415
309,104,2,26,1,599.99,0.05,2025-11-24 02:06:42,mysql_database,28480.52631665
310,105,1,11,2,1680.99,0.2,2025-11-24 02:06:42,mysql_database,79793.79645165
311,105,2,3,1,999.99,0.05,2025-11-24 02:06:42,mysql_database,47467.86031665
312,105,3,9,1,2999.99,0.05,2025-11-24 02:06:42,mysql_database,142404.53031665
313,106,1,17,1,429.0,0.1,2025-11-24 02:06:42,mysql_database,20363.915715000003
314,106,2,13,2,269.99,0.1,2025-11-24 02:06:42,mysql_database,12815.97576665
315,107,1,19,1,449.0,0.2,2025-11-24 02:06:42,mysql_database,21313.282415
316,107,2,13,2,269.99,0.1,2025-11-24 02:06:42,mysql_database,12815.97576665
317,108,1,11,1,1680.99,0.1,2025-11-24 02:06:42,mysql_database,79793.79645165
318,108,2,22,2,269.99,0.07,2025-11-24 02:06:42,mysql_database,12815.97576665
319,108,3,16,2,599.99,0.05,2025-11-24 02:06:42,mysql_database,28480.52631665
320,109,1,22,2,269.99,0.1,2025-11-24 02:06:42,mysql_database,12815.97576665
321,109,2,6,1,469.99,0.07,2025-11-24 02:06:42,mysql_database,22309.642766650002
322,110,1,14,1,269.99,0.1,2025-11-24 02:06:42,mysql_database,12815.97576665
323,111,1,14,1,269.99,0.1,2025-11-24 02:06:42,mysql_database,12815.97576665
324,111,2,12,2,549.99,0.07,2025-11-24 02:06:42,mysql_database,26107.10956665
325,112,1,23,2,299.99,0.2,2025-11-24 02:06:42,mysql_database,14240.02581665
326,112,2,25,2,499.99,0.07,2025-11-24 02:06:42,mysql_database,23733.692816650004
327,112,3,24,2,549.99,0.05,2025-11-24 02:06:42,mysql_database,26107.10956665
328,112,4,5,1,1320.99,0.2,2025-11-24 02:06:42,mysql_database,62705.19585165
329,113,1,12,2,549.99,0.07,2025-11-24 02:06:42,mysql_database,26107.10956665
330,113,2,24,2,549.99,0.1,2025-11-24 02:06:42,mysql_database,26107.10956665
331,113,3,6,1,469.99,0.07,2025-11-24 02:06:42,mysql_database,22309.642766650002
332,113,4,23,1,299.99,0.2,2025-11-24 02:06:42,mysql_database,14240.02581665
333,113,5,5,2,1320.99,0.2,2025-11-24 02:06:42,mysql_database,62705.19585165
334,114,1,12,1,549.99,0.05,2025-11-24 02:06:42,mysql_database,26107.10956665
335,114,2,2,1,749.99,0.07,2025-11-24 02:06:42,mysql_database,35600.776566650005
336,114,3,13,2,269.99,0.1,2025-11-24 02:06:42,mysql_database,12815.97576665
337,115,1,22,1,269.99,0.2,2025-11-24 02:06:42,mysql_database,12815.97576665
338,115,2,19,1,449.0,0.1,2025-11-24 02:06:42,mysql_database,21313.282415
339,116,1,26,1,599.99,0.05,2025-11-24 02:06:42,mysql_database,28480.52631665
340,117,1,22,2,269.99,0.2,2025-11-24 02:06:42,mysql_database,12815.97576665
341,117,2,26,1,599.99,0.05,2025-11-24 02:06:42,mysql_database,28480.52631665
342,117,3,14,1,269.99,0.2,2025-11-24 02:06:42,mysql_database,12815.97576665
343,117,4,19,1,449.0,0.05,2025-11-24 02:06:42,mysql_database,21313.282415
344,118,1,18,1,449.0,0.07,2025-11-24 02:06:42,mysql_database,21313.282415
345,118,2,4,1,2899.99,0.07,2025-11-24 02:06:42,mysql_database,137657.69681665
346,118,3,6,1,469.99,0.07,2025-11-24 02:06:42,mysql_database,22309.642766650002
347,118,4,3,2,999.99,0.1,2025-11-24 02:06:42,mysql_database,47467.86031665
348,118,5,23,2,299.99,0.07,2025-11-24 02:06:42,mysql_database,14240.02581665
349,119,1,25,1,499.99,0.05,2025-11-24 02:06:42,mysql_database,23733.692816650004
350,120,1,13,2,269.99,0.05,2025-11-24 02:06:42,mysql_database,12815.97576665
351,120,2,6,2,469.99,0.05,2025-11-24 02:06:42,mysql_database,22309.642766650002
352,120,3,10,2,1549.0,0.05,2025-11-24 02:06:42,mysql_database,73528.45091500001
353,120,4,17,1,429.0,0.05,2025-11-24 02:06:42,mysql_database,20363.915715000003
354,120,5,16,2,599.99,0.2,2025-11-24 02:06:42,mysql_database,28480.52631665
355,121,1,5,1,1320.99,0.2,2025-11-24 02:06:42,mysql_database,62705.19585165
356,121,2,14,2,269.99,0.1,2025-11-24 02:06:42,mysql_database,12815.97576665
357,121,3,4,2,2899.99,0.1,2025-11-24 02:06:42,mysql_database,137657.69681665
358,121,4,24,2,549.99,0.07,2025-11-24 02:06:42,mysql_database,26107.10956665
359,121,5,2,2,749.99,0.05,2025-11-24 02:06:42,mysql_database,35600.776566650005
360,122,1,16,1,599.99,0.1,2025-11-24 02:06:42,mysql_database,28480.52631665
361,123,1,12,2,549.99,0.1,2025-11-24 02:06:42,mysql_database,26107.10956665
362,124,1,16,1,599.99,0.05,2025-11-24 02:06:42,mysql_database,28480.52631665
363,124,2,4,1,2899.99,0.07,2025-11-24 02:06:42,mysql_database,137657.69681665
364,124,3,7,2,3999.99,0.05,2025-11-24 02:06:42,mysql_database,189872.86531665002
365,125,1,17,1,429.0,0.1,2025-11-24 02:06:42,mysql_database,20363.915715000003
366,126,1,9,2,2999.99,0.05,2025-11-24 02:06:42,mysql_database,142404.53031665
367,127,1,17,1,429.0,0.07,2025-11-24 02:06:42,mysql_database,20363.915715000003
368,127,2,20,1,599.99,0.1,2025-11-24 02:06:42,mysql_database,28480.52631665
369,127,3,4,2,2899.99,0.07,2025-11-24 02:06:42,mysql_database,137657.69681665
370,128,1,24,2,549.99,0.1,2025-11-24 02:06:42,mysql_database,26107.10956665
371,128,2,16,2,599.99,0.1,2025-11-24 02:06:42,mysql_database,28480.52631665
372,128,3,4,2,2899.99,0.2,2025-11-24 02:06:42,mysql_database,137657.69681665
373,128,4,3,2,999.99,0.2,2025-11-24 02:06:42,mysql_database,47467.86031665
374,129,1,18,1,449.0,0.1,2025-11-24 02:06:42,mysql_database,21313.282415
375,129,2,9,1,2999.99,0.1,2025-11-24 02:06:42,mysql_database,142404.53031665
376,130,1,26,1,599.99,0.05,2025-11-24 02:06:42,mysql_database,28480.52631665
377,130,2,5,2,1320.99,0.07,2025-11-24 02:06:42,mysql_database,62705.19585165
378,131,1,22,2,269.99,0.2,2025-11-24 02:06:42,mysql_database,12815.97576665
379,131,2,4,2,2899.99,0.07,2025-11-24 02:06:42,mysql_database,137657.69681665
380,131,3,24,2,549.99,0.1,2025-11-24 02:06:42,mysql_database,26107.10956665
381,132,1,2,2,749.99,0.05,2025-11-24 02:06:42,mysql_database,35600.776566650005
382,132,2,20,1,599.99,0.05,2025-11-24 02:06:42,mysql_database,28480.52631665
383,132,3,9,1,2999.99,0.1,2025-11-24 02:06:42,mysql_database,142404.53031665
384,133,1,13,2,269.99,0.05,2025-11-24 02:06:42,mysql_database,12815.97576665
385,133,2,22,1,269.99,0.2,2025-11-24 02:06:42,mysql_database,12815.97576665
386,134,1,19,2,449.0,0.1,2025-11-24 02:06:42,mysql_database,21313.282415
387,134,2,2,2,749.99,0.07,2025-11-24 02:06:42,mysql_database,35600.776566650005
388,134,3,18,2,449.0,0.07,2025-11-24 02:06:42,mysql_database,21313.282415
389,135,1,5,2,1320.99,0.05,2025-11-24 02:06:42,mysql_database,62705.19585165
390,135,2,18,2,449.0,0.05,2025-11-24 02:06:42,mysql_database,21313.282415
391,135,3,25,1,499.99,0.2,2025-11-24 02:06:42,mysql_database,23733.692816650004
392,135,4,2,1,749.99,0.05,2025-11-24 02:06:42,mysql_database,35600.776566650005
393,136,1,7,2,3999.99,0.2,2025-11-24 02:06:42,mysql_database,189872.86531665002
394,136,2,3,2,999.99,0.05,2025-11-24 02:06:42,mysql_database,47467.86031665
395,137,1,23,1,299.99,0.07,2025-11-24 02:06:42,mysql_database,14240.02581665
396,137,2,22,1,269.99,0.1,2025-11-24 02:06:42,mysql_database,12815.97576665
397,138,1,16,2,599.99,0.1,2025-11-24 02:06:42,mysql_database,28480.52631665
398,138,2,6,1,469.99,0.2,2025-11-24 02:06:42,mysql_database,22309.642766650002
399,139,1,19,2,449.0,0.07,2025-11-24 02:06:42,mysql_database,21313.282415
400,139,2,3,1,999.99,0.07,2025-11-24 02:06:42,mysql_database,47467.86031665
401,140,1,15,1,529.99,0.2,2025-11-24 02:06:42,mysql_database,25157.74286665
402,140,2,21,1,269.99,0.2,2025-11-24 02:06:42,mysql_database,12815.97576665
403,140,3,12,2,549.99,0.2,2025-11-24 02:06:42,mysql_database,26107.10956665
404,140,4,3,1,999.99,0.05,2025-11-24 02:06:42,mysql_database,47467.86031665
405,141,1,18,1,449.0,0.2,2025-11-24 02:06:42,mysql_database,21313.282415
406,142,1,16,2,599.99,0.1,2025-11-24 02:06:42,mysql_database,28480.52631665
407,142,2,11,2,1680.99,0.1,2025-11-24 02:06:42,mysql_database,79793.79645165
408,142,3,19,1,449.0,0.07,2025-11-24 02:06:42,mysql_database,21313.282415
409,143,1,6,1,469.99,0.2,2025-11-24 02:06:42,mysql_database,22309.642766650002
410,144,1,8,2,1799.99,0.05,2025-11-24 02:06:42,mysql_database,85442.52831665
411,145,1,11,1,1680.99,0.2,2025-11-24 02:06:42,mysql_database,79793.79645165
412,145,2,9,2,2999.99,0.1,2025-11-24 02:06:42,mysql_database,142404.53031665
413,146,1,3,2,999.99,0.2,2025-11-24 02:06:42,mysql_database,47467.86031665
414,146,2,12,1,549.99,0.1,2025-11-24 02:06:42,mysql_database,26107.10956665
415,146,3,20,2,599.99,0.1,2025-11-24 02:06:42,mysql_database,28480.52631665
416,146,4,6,2,469.99,0.05,2025-11-24 02:06:42,mysql_database,22309.642766650002
417,146,5,2,1,749.99,0.07,2025-11-24 02:06:42,mysql_database,35600.776566650005
418,147,1,26,2,599.99,0.2,2025-11-24 02:06:42,mysql_database,28480.52631665
419,148,1,14,1,269.99,0.05,2025-11-24 02:06:42,mysql_database,12815.97576665
420,149,1,12,2,549.99,0.07,2025-11-24 02:06:42,mysql_database,26107.10956665
421,149,2,21,2,269.99,0.07,2025-11-24 02:06:42,mysql_database,12815.97576665
422,150,1,7,1,3999.99,0.1,2025-11-24 02:06:42,mysql_database,189872.86531665002
423,150,2,3,1,999.99,0.2,2025-11-24 02:06:42,mysql_database,47467.86031665
424,150,3,17,1,429.0,0.07,2025-11-24 02:06:42,mysql_database,20363.915715000003
425,150,4,25,2,499.99,0.07,2025-11-24 02:06:42,mysql_database,23733.692816650004
426,151,1,17,1,429.0,0.1,2025-11-24 02:06:42,mysql_database,20363.915715000003
427,151,2,26,1,599.99,0.1,2025-11-24 02:06:42,mysql_database,28480.52631665
428,152,1,6,2,469.99,0.2,2025-11-24 02:06:42,mysql_database,22309.642766650002
429,152,2,22,2,269.99,0.2,2025-11-24 02:06:42,mysql_database,12815.97576665
430,152,3,16,2,599.99,0.07,2025-11-24 02:06:42,mysql_database,28480.52631665
431,153,1,16,1,599.99,0.07,2025-11-24 02:06:42,mysql_database,28480.52631665
432,153,2,8,1,1799.99,0.07,2025-11-24 02:06:42,mysql_database,85442.52831665
433,153,3,15,2,529.99,0.05,2025-11-24 02:06:42,mysql_database,25157.74286665
434,154,1,12,1,549.99,0.1,2025-11-24 02:06:42,mysql_database,26107.10956665
435,155,1,8,1,1799.99,0.1,2025-11-24 02:06:42,mysql_database,85442.52831665
436,156,1,18,2,449.0,0.2,2025-11-24 02:06:42,mysql_database,21313.282415
437,156,2,17,2,429.0,0.05,2025-11-24 02:06:42,mysql_database,20363.915715000003
438,156,3,6,1,469.99,0.07,2025-11-24 02:06:42,mysql_database,22309.642766650002
439,157,1,4,1,2899.99,0.1,2025-11-24 02:06:42,mysql_database,137657.69681665
440,157,2,7,2,3999.99,0.07,2025-11-24 02:06:42,mysql_database,189872.86531665002
441,158,1,24,1,549.99,0.1,2025-11-24 02:06:42,mysql_database,26107.10956665
442,159,1,13,1,269.99,0.2,2025-11-24 02:06:42,mysql_database,12815.97576665
443,160,1,21,1,269.99,0.07,2025-11-24 02:06:42,mysql_database,12815.97576665
444,160,2,15,2,529.99,0.07,2025-11-24 02:06:42,mysql_database,25157.74286665
445,160,3,18,2,449.0,0.1,2025-11-24 02:06:42,mysql_database,21313.282415
446,160,4,11,1,1680.99,0.05,2025-11-24 02:06:42,mysql_database,79793.79645165
447,161,1,24,2,549.99,0.07,2025-11-24 02:06:42,mysql_database,26107.10956665
448,161,2,22,1,269.99,0.05,2025-11-24 02:06:42,mysql_database,12815.97576665
449,161,3,7,2,3999.99,0.05,2025-11-24 02:06:42,mysql_database,189872.86531665002
450,162,1,18,1,449.0,0.07,2025-11-24 02:06:42,mysql_database,21313.282415
451,162,2,21,2,269.99,0.07,2025-11-24 02:06:42,mysql_database,12815.97576665
452,162,3,3,2,999.99,0.1,2025-11-24 02:06:42,mysql_database,47467.86031665
453,163,1,12,1,549.99,0.1,2025-11-24 02:06:42,mysql_database,26107.10956665
454,163,2,18,1,449.0,0.2,2025-11-24 02:06:42,mysql_database,21313.282415
455,164,1,4,2,2899.99,0.05,2025-11-24 02:06:42,mysql_database,137657.69681665
456,164,2,10,2,1549.0,0.05,2025-11-24 02:06:42,mysql_database,73528.45091500001
457,164,3,14,1,269.99,0.1,2025-11-24 02:06:42,mysql_database,12815.97576665
458,165,1,4,2,2899.99,0.05,2025-11-24 02:06:42,mysql_database,137657.69681665
459,165,2,23,1,299.99,0.2,2025-11-24 02:06:42,mysql_database,14240.02581665
460,165,3,2,1,749.99,0.05,2025-11-24 02:06:42,mysql_database,35600.776566650005
461,166,1,10,2,1549.0,0.1,2025-11-24 02:06:42,mysql_database,73528.45091500001
462,166,2,11,1,1680.99,0.2,2025-11-24 02:06:42,mysql_database,79793.79645165
463,167,1,12,1,549.99,0.05,2025-11-24 02:06:42,mysql_database,26107.10956665
464,167,2,10,1,1549.0,0.2,2025-11-24 02:06:42,mysql_database,73528.45091500001
465,167,3,13,2,269.99,0.05,2025-11-24 02:06:42,mysql_database,12815.97576665
466,167,4,7,2,3999.99,0.05,2025-11-24 02:06:42,mysql_database,189872.86531665002
467,168,1,6,1,469.99,0.1,2025-11-24 02:06:42,mysql_database,22309.642766650002
468,168,2,11,2,1680.99,0.07,2025-11-24 02:06:42,mysql_database,79793.79645165
469,168,3,12,2,549.99,0.07,2025-11-24 02:06:42,mysql_database,26107.10956665
470,168,4,22,2,269.99,0.2,2025-11-24 02:06:42,mysql_database,12815.97576665
471,169,1,20,2,599.99,0.1,2025-11-24 02:06:42,mysql_database,28480.52631665
472,169,2,5,1,1320.99,0.05,2025-11-24 02:06:42,mysql_database,62705.19585165
473,169,3,10,1,1549.0,0.2,2025-11-24 02:06:42,mysql_database,73528.45091500001
474,169,4,11,1,1680.99,0.2,2025-11-24 02:06:42,mysql_database,79793.79645165
475,169,5,14,2,269.99,0.05,2025-11-24 02:06:42,mysql_database,12815.97576665
476,170,1,12,2,549.99,0.1,2025-11-24 02:06:42,mysql_database,26107.10956665
477,170,2,24,1,549.99,0.05,2025-11-24 02:06:42,mysql_database,26107.10956665
478,170,3,7,1,3999.99,0.2,2025-11-24 02:06:42,mysql_database,189872.86531665002
479,170,4,18,2,449.0,0.05,2025-11-24 02:06:42,mysql_database,21313.282415
480,171,1,8,1,1799.99,0.05,2025-11-24 02:06:42,mysql_database,85442.52831665
481,172,1,23,1,299.99,0.07,2025-11-24 02:06:42,mysql_database,14240.02581665
482,172,2,16,1,599.99,0.2,2025-11-24 02:06:42,mysql_database,28480.52631665
483,173,1,14,1,269.99,0.05,2025-11-24 02:06:42,mysql_database,12815.97576665
484,173,2,16,1,599.99,0.2,2025-11-24 02:06:42,mysql_database,28480.52631665
485,173,3,20,2,599.99,0.05,2025-11-24 02:06:42,mysql_database,28480.52631665
486,174,1,22,2,269.99,0.2,2025-11-24 02:06:42,mysql_database,12815.97576665
487,174,2,19,2,449.0,0.1,2025-11-24 02:06:42,mysql_database,21313.282415
488,175,1,5,1,1320.99,0.1,2025-11-24 02:06:42,mysql_database,62705.19585165
489,175,2,2,2,749.99,0.2,2025-11-24 02:06:42,mysql_database,35600.776566650005
490,175,3,21,2,269.99,0.1,2025-11-24 02:06:42,mysql_database,12815.97576665
491,175,4,19,1,449.0,0.07,2025-11-24 02:06:42,mysql_database,21313.282415
492,176,1,2,2,749.99,0.07,2025-11-24 02:06:42,mysql_database,35600.776566650005
493,176,2,11,2,1680.99,0.2,2025-11-24 02:06:42,mysql_database,79793.79645165
494,176,3,16,2,599.99,0.05,2025-11-24 02:06:42,mysql_database,28480.52631665
495,177,1,20,2,599.99,0.1,2025-11-24 02:06:42,mysql_database,28480.52631665
496,178,1,10,2,1549.0,0.2,2025-11-24 02:06:42,mysql_database,73528.45091500001
497,178,2,12,1,549.99,0.05,2025-11-24 02:06:42,mysql_database,26107.10956665
498,178,3,3,1,999.99,0.1,2025-11-24 02:06:42,mysql_database,47467.86031665
499,178,4,18,1,449.0,0.07,2025-11-24 02:06:42,mysql_database,21313.282415
500,179,1,13,2,269.99,0.05,2025-11-24 02:06:42,mysql_database,12815.97576665
501,179,2,26,1,599.99,0.1,2025-11-24 02:06:42,mysql_database,28480.52631665
502,179,3,18,1,449.0,0.2,2025-11-24 02:06:42,mysql_database,21313.282415
503,179,4,12,2,549.99,0.2,2025-11-24 02:06:42,mysql_database,26107.10956665
504,179,5,20,2,599.99,0.1,2025-11-24 02:06:42,mysql_database,28480.52631665
505,180,1,16,1,599.99,0.07,2025-11-24 02:06:42,mysql_database,28480.52631665
506,181,1,10,1,1549.0,0.05,2025-11-24 02:06:42,mysql_database,73528.45091500001
507,181,2,11,1,1680.99,0.1,2025-11-24 02:06:42,mysql_database,79793.79645165
508,181,3,15,2,529.99,0.2,2025-11-24 02:06:42,mysql_database,25157.74286665
509,181,4,24,2,549.99,0.05,2025-11-24 02:06:42,mysql_database,26107.10956665
510,182,1,25,2,499.99,0.05,2025-11-24 02:06:42,mysql_database,23733.692816650004
511,182,2,24,2,549.99,0.07,2025-11-24 02:06:42,mysql_database,26107.10956665
512,183,1,11,2,1680.99,0.2,2025-11-24 02:06:42,mysql_database,79793.79645165
513,183,2,12,2,549.99,0.05,2025-11-24 02:06:42,mysql_database,26107.10956665
514,183,3,19,1,449.0,0.07,2025-11-24 02:06:42,mysql_database,21313.282415
515,183,4,17,1,429.0,0.07,2025-11-24 02:06:42,mysql_database,20363.915715000003
516,184,1,4,1,2899.99,0.2,2025-11-24 02:06:42,mysql_database,137657.69681665
517,184,2,5,1,1320.99,0.1,2025-11-24 02:06:42,mysql_database,62705.19585165
518,184,3,14,1,269.99,0.1,2025-11-24 02:06:42,mysql_database,12815.97576665
519,185,1,20,1,599.99,0.1,2025-11-24 02:06:42,mysql_database,28480.52631665
520,185,2,8,1,1799.99,0.05,2025-11-24 02:06:42,mysql_database,85442.52831665
521,186,1,4,1,2899.99,0.1,2025-11-24 02:06:42,mysql_database,137657.69681665
522,186,2,6,1,469.99,0.1,2025-11-24 02:06:42,mysql_database,22309.642766650002
523,187,1,5,1,1320.99,0.05,2025-11-24 02:06:42,mysql_database,62705.19585165
524,188,1,7,2,3999.99,0.07,2025-11-24 02:06:42,mysql_database,189872.86531665002
525,189,1,16,2,599.99,0.2,2025-11-24 02:06:42,mysql_database,28480.52631665
526,190,1,24,1,549.99,0.05,2025-11-24 02:06:42,mysql_database,26107.10956665
527,190,2,15,1,529.99,0.2,2025-11-24 02:06:42,mysql_database,25157.74286665
528,190,3,3,2,999.99,0.2,2025-11-24 02:06:42,mysql_database,47467.86031665
529,191,1,25,1,499.99,0.05,2025-11-24 02:06:42,mysql_database,23733.692816650004
530,191,2,12,2,549.99,0.2,2025-11-24 02:06:42,mysql_database,26107.10956665
531,191,3,3,1,999.99,0.07,2025-11-24 02:06:42,mysql_database,47467.86031665
532,191,4,8,2,1799.99,0.05,2025-11-24 02:06:42,mysql_database,85442.52831665
533,191,5,23,1,299.99,0.05,2025-11-24 02:06:42,mysql_database,14240.02581665
534,192,1,8,2,1799.99,0.1,2025-11-24 02:06:42,mysql_database,85442.52831665
535,192,2,25,1,499.99,0.07,2025-11-24 02:06:42,mysql_database,23733.692816650004
536,192,3,2,1,749.99,0.05,2025-11-24 02:06:42,mysql_database,35600.776566650005
537,192,4,24,2,549.99,0.07,2025-11-24 02:06:42,mysql_database,26107.10956665
538,192,5,10,2,1549.0,0.2,2025-11-24 02:06:42,mysql_database,73528.45091500001
539,193,1,12,2,549.99,0.1,2025-11-24 02:06:42,mysql_database,26107.10956665
540,194,1,21,2,269.99,0.2,2025-11-24 02:06:42,mysql_database,12815.97576665
541,195,1,18,1,449.0,0.2,2025-11-24 02:06:42,mysql_database,21313.282415
542,195,2,14,1,269.99,0.05,2025-11-24 02:06:42,mysql_database,12815.97576665
543,195,3,5,2,1320.99,0.2,2025-11-24 02:06:42,mysql_database,62705.19585165
544,195,4,4,2,2899.99,0.2,2025-11-24 02:06:42,mysql_database,137657.69681665
545,195,5,21,2,269.99,0.1,2025-11-24 02:06:42,mysql_database,12815.97576665
546,196,1,6,1,469.99,0.05,2025-11-24 02:06:42,mysql_database,22309.642766650002
547,196,2,3,2,999.99,0.07,2025-11-24 02:06:42,mysql_database,47467.86031665
548,196,3,10,2,1549.0,0.07,2025-11-24 02:06:42,mysql_database,73528.45091500001
549,196,4,12,1,549.99,0.07,2025-11-24 02:06:42,mysql_database,26107.10956665
550,196,5,20,1,599.99,0.1,2025-11-24 02:06:42,mysql_database,28480.52631665
551,197,1,4,2,2899.99,0.2,2025-11-24 02:06:42,mysql_database,137657.69681665
552,197,2,2,2,749.99,0.07,2025-11-24 02:06:42,mysql_database,35600.776566650005
553,198,1,6,2,469.99,0.05,2025-11-24 02:06:42,mysql_database,22309.642766650002
554,198,2,20,2,599.99,0.07,2025-11-24 02:06:42,mysql_database,28480.52631665
555,198,3,8,2,1799.99,0.2,2025-11-24 02:06:42,mysql_database,85442.52831665
556,198,4,13,2,269.99,0.05,2025-11-24 02:06:42,mysql_database,12815.97576665
557,198,5,17,1,429.0,0.05,2025-11-24 02:06:42,mysql_database,20363.915715000003
558,199,1,25,2,499.99,0.05,2025-11-24 02:06:42,mysql_database,23733.692816650004
559,199,2,18,2,449.0,0.07,2025-11-24 02:06:42,mysql_database,21313.282415
560,199,3,4,1,2899.99,0.2,2025-11-24 02:06:42,mysql_database,137657.69681665
561,200,1,23,2,299.99,0.05,2025-11-24 02:06:42,mysql_database,14240.02581665
562,200,2,22,2,269.99,0.07,2025-11-24 02:06:42,mysql_database,12815.97576665
563,201,1,24,1,549.99,0.05,2025-11-24 02:06:42,mysql_database,26107.10956665
564,201,2,7,1,3999.99,0.2,2025-11-24 02:06:42,mysql_database,189872.86531665002
565,201,3,14,2,269.99,0.1,2025-11-24 02:06:42,mysql_database,12815.97576665
566,201,4,17,1,429.0,0.05,2025-11-24 02:06:42,mysql_database,20363.915715000003
567,202,1,8,1,1799.99,0.07,2025-11-24 02:06:42,mysql_database,85442.52831665
568,202,2,17,1,429.0,0.05,2025-11-24 02:06:42,mysql_database,20363.915715000003
569,202,3,15,2,529.99,0.05,2025-11-24 02:06:42,mysql_database,25157.74286665
570,202,4,25,2,499.99,0.05,2025-11-24 02:06:42,mysql_database,23733.692816650004
571,203,1,26,1,599.99,0.05,2025-11-24 02:06:42,mysql_database,28480.52631665
572,203,2,3,2,999.99,0.1,2025-11-24 02:06:42,mysql_database,47467.86031665
573,203,3,17,2,429.0,0.2,2025-11-24 02:06:42,mysql_database,20363.915715000003
574,203,4,19,2,449.0,0.07,2025-11-24 02:06:42,mysql_database,21313.282415
575,204,1,6,2,469.99,0.07,2025-11-24 02:06:42,mysql_database,22309.642766650002
576,204,2,17,2,429.0,0.1,2025-11-24 02:06:42,mysql_database,20363.915715000003
577,205,1,22,2,269.99,0.05,2025-11-24 02:06:42,mysql_database,12815.97576665
578,205,2,24,2,549.99,0.1,2025-11-24 02:06:42,mysql_database,26107.10956665
579,206,1,25,1,499.99,0.05,2025-11-24 02:06:42,mysql_database,23733.692816650004
580,206,2,20,1,599.99,0.2,2025-11-24 02:06:42,mysql_database,28480.52631665
581,207,1,12,2,549.99,0.2,2025-11-24 02:06:42,mysql_database,26107.10956665
582,207,2,5,1,1320.99,0.05,2025-11-24 02:06:42,mysql_database,62705.19585165
583,207,3,11,2,1680.99,0.07,2025-11-24 02:06:42,mysql_database,79793.79645165
584,207,4,7,2,3999.99,0.1,2025-11-24 02:06:42,mysql_database,189872.86531665002
585,208,1,6,2,469.99,0.05,2025-11-24 02:06:42,mysql_database,22309.642766650002
586,208,2,4,2,2899.99,0.07,2025-11-24 02:06:42,mysql_database,137657.69681665
587,208,3,3,1,999.99,0.05,2025-11-24 02:06:42,mysql_database,47467.86031665
588,208,4,12,1,549.99,0.2,2025-11-24 02:06:42,mysql_database,26107.10956665
589,208,5,10,2,1549.0,0.05,2025-11-24 02:06:42,mysql_database,73528.45091500001
590,209,1,13,1,269.99,0.1,2025-11-24 02:06:42,mysql_database,12815.97576665
591,210,1,14,1,269.99,0.07,2025-11-24 02:06:42,mysql_database,12815.97576665
592,210,2,13,2,269.99,0.2,2025-11-24 02:06:42,mysql_database,12815.97576665
593,211,1,10,1,1549.0,0.07,2025-11-24 02:06:42,mysql_database,73528.45091500001
594,211,2,2,2,749.99,0.07,2025-11-24 02:06:42,mysql_database,35600.776566650005
595,212,1,16,2,599.99,0.07,2025-11-24 02:06:42,mysql_database,28480.52631665
596,212,2,12,2,549.99,0.2,2025-11-24 02:06:42,mysql_database,26107.10956665
597,212,3,19,1,449.0,0.1,2025-11-24 02:06:42,mysql_database,21313.282415
598,212,4,7,1,3999.99,0.2,2025-11-24 02:06:42,mysql_database,189872.86531665002
599,213,1,13,1,269.99,0.1,2025-11-24 02:06:42,mysql_database,12815.97576665
600,214,1,21,1,269.99,0.1,2025-11-24 02:06:42,mysql_database,12815.97576665
601,215,1,19,1,449.0,0.07,2025-11-24 02:06:42,mysql_database,21313.282415
602,215,2,12,2,549.99,0.1,2025-11-24 02:06:42,mysql_database,26107.10956665
603,216,1,22,2,269.99,0.1,2025-11-24 02:06:42,mysql_database,12815.97576665
604,216,2,16,2,599.99,0.05,2025-11-24 02:06:42,mysql_database,28480.52631665
605,217,1,18,1,449.0,0.1,2025-11-24 02:06:42,mysql_database,21313.282415
606,217,2,10,2,1549.0,0.1,2025-11-24 02:06:42,mysql_database,73528.45091500001
607,217,3,17,1,429.0,0.07,2025-11-24 02:06:42,mysql_database,20363.915715000003
608,218,1,2,2,749.99,0.1,2025-11-24 02:06:42,mysql_database,35600.776566650005
609,218,2,13,1,269.99,0.07,2025-11-24 02:06:42,mysql_database,12815.97576665
610,218,3,12,1,549.99,0.05,2025-11-24 02:06:42,mysql_database,26107.10956665
611,219,1,26,1,599.99,0.05,2025-11-24 02:06:42,mysql_database,28480.52631665
612,219,2,5,1,1320.99,0.2,2025-11-24 02:06:42,mysql_database,62705.19585165
613,220,1,6,2,469.99,0.05,2025-11-24 02:06:42,mysql_database,22309.642766650002
614,220,2,25,1,499.99,0.07,2025-11-24 02:06:42,mysql_database,23733.692816650004
615,220,3,22,2,269.99,0.1,2025-11-24 02:06:42,mysql_database,12815.97576665
616,220,4,3,2,999.99,0.2,2025-11-24 02:06:42,mysql_database,47467.86031665
617,221,1,11,2,1680.99,0.07,2025-11-24 02:06:42,mysql_database,79793.79645165
618,222,1,10,1,1549.0,0.1,2025-11-24 02:06:42,mysql_database,73528.45091500001
619,222,2,2,2,749.99,0.1,2025-11-24 02:06:42,mysql_database,35600.776566650005
620,223,1,7,2,3999.99,0.05,2025-11-24 02:06:42,mysql_database,189872.86531665002
621,223,2,5,1,1320.99,0.2,2025-11-24 02:06:42,mysql_database,62705.19585165
622,223,3,21,2,269.99,0.1,2025-11-24 02:06:42,mysql_database,12815.97576665
623,223,4,20,1,599.99,0.05,2025-11-24 02:06:42,mysql_database,28480.52631665
624,223,5,15,1,529.99,0.05,2025-11-24 02:06:42,mysql_database,25157.74286665
625,224,1,6,1,469.99,0.07,2025-11-24 02:06:42,mysql_database,22309.642766650002
626,224,2,11,2,1680.99,0.1,2025-11-24 02:06:42,mysql_database,79793.79645165
627,224,3,10,2,1549.0,0.2,2025-11-24 02:06:42,mysql_database,73528.45091500001
628,224,4,25,1,499.99,0.05,2025-11-24 02:06:42,mysql_database,23733.692816650004
629,225,1,21,1,269.99,0.1,2025-11-24 02:06:42,mysql_database,12815.97576665
630,225,2,9,1,2999.99,0.1,2025-11-24 02:06:42,mysql_database,142404.53031665
631,226,1,2,1,749.99,0.05,2025-11-24 02:06:42,mysql_database,35600.776566650005
632,227,1,3,2,999.99,0.05,2025-11-24 02:06:42,mysql_database,47467.86031665
633,227,2,15,2,529.99,0.1,2025-11-24 02:06:42,mysql_database,25157.74286665
634,228,1,25,1,499.99,0.2,2025-11-24 02:06:42,mysql_database,23733.692816650004
635,228,2,2,2,749.99,0.07,2025-11-24 02:06:42,mysql_database,35600.776566650005
636,228,3,23,2,299.99,0.1,2025-11-24 02:06:42,mysql_database,14240.02581665
637,228,4,4,1,2899.99,0.2,2025-11-24 02:06:42,mysql_database,137657.69681665
638,228,5,22,1,269.99,0.05,2025-11-24 02:06:42,mysql_database,12815.97576665
639,229,1,25,2,499.99,0.2,2025-11-24 02:06:42,mysql_database,23733.692816650004
640,229,2,5,2,1320.99,0.1,2025-11-24 02:06:42,mysql_database,62705.19585165
641,229,3,8,1,1799.99,0.2,2025-11-24 02:06:42,mysql_database,85442.52831665
642,230,1,11,2,1680.99,0.07,2025-11-24 02:06:42,mysql_database,79793.79645165
643,231,1,8,2,1799.99,0.07,2025-11-24 02:06:42,mysql_database,85442.52831665
644,231,2,14,2,269.99,0.2,2025-11-24 02:06:42,mysql_database,12815.97576665
645,231,3,5,2,1320.99,0.2,2025-11-24 02:06:42,mysql_database,62705.19585165
646,232,1,18,1,449.0,0.07,2025-11-24 02:06:42,mysql_database,21313.282415
647,232,2,11,2,1680.99,0.05,2025-11-24 02:06:42,mysql_database,79793.79645165
648,232,3,26,2,599.99,0.07,2025-11-24 02:06:42,mysql_database,28480.52631665
649,232,4,8,2,1799.99,0.1,2025-11-24 02:06:42,mysql_database,85442.52831665
650,233,1,14,1,269.99,0.1,2025-11-24 02:06:42,mysql_database,12815.97576665
651,233,2,16,2,599.99,0.1,2025-11-24 02:06:42,mysql_database,28480.52631665
652,233,3,12,1,549.99,0.2,2025-11-24 02:06:42,mysql_database,26107.10956665
653,233,4,15,2,529.99,0.07,2025-11-24 02:06:42,mysql_database,25157.74286665
654,234,1,11,2,1680.99,0.2,2025-11-24 02:06:42,mysql_database,79793.79645165
655,234,2,17,2,429.0,0.05,2025-11-24 02:06:42,mysql_database,20363.915715000003
656,234,3,12,1,549.99,0.1,2025-11-24 02:06:42,mysql_database,26107.10956665
657,234,4,7,1,3999.99,0.05,2025-11-24 02:06:42,mysql_database,189872.86531665002
658,234,5,23,1,299.99,0.1,2025-11-24 02:06:42,mysql_database,14240.02581665
659,235,1,6,1,469.99,0.07,2025-11-24 02:06:42,mysql_database,22309.642766650002
660,235,2,13,2,269.99,0.05,2025-11-24 02:06:42,mysql_database,12815.97576665
661,235,3,7,2,3999.99,0.05,2025-11-24 02:06:42,mysql_database,189872.86531665002
662,236,1,3,2,999.99,0.07,2025-11-24 02:06:42,mysql_database,47467.86031665
663,236,2,2,2,749.99,0.1,2025-11-24 02:06:42,mysql_database,35600.776566650005
664,236,3,4,2,2899.99,0.1,2025-11-24 02:06:42,mysql_database,137657.69681665
665,237,1,15,1,529.99,0.2,2025-11-24 02:06:42,mysql_database,25157.74286665
666,237,2,24,1,549.99,0.07,2025-11-24 02:06:42,mysql_database,26107.10956665
667,237,3,20,2,599.99,0.2,2025-11-24 02:06:42,mysql_database,28480.52631665
668,237,4,26,1,599.99,0.05,2025-11-24 02:06:42,mysql_database,28480.52631665
669,238,1,20,2,599.99,0.2,2025-11-24 02:06:42,mysql_database,28480.52631665
670,238,2,25,1,499.99,0.07,2025-11-24 02:06:42,mysql_database,23733.692816650004
671,238,3,13,2,269.99,0.2,2025-11-24 02:06:42,mysql_database,12815.97576665
672,238,4,22,2,269.99,0.05,2025-11-24 02:06:42,mysql_database,12815.97576665
673,238,5,7,1,3999.99,0.07,2025-11-24 02:06:42,mysql_database,189872.86531665002
674,239,1,16,2,599.99,0.1,2025-11-24 02:06:42,mysql_database,28480.52631665
675,239,2,21,2,269.99,0.05,2025-11-24 02:06:42,mysql_database,12815.97576665
676,239,3,18,1,449.0,0.07,2025-11-24 02:06:42,mysql_database,21313.282415
677,239,4,4,2,2899.99,0.07,2025-11-24 02:06:42,mysql_database,137657.69681665
678,240,1,9,1,2999.99,0.07,2025-11-24 02:06:42,mysql_database,142404.53031665
679,240,2,8,1,1799.99,0.07,2025-11-24 02:06:42,mysql_database,85442.52831665
680,240,3,5,1,1320.99,0.07,2025-11-24 02:06:42,mysql_database,62705.19585165
681,240,4,18,2,449.0,0.07,2025-11-24 02:06:42,mysql_database,21313.282415
682,241,1,7,1,3999.99,0.2,2025-11-24 02:06:42,mysql_database,189872.86531665002
683,242,1,3,1,999.99,0.2,2025-11-24 02:06:42,mysql_database,47467.86031665
684,243,1,25,2,499.99,0.05,2025-11-24 02:06:42,mysql_database,23733.692816650004
685,243,2,19,2,449.0,0.07,2025-11-24 02:06:42,mysql_database,21313.282415
686,243,3,7,2,3999.99,0.05,2025-11-24 02:06:42,mysql_database,189872.86531665002
687,244,1,19,1,449.0,0.07,2025-11-24 02:06:42,mysql_database,21313.282415
688,244,2,25,1,499.99,0.2,2025-11-24 02:06:42,mysql_database,23733.692816650004
689,244,3,22,1,269.99,0.1,2025-11-24 02:06:42,mysql_database,12815.97576665
690,245,1,10,2,1549.0,0.05,2025-11-24 02:06:42,mysql_database,73528.45091500001
691,245,2,8,1,1799.99,0.1,2025-11-24 02:06:42,mysql_database,85442.52831665
692,246,1,17,2,429.0,0.2,2025-11-24 02:06:42,mysql_database,20363.915715000003
693,247,1,25,1,499.99,0.07,2025-11-24 02:06:42,mysql_database,23733.692816650004
694,247,2,3,1,999.99,0.2,2025-11-24 02:06:42,mysql_database,47467.86031665
695,248,1,13,1,269.99,0.1,2025-11-24 02:06:42,mysql_database,12815.97576665
696,248,2,26,2,599.99,0.1,2025-11-24 02:06:42,mysql_database,28480.52631665
697,248,3,17,1,429.0,0.1,2025-11-24 02:06:42,mysql_database,20363.915715000003
698,248,4,9,1,2999.99,0.2,2025-11-24 02:06:42,mysql_database,142404.53031665
699,249,1,7,2,3999.99,0.05,2025-11-24 02:06:42,mysql_database,189872.86531665002
700,249,2,18,2,449.0,0.05,2025-11-24 02:06:42,mysql_database,21313.282415
701,249,3,22,1,269.99,0.1,2025-11-24 02:06:42,mysql_database,12815.97576665
702,250,1,17,2,429.0,0.05,2025-11-24 02:06:42,mysql_database,20363.915715000003
703,250,2,11,2,1680.99,0.1,2025-11-24 02:06:42,mysql_database,79793.79645165
704,251,1,23,2,299.99,0.2,2025-11-24 02:06:42,mysql_database,14240.02581665
705,251,2,22,2,269.99,0.05,2025-11-24 02:06:42,mysql_database,12815.97576665
706,252,1,11,2,1680.99,0.1,2025-11-24 02:06:42,mysql_database,79793.79645165
707,252,2,4,1,2899.99,0.07,2025-11-24 02:06:42,mysql_database,137657.69681665
708,252,3,19,1,449.0,0.1,2025-11-24 02:06:42,mysql_database,21313.282415
709,253,1,11,2,1680.99,0.07,2025-11-24 02:06:42,mysql_database,79793.79645165
710,254,1,6,2,469.99,0.07,2025-11-24 02:06:42,mysql_database,22309.642766650002
711,254,2,3,1,999.99,0.05,2025-11-24 02:06:42,mysql_database,47467.86031665
712,254,3,12,1,549.99,0.05,2025-11-24 02:06:42,mysql_database,26107.10956665
713,255,1,5,2,1320.99,0.1,2025-11-24 02:06:42,mysql_database,62705.19585165
714,255,2,14,1,269.99,0.2,2025-11-24 02:06:42,mysql_database,12815.97576665
715,255,3,2,2,749.99,0.2,2025-11-24 02:06:42,mysql_database,35600.776566650005
716,255,4,21,1,269.99,0.07,2025-11-24 02:06:42,mysql_database,12815.97576665
717,256,1,11,1,1680.99,0.1,2025-11-24 02:06:42,mysql_database,79793.79645165
718,256,2,21,1,269.99,0.05,2025-11-24 02:06:42,mysql_database,12815.97576665
719,257,1,8,2,1799.99,0.07,2025-11-24 02:06:42,mysql_database,85442.52831665
720,257,2,13,2,269.99,0.2,2025-11-24 02:06:42,mysql_database,12815.97576665
721,257,3,10,2,1549.0,0.1,2025-11-24 02:06:42,mysql_database,73528.45091500001
722,257,4,15,1,529.99,0.1,2025-11-24 02:06:42,mysql_database,25157.74286665
723,258,1,8,2,1799.99,0.05,2025-11-24 02:06:42,mysql_database,85442.52831665
724,258,2,4,1,2899.99,0.07,2025-11-24 02:06:42,mysql_database,137657.69681665
725,258,3,19,1,449.0,0.07,2025-11-24 02:06:42,mysql_database,21313.282415
726,258,4,18,1,449.0,0.05,2025-11-24 02:06:42,mysql_database,21313.282415
727,259,1,26,1,599.99,0.05,2025-11-24 02:06:42,mysql_database,28480.52631665
728,259,2,6,2,469.99,0.1,2025-11-24 02:06:42,mysql_database,22309.642766650002
729,259,3,2,2,749.99,0.2,2025-11-24 02:06:42,mysql_database,35600.776566650005
730,259,4,4,1,2899.99,0.1,2025-11-24 02:06:42,mysql_database,137657.69681665
731,260,1,23,2,299.99,0.2,2025-11-24 02:06:42,mysql_database,14240.02581665
732,260,2,10,1,1549.0,0.2,2025-11-24 02:06:42,mysql_database,73528.45091500001
733,260,3,24,2,549.99,0.2,2025-11-24 02:06:42,mysql_database,26107.10956665
734,261,1,16,2,599.99,0.05,2025-11-24 02:06:42,mysql_database,28480.52631665
735,261,2,14,1,269.99,0.1,2025-11-24 02:06:42,mysql_database,12815.97576665
736,261,3,17,2,429.0,0.1,2025-11-24 02:06:42,mysql_database,20363.915715000003
737,262,1,2,1,749.99,0.07,2025-11-24 02:06:42,mysql_database,35600.776566650005
738,262,2,9,2,2999.99,0.05,2025-11-24 02:06:42,mysql_database,142404.53031665
739,263,1,9,1,2999.99,0.07,2025-11-24 02:06:42,mysql_database,142404.53031665
740,263,2,3,1,999.99,0.2,2025-11-24 02:06:42,mysql_database,47467.86031665
741,263,3,2,2,749.99,0.05,2025-11-24 02:06:42,mysql_database,35600.776566650005
742,264,1,10,1,1549.0,0.2,2025-11-24 02:06:42,mysql_database,73528.45091500001
743,264,2,24,2,549.99,0.05,2025-11-24 02:06:42,mysql_database,26107.10956665
744,264,3,15,2,529.99,0.1,2025-11-24 02:06:42,mysql_database,25157.74286665
745,264,4,3,2,999.99,0.07,2025-11-24 02:06:42,mysql_database,47467.86031665
746,265,1,9,2,2999.99,0.2,2025-11-24 02:06:42,mysql_database,142404.53031665
747,266,1,6,2,469.99,0.07,2025-11-24 02:06:42,mysql_database,22309.642766650002
748,266,2,19,1,449.0,0.2,2025-11-24 02:06:42,mysql_database,21313.282415
749,266,3,25,1,499.99,0.05,2025-11-24 02:06:42,mysql_database,23733.692816650004
750,267,1,22,2,269.99,0.2,2025-11-24 02:06:42,mysql_database,12815.97576665
751,267,2,23,2,299.99,0.1,2025-11-24 02:06:42,mysql_database,14240.02581665
752,267,3,24,1,549.99,0.1,2025-11-24 02:06:42,mysql_database,26107.10956665
753,267,4,7,2,3999.99,0.07,2025-11-24 02:06:42,mysql_database,189872.86531665002
754,267,5,21,1,269.99,0.05,2025-11-24 02:06:42,mysql_database,12815.97576665
755,268,1,7,1,3999.99,0.05,2025-11-24 02:06:42,mysql_database,189872.86531665002
756,268,2,6,2,469.99,0.2,2025-11-24 02:06:42,mysql_database,22309.642766650002
757,268,3,9,1,2999.99,0.1,2025-11-24 02:06:42,mysql_database,142404.53031665
758,269,1,5,1,1320.99,0.07,2025-11-24 02:06:42,mysql_database,62705.19585165
759,269,2,23,2,299.99,0.07,2025-11-24 02:06:42,mysql_database,14240.02581665
760,269,3,18,1,449.0,0.05,2025-11-24 02:06:42,mysql_database,21313.282415
761,269,4,3,1,999.99,0.05,2025-11-24 02:06:42,mysql_database,47467.86031665
762,270,1,25,2,499.99,0.2,2025-11-24 02:06:42,mysql_database,23733.692816650004
763,270,2,15,1,529.99,0.1,2025-11-24 02:06:42,mysql_database,25157.74286665
764,271,1,11,2,1680.99,0.07,2025-11-24 02:06:42,mysql_database,79793.79645165
765,271,2,6,2,469.99,0.05,2025-11-24 02:06:42,mysql_database,22309.642766650002
766,271,3,13,1,269.99,0.1,2025-11-24 02:06:42,mysql_database,12815.97576665
767,271,4,7,2,3999.99,0.1,2025-11-24 02:06:42,mysql_database,189872.86531665002
768,272,1,2,2,749.99,0.07,2025-11-24 02:06:42,mysql_database,35600.776566650005
769,272,2,11,1,1680.99,0.07,2025-11-24 02:06:42,mysql_database,79793.79645165
770,273,1,21,1,269.99,0.1,2025-11-24 02:06:42,mysql_database,12815.97576665
771,274,1,11,2,1680.99,0.05,2025-11-24 02:06:42,mysql_database,79793.79645165
772,274,2,25,2,499.99,0.1,2025-11-24 02:06:42,mysql_database,23733.692816650004
773,274,3,9,2,2999.99,0.07,2025-11-24 02:06:42,mysql_database,142404.53031665
774,275,1,18,1,449.0,0.05,2025-11-24 02:06:42,mysql_database,21313.282415
775,275,2,25,1,499.99,0.1,2025-11-24 02:06:42,mysql_database,23733.692816650004
776,275,3,7,2,3999.99,0.05,2025-11-24 02:06:42,mysql_database,189872.86531665002
777,276,1,3,2,999.99,0.2,2025-11-24 02:06:42,mysql_database,47467.86031665
778,276,2,17,1,429.0,0.05,2025-11-24 02:06:42,mysql_database,20363.915715000003
779,276,3,9,2,2999.99,0.07,2025-11-24 02:06:42,mysql_database,142404.53031665
780,277,1,20,2,599.99,0.2,2025-11-24 02:06:42,mysql_database,28480.52631665
781,277,2,6,2,469.99,0.2,2025-11-24 02:06:42,mysql_database,22309.642766650002
782,277,3,13,2,269.99,0.1,2025-11-24 02:06:42,mysql_database,12815.97576665
783,278,1,16,1,599.99,0.2,2025-11-24 02:06:42,mysql_database,28480.52631665
784,278,2,19,2,449.0,0.07,2025-11-24 02:06:42,mysql_database,21313.282415
785,278,3,13,1,269.99,0.07,2025-11-24 02:06:42,mysql_database,12815.97576665
786,278,4,11,2,1680.99,0.07,2025-11-24 02:06:42,mysql_database,79793.79645165
787,279,1,25,1,499.99,0.07,2025-11-24 02:06:42,mysql_database,23733.692816650004
788,280,1,25,1,499.99,0.07,2025-11-24 02:06:42,mysql_database,23733.692816650004
789,280,2,26,2,599.99,0.07,2025-11-24 02:06:42,mysql_database,28480.52631665
790,280,3,13,1,269.99,0.07,2025-11-24 02:06:42,mysql_database,12815.97576665
791,281,1,22,1,269.99,0.07,2025-11-24 02:06:42,mysql_database,12815.97576665
792,281,2,14,2,269.99,0.1,2025-11-24 02:06:42,mysql_database,12815.97576665
793,281,3,7,2,3999.99,0.07,2025-11-24 02:06:42,mysql_database,189872.86531665002
794,282,1,20,1,599.99,0.07,2025-11-24 02:06:42,mysql_database,28480.52631665
795,282,2,7,2,3999.99,0.07,2025-11-24 02:06:42,mysql_database,189872.86531665002
796,282,3,3,2,999.99,0.05,2025-11-24 02:06:42,mysql_database,47467.86031665
797,282,4,16,2,599.99,0.07,2025-11-24 02:06:42,mysql_database,28480.52631665
798,283,1,9,1,2999.99,0.05,2025-11-24 02:06:42,mysql_database,142404.53031665
799,283,2,16,2,599.99,0.2,2025-11-24 02:06:42,mysql_database,28480.52631665
800,284,1,24,2,549.99,0.2,2025-11-24 02:06:42,mysql_database,26107.10956665
801,284,2,20,1,599.99,0.2,2025-11-24 02:06:42,mysql_database,28480.52631665
802,285,1,16,2,599.99,0.05,2025-11-24 02:06:42,mysql_database,28480.52631665
803,285,2,12,1,549.99,0.05,2025-11-24 02:06:42,mysql_database,26107.10956665
804,285,3,2,1,749.99,0.1,2025-11-24 02:06:42,mysql_database,35600.776566650005
805,286,1,26,2,599.99,0.2,2025-11-24 02:06:42,mysql_database,28480.52631665
806,286,2,21,2,269.99,0.07,2025-11-24 02:06:42,mysql_database,12815.97576665
807,286,3,16,2,599.99,0.1,2025-11-24 02:06:42,mysql_database,28480.52631665
808,286,4,7,1,3999.99,0.1,2025-11-24 02:06:42,mysql_database,189872.86531665002
809,287,1,5,1,1320.99,0.2,2025-11-24 02:06:42,mysql_database,62705.19585165
810,287,2,10,1,1549.0,0.05,2025-11-24 02:06:42,mysql_database,73528.45091500001
811,287,3,2,1,749.99,0.05,2025-11-24 02:06:42,mysql_database,35600.776566650005
812,287,4,20,1,599.99,0.05,2025-11-24 02:06:42,mysql_database,28480.52631665
813,288,1,4,1,2899.99,0.2,2025-11-24 02:06:42,mysql_database,137657.69681665
814,288,2,10,1,1549.0,0.1,2025-11-24 02:06:42,mysql_database,73528.45091500001
815,288,3,7,2,3999.99,0.05,2025-11-24 02:06:42,mysql_database,189872.86531665002
816,289,1,13,1,269.99,0.07,2025-11-24 02:06:42,mysql_database,12815.97576665
817,289,2,24,1,549.99,0.2,2025-11-24 02:06:42,mysql_database,26107.10956665
818,289,3,17,1,429.0,0.2,2025-11-24 02:06:42,mysql_database,20363.915715000003
819,290,1,2,2,749.99,0.07,2025-11-24 02:06:42,mysql_database,35600.776566650005
820,290,2,5,2,1320.99,0.07,2025-11-24 02:06:42,mysql_database,62705.19585165
821,290,3,21,1,269.99,0.1,2025-11-24 02:06:42,mysql_database,12815.97576665
822,291,1,6,2,469.99,0.05,2025-11-24 02:06:42,mysql_database,22309.642766650002
823,291,2,21,2,269.99,0.07,2025-11-24 02:06:42,mysql_database,12815.97576665
824,292,1,18,2,449.0,0.1,2025-11-24 02:06:42,mysql_database,21313.282415
825,292,2,4,1,2899.99,0.07,2025-11-24 02:06:42,mysql_database,137657.69681665
826,292,3,10,2,1549.0,0.05,2025-11-24 02:06:42,mysql_database,73528.45091500001
827,293,1,19,2,449.0,0.05,2025-11-24 02:06:42,mysql_database,21313.282415
828,293,2,6,1,469.99,0.2,2025-11-24 02:06:42,mysql_database,22309.642766650002
829,294,1,18,1,449.0,0.2,2025-11-24 02:06:42,mysql_database,21313.282415
830,294,2,14,1,269.99,0.2,2025-11-24 02:06:42,mysql_database,12815.97576665
831,294,3,7,2,3999.99,0.05,2025-11-24 02:06:42,mysql_database,189872.86531665002
832,294,4,25,2,499.99,0.2,2025-11-24 02:06:42,mysql_database,23733.692816650004
833,295,1,22,2,269.99,0.07,2025-11-24 02:06:42,mysql_database,12815.97576665
834,296,1,25,2,499.99,0.07,2025-11-24 02:06:42,mysql_database,23733.692816650004
835,296,2,12,2,549.99,0.1,2025-11-24 02:06:42,mysql_database,26107.10956665
836,296,3,11,2,1680.99,0.1,2025-11-24 02:06:42,mysql_database,79793.79645165
837,296,4,9,1,2999.99,0.2,2025-11-24 02:06:42,mysql_database,142404.53031665
838,297,1,4,2,2899.99,0.2,2025-11-24 02:06:42,mysql_database,137657.69681665
839,298,1,23,1,299.99,0.2,2025-11-24 02:06:42,mysql_database,14240.02581665
840,298,2,6,2,469.99,0.05,2025-11-24 02:06:42,mysql_database,22309.642766650002
841,298,3,22,1,269.99,0.2,2025-11-24 02:06:42,mysql_database,12815.97576665
842,298,4,9,1,2999.99,0.07,2025-11-24 02:06:42,mysql_database,142404.53031665
843,298,5,14,2,269.99,0.1,2025-11-24 02:06:42,mysql_database,12815.97576665
844,299,1,11,2,1680.99,0.05,2025-11-24 02:06:42,mysql_database,79793.79645165
845,299,2,10,2,1549.0,0.2,2025-11-24 02:06:42,mysql_database,73528.45091500001
846,300,1,16,2,599.99,0.1,2025-11-24 02:06:42,mysql_database,28480.52631665
847,300,2,9,2,2999.99,0.1,2025-11-24 02:06:42,mysql_database,142404.53031665
848,300,3,10,1,1549.0,0.1,2025-11-24 02:06:42,mysql_database,73528.45091500001
849,300,4,11,2,1680.99,0.2,2025-11-24 02:06:42,mysql_database,79793.79645165
850,301,1,6,1,469.99,0.05,2025-11-24 02:06:42,mysql_database,22309.642766650002
851,301,2,22,1,269.99,0.1,2025-11-24 02:06:42,mysql_database,12815.97576665
852,302,1,24,2,549.99,0.2,2025-11-24 02:06:42,mysql_database,26107.10956665
853,302,2,18,2,449.0,0.07,2025-11-24 02:06:42,mysql_database,21313.282415
854,302,3,2,2,749.99,0.2,2025-11-24 02:06:42,mysql_database,35600.776566650005
855,303,1,8,2,1799.99,0.05,2025-11-24 02:06:42,mysql_database,85442.52831665
856,303,2,24,2,549.99,0.05,2025-11-24 02:06:42,mysql_database,26107.10956665
857,304,1,10,1,1549.0,0.05,2025-11-24 02:06:42,mysql_database,73528.45091500001
858,304,2,7,2,3999.99,0.1,2025-11-24 02:06:42,mysql_database,189872.86531665002
859,304,3,20,1,599.99,0.1,2025-11-24 02:06:42,mysql_database,28480.52631665
860,305,1,10,1,1549.0,0.07,2025-11-24 02:06:42,mysql_database,73528.45091500001
861,305,2,6,1,469.99,0.1,2025-11-24 02:06:42,mysql_database,22309.642766650002
862,305,3,3,2,999.99,0.2,2025-11-24 02:06:42,mysql_database,47467.86031665
863,306,1,10,1,1549.0,0.2,2025-11-24 02:06:42,mysql_database,73528.45091500001
864,306,2,22,1,269.99,0.07,2025-11-24 02:06:42,mysql_database,12815.97576665
865,307,1,15,2,529.99,0.05,2025-11-24 02:06:42,mysql_database,25157.74286665
866,308,1,7,1,3999.99,0.1,2025-11-24 02:06:42,mysql_database,189872.86531665002
867,308,2,18,2,449.0,0.2,2025-11-24 02:06:42,mysql_database,21313.282415
868,308,3,14,1,269.99,0.2,2025-11-24 02:06:42,mysql_database,12815.97576665
869,309,1,3,1,999.99,0.05,2025-11-24 02:06:42,mysql_database,47467.86031665
870,309,2,12,1,549.99,0.05,2025-11-24 02:06:42,mysql_database,26107.10956665
871,310,1,7,2,3999.99,0.07,2025-11-24 02:06:42,mysql_database,189872.86531665002
872,310,2,14,2,269.99,0.1,2025-11-24 02:06:42,mysql_database,12815.97576665
873,310,3,5,2,1320.99,0.2,2025-11-24 02:06:42,mysql_database,62705.19585165
874,310,4,8,1,1799.99,0.2,2025-11-24 02:06:42,mysql_database,85442.52831665
875,311,1,17,2,429.0,0.05,2025-11-24 02:06:42,mysql_database,20363.915715000003
876,311,2,5,2,1320.99,0.2,2025-11-24 02:06:42,mysql_database,62705.19585165
877,312,1,24,2,549.99,0.05,2025-11-24 02:06:42,mysql_database,26107.10956665
878,312,2,14,2,269.99,0.07,2025-11-24 02:06:42,mysql_database,12815.97576665
879,312,3,16,2,599.99,0.05,2025-11-24 02:06:42,mysql_database,28480.52631665
880,313,1,4,1,2899.99,0.07,2025-11-24 02:06:42,mysql_database,137657.69681665
881,313,2,10,2,1549.0,0.07,2025-11-24 02:06:42,mysql_database,73528.45091500001
882,314,1,5,1,1320.99,0.07,2025-11-24 02:06:42,mysql_database,62705.19585165
883,314,2,9,1,2999.99,0.05,2025-11-24 02:06:42,mysql_database,142404.53031665
884,314,3,22,2,269.99,0.2,2025-11-24 02:06:42,mysql_database,12815.97576665
885,314,4,7,2,3999.99,0.07,2025-11-24 02:06:42,mysql_database,189872.86531665002
886,315,1,11,1,1680.99,0.2,2025-11-24 02:06:42,mysql_database,79793.79645165
887,315,2,9,1,2999.99,0.1,2025-11-24 02:06:42,mysql_database,142404.53031665
888,316,1,2,2,749.99,0.2,2025-11-24 02:06:42,mysql_database,35600.776566650005
889,316,2,16,2,599.99,0.1,2025-11-24 02:06:42,mysql_database,28480.52631665
890,316,3,20,1,599.99,0.1,2025-11-24 02:06:42,mysql_database,28480.52631665
891,316,4,19,1,449.0,0.2,2025-11-24 02:06:42,mysql_database,21313.282415
892,316,5,17,1,429.0,0.05,2025-11-24 02:06:42,mysql_database,20363.915715000003
893,317,1,10,1,1549.0,0.2,2025-11-24 02:06:42,mysql_database,73528.45091500001
894,317,2,22,1,269.99,0.05,2025-11-24 02:06:42,mysql_database,12815.97576665
895,317,3,15,1,529.99,0.05,2025-11-24 02:06:42,mysql_database,25157.74286665
896,317,4,13,2,269.99,0.2,2025-11-24 02:06:42,mysql_database,12815.97576665
897,318,1,13,2,269.99,0.1,2025-11-24 02:06:42,mysql_database,12815.97576665
898,318,2,25,2,499.99,0.2,2025-11-24 02:06:42,mysql_database,23733.692816650004
899,318,3,9,1,2999.99,0.05,2025-11-24 02:06:42,mysql_database,142404.53031665
900,319,1,11,1,1680.99,0.07,2025-11-24 02:06:42,mysql_database,79793.79645165
901,319,2,21,1,269.99,0.2,2025-11-24 02:06:42,mysql_database,12815.97576665
902,319,3,15,2,529.99,0.1,2025-11-24 02:06:42,mysql_database,25157.74286665
903,319,4,23,1,299.99,0.05,2025-11-24 02:06:42,mysql_database,14240.02581665
904,320,1,2,1,749.99,0.1,2025-11-24 02:06:42,mysql_database,35600.776566650005
905,321,1,4,2,2899.99,0.2,2025-11-24 02:06:42,mysql_database,137657.69681665
906,321,2,12,2,549.99,0.2,2025-11-24 02:06:42,mysql_database,26107.10956665
907,321,3,26,1,599.99,0.2,2025-11-24 02:06:42,mysql_database,28480.52631665
908,321,4,23,2,299.99,0.2,2025-11-24 02:06:42,mysql_database,14240.02581665
909,322,1,13,2,269.99,0.2,2025-11-24 02:06:42,mysql_database,12815.97576665
910,322,2,21,1,269.99,0.07,2025-11-24 02:06:42,mysql_database,12815.97576665
911,323,1,13,2,269.99,0.07,2025-11-24 02:06:42,mysql_database,12815.97576665
912,323,2,26,2,599.99,0.1,2025-11-24 02:06:42,mysql_database,28480.52631665
913,324,1,2,2,749.99,0.1,2025-11-24 02:06:42,mysql_database,35600.776566650005
914,324,2,17,1,429.0,0.2,2025-11-24 02:06:42,mysql_database,20363.915715000003
915,324,3,22,2,269.99,0.2,2025-11-24 02:06:42,mysql_database,12815.97576665
916,324,4,19,1,449.0,0.05,2025-11-24 02:06:42,mysql_database,21313.282415
917,324,5,12,1,549.99,0.05,2025-11-24 02:06:42,mysql_database,26107.10956665
918,325,1,7,1,3999.99,0.05,2025-11-24 02:06:42,mysql_database,189872.86531665002
919,325,2,12,1,549.99,0.2,2025-11-24 02:06:42,mysql_database,26107.10956665
920,325,3,6,2,469.99,0.2,2025-11-24 02:06:42,mysql_database,22309.642766650002
921,326,1,12,1,549.99,0.1,2025-11-24 02:06:42,mysql_database,26107.10956665
922,326,2,23,1,299.99,0.07,2025-11-24 02:06:42,mysql_database,14240.02581665
923,327,1,12,2,549.99,0.07,2025-11-24 02:06:42,mysql_database,26107.10956665
924,327,2,13,1,269.99,0.07,2025-11-24 02:06:42,mysql_database,12815.97576665
925,327,3,4,1,2899.99,0.05,2025-11-24 02:06:42,mysql_database,137657.69681665
926,328,1,6,2,469.99,0.1,2025-11-24 02:06:42,mysql_database,22309.642766650002
927,329,1,14,2,269.99,0.07,2025-11-24 02:06:42,mysql_database,12815.97576665
928,329,2,8,2,1799.99,0.05,2025-11-24 02:06:42,mysql_database,85442.52831665
929,329,3,23,1,299.99,0.2,2025-11-24 02:06:42,mysql_database,14240.02581665
930,329,4,17,1,429.0,0.07,2025-11-24 02:06:42,mysql_database,20363.915715000003
931,329,5,26,2,599.99,0.05,2025-11-24 02:06:42,mysql_database,28480.52631665
932,330,1,21,2,269.99,0.05,2025-11-24 02:06:42,mysql_database,12815.97576665
933,331,1,17,2,429.0,0.1,2025-11-24 02:06:42,mysql_database,20363.915715000003
934,332,1,18,2,449.0,0.05,2025-11-24 02:06:42,mysql_database,21313.282415
935,333,1,18,2,449.0,0.07,2025-11-24 02:06:42,mysql_database,21313.282415
936,333,2,8,2,1799.99,0.05,2025-11-24 02:06:42,mysql_database,85442.52831665
937,333,3,3,1,999.99,0.2,2025-11-24 02:06:42,mysql_database,47467.86031665
938,334,1,16,2,599.99,0.2,2025-11-24 02:06:42,mysql_database,28480.52631665
939,334,2,9,1,2999.99,0.05,2025-11-24 02:06:42,mysql_database,142404.53031665
940,334,3,3,2,999.99,0.05,2025-11-24 02:06:42,mysql_database,47467.86031665
941,335,1,6,1,469.99,0.1,2025-11-24 02:06:42,mysql_database,22309.642766650002
942,335,2,2,2,749.99,0.1,2025-11-24 02:06:42,mysql_database,35600.776566650005
943,335,3,21,1,269.99,0.07,2025-11-24 02:06:42,mysql_database,12815.97576665
944,336,1,4,1,2899.99,0.1,2025-11-24 02:06:42,mysql_database,137657.69681665
945,336,2,12,1,549.99,0.2,2025-11-24 02:06:42,mysql_database,26107.10956665
946,337,1,18,1,449.0,0.05,2025-11-24 02:06:42,mysql_database,21313.282415
947,337,2,4,1,2899.99,0.05,2025-11-24 02:06:42,mysql_database,137657.69681665
948,338,1,6,2,469.99,0.07,2025-11-24 02:06:42,mysql_database,22309.642766650002
949,338,2,10,1,1549.0,0.07,2025-11-24 02:06:42,mysql_database,73528.45091500001
950,338,3,22,1,269.99,0.1,2025-11-24 02:06:42,mysql_database,12815.97576665
951,338,4,11,2,1680.99,0.07,2025-11-24 02:06:42,mysql_database,79793.79645165
952,338,5,9,1,2999.99,0.05,2025-11-24 02:06:42,mysql_database,142404.53031665
953,339,1,13,1,269.99,0.1,2025-11-24 02:06:42,mysql_database,12815.97576665
954,339,2,15,2,529.99,0.05,2025-11-24 02:06:42,mysql_database,25157.74286665
955,340,1,11,1,1680.99,0.05,2025-11-24 02:06:42,mysql_database,79793.79645165
956,340,2,24,1,549.99,0.05,2025-11-24 02:06:42,mysql_database,26107.10956665
957,340,3,13,2,269.99,0.1,2025-11-24 02:06:42,mysql_database,12815.97576665
958,340,4,12,2,549.99,0.07,2025-11-24 02:06:42,mysql_database,26107.10956665
959,340,5,10,2,1549.0,0.1,2025-11-24 02:06:42,mysql_database,73528.45091500001
960,341,1,23,2,299.99,0.05,2025-11-24 02:06:42,mysql_database,14240.02581665
961,342,1,26,1,599.99,0.07,2025-11-24 02:06:42,mysql_database,28480.52631665
962,342,2,9,1,2999.99,0.2,2025-11-24 02:06:42,mysql_database,142404.53031665
963,342,3,16,2,599.99,0.1,2025-11-24 02:06:42,mysql_database,28480.52631665
964,343,1,20,2,599.99,0.2,2025-11-24 02:06:42,mysql_database,28480.52631665
965,343,2,25,1,499.99,0.05,2025-11-24 02:06:42,mysql_database,23733.692816650004
966,343,3,5,2,1320.99,0.05,2025-11-24 02:06:42,mysql_database,62705.19585165
967,343,4,10,1,1549.0,0.1,2025-11-24 02:06:42,mysql_database,73528.45091500001
968,344,1,22,1,269.99,0.05,2025-11-24 02:06:42,mysql_database,12815.97576665
969,344,2,18,2,449.0,0.07,2025-11-24 02:06:42,mysql_database,21313.282415
970,344,3,14,1,269.99,0.2,2025-11-24 02:06:42,mysql_database,12815.97576665
971,345,1,18,2,449.0,0.1,2025-11-24 02:06:42,mysql_database,21313.282415
972,345,2,24,2,549.99,0.07,2025-11-24 02:06:42,mysql_database,26107.10956665
973,346,1,13,1,269.99,0.07,2025-11-24 02:06:42,mysql_database,12815.97576665
974,346,2,23,1,299.99,0.2,2025-11-24 02:06:42,mysql_database,14240.02581665
975,346,3,21,1,269.99,0.1,2025-11-24 02:06:42,mysql_database,12815.97576665
976,346,4,15,1,529.99,0.05,2025-11-24 02:06:42,mysql_database,25157.74286665
977,346,5,18,2,449.0,0.05,2025-11-24 02:06:42,mysql_database,21313.282415
978,347,1,23,1,299.99,0.07,2025-11-24 02:06:42,mysql_database,14240.02581665
979,348,1,5,2,1320.99,0.05,2025-11-24 02:06:42,mysql_database,62705.19585165
980,348,2,15,2,529.99,0.07,2025-11-24 02:06:42,mysql_database,25157.74286665
981,349,1,20,2,599.99,0.2,2025-11-24 02:06:42,mysql_database,28480.52631665
982,350,1,6,2,469.99,0.05,2025-11-24 02:06:42,mysql_database,22309.642766650002
983,350,2,20,1,599.99,0.07,2025-11-24 02:06:42,mysql_database,28480.52631665
984,350,3,3,1,999.99,0.07,2025-11-24 02:06:42,mysql_database,47467.86031665
985,351,1,4,2,2899.99,0.05,2025-11-24 02:06:42,mysql_database,137657.69681665
986,351,2,24,2,549.99,0.1,2025-11-24 02:06:42,mysql_database,26107.10956665
987,351,3,20,1,599.99,0.2,2025-11-24 02:06:42,mysql_database,28480.52631665
988,351,4,22,2,269.99,0.07,2025-11-24 02:06:42,mysql_database,12815.97576665
989,352,1,11,1,1680.99,0.2,2025-11-24 02:06:42,mysql_database,79793.79645165
990,352,2,14,1,269.99,0.2,2025-11-24 02:06:42,mysql_database,12815.97576665
991,353,1,2,2,749.99,0.2,2025-11-24 02:06:42,mysql_database,35600.776566650005
992,354,1,21,1,269.99,0.2,2025-11-24 02:06:42,mysql_database,12815.97576665
993,354,2,19,1,449.0,0.05,2025-11-24 02:06:42,mysql_database,21313.282415
994,355,1,16,1,599.99,0.1,2025-11-24 02:06:42,mysql_database,28480.52631665
995,355,2,14,2,269.99,0.07,2025-11-24 02:06:42,mysql_database,12815.97576665
996,356,1,23,2,299.99,0.05,2025-11-24 02:06:42,mysql_database,14240.02581665
997,356,2,4,1,2899.99,0.05,2025-11-24 02:06:42,mysql_database,137657.69681665
998,356,3,13,1,269.99,0.05,2025-11-24 02:06:42,mysql_database,12815.97576665
999,357,1,17,2,429.0,0.05,2025-11-24 02:06:42,mysql_database,20363.915715000003
1000,357,2,21,2,269.99,0.07,2025-11-24 02:06:42,mysql_database,12815.97576665
1001,357,3,24,1,549.99,0.07,2025-11-24 02:06:42,mysql_database,26107.10956665
1002,357,4,9,1,2999.99,0.05,2025-11-24 02:06:42,mysql_database,142404.53031665
1003,358,1,21,2,269.99,0.1,2025-11-24 02:06:42,mysql_database,12815.97576665
1004,358,2,6,2,469.99,0.07,2025-11-24 02:06:42,mysql_database,22309.642766650002
1005,358,3,8,2,1799.99,0.05,2025-11-24 02:06:42,mysql_database,85442.52831665
1006,358,4,18,2,449.0,0.1,2025-11-24 02:06:42,mysql_database,21313.282415
1007,359,1,15,2,529.99,0.07,2025-11-24 02:06:42,mysql_database,25157.74286665
1008,359,2,9,2,2999.99,0.07,2025-11-24 02:06:42,mysql_database,142404.53031665
1009,359,3,7,2,3999.99,0.2,2025-11-24 02:06:42,mysql_database,189872.86531665002
1010,360,1,26,1,599.99,0.05,2025-11-24 02:06:42,mysql_database,28480.52631665
1011,360,2,7,2,3999.99,0.2,2025-11-24 02:06:42,mysql_database,189872.86531665002
1012,360,3,13,2,269.99,0.05,2025-11-24 02:06:42,mysql_database,12815.97576665
1013,360,4,25,1,499.99,0.1,2025-11-24 02:06:42,mysql_database,23733.692816650004
1014,361,1,24,2,549.99,0.05,2025-11-24 02:06:42,mysql_database,26107.10956665
1015,361,2,6,2,469.99,0.1,2025-11-24 02:06:42,mysql_database,22309.642766650002
1016,361,3,11,1,1680.99,0.1,2025-11-24 02:06:42,mysql_database,79793.79645165
1017,362,1,2,1,749.99,0.07,2025-11-24 02:06:42,mysql_database,35600.776566650005
1018,363,1,21,2,269.99,0.1,2025-11-24 02:06:42,mysql_database,12815.97576665
1019,363,2,14,1,269.99,0.07,2025-11-24 02:06:42,mysql_database,12815.97576665
1020,363,3,15,1,529.99,0.1,2025-11-24 02:06:42,mysql_database,25157.74286665
1021,363,4,20,1,599.99,0.2,2025-11-24 02:06:42,mysql_database,28480.52631665
1022,364,1,25,2,499.99,0.05,2025-11-24 02:06:42,mysql_database,23733.692816650004
1023,365,1,24,2,549.99,0.07,2025-11-24 02:06:42,mysql_database,26107.10956665
1024,366,1,21,1,269.99,0.1,2025-11-24 02:06:42,mysql_database,12815.97576665
1025,366,2,4,1,2899.99,0.07,2025-11-24 02:06:42,mysql_database,137657.69681665
1026,366,3,16,2,599.99,0.2,2025-11-24 02:06:42,mysql_database,28480.52631665
1027,367,1,26,2,599.99,0.1,2025-11-24 02:06:42,mysql_database,28480.52631665
1028,367,2,14,1,269.99,0.05,2025-11-24 02:06:42,mysql_database,12815.97576665
1029,367,3,10,2,1549.0,0.05,2025-11-24 02:06:42,mysql_database,73528.45091500001
1030,368,1,5,1,1320.99,0.2,2025-11-24 02:06:42,mysql_database,62705.19585165
1031,368,2,10,2,1549.0,0.2,2025-11-24 02:06:42,mysql_database,73528.45091500001
1032,368,3,21,2,269.99,0.1,2025-11-24 02:06:42,mysql_database,12815.97576665
1033,368,4,19,1,449.0,0.05,2025-11-24 02:06:42,mysql_database,21313.282415
1034,369,1,10,2,1549.0,0.07,2025-11-24 02:06:42,mysql_database,73528.45091500001
1035,370,1,25,2,499.99,0.05,2025-11-24 02:06:42,mysql_database,23733.692816650004
1036,370,2,4,2,2899.99,0.1,2025-11-24 02:06:42,mysql_database,137657.69681665
1037,371,1,14,1,269.99,0.2,2025-11-24 02:06:42,mysql_database,12815.97576665
1038,371,2,12,1,549.99,0.2,2025-11-24 02:06:42,mysql_database,26107.10956665
1039,372,1,11,1,1680.99,0.05,2025-11-24 02:06:42,mysql_database,79793.79645165
1040,372,2,14,2,269.99,0.1,2025-11-24 02:06:42,mysql_database,12815.97576665
1041,372,3,5,1,1320.99,0.1,2025-11-24 02:06:42,mysql_database,62705.19585165
1042,373,1,8,2,1799.99,0.05,2025-11-24 02:06:42,mysql_database,85442.52831665
1043,373,2,22,1,269.99,0.1,2025-11-24 02:06:42,mysql_database,12815.97576665
1044,373,3,19,2,449.0,0.2,2025-11-24 02:06:42,mysql_database,21313.282415
1045,373,4,12,1,549.99,0.1,2025-11-24 02:06:42,mysql_database,26107.10956665
1046,373,5,13,1,269.99,0.1,2025-11-24 02:06:42,mysql_database,12815.97576665
1047,374,1,10,1,1549.0,0.1,2025-11-24 02:06:42,mysql_database,73528.45091500001
1048,374,2,7,1,3999.99,0.07,2025-11-24 02:06:42,mysql_database,189872.86531665002
1049,375,1,21,2,269.99,0.05,2025-11-24 02:06:42,mysql_database,12815.97576665
1050,375,2,2,2,749.99,0.05,2025-11-24 02:06:42,mysql_database,35600.776566650005
1051,375,3,4,2,2899.99,0.07,2025-11-24 02:06:42,mysql_database,137657.69681665
1052,375,4,12,2,549.99,0.05,2025-11-24 02:06:42,mysql_database,26107.10956665
1053,376,1,2,2,749.99,0.07,2025-11-24 02:06:42,mysql_database,35600.776566650005
1054,376,2,23,2,299.99,0.1,2025-11-24 02:06:42,mysql_database,14240.02581665
1055,377,1,8,1,1799.99,0.05,2025-11-24 02:06:42,mysql_database,85442.52831665
1056,377,2,14,1,269.99,0.07,2025-11-24 02:06:42,mysql_database,12815.97576665
1057,378,1,26,2,599.99,0.05,2025-11-24 02:06:42,mysql_database,28480.52631665
1058,379,1,9,1,2999.99,0.07,2025-11-24 02:06:42,mysql_database,142404.53031665
1059,379,2,16,1,599.99,0.2,2025-11-24 02:06:42,mysql_database,28480.52631665
1060,380,1,16,1,599.99,0.05,2025-11-24 02:06:42,mysql_database,28480.52631665
1061,380,2,11,2,1680.99,0.05,2025-11-24 02:06:42,mysql_database,79793.79645165
1062,381,1,21,2,269.99,0.07,2025-11-24 02:06:42,mysql_database,12815.97576665
1063,382,1,8,1,1799.99,0.1,2025-11-24 02:06:42,mysql_database,85442.52831665
1064,382,2,9,1,2999.99,0.1,2025-11-24 02:06:42,mysql_database,142404.53031665
1065,382,3,13,1,269.99,0.07,2025-11-24 02:06:42,mysql_database,12815.97576665
1066,383,1,19,1,449.0,0.07,2025-11-24 02:06:42,mysql_database,21313.282415
1067,383,2,22,2,269.99,0.05,2025-11-24 02:06:42,mysql_database,12815.97576665
1068,383,3,13,1,269.99,0.1,2025-11-24 02:06:42,mysql_database,12815.97576665
1069,383,4,21,2,269.99,0.05,2025-11-24 02:06:42,mysql_database,12815.97576665
1070,383,5,14,1,269.99,0.1,2025-11-24 02:06:42,mysql_database,12815.97576665
1071,384,1,20,1,599.99,0.1,2025-11-24 02:06:42,mysql_database,28480.52631665
1072,384,2,21,2,269.99,0.2,2025-11-24 02:06:42,mysql_database,12815.97576665
1073,384,3,8,1,1799.99,0.05,2025-11-24 02:06:42,mysql_database,85442.52831665
1074,384,4,15,1,529.99,0.1,2025-11-24 02:06:42,mysql_database,25157.74286665
1075,384,5,4,1,2899.99,0.2,2025-11-24 02:06:42,mysql_database,137657.69681665
1076,385,1,21,1,269.99,0.07,2025-11-24 02:06:42,mysql_database,12815.97576665
1077,385,2,7,2,3999.99,0.2,2025-11-24 02:06:42,mysql_database,189872.86531665002
1078,385,3,26,2,599.99,0.05,2025-11-24 02:06:42,mysql_database,28480.52631665
1079,386,1,8,1,1799.99,0.2,2025-11-24 02:06:42,mysql_database,85442.52831665
1080,386,2,3,2,999.99,0.05,2025-11-24 02:06:42,mysql_database,47467.86031665
1081,386,3,16,2,599.99,0.2,2025-11-24 02:06:42,mysql_database,28480.52631665
1082,387,1,18,1,449.0,0.2,2025-11-24 02:06:42,mysql_database,21313.282415
1083,388,1,19,2,449.0,0.2,2025-11-24 02:06:42,mysql_database,21313.282415
1084,388,2,13,2,269.99,0.07,2025-11-24 02:06:42,mysql_database,12815.97576665
1085,388,3,2,1,749.99,0.07,2025-11-24 02:06:42,mysql_database,35600.776566650005
1086,388,4,11,1,1680.99,0.1,2025-11-24 02:06:42,mysql_database,79793.79645165
1087,389,1,2,1,749.99,0.07,2025-11-24 02:06:42,mysql_database,35600.776566650005
1088,389,2,15,2,529.99,0.07,2025-11-24 02:06:42,mysql_database,25157.74286665
1089,389,3,10,2,1549.0,0.05,2025-11-24 02:06:42,mysql_database,73528.45091500001
1090,389,4,5,1,1320.99,0.05,2025-11-24 02:06:42,mysql_database,62705.19585165
1091,389,5,9,1,2999.99,0.2,2025-11-24 02:06:42,mysql_database,142404.53031665
1092,390,1,23,1,299.99,0.05,2025-11-24 02:06:42,mysql_database,14240.02581665
1093,390,2,7,2,3999.99,0.07,2025-11-24 02:06:42,mysql_database,189872.86531665002
1094,390,3,9,1,2999.99,0.05,2025-11-24 02:06:42,mysql_database,142404.53031665
1095,391,1,8,1,1799.99,0.07,2025-11-24 02:06:42,mysql_database,85442.52831665
1096,391,2,5,2,1320.99,0.2,2025-11-24 02:06:42,mysql_database,62705.19585165
1097,391,3,24,2,549.99,0.07,2025-11-24 02:06:42,mysql_database,26107.10956665
1098,392,1,14,2,269.99,0.1,2025-11-24 02:06:42,mysql_database,12815.97576665
1099,392,2,3,2,999.99,0.05,2025-11-24 02:06:42,mysql_database,47467.86031665
1100,393,1,6,2,469.99,0.2,2025-11-24 02:06:42,mysql_database,22309.642766650002
1101,394,1,23,1,299.99,0.05,2025-11-24 02:06:42,mysql_database,14240.02581665
1102,394,2,16,1,599.99,0.2,2025-11-24 02:06:42,mysql_database,28480.52631665
1103,394,3,14,2,269.99,0.2,2025-11-24 02:06:42,mysql_database,12815.97576665
1104,395,1,14,1,269.99,0.05,2025-11-24 02:06:42,mysql_database,12815.97576665
1105,396,1,12,1,549.99,0.1,2025-11-24 02:06:42,mysql_database,26107.10956665
1106,396,2,25,2,499.99,0.05,2025-11-24 02:06:42,mysql_database,23733.692816650004
1107,396,3,5,1,1320.99,0.2,2025-11-24 02:06:42,mysql_database,62705.19585165
1108,397,1,7,1,3999.99,0.05,2025-11-24 02:06:42,mysql_database,189872.86531665002
1109,398,1,8,2,1799.99,0.05,2025-11-24 02:06:42,mysql_database,85442.52831665
1110,398,2,18,2,449.0,0.05,2025-11-24 02:06:42,mysql_database,21313.282415
1111,398,3,25,1,499.99,0.2,2025-11-24 02:06:42,mysql_database,23733.692816650004
1112,398,4,17,1,429.0,0.05,2025-11-24 02:06:42,mysql_database,20363.915715000003
1113,399,1,25,1,499.99,0.05,2025-11-24 02:06:42,mysql_database,23733.692816650004
1114,399,2,11,2,1680.99,0.05,2025-11-24 02:06:42,mysql_database,79793.79645165
1115,399,3,14,1,269.99,0.1,2025-11-24 02:06:42,mysql_database,12815.97576665
1116,400,1,24,2,549.99,0.07,2025-11-24 02:06:42,mysql_database,26107.10956665
1117,400,2,9,1,2999.99,0.2,2025-11-24 02:06:42,mysql_database,142404.53031665
1118,400,3,3,2,999.99,0.2,2025-11-24 02:06:42,mysql_database,47467.86031665
1119,401,1,23,1,299.99,0.2,2025-11-24 02:06:42,mysql_database,14240.02581665
1120,401,2,10,2,1549.0,0.2,2025-11-24 02:06:42,mysql_database,73528.45091500001
1121,402,1,6,2,469.99,0.07,2025-11-24 02:06:42,mysql_database,22309.642766650002
1122,402,2,5,1,1320.99,0.07,2025-11-24 02:06:42,mysql_database,62705.19585165
1123,402,3,26,1,599.99,0.05,2025-11-24 02:06:42,mysql_database,28480.52631665
1124,403,1,12,2,549.99,0.1,2025-11-24 02:06:42,mysql_database,26107.10956665
1125,403,2,7,2,3999.99,0.2,2025-11-24 02:06:42,mysql_database,189872.86531665002
1126,403,3,22,2,269.99,0.05,2025-11-24 02:06:42,mysql_database,12815.97576665
1127,403,4,24,1,549.99,0.2,2025-11-24 02:06:42,mysql_database,26107.10956665
1128,404,1,9,1,2999.99,0.07,2025-11-24 02:06:42,mysql_database,142404.53031665
1129,404,2,25,2,499.99,0.05,2025-11-24 02:06:42,mysql_database,23733.692816650004
1130,404,3,16,2,599.99,0.2,2025-11-24 02:06:42,mysql_database,28480.52631665
1131,405,1,3,2,999.99,0.2,2025-11-24 02:06:42,mysql_database,47467.86031665
1132,405,2,10,2,1549.0,0.1,2025-11-24 02:06:42,mysql_database,73528.45091500001
1133,405,3,14,2,269.99,0.07,2025-11-24 02:06:42,mysql_database,12815.97576665
1134,406,1,4,1,2899.99,0.2,2025-11-24 02:06:42,mysql_database,137657.69681665
1135,407,1,20,1,599.99,0.2,2025-11-24 02:06:42,mysql_database,28480.52631665
1136,407,2,5,1,1320.99,0.05,2025-11-24 02:06:42,mysql_database,62705.19585165
1137,408,1,18,1,449.0,0.2,2025-11-24 02:06:42,mysql_database,21313.282415
1138,408,2,3,1,999.99,0.07,2025-11-24 02:06:42,mysql_database,47467.86031665
1139,408,3,2,2,749.99,0.07,2025-11-24 02:06:42,mysql_database,35600.776566650005
1140,408,4,17,2,429.0,0.2,2025-11-24 02:06:42,mysql_database,20363.915715000003
1141,409,1,15,1,529.99,0.07,2025-11-24 02:06:42,mysql_database,25157.74286665
1142,409,2,16,2,599.99,0.2,2025-11-24 02:06:42,mysql_database,28480.52631665
1143,409,3,21,1,269.99,0.05,2025-11-24 02:06:42,mysql_database,12815.97576665
1144,410,1,25,1,499.99,0.1,2025-11-24 02:06:42,mysql_database,23733.692816650004
1145,410,2,9,2,2999.99,0.05,2025-11-24 02:06:42,mysql_database,142404.53031665
1146,410,3,24,2,549.99,0.1,2025-11-24 02:06:42,mysql_database,26107.10956665
1147,411,1,2,1,749.99,0.07,2025-11-24 02:06:42,mysql_database,35600.776566650005
1148,411,2,26,2,599.99,0.05,2025-11-24 02:06:42,mysql_database,28480.52631665
1149,412,1,7,1,3999.99,0.1,2025-11-24 02:06:42,mysql_database,189872.86531665002
1150,412,2,24,1,549.99,0.07,2025-11-24 02:06:42,mysql_database,26107.10956665
1151,412,3,17,1,429.0,0.1,2025-11-24 02:06:42,mysql_database,20363.915715000003
1152,413,1,8,2,1799.99,0.05,2025-11-24 02:06:42,mysql_database,85442.52831665
1153,413,2,25,1,499.99,0.1,2025-11-24 02:06:42,mysql_database,23733.692816650004
1154,413,3,9,1,2999.99,0.07,2025-11-24 02:06:42,mysql_database,142404.53031665
1155,414,1,4,2,2899.99,0.1,2025-11-24 02:06:42,mysql_database,137657.69681665
1156,415,1,3,1,999.99,0.07,2025-11-24 02:06:42,mysql_database,47467.86031665
1157,415,2,23,2,299.99,0.2,2025-11-24 02:06:42,mysql_database,14240.02581665
1158,415,3,5,1,1320.99,0.2,2025-11-24 02:06:42,mysql_database,62705.19585165
1159,415,4,6,2,469.99,0.05,2025-11-24 02:06:42,mysql_database,22309.642766650002
1160,416,1,22,1,269.99,0.07,2025-11-24 02:06:42,mysql_database,12815.97576665
1161,416,2,14,1,269.99,0.07,2025-11-24 02:06:42,mysql_database,12815.97576665
1162,416,3,24,1,549.99,0.1,2025-11-24 02:06:42,mysql_database,26107.10956665
1163,417,1,26,2,599.99,0.07,2025-11-24 02:06:42,mysql_database,28480.52631665
1164,417,2,6,2,469.99,0.07,2025-11-24 02:06:42,mysql_database,22309.642766650002
1165,418,1,12,1,549.99,0.05,2025-11-24 02:06:42,mysql_database,26107.10956665
1166,418,2,20,1,599.99,0.05,2025-11-24 02:06:42,mysql_database,28480.52631665
1167,419,1,9,1,2999.99,0.05,2025-11-24 02:06:42,mysql_database,142404.53031665
1168,420,1,17,2,429.0,0.2,2025-11-24 02:06:42,mysql_database,20363.915715000003
1169,420,2,15,2,529.99,0.1,2025-11-24 02:06:42,mysql_database,25157.74286665
1170,420,3,3,2,999.99,0.05,2025-11-24 02:06:42,mysql_database,47467.86031665
1171,421,1,6,2,469.99,0.07,2025-11-24 02:06:42,mysql_database,22309.642766650002
1172,421,2,3,2,999.99,0.2,2025-11-24 02:06:42,mysql_database,47467.86031665
1173,421,3,20,2,599.99,0.2,2025-11-24 02:06:42,mysql_database,28480.52631665
1174,421,4,4,1,2899.99,0.07,2025-11-24 02:06:42,mysql_database,137657.69681665
1175,421,5,23,2,299.99,0.2,2025-11-24 02:06:42,mysql_database,14240.02581665
1176,422,1,20,2,599.99,0.05,2025-11-24 02:06:42,mysql_database,28480.52631665
1177,423,1,8,2,1799.99,0.05,2025-11-24 02:06:42,mysql_database,85442.52831665
1178,423,2,17,1,429.0,0.2,2025-11-24 02:06:42,mysql_database,20363.915715000003
1179,423,3,23,2,299.99,0.07,2025-11-24 02:06:42,mysql_database,14240.02581665
1180,423,4,2,1,749.99,0.2,2025-11-24 02:06:42,mysql_database,35600.776566650005
1181,424,1,22,1,269.99,0.1,2025-11-24 02:06:42,mysql_database,12815.97576665
1182,424,2,6,1,469.99,0.05,2025-11-24 02:06:42,mysql_database,22309.642766650002
1183,425,1,6,1,469.99,0.1,2025-11-24 02:06:42,mysql_database,22309.642766650002
1184,425,2,21,2,269.99,0.07,2025-11-24 02:06:42,mysql_database,12815.97576665
1185,425,3,19,1,449.0,0.05,2025-11-24 02:06:42,mysql_database,21313.282415
1186,426,1,10,1,1549.0,0.1,2025-11-24 02:06:42,mysql_database,73528.45091500001
1187,426,2,23,2,299.99,0.05,2025-11-24 02:06:42,mysql_database,14240.02581665
1188,427,1,12,2,549.99,0.07,2025-11-24 02:06:42,mysql_database,26107.10956665
1189,427,2,15,2,529.99,0.1,2025-11-24 02:06:42,mysql_database,25157.74286665
1190,427,3,26,2,599.99,0.07,2025-11-24 02:06:42,mysql_database,28480.52631665
1191,428,1,5,2,1320.99,0.2,2025-11-24 02:06:42,mysql_database,62705.19585165
1192,428,2,14,1,269.99,0.2,2025-11-24 02:06:42,mysql_database,12815.97576665
1193,429,1,11,1,1680.99,0.2,2025-11-24 02:06:42,mysql_database,79793.79645165
1194,429,2,4,2,2899.99,0.1,2025-11-24 02:06:42,mysql_database,137657.69681665
1195,429,3,5,2,1320.99,0.05,2025-11-24 02:06:42,mysql_database,62705.19585165
1196,429,4,6,1,469.99,0.07,2025-11-24 02:06:42,mysql_database,22309.642766650002
1197,429,5,2,1,749.99,0.1,2025-11-24 02:06:42,mysql_database,35600.776566650005
1198,430,1,22,2,269.99,0.1,2025-11-24 02:06:42,mysql_database,12815.97576665
1199,430,2,11,1,1680.99,0.07,2025-11-24 02:06:42,mysql_database,79793.79645165
1200,430,3,4,2,2899.99,0.2,2025-11-24 02:06:42,mysql_database,137657.69681665
1201,430,4,13,2,269.99,0.2,2025-11-24 02:06:42,mysql_database,12815.97576665
1202,430,5,8,1,1799.99,0.2,2025-11-24 02:06:42,mysql_database,85442.52831665
1203,431,1,14,2,269.99,0.2,2025-11-24 02:06:42,mysql_database,12815.97576665
1204,431,2,6,1,469.99,0.1,2025-11-24 02:06:42,mysql_database,22309.642766650002
1205,431,3,18,1,449.0,0.2,2025-11-24 02:06:42,mysql_database,21313.282415
1206,431,4,13,2,269.99,0.07,2025-11-24 02:06:42,mysql_database,12815.97576665
1207,431,5,19,1,449.0,0.07,2025-11-24 02:06:42,mysql_database,21313.282415
1208,432,1,10,2,1549.0,0.2,2025-11-24 02:06:42,mysql_database,73528.45091500001
1209,432,2,7,2,3999.99,0.05,2025-11-24 02:06:42,mysql_database,189872.86531665002
1210,433,1,6,1,469.99,0.1,2025-11-24 02:06:42,mysql_database,22309.642766650002
1211,433,2,10,1,1549.0,0.2,2025-11-24 02:06:42,mysql_database,73528.45091500001
1212,433,3,24,1,549.99,0.1,2025-11-24 02:06:42,mysql_database,26107.10956665
1213,433,4,4,1,2899.99,0.2,2025-11-24 02:06:42,mysql_database,137657.69681665
1214,434,1,21,1,269.99,0.05,2025-11-24 02:06:42,mysql_database,12815.97576665
1215,434,2,20,1,599.99,0.1,2025-11-24 02:06:42,mysql_database,28480.52631665
1216,434,3,9,1,2999.99,0.2,2025-11-24 02:06:42,mysql_database,142404.53031665
1217,434,4,11,2,1680.99,0.07,2025-11-24 02:06:42,mysql_database,79793.79645165
1218,434,5,18,2,449.0,0.05,2025-11-24 02:06:42,mysql_database,21313.282415
1219,435,1,22,1,269.99,0.05,2025-11-24 02:06:42,mysql_database,12815.97576665
1220,435,2,9,1,2999.99,0.05,2025-11-24 02:06:42,mysql_database,142404.53031665
1221,435,3,18,1,449.0,0.05,2025-11-24 02:06:42,mysql_database,21313.282415
1222,436,1,3,1,999.99,0.05,2025-11-24 02:06:42,mysql_database,47467.86031665
1223,436,2,23,1,299.99,0.2,2025-11-24 02:06:42,mysql_database,14240.02581665
1224,437,1,3,1,999.99,0.05,2025-11-24 02:06:42,mysql_database,47467.86031665
1225,437,2,10,1,1549.0,0.05,2025-11-24 02:06:42,mysql_database,73528.45091500001
1226,437,3,8,2,1799.99,0.05,2025-11-24 02:06:42,mysql_database,85442.52831665
1227,438,1,4,1,2899.99,0.07,2025-11-24 02:06:42,mysql_database,137657.69681665
1228,438,2,22,1,269.99,0.1,2025-11-24 02:06:42,mysql_database,12815.97576665
1229,438,3,8,2,1799.99,0.05,2025-11-24 02:06:42,mysql_database,85442.52831665
1230,438,4,13,2,269.99,0.05,2025-11-24 02:06:42,mysql_database,12815.97576665
1231,439,1,6,2,469.99,0.07,2025-11-24 02:06:42,mysql_database,22309.642766650002
1232,439,2,7,2,3999.99,0.05,2025-11-24 02:06:42,mysql_database,189872.86531665002
1233,440,1,19,2,449.0,0.07,2025-11-24 02:06:42,mysql_database,21313.282415
1234,440,2,4,2,2899.99,0.07,2025-11-24 02:06:42,mysql_database,137657.69681665
1235,441,1,12,1,549.99,0.07,2025-11-24 02:06:42,mysql_database,26107.10956665
1236,441,2,15,1,529.99,0.1,2025-11-24 02:06:42,mysql_database,25157.74286665
1237,442,1,16,2,599.99,0.07,2025-11-24 02:06:42,mysql_database,28480.52631665
1238,442,2,26,2,599.99,0.2,2025-11-24 02:06:42,mysql_database,28480.52631665
1239,442,3,6,2,469.99,0.2,2025-11-24 02:06:42,mysql_database,22309.642766650002
1240,443,1,5,1,1320.99,0.05,2025-11-24 02:06:42,mysql_database,62705.19585165
1241,443,2,26,1,599.99,0.2,2025-11-24 02:06:42,mysql_database,28480.52631665
1242,444,1,22,1,269.99,0.07,2025-11-24 02:06:42,mysql_database,12815.97576665
1243,444,2,15,2,529.99,0.07,2025-11-24 02:06:42,mysql_database,25157.74286665
1244,444,3,20,2,599.99,0.05,2025-11-24 02:06:42,mysql_database,28480.52631665
1245,444,4,16,1,599.99,0.1,2025-11-24 02:06:42,mysql_database,28480.52631665
1246,444,5,10,2,1549.0,0.2,2025-11-24 02:06:42,mysql_database,73528.45091500001
1247,445,1,7,1,3999.99,0.2,2025-11-24 02:06:42,mysql_database,189872.86531665002
1248,445,2,16,1,599.99,0.07,2025-11-24 02:06:42,mysql_database,28480.52631665
1249,445,3,23,1,299.99,0.2,2025-11-24 02:06:42,mysql_database,14240.02581665
1250,446,1,22,1,269.99,0.2,2025-11-24 02:06:42,mysql_database,12815.97576665
1251,446,2,16,2,599.99,0.07,2025-11-24 02:06:42,mysql_database,28480.52631665
1252,447,1,4,2,2899.99,0.05,2025-11-24 02:06:42,mysql_database,137657.69681665
1253,447,2,3,1,999.99,0.1,2025-11-24 02:06:42,mysql_database,47467.86031665
1254,447,3,8,1,1799.99,0.07,2025-11-24 02:06:42,mysql_database,85442.52831665
1255,448,1,13,2,269.99,0.05,2025-11-24 02:06:42,mysql_database,12815.97576665
1256,448,2,6,2,469.99,0.05,2025-11-24 02:06:42,mysql_database,22309.642766650002
1257,449,1,17,2,429.0,0.05,2025-11-24 02:06:42,mysql_database,20363.915715000003
1258,449,2,2,1,749.99,0.05,2025-11-24 02:06:42,mysql_database,35600.776566650005
1259,449,3,7,2,3999.99,0.07,2025-11-24 02:06:42,mysql_database,189872.86531665002
1260,449,4,26,2,599.99,0.2,2025-11-24 02:06:42,mysql_database,28480.52631665
1261,450,1,24,1,549.99,0.05,2025-11-24 02:06:42,mysql_database,26107.10956665
1262,450,2,12,1,549.99,0.07,2025-11-24 02:06:42,mysql_database,26107.10956665
1263,450,3,5,1,1320.99,0.1,2025-11-24 02:06:42,mysql_database,62705.19585165
1264,451,1,14,2,269.99,0.05,2025-11-24 02:06:42,mysql_database,12815.97576665
1265,452,1,11,1,1680.99,0.05,2025-11-24 02:06:42,mysql_database,79793.79645165
1266,452,2,16,1,599.99,0.05,2025-11-24 02:06:42,mysql_database,28480.52631665
1267,452,3,7,2,3999.99,0.1,2025-11-24 02:06:42,mysql_database,189872.86531665002
1268,452,4,8,1,1799.99,0.1,2025-11-24 02:06:42,mysql_database,85442.52831665
1269,453,1,23,1,299.99,0.05,2025-11-24 02:06:42,mysql_database,14240.02581665
1270,453,2,20,2,599.99,0.2,2025-11-24 02:06:42,mysql_database,28480.52631665
1271,453,3,4,1,2899.99,0.2,2025-11-24 02:06:42,mysql_database,137657.69681665
1272,454,1,25,2,499.99,0.07,2025-11-24 02:06:42,mysql_database,23733.692816650004
1273,454,2,13,2,269.99,0.05,2025-11-24 02:06:42,mysql_database,12815.97576665
1274,454,3,24,2,549.99,0.1,2025-11-24 02:06:42,mysql_database,26107.10956665
1275,455,1,9,1,2999.99,0.05,2025-11-24 02:06:42,mysql_database,142404.53031665
1276,456,1,17,2,429.0,0.07,2025-11-24 02:06:42,mysql_database,20363.915715000003
1277,456,2,23,1,299.99,0.07,2025-11-24 02:06:42,mysql_database,14240.02581665
1278,457,1,24,2,549.99,0.07,2025-11-24 02:06:42,mysql_database,26107.10956665
1279,457,2,2,1,749.99,0.05,2025-11-24 02:06:42,mysql_database,35600.776566650005
1280,457,3,7,2,3999.99,0.1,2025-11-24 02:06:42,mysql_database,189872.86531665002
1281,457,4,17,1,429.0,0.2,2025-11-24 02:06:42,mysql_database,20363.915715000003
1282,458,1,2,1,749.99,0.2,2025-11-24 02:06:42,mysql_database,35600.776566650005
1283,458,2,21,2,269.99,0.07,2025-11-24 02:06:42,mysql_database,12815.97576665
1284,458,3,11,1,1680.99,0.1,2025-11-24 02:06:42,mysql_database,79793.79645165
1285,458,4,24,1,549.99,0.2,2025-11-24 02:06:42,mysql_database,26107.10956665
1286,458,5,3,2,999.99,0.2,2025-11-24 02:06:42,mysql_database,47467.86031665
1287,459,1,11,1,1680.99,0.2,2025-11-24 02:06:42,mysql_database,79793.79645165
1288,460,1,19,1,449.0,0.05,2025-11-24 02:06:42,mysql_database,21313.282415
1289,460,2,18,2,449.0,0.07,2025-11-24 02:06:42,mysql_database,21313.282415
1290,460,3,4,1,2899.99,0.2,2025-11-24 02:06:42,mysql_database,137657.69681665
1291,460,4,22,2,269.99,0.1,2025-11-24 02:06:42,mysql_database,12815.97576665
1292,461,1,16,1,599.99,0.07,2025-11-24 02:06:42,mysql_database,28480.52631665
1293,461,2,4,1,2899.99,0.2,2025-11-24 02:06:42,mysql_database,137657.69681665
1294,461,3,8,2,1799.99,0.05,2025-11-24 02:06:42,mysql_database,85442.52831665
1295,461,4,24,1,549.99,0.1,2025-11-24 02:06:42,mysql_database,26107.10956665
1296,461,5,18,2,449.0,0.1,2025-11-24 02:06:42,mysql_database,21313.282415
1297,462,1,12,2,549.99,0.1,2025-11-24 02:06:42,mysql_database,26107.10956665
1298,463,1,13,2,269.99,0.07,2025-11-24 02:06:42,mysql_database,12815.97576665
1299,464,1,7,1,3999.99,0.1,2025-11-24 02:06:42,mysql_database,189872.86531665002
1300,465,1,6,2,469.99,0.1,2025-11-24 02:06:42,mysql_database,22309.642766650002
1301,465,2,25,2,499.99,0.1,2025-11-24 02:06:42,mysql_database,23733.692816650004
1302,466,1,19,2,449.0,0.2,2025-11-24 02:06:42,mysql_database,21313.282415
1303,466,2,6,1,469.99,0.2,2025-11-24 02:06:42,mysql_database,22309.642766650002
1304,466,3,7,2,3999.99,0.05,2025-11-24 02:06:42,mysql_database,189872.86531665002
1305,466,4,15,1,529.99,0.1,2025-11-24 02:06:42,mysql_database,25157.74286665
1306,466,5,5,1,1320.99,0.1,2025-11-24 02:06:42,mysql_database,62705.19585165
1307,467,1,19,1,449.0,0.07,2025-11-24 02:06:42,mysql_database,21313.282415
1308,467,2,10,1,1549.0,0.07,2025-11-24 02:06:42,mysql_database,73528.45091500001
1309,467,3,22,2,269.99,0.1,2025-11-24 02:06:42,mysql_database,12815.97576665
1310,467,4,17,2,429.0,0.07,2025-11-24 02:06:42,mysql_database,20363.915715000003
1311,467,5,11,1,1680.99,0.1,2025-11-24 02:06:42,mysql_database,79793.79645165
1312,468,1,19,1,449.0,0.1,2025-11-24 02:06:42,mysql_database,21313.282415
1313,468,2,9,2,2999.99,0.05,2025-11-24 02:06:42,mysql_database,142404.53031665
1314,468,3,10,2,1549.0,0.05,2025-11-24 02:06:42,mysql_database,73528.45091500001
1315,468,4,25,1,499.99,0.1,2025-11-24 02:06:42,mysql_database,23733.692816650004
1316,469,1,8,2,1799.99,0.1,2025-11-24 02:06:42,mysql_database,85442.52831665
1317,469,2,4,1,2899.99,0.07,2025-11-24 02:06:42,mysql_database,137657.69681665
1318,469,3,15,2,529.99,0.2,2025-11-24 02:06:42,mysql_database,25157.74286665
1319,470,1,18,1,449.0,0.05,2025-11-24 02:06:42,mysql_database,21313.282415
1320,470,2,13,1,269.99,0.05,2025-11-24 02:06:42,mysql_database,12815.97576665
1321,470,3,8,2,1799.99,0.2,2025-11-24 02:06:42,mysql_database,85442.52831665
1322,471,1,14,1,269.99,0.2,2025-11-24 02:06:42,mysql_database,12815.97576665
1323,471,2,13,2,269.99,0.05,2025-11-24 02:06:42,mysql_database,12815.97576665
1324,472,1,15,1,529.99,0.1,2025-11-24 02:06:42,mysql_database,25157.74286665
1325,472,2,21,2,269.99,0.1,2025-11-24 02:06:42,mysql_database,12815.97576665
1326,473,1,26,1,599.99,0.07,2025-11-24 02:06:42,mysql_database,28480.52631665
1327,474,1,19,2,449.0,0.05,2025-11-24 02:06:42,mysql_database,21313.282415
1328,474,2,11,1,1680.99,0.2,2025-11-24 02:06:42,mysql_database,79793.79645165
1329,475,1,17,2,429.0,0.07,2025-11-24 02:06:42,mysql_database,20363.915715000003
1330,475,2,26,2,599.99,0.2,2025-11-24 02:06:42,mysql_database,28480.52631665
1331,475,3,25,1,499.99,0.2,2025-11-24 02:06:42,mysql_database,23733.692816650004
1332,476,1,22,2,269.99,0.07,2025-11-24 02:06:42,mysql_database,12815.97576665
1333,476,2,4,2,2899.99,0.2,2025-11-24 02:06:42,mysql_database,137657.69681665
1334,476,3,11,2,1680.99,0.07,2025-11-24 02:06:42,mysql_database,79793.79645165
1335,476,4,20,2,599.99,0.05,2025-11-24 02:06:42,mysql_database,28480.52631665
1336,477,1,6,1,469.99,0.1,2025-11-24 02:06:42,mysql_database,22309.642766650002
1337,477,2,10,1,1549.0,0.05,2025-11-24 02:06:42,mysql_database,73528.45091500001
1338,478,1,21,2,269.99,0.07,2025-11-24 02:06:42,mysql_database,12815.97576665
1339,479,1,26,1,599.99,0.07,2025-11-24 02:06:42,mysql_database,28480.52631665
1340,479,2,12,1,549.99,0.05,2025-11-24 02:06:42,mysql_database,26107.10956665
1341,479,3,21,1,269.99,0.2,2025-11-24 02:06:42,mysql_database,12815.97576665
1342,479,4,7,1,3999.99,0.05,2025-11-24 02:06:42,mysql_database,189872.86531665002
1343,479,5,10,1,1549.0,0.2,2025-11-24 02:06:42,mysql_database,73528.45091500001
1344,480,1,4,1,2899.99,0.05,2025-11-24 02:06:42,mysql_database,137657.69681665
1345,480,2,15,1,529.99,0.05,2025-11-24 02:06:42,mysql_database,25157.74286665
1346,480,3,23,2,299.99,0.07,2025-11-24 02:06:42,mysql_database,14240.02581665
1347,481,1,13,2,269.99,0.2,2025-11-24 02:06:42,mysql_database,12815.97576665
1348,481,2,16,2,599.99,0.07,2025-11-24 02:06:42,mysql_database,28480.52631665
1349,481,3,9,2,2999.99,0.1,2025-11-24 02:06:42,mysql_database,142404.53031665
1350,482,1,13,1,269.99,0.2,2025-11-24 02:06:42,mysql_database,12815.97576665
1351,482,2,14,1,269.99,0.1,2025-11-24 02:06:42,mysql_database,12815.97576665
1352,483,1,17,1,429.0,0.07,2025-11-24 02:06:42,mysql_database,20363.915715000003
1353,484,1,8,2,1799.99,0.1,2025-11-24 02:06:42,mysql_database,85442.52831665
1354,484,2,24,1,549.99,0.05,2025-11-24 02:06:42,mysql_database,26107.10956665
1355,484,3,9,2,2999.99,0.05,2025-11-24 02:06:42,mysql_database,142404.53031665
1356,484,4,6,1,469.99,0.2,2025-11-24 02:06:42,mysql_database,22309.642766650002
1357,485,1,13,1,269.99,0.1,2025-11-24 02:06:42,mysql_database,12815.97576665
1358,485,2,26,2,599.99,0.05,2025-11-24 02:06:42,mysql_database,28480.52631665
1359,486,1,9,1,2999.99,0.07,2025-11-24 02:06:42,mysql_database,142404.53031665
1360,486,2,23,2,299.99,0.05,2025-11-24 02:06:42,mysql_database,14240.02581665
1361,487,1,6,1,469.99,0.2,2025-11-24 02:06:42,mysql_database,22309.642766650002
1362,488,1,13,2,269.99,0.07,2025-11-24 02:06:42,mysql_database,12815.97576665
1363,488,2,23,2,299.99,0.05,2025-11-24 02:06:42,mysql_database,14240.02581665
1364,488,3,22,1,269.99,0.05,2025-11-24 02:06:42,mysql_database,12815.97576665
1365,489,1,8,2,1799.99,0.1,2025-11-24 02:06:42,mysql_database,85442.52831665
1366,490,1,12,1,549.99,0.1,2025-11-24 02:06:42,mysql_database,26107.10956665
1367,490,2,23,1,299.99,0.05,2025-11-24 02:06:42,mysql_database,14240.02581665
1368,490,3,14,1,269.99,0.1,2025-11-24 02:06:42,mysql_database,12815.97576665
1369,490,4,13,2,269.99,0.07,2025-11-24 02:06:42,mysql_database,12815.97576665
1370,491,1,9,2,2999.99,0.2,2025-11-24 02:06:42,mysql_database,142404.53031665
1371,491,2,21,2,269.99,0.05,2025-11-24 02:06:42,mysql_database,12815.97576665
1372,491,3,15,2,529.99,0.05,2025-11-24 02:06:42,mysql_database,25157.74286665
1373,492,1,6,1,469.99,0.1,2025-11-24 02:06:42,mysql_database,22309.642766650002
1374,492,2,22,2,269.99,0.1,2025-11-24 02:06:42,mysql_database,12815.97576665
1375,492,3,26,1,599.99,0.05,2025-11-24 02:06:42,mysql_database,28480.52631665
1376,493,1,15,1,529.99,0.05,2025-11-24 02:06:42,mysql_database,25157.74286665
1377,493,2,18,2,449.0,0.05,2025-11-24 02:06:42,mysql_database,21313.282415
1378,493,3,26,1,599.99,0.05,2025-11-24 02:06:42,mysql_database,28480.52631665
1379,494,1,23,1,299.99,0.1,2025-11-24 02:06:42,mysql_database,14240.02581665
1380,495,1,22,1,269.99,0.2,2025-11-24 02:06:42,mysql_database,12815.97576665
1381,495,2,9,1,2999.99,0.05,2025-11-24 02:06:42,mysql_database,142404.53031665
1382,496,1,23,1,299.99,0.2,2025-11-24 02:06:42,mysql_database,14240.02581665
1383,496,2,13,1,269.99,0.1,2025-11-24 02:06:42,mysql_database,12815.97576665
1384,496,3,21,2,269.99,0.2,2025-11-24 02:06:42,mysql_database,12815.97576665
1385,497,1,25,2,499.99,0.07,2025-11-24 02:06:42,mysql_database,23733.692816650004
1386,498,1,24,1,549.99,0.07,2025-11-24 02:06:42,mysql_database,26107.10956665
1387,498,2,21,1,269.99,0.1,2025-11-24 02:06:42,mysql_database,12815.97576665
1388,498,3,10,1,1549.0,0.07,2025-11-24 02:06:42,mysql_database,73528.45091500001
1389,499,1,11,1,1680.99,0.2,2025-11-24 02:06:42,mysql_database,79793.79645165
1390,499,2,15,1,529.99,0.07,2025-11-24 02:06:42,mysql_database,25157.74286665
1391,499,3,14,2,269.99,0.2,2025-11-24 02:06:42,mysql_database,12815.97576665
1392,499,4,20,2,599.99,0.1,2025-11-24 02:06:42,mysql_database,28480.52631665
1393,500,1,12,2,549.99,0.05,2025-11-24 02:06:42,mysql_database,26107.10956665
1394,500,2,14,1,269.99,0.2,2025-11-24 02:06:42,mysql_database,12815.97576665
1395,501,1,19,2,449.0,0.05,2025-11-24 02:06:42,mysql_database,21313.282415
1396,501,2,8,1,1799.99,0.07,2025-11-24 02:06:42,mysql_database,85442.52831665
1397,501,3,14,1,269.99,0.1,2025-11-24 02:06:42,mysql_database,12815.97576665
1398,501,4,23,2,299.99,0.07,2025-11-24 02:06:42,mysql_database,14240.02581665
1399,502,1,13,1,269.99,0.05,2025-11-24 02:06:42,mysql_database,12815.97576665
1400,503,1,13,2,269.99,0.07,2025-11-24 02:06:42,mysql_database,12815.97576665
1401,503,2,10,1,1549.0,0.05,2025-11-24 02:06:42,mysql_database,73528.45091500001
1402,504,1,24,2,549.99,0.1,2025-11-24 02:06:42,mysql_database,26107.10956665
1403,504,2,2,2,749.99,0.05,2025-11-24 02:06:42,mysql_database,35600.776566650005
1404,505,1,26,1,599.99,0.2,2025-11-24 02:06:42,mysql_database,28480.52631665
1405,506,1,25,1,499.99,0.1,2025-11-24 02:06:42,mysql_database,23733.692816650004
1406,506,2,7,1,3999.99,0.07,2025-11-24 02:06:42,mysql_database,189872.86531665002
1407,507,1,11,2,1680.99,0.05,2025-11-24 02:06:42,mysql_database,79793.79645165
1408,507,2,13,2,269.99,0.07,2025-11-24 02:06:42,mysql_database,12815.97576665
1409,507,3,20,2,599.99,0.1,2025-11-24 02:06:42,mysql_database,28480.52631665
1410,508,1,8,1,1799.99,0.05,2025-11-24 02:06:42,mysql_database,85442.52831665
1411,508,2,2,2,749.99,0.05,2025-11-24 02:06:42,mysql_database,35600.776566650005
1412,508,3,10,2,1549.0,0.05,2025-11-24 02:06:42,mysql_database,73528.45091500001
1413,508,4,25,1,499.99,0.07,2025-11-24 02:06:42,mysql_database,23733.692816650004
1414,509,1,23,2,299.99,0.2,2025-11-24 02:06:42,mysql_database,14240.02581665
1415,509,2,4,2,2899.99,0.05,2025-11-24 02:06:42,mysql_database,137657.69681665
1416,510,1,17,1,429.0,0.1,2025-11-24 02:06:42,mysql_database,20363.915715000003
1417,511,1,22,2,269.99,0.05,2025-11-24 02:06:42,mysql_database,12815.97576665
1418,511,2,13,1,269.99,0.1,2025-11-24 02:06:42,mysql_database,12815.97576665
1419,512,1,21,1,269.99,0.07,2025-11-24 02:06:42,mysql_database,12815.97576665
1420,513,1,7,1,3999.99,0.07,2025-11-24 02:06:42,mysql_database,189872.86531665002
1421,513,2,13,1,269.99,0.2,2025-11-24 02:06:42,mysql_database,12815.97576665
1422,513,3,23,1,299.99,0.07,2025-11-24 02:06:42,mysql_database,14240.02581665
1423,514,1,18,2,449.0,0.2,2025-11-24 02:06:42,mysql_database,21313.282415
1424,514,2,17,2,429.0,0.07,2025-11-24 02:06:42,mysql_database,20363.915715000003
1425,515,1,8,1,1799.99,0.07,2025-11-24 02:06:42,mysql_database,85442.52831665
1426,515,2,5,1,1320.99,0.1,2025-11-24 02:06:42,mysql_database,62705.19585165
1427,515,3,25,2,499.99,0.07,2025-11-24 02:06:42,mysql_database,23733.692816650004
1428,515,4,6,2,469.99,0.2,2025-11-24 02:06:42,mysql_database,22309.642766650002
1429,516,1,7,1,3999.99,0.05,2025-11-24 02:06:42,mysql_database,189872.86531665002
1430,516,2,5,2,1320.99,0.1,2025-11-24 02:06:42,mysql_database,62705.19585165
1431,517,1,21,2,269.99,0.07,2025-11-24 02:06:42,mysql_database,12815.97576665
1432,518,1,16,2,599.99,0.2,2025-11-24 02:06:42,mysql_database,28480.52631665
1433,518,2,5,2,1320.99,0.05,2025-11-24 02:06:42,mysql_database,62705.19585165
1434,518,3,25,2,499.99,0.05,2025-11-24 02:06:42,mysql_database,23733.692816650004
1435,518,4,15,2,529.99,0.2,2025-11-24 02:06:42,mysql_database,25157.74286665
1436,518,5,11,2,1680.99,0.07,2025-11-24 02:06:42,mysql_database,79793.79645165
1437,519,1,6,1,469.99,0.07,2025-11-24 02:06:42,mysql_database,22309.642766650002
1438,519,2,16,1,599.99,0.1,2025-11-24 02:06:42,mysql_database,28480.52631665
1439,519,3,23,2,299.99,0.05,2025-11-24 02:06:42,mysql_database,14240.02581665
1440,519,4,18,2,449.0,0.2,2025-11-24 02:06:42,mysql_database,21313.282415
1441,519,5,7,1,3999.99,0.05,2025-11-24 02:06:42,mysql_database,189872.86531665002
1442,520,1,26,1,599.99,0.1,2025-11-24 02:06:42,mysql_database,28480.52631665
1443,520,2,24,1,549.99,0.2,2025-11-24 02:06:42,mysql_database,26107.10956665
1444,520,3,10,1,1549.0,0.07,2025-11-24 02:06:42,mysql_database,73528.45091500001
1445,521,1,5,1,1320.99,0.2,2025-11-24 02:06:42,mysql_database,62705.19585165
1446,521,2,14,1,269.99,0.2,2025-11-24 02:06:42,mysql_database,12815.97576665
1447,522,1,4,2,2899.99,0.07,2025-11-24 02:06:42,mysql_database,137657.69681665
1448,522,2,22,2,269.99,0.07,2025-11-24 02:06:42,mysql_database,12815.97576665
1449,522,3,21,1,269.99,0.05,2025-11-24 02:06:42,mysql_database,12815.97576665
1450,523,1,12,1,549.99,0.2,2025-11-24 02:06:42,mysql_database,26107.10956665
1451,523,2,20,1,599.99,0.05,2025-11-24 02:06:42,mysql_database,28480.52631665
1452,523,3,5,2,1320.99,0.1,2025-11-24 02:06:42,mysql_database,62705.19585165
1453,523,4,16,2,599.99,0.07,2025-11-24 02:06:42,mysql_database,28480.52631665
1454,524,1,11,1,1680.99,0.07,2025-11-24 02:06:42,mysql_database,79793.79645165
1455,524,2,2,1,749.99,0.05,2025-11-24 02:06:42,mysql_database,35600.776566650005
1456,524,3,9,1,2999.99,0.2,2025-11-24 02:06:42,mysql_database,142404.53031665
1457,524,4,3,2,999.99,0.07,2025-11-24 02:06:42,mysql_database,47467.86031665
1458,524,5,26,1,599.99,0.05,2025-11-24 02:06:42,mysql_database,28480.52631665
1459,525,1,9,2,2999.99,0.07,2025-11-24 02:06:42,mysql_database,142404.53031665
1460,525,2,6,2,469.99,0.07,2025-11-24 02:06:42,mysql_database,22309.642766650002
1461,525,3,10,1,1549.0,0.1,2025-11-24 02:06:42,mysql_database,73528.45091500001
1462,526,1,3,2,999.99,0.1,2025-11-24 02:06:42,mysql_database,47467.86031665
1463,526,2,8,1,1799.99,0.1,2025-11-24 02:06:42,mysql_database,85442.52831665
1464,526,3,21,1,269.99,0.05,2025-11-24 02:06:42,mysql_database,12815.97576665
1465,526,4,15,1,529.99,0.07,2025-11-24 02:06:42,mysql_database,25157.74286665
1466,527,1,18,2,449.0,0.07,2025-11-24 02:06:42,mysql_database,21313.282415
1467,527,2,4,1,2899.99,0.2,2025-11-24 02:06:42,mysql_database,137657.69681665
1468,527,3,19,1,449.0,0.1,2025-11-24 02:06:42,mysql_database,21313.282415
1469,527,4,9,2,2999.99,0.2,2025-11-24 02:06:42,mysql_database,142404.53031665
1470,528,1,21,2,269.99,0.05,2025-11-24 02:06:42,mysql_database,12815.97576665
1471,529,1,12,2,549.99,0.07,2025-11-24 02:06:42,mysql_database,26107.10956665
1472,530,1,2,2,749.99,0.05,2025-11-24 02:06:42,mysql_database,35600.776566650005
1473,530,2,4,1,2899.99,0.07,2025-11-24 02:06:42,mysql_database,137657.69681665
1474,530,3,6,2,469.99,0.2,2025-11-24 02:06:42,mysql_database,22309.642766650002
1475,531,1,6,1,469.99,0.2,2025-11-24 02:06:42,mysql_database,22309.642766650002
1476,531,2,12,2,549.99,0.2,2025-11-24 02:06:42,mysql_database,26107.10956665
1477,531,3,25,1,499.99,0.07,2025-11-24 02:06:42,mysql_database,23733.692816650004
1478,532,1,17,2,429.0,0.07,2025-11-24 02:06:42,mysql_database,20363.915715000003
1479,532,2,16,2,599.99,0.2,2025-11-24 02:06:42,mysql_database,28480.52631665
1480,532,3,12,1,549.99,0.1,2025-11-24 02:06:42,mysql_database,26107.10956665
1481,533,1,4,1,2899.99,0.2,2025-11-24 02:06:42,mysql_database,137657.69681665
1482,533,2,12,2,549.99,0.1,2025-11-24 02:06:42,mysql_database,26107.10956665
1483,533,3,10,1,1549.0,0.2,2025-11-24 02:06:42,mysql_database,73528.45091500001
1484,533,4,25,1,499.99,0.05,2025-11-24 02:06:42,mysql_database,23733.692816650004
1485,534,1,21,2,269.99,0.05,2025-11-24 02:06:42,mysql_database,12815.97576665
1486,534,2,9,2,2999.99,0.05,2025-11-24 02:06:42,mysql_database,142404.53031665
1487,534,3,2,1,749.99,0.07,2025-11-24 02:06:42,mysql_database,35600.776566650005
1488,534,4,24,2,549.99,0.1,2025-11-24 02:06:42,mysql_database,26107.10956665
1489,535,1,24,1,549.99,0.05,2025-11-24 02:06:42,mysql_database,26107.10956665
1490,535,2,15,1,529.99,0.1,2025-11-24 02:06:42,mysql_database,25157.74286665
1491,535,3,22,2,269.99,0.1,2025-11-24 02:06:42,mysql_database,12815.97576665
1492,536,1,22,1,269.99,0.1,2025-11-24 02:06:42,mysql_database,12815.97576665
1493,536,2,2,1,749.99,0.1,2025-11-24 02:06:42,mysql_database,35600.776566650005
1494,536,3,12,2,549.99,0.05,2025-11-24 02:06:42,mysql_database,26107.10956665
1495,536,4,14,1,269.99,0.07,2025-11-24 02:06:42,mysql_database,12815.97576665
1496,537,1,10,1,1549.0,0.05,2025-11-24 02:06:42,mysql_database,73528.45091500001
1497,537,2,26,1,599.99,0.05,2025-11-24 02:06:42,mysql_database,28480.52631665
1498,537,3,17,2,429.0,0.1,2025-11-24 02:06:42,mysql_database,20363.915715000003
1499,537,4,25,2,499.99,0.2,2025-11-24 02:06:42,mysql_database,23733.692816650004
1500,538,1,2,2,749.99,0.2,2025-11-24 02:06:42,mysql_database,35600.776566650005
1501,539,1,9,2,2999.99,0.1,2025-11-24 02:06:42,mysql_database,142404.53031665
1502,539,2,23,1,299.99,0.05,2025-11-24 02:06:42,mysql_database,14240.02581665
1503,539,3,21,2,269.99,0.07,2025-11-24 02:06:42,mysql_database,12815.97576665
1504,540,1,19,1,449.0,0.1,2025-11-24 02:06:42,mysql_database,21313.282415
1505,540,2,26,2,599.99,0.1,2025-11-24 02:06:42,mysql_database,28480.52631665
1506,540,3,23,2,299.99,0.07,2025-11-24 02:06:42,mysql_database,14240.02581665
1507,541,1,22,2,269.99,0.05,2025-11-24 02:06:42,mysql_database,12815.97576665
1508,542,1,16,2,599.99,0.2,2025-11-24 02:06:42,mysql_database,28480.52631665
1509,542,2,9,1,2999.99,0.1,2025-11-24 02:06:42,mysql_database,142404.53031665
1510,542,3,20,1,599.99,0.1,2025-11-24 02:06:42,mysql_database,28480.52631665
1511,542,4,19,2,449.0,0.2,2025-11-24 02:06:42,mysql_database,21313.282415
1512,543,1,25,1,499.99,0.2,2025-11-24 02:06:42,mysql_database,23733.692816650004
1513,543,2,18,1,449.0,0.2,2025-11-24 02:06:42,mysql_database,21313.282415
1514,543,3,26,2,599.99,0.05,2025-11-24 02:06:42,mysql_database,28480.52631665
1515,544,1,12,1,549.99,0.05,2025-11-24 02:06:42,mysql_database,26107.10956665
1516,544,2,17,1,429.0,0.1,2025-11-24 02:06:42,mysql_database,20363.915715000003
1517,544,3,21,1,269.99,0.05,2025-11-24 02:06:42,mysql_database,12815.97576665
1518,545,1,25,2,499.99,0.2,2025-11-24 02:06:42,mysql_database,23733.692816650004
1519,545,2,6,1,469.99,0.07,2025-11-24 02:06:42,mysql_database,22309.642766650002
1520,545,3,24,1,549.99,0.2,2025-11-24 02:06:42,mysql_database,26107.10956665
1521,545,4,20,2,599.99,0.07,2025-11-24 02:06:42,mysql_database,28480.52631665
1522,546,1,17,2,429.0,0.05,2025-11-24 02:06:42,mysql_database,20363.915715000003
1523,546,2,8,1,1799.99,0.1,2025-11-24 02:06:42,mysql_database,85442.52831665
1524,546,3,18,2,449.0,0.07,2025-11-24 02:06:42,mysql_database,21313.282415
1525,547,1,11,2,1680.99,0.05,2025-11-24 02:06:42,mysql_database,79793.79645165
1526,547,2,9,1,2999.99,0.2,2025-11-24 02:06:42,mysql_database,142404.53031665
1527,547,3,5,1,1320.99,0.1,2025-11-24 02:06:42,mysql_database,62705.19585165
1528,548,1,8,1,1799.99,0.1,2025-11-24 02:06:42,mysql_database,85442.52831665
1529,548,2,11,2,1680.99,0.07,2025-11-24 02:06:42,mysql_database,79793.79645165
1530,549,1,15,1,529.99,0.07,2025-11-24 02:06:42,mysql_database,25157.74286665
1531,549,2,16,1,599.99,0.05,2025-11-24 02:06:42,mysql_database,28480.52631665
1532,549,3,3,1,999.99,0.07,2025-11-24 02:06:42,mysql_database,47467.86031665
1533,549,4,7,1,3999.99,0.05,2025-11-24 02:06:42,mysql_database,189872.86531665002
1534,549,5,13,2,269.99,0.1,2025-11-24 02:06:42,mysql_database,12815.97576665
1535,550,1,4,1,2899.99,0.05,2025-11-24 02:06:42,mysql_database,137657.69681665
1536,551,1,16,1,599.99,0.05,2025-11-24 02:06:42,mysql_database,28480.52631665
1537,551,2,26,1,599.99,0.07,2025-11-24 02:06:42,mysql_database,28480.52631665
1538,551,3,11,2,1680.99,0.2,2025-11-24 02:06:42,mysql_database,79793.79645165
1539,551,4,15,2,529.99,0.2,2025-11-24 02:06:42,mysql_database,25157.74286665
1540,552,1,23,1,299.99,0.2,2025-11-24 02:06:42,mysql_database,14240.02581665
1541,552,2,2,1,749.99,0.2,2025-11-24 02:06:42,mysql_database,35600.776566650005
1542,552,3,24,1,549.99,0.2,2025-11-24 02:06:42,mysql_database,26107.10956665
1543,552,4,18,1,449.0,0.1,2025-11-24 02:06:42,mysql_database,21313.282415
1544,552,5,19,2,449.0,0.2,2025-11-24 02:06:42,mysql_database,21313.282415
1545,553,1,24,1,549.99,0.1,2025-11-24 02:06:42,mysql_database,26107.10956665
1546,553,2,18,2,449.0,0.07,2025-11-24 02:06:42,mysql_database,21313.282415
1547,553,3,12,1,549.99,0.07,2025-11-24 02:06:42,mysql_database,26107.10956665
1548,554,1,3,2,999.99,0.07,2025-11-24 02:06:42,mysql_database,47467.86031665
1549,554,2,22,1,269.99,0.05,2025-11-24 02:06:42,mysql_database,12815.97576665
1550,554,3,4,2,2899.99,0.2,2025-11-24 02:06:42,mysql_database,137657.69681665
1551,555,1,8,1,1799.99,0.2,2025-11-24 02:06:42,mysql_database,85442.52831665
1552,555,2,7,1,3999.99,0.1,2025-11-24 02:06:42,mysql_database,189872.86531665002
1553,555,3,20,2,599.99,0.07,2025-11-24 02:06:42,mysql_database,28480.52631665
1554,556,1,16,1,599.99,0.1,2025-11-24 02:06:42,mysql_database,28480.52631665
1555,556,2,4,2,2899.99,0.2,2025-11-24 02:06:42,mysql_database,137657.69681665
1556,557,1,9,2,2999.99,0.1,2025-11-24 02:06:42,mysql_database,142404.53031665
1557,557,2,10,1,1549.0,0.1,2025-11-24 02:06:42,mysql_database,73528.45091500001
1558,558,1,7,1,3999.99,0.07,2025-11-24 02:06:42,mysql_database,189872.86531665002
1559,558,2,16,1,599.99,0.07,2025-11-24 02:06:42,mysql_database,28480.52631665
1560,558,3,9,1,2999.99,0.1,2025-11-24 02:06:42,mysql_database,142404.53031665
1561,558,4,21,2,269.99,0.05,2025-11-24 02:06:42,mysql_database,12815.97576665
1562,558,5,10,2,1549.0,0.07,2025-11-24 02:06:42,mysql_database,73528.45091500001
1563,559,1,15,2,529.99,0.1,2025-11-24 02:06:42,mysql_database,25157.74286665
1564,559,2,6,1,469.99,0.1,2025-11-24 02:06:42,mysql_database,22309.642766650002
1565,559,3,7,2,3999.99,0.07,2025-11-24 02:06:42,mysql_database,189872.86531665002
1566,560,1,16,1,599.99,0.05,2025-11-24 02:06:42,mysql_database,28480.52631665
1567,560,2,26,2,599.99,0.1,2025-11-24 02:06:42,mysql_database,28480.52631665
1568,561,1,15,2,529.99,0.05,2025-11-24 02:06:42,mysql_database,25157.74286665
1569,561,2,18,1,449.0,0.05,2025-11-24 02:06:42,mysql_database,21313.282415
1570,561,3,5,1,1320.99,0.05,2025-11-24 02:06:42,mysql_database,62705.19585165
1571,561,4,17,2,429.0,0.07,2025-11-24 02:06:42,mysql_database,20363.915715000003
1572,562,1,25,2,499.99,0.07,2025-11-24 02:06:42,mysql_database,23733.692816650004
1573,562,2,26,1,599.99,0.05,2025-11-24 02:06:42,mysql_database,28480.52631665
1574,563,1,6,2,469.99,0.1,2025-11-24 02:06:42,mysql_database,22309.642766650002
1575,563,2,19,1,449.0,0.05,2025-11-24 02:06:42,mysql_database,21313.282415
1576,563,3,13,2,269.99,0.1,2025-11-24 02:06:42,mysql_database,12815.97576665
1577,564,1,4,1,2899.99,0.2,2025-11-24 02:06:42,mysql_database,137657.69681665
1578,564,2,15,1,529.99,0.2,2025-11-24 02:06:42,mysql_database,25157.74286665
1579,565,1,18,1,449.0,0.2,2025-11-24 02:06:42,mysql_database,21313.282415
1580,565,2,25,2,499.99,0.1,2025-11-24 02:06:42,mysql_database,23733.692816650004
1581,565,3,9,1,2999.99,0.05,2025-11-24 02:06:42,mysql_database,142404.53031665
1582,565,4,17,1,429.0,0.1,2025-11-24 02:06:42,mysql_database,20363.915715000003
1583,566,1,24,2,549.99,0.07,2025-11-24 02:06:42,mysql_database,26107.10956665
1584,566,2,7,2,3999.99,0.2,2025-11-24 02:06:42,mysql_database,189872.86531665002
1585,566,3,8,1,1799.99,0.1,2025-11-24 02:06:42,mysql_database,85442.52831665
1586,566,4,21,2,269.99,0.2,2025-11-24 02:06:42,mysql_database,12815.97576665
1587,567,1,9,1,2999.99,0.2,2025-11-24 02:06:42,mysql_database,142404.53031665
1588,567,2,5,1,1320.99,0.07,2025-11-24 02:06:42,mysql_database,62705.19585165
1589,568,1,5,1,1320.99,0.05,2025-11-24 02:06:42,mysql_database,62705.19585165
1590,568,2,10,1,1549.0,0.05,2025-11-24 02:06:42,mysql_database,73528.45091500001
1591,569,1,16,1,599.99,0.05,2025-11-24 02:06:42,mysql_database,28480.52631665
1592,569,2,24,2,549.99,0.1,2025-11-24 02:06:42,mysql_database,26107.10956665
1593,570,1,18,1,449.0,0.07,2025-11-24 02:06:42,mysql_database,21313.282415
1594,570,2,24,2,549.99,0.1,2025-11-24 02:06:42,mysql_database,26107.10956665
1595,570,3,3,2,999.99,0.2,2025-11-24 02:06:42,mysql_database,47467.86031665
1596,570,4,11,1,1680.99,0.1,2025-11-24 02:06:42,mysql_database,79793.79645165
1597,570,5,16,1,599.99,0.05,2025-11-24 02:06:42,mysql_database,28480.52631665
1598,571,1,4,1,2899.99,0.05,2025-11-24 02:06:42,mysql_database,137657.69681665
1599,571,2,9,1,2999.99,0.1,2025-11-24 02:06:42,mysql_database,142404.53031665
1600,572,1,3,1,999.99,0.05,2025-11-24 02:06:42,mysql_database,47467.86031665
1601,572,2,13,2,269.99,0.1,2025-11-24 02:06:42,mysql_database,12815.97576665
1602,572,3,11,2,1680.99,0.2,2025-11-24 02:06:42,mysql_database,79793.79645165
1603,573,1,2,1,749.99,0.2,2025-11-24 02:06:42,mysql_database,35600.776566650005
1604,574,1,26,1,599.99,0.05,2025-11-24 02:06:42,mysql_database,28480.52631665
1605,574,2,13,2,269.99,0.1,2025-11-24 02:06:42,mysql_database,12815.97576665
1606,574,3,12,2,549.99,0.1,2025-11-24 02:06:42,mysql_database,26107.10956665
1607,574,4,23,2,299.99,0.1,2025-11-24 02:06:42,mysql_database,14240.02581665
1608,574,5,11,2,1680.99,0.05,2025-11-24 02:06:42,mysql_database,79793.79645165
1609,575,1,4,2,2899.99,0.07,2025-11-24 02:06:42,mysql_database,137657.69681665
1610,575,2,12,1,549.99,0.2,2025-11-24 02:06:42,mysql_database,26107.10956665
1611,576,1,9,1,2999.99,0.1,2025-11-24 02:06:42,mysql_database,142404.53031665
1612,577,1,3,2,999.99,0.2,2025-11-24 02:06:42,mysql_database,47467.86031665
1613,578,1,21,1,269.99,0.07,2025-11-24 02:06:42,mysql_database,12815.97576665
1614,578,2,25,2,499.99,0.2,2025-11-24 02:06:42,mysql_database,23733.692816650004
1615,578,3,18,2,449.0,0.05,2025-11-24 02:06:42,mysql_database,21313.282415
1616,578,4,8,2,1799.99,0.2,2025-11-24 02:06:42,mysql_database,85442.52831665
1617,579,1,7,2,3999.99,0.05,2025-11-24 02:06:42,mysql_database,189872.86531665002
1618,579,2,6,1,469.99,0.2,2025-11-24 02:06:42,mysql_database,22309.642766650002
1619,580,1,16,2,599.99,0.2,2025-11-24 02:06:42,mysql_database,28480.52631665
1620,580,2,15,1,529.99,0.07,2025-11-24 02:06:42,mysql_database,25157.74286665
1621,580,3,21,2,269.99,0.2,2025-11-24 02:06:42,mysql_database,12815.97576665
1622,580,4,9,2,2999.99,0.07,2025-11-24 02:06:42,mysql_database,142404.53031665
1623,580,5,19,1,449.0,0.2,2025-11-24 02:06:42,mysql_database,21313.282415
1624,581,1,8,2,1799.99,0.07,2025-11-24 02:06:42,mysql_database,85442.52831665
1625,582,1,10,2,1549.0,0.2,2025-11-24 02:06:42,mysql_database,73528.45091500001
1626,582,2,17,2,429.0,0.07,2025-11-24 02:06:42,mysql_database,20363.915715000003
1627,583,1,15,2,529.99,0.2,2025-11-24 02:06:42,mysql_database,25157.74286665
1628,584,1,19,1,449.0,0.07,2025-11-24 02:06:42,mysql_database,21313.282415
1629,584,2,23,1,299.99,0.07,2025-11-24 02:06:42,mysql_database,14240.02581665
1630,584,3,15,1,529.99,0.1,2025-11-24 02:06:42,mysql_database,25157.74286665
1631,584,4,22,1,269.99,0.05,2025-11-24 02:06:42,mysql_database,12815.97576665
1632,584,5,8,2,1799.99,0.07,2025-11-24 02:06:42,mysql_database,85442.52831665
1633,585,1,10,1,1549.0,0.2,2025-11-24 02:06:42,mysql_database,73528.45091500001
1634,585,2,18,2,449.0,0.2,2025-11-24 02:06:42,mysql_database,21313.282415
1635,585,3,15,1,529.99,0.05,2025-11-24 02:06:42,mysql_database,25157.74286665
1636,585,4,12,2,549.99,0.07,2025-11-24 02:06:42,mysql_database,26107.10956665
1637,586,1,11,2,1680.99,0.1,2025-11-24 02:06:42,mysql_database,79793.79645165
1638,586,2,23,2,299.99,0.2,2025-11-24 02:06:42,mysql_database,14240.02581665
1639,587,1,24,1,549.99,0.05,2025-11-24 02:06:42,mysql_database,26107.10956665
1640,587,2,23,1,299.99,0.05,2025-11-24 02:06:42,mysql_database,14240.02581665
1641,587,3,18,1,449.0,0.05,2025-11-24 02:06:42,mysql_database,21313.282415
1642,587,4,21,1,269.99,0.2,2025-11-24 02:06:42,mysql_database,12815.97576665
1643,588,1,10,2,1549.0,0.07,2025-11-24 02:06:42,mysql_database,73528.45091500001
1644,588,2,23,1,299.99,0.2,2025-11-24 02:06:42,mysql_database,14240.02581665
1645,589,1,15,2,529.99,0.05,2025-11-24 02:06:42,mysql_database,25157.74286665
1646,590,1,2,2,749.99,0.1,2025-11-24 02:06:42,mysql_database,35600.776566650005
1647,590,2,20,1,599.99,0.07,2025-11-24 02:06:42,mysql_database,28480.52631665
1648,590,3,8,2,1799.99,0.05,2025-11-24 02:06:42,mysql_database,85442.52831665
1649,590,4,5,2,1320.99,0.1,2025-11-24 02:06:42,mysql_database,62705.19585165
1650,590,5,24,1,549.99,0.1,2025-11-24 02:06:42,mysql_database,26107.10956665
1651,591,1,16,2,599.99,0.05,2025-11-24 02:06:42,mysql_database,28480.52631665
1652,591,2,25,2,499.99,0.05,2025-11-24 02:06:42,mysql_database,23733.692816650004
1653,591,3,2,2,749.99,0.1,2025-11-24 02:06:42,mysql_database,35600.776566650005
1654,592,1,21,2,269.99,0.1,2025-11-24 02:06:42,mysql_database,12815.97576665
1655,592,2,16,1,599.99,0.05,2025-11-24 02:06:42,mysql_database,28480.52631665
1656,592,3,18,2,449.0,0.07,2025-11-24 02:06:42,mysql_database,21313.282415
1657,593,1,3,2,999.99,0.1,2025-11-24 02:06:42,mysql_database,47467.86031665
1658,593,2,25,1,499.99,0.07,2025-11-24 02:06:42,mysql_database,23733.692816650004
1659,594,1,26,1,599.99,0.1,2025-11-24 02:06:42,mysql_database,28480.52631665
1660,594,2,21,2,269.99,0.05,2025-11-24 02:06:42,mysql_database,12815.97576665
1661,595,1,4,1,2899.99,0.07,2025-11-24 02:06:42,mysql_database,137657.69681665
1662,595,2,19,2,449.0,0.07,2025-11-24 02:06:42,mysql_database,21313.282415
1663,595,3,3,1,999.99,0.07,2025-11-24 02:06:42,mysql_database,47467.86031665
1664,595,4,10,1,1549.0,0.07,2025-11-24 02:06:42,mysql_database,73528.45091500001
1665,595,5,26,2,599.99,0.05,2025-11-24 02:06:42,mysql_database,28480.52631665
1666,596,1,5,1,1320.99,0.05,2025-11-24 02:06:42,mysql_database,62705.19585165
1667,596,2,23,2,299.99,0.1,2025-11-24 02:06:42,mysql_database,14240.02581665
1668,596,3,9,1,2999.99,0.05,2025-11-24 02:06:42,mysql_database,142404.53031665
1669,597,1,17,2,429.0,0.2,2025-11-24 02:06:42,mysql_database,20363.915715000003
1670,597,2,8,1,1799.99,0.07,2025-11-24 02:06:42,mysql_database,85442.52831665
1671,598,1,4,2,2899.99,0.05,2025-11-24 02:06:42,mysql_database,137657.69681665
1672,598,2,16,2,599.99,0.07,2025-11-24 02:06:42,mysql_database,28480.52631665
1673,598,3,14,1,269.99,0.1,2025-11-24 02:06:42,mysql_database,12815.97576665
1674,599,1,9,2,2999.99,0.05,2025-11-24 02:06:42,mysql_database,142404.53031665
1675,599,2,22,2,269.99,0.2,2025-11-24 02:06:42,mysql_database,12815.97576665
1676,599,3,23,1,299.99,0.07,2025-11-24 02:06:42,mysql_database,14240.02581665
1677,599,4,10,2,1549.0,0.1,2025-11-24 02:06:42,mysql_database,73528.45091500001
1678,600,1,26,2,599.99,0.07,2025-11-24 02:06:42,mysql_database,28480.52631665
1679,600,2,4,1,2899.99,0.2,2025-11-24 02:06:42,mysql_database,137657.69681665
1680,600,3,18,2,449.0,0.07,2025-11-24 02:06:42,mysql_database,21313.282415
1681,601,1,12,2,549.99,0.2,2025-11-24 02:06:42,mysql_database,26107.10956665
1682,602,1,15,2,529.99,0.05,2025-11-24 02:06:42,mysql_database,25157.74286665
1683,602,2,5,2,1320.99,0.07,2025-11-24 02:06:42,mysql_database,62705.19585165
1684,603,1,12,1,549.99,0.07,2025-11-24 02:06:42,mysql_database,26107.10956665
1685,603,2,4,1,2899.99,0.1,2025-11-24 02:06:42,mysql_database,137657.69681665
1686,604,1,10,2,1549.0,0.07,2025-11-24 02:06:42,mysql_database,73528.45091500001
1687,604,2,9,2,2999.99,0.2,2025-11-24 02:06:42,mysql_database,142404.53031665
1688,605,1,19,1,449.0,0.07,2025-11-24 02:06:42,mysql_database,21313.282415
1689,605,2,25,2,499.99,0.05,2025-11-24 02:06:42,mysql_database,23733.692816650004
1690,605,3,13,2,269.99,0.2,2025-11-24 02:06:42,mysql_database,12815.97576665
1691,605,4,11,1,1680.99,0.2,2025-11-24 02:06:42,mysql_database,79793.79645165
1692,606,1,6,2,469.99,0.2,2025-11-24 02:06:42,mysql_database,22309.642766650002
1693,606,2,18,2,449.0,0.05,2025-11-24 02:06:42,mysql_database,21313.282415
1694,607,1,11,2,1680.99,0.2,2025-11-24 02:06:42,mysql_database,79793.79645165
1695,607,2,26,2,599.99,0.2,2025-11-24 02:06:42,mysql_database,28480.52631665
1696,607,3,14,1,269.99,0.07,2025-11-24 02:06:42,mysql_database,12815.97576665
1697,608,1,4,2,2899.99,0.2,2025-11-24 02:06:42,mysql_database,137657.69681665
1698,608,2,7,2,3999.99,0.1,2025-11-24 02:06:42,mysql_database,189872.86531665002
1699,608,3,24,1,549.99,0.1,2025-11-24 02:06:42,mysql_database,26107.10956665
1700,609,1,10,1,1549.0,0.07,2025-11-24 02:06:42,mysql_database,73528.45091500001
1701,609,2,7,1,3999.99,0.1,2025-11-24 02:06:42,mysql_database,189872.86531665002
1702,609,3,22,2,269.99,0.1,2025-11-24 02:06:42,mysql_database,12815.97576665
1703,609,4,5,1,1320.99,0.1,2025-11-24 02:06:42,mysql_database,62705.19585165
1704,610,1,26,1,599.99,0.1,2025-11-24 02:06:42,mysql_database,28480.52631665
1705,610,2,24,1,549.99,0.07,2025-11-24 02:06:42,mysql_database,26107.10956665
1706,610,3,18,2,449.0,0.07,2025-11-24 02:06:42,mysql_database,21313.282415
1707,610,4,3,1,999.99,0.07,2025-11-24 02:06:42,mysql_database,47467.86031665
1708,610,5,8,1,1799.99,0.1,2025-11-24 02:06:42,mysql_database,85442.52831665
1709,611,1,16,2,599.99,0.07,2025-11-24 02:06:42,mysql_database,28480.52631665
1710,612,1,13,1,269.99,0.1,2025-11-24 02:06:42,mysql_database,12815.97576665
1711,612,2,14,1,269.99,0.1,2025-11-24 02:06:42,mysql_database,12815.97576665
1712,612,3,17,1,429.0,0.07,2025-11-24 02:06:42,mysql_database,20363.915715000003
1713,612,4,20,1,599.99,0.2,2025-11-24 02:06:42,mysql_database,28480.52631665
1714,613,1,9,2,2999.99,0.1,2025-11-24 02:06:42,mysql_database,142404.53031665
1715,613,2,18,2,449.0,0.05,2025-11-24 02:06:42,mysql_database,21313.282415
1716,613,3,12,1,549.99,0.07,2025-11-24 02:06:42,mysql_database,26107.10956665
1717,614,1,18,1,449.0,0.1,2025-11-24 02:06:42,mysql_database,21313.282415
1718,614,2,21,1,269.99,0.05,2025-11-24 02:06:42,mysql_database,12815.97576665
1719,615,1,11,1,1680.99,0.07,2025-11-24 02:06:42,mysql_database,79793.79645165
1720,615,2,23,1,299.99,0.05,2025-11-24 02:06:42,mysql_database,14240.02581665
1721,615,3,6,2,469.99,0.1,2025-11-24 02:06:42,mysql_database,22309.642766650002
1722,615,4,19,2,449.0,0.1,2025-11-24 02:06:42,mysql_database,21313.282415
1723,616,1,24,1,549.99,0.2,2025-11-24 02:06:42,mysql_database,26107.10956665
1724,616,2,16,2,599.99,0.2,2025-11-24 02:06:42,mysql_database,28480.52631665
1725,617,1,15,2,529.99,0.2,2025-11-24 02:06:42,mysql_database,25157.74286665
1726,617,2,11,2,1680.99,0.07,2025-11-24 02:06:42,mysql_database,79793.79645165
1727,618,1,17,2,429.0,0.1,2025-11-24 02:06:42,mysql_database,20363.915715000003
1728,618,2,11,1,1680.99,0.07,2025-11-24 02:06:42,mysql_database,79793.79645165
1729,619,1,25,1,499.99,0.07,2025-11-24 02:06:42,mysql_database,23733.692816650004
1730,620,1,5,2,1320.99,0.2,2025-11-24 02:06:42,mysql_database,62705.19585165
1731,621,1,17,2,429.0,0.07,2025-11-24 02:06:42,mysql_database,20363.915715000003
1732,622,1,9,2,2999.99,0.07,2025-11-24 02:06:42,mysql_database,142404.53031665
1733,622,2,18,1,449.0,0.1,2025-11-24 02:06:42,mysql_database,21313.282415
1734,622,3,10,1,1549.0,0.2,2025-11-24 02:06:42,mysql_database,73528.45091500001
1735,622,4,25,1,499.99,0.07,2025-11-24 02:06:42,mysql_database,23733.692816650004
1736,623,1,8,1,1799.99,0.07,2025-11-24 02:06:42,mysql_database,85442.52831665
1737,624,1,21,2,269.99,0.05,2025-11-24 02:06:42,mysql_database,12815.97576665
1738,624,2,16,1,599.99,0.07,2025-11-24 02:06:42,mysql_database,28480.52631665
1739,624,3,22,1,269.99,0.07,2025-11-24 02:06:42,mysql_database,12815.97576665
1740,624,4,14,2,269.99,0.2,2025-11-24 02:06:42,mysql_database,12815.97576665
1741,625,1,17,1,429.0,0.07,2025-11-24 02:06:42,mysql_database,20363.915715000003
1742,625,2,11,2,1680.99,0.2,2025-11-24 02:06:42,mysql_database,79793.79645165
1743,625,3,26,1,599.99,0.07,2025-11-24 02:06:42,mysql_database,28480.52631665
1744,625,4,23,2,299.99,0.1,2025-11-24 02:06:42,mysql_database,14240.02581665
1745,626,1,15,1,529.99,0.2,2025-11-24 02:06:42,mysql_database,25157.74286665
1746,627,1,19,1,449.0,0.07,2025-11-24 02:06:42,mysql_database,21313.282415
1747,627,2,9,2,2999.99,0.2,2025-11-24 02:06:42,mysql_database,142404.53031665
1748,627,3,26,1,599.99,0.07,2025-11-24 02:06:42,mysql_database,28480.52631665
1749,628,1,15,2,529.99,0.1,2025-11-24 02:06:42,mysql_database,25157.74286665
1750,629,1,19,1,449.0,0.05,2025-11-24 02:06:42,mysql_database,21313.282415
1751,629,2,5,2,1320.99,0.05,2025-11-24 02:06:42,mysql_database,62705.19585165
1752,629,3,23,2,299.99,0.1,2025-11-24 02:06:42,mysql_database,14240.02581665
1753,629,4,14,2,269.99,0.05,2025-11-24 02:06:42,mysql_database,12815.97576665
1754,629,5,6,2,469.99,0.1,2025-11-24 02:06:42,mysql_database,22309.642766650002
1755,630,1,5,1,1320.99,0.05,2025-11-24 02:06:42,mysql_database,62705.19585165
1756,630,2,25,1,499.99,0.1,2025-11-24 02:06:42,mysql_database,23733.692816650004
1757,630,3,18,2,449.0,0.1,2025-11-24 02:06:42,mysql_database,21313.282415
1758,630,4,21,2,269.99,0.07,2025-11-24 02:06:42,mysql_database,12815.97576665
1759,631,1,24,2,549.99,0.07,2025-11-24 02:06:42,mysql_database,26107.10956665
1760,631,2,15,2,529.99,0.07,2025-11-24 02:06:42,mysql_database,25157.74286665
1761,632,1,25,1,499.99,0.2,2025-11-24 02:06:42,mysql_database,23733.692816650004
1762,632,2,11,2,1680.99,0.1,2025-11-24 02:06:42,mysql_database,79793.79645165
1763,632,3,15,1,529.99,0.07,2025-11-24 02:06:42,mysql_database,25157.74286665
1764,632,4,6,1,469.99,0.05,2025-11-24 02:06:42,mysql_database,22309.642766650002
1765,632,5,22,2,269.99,0.1,2025-11-24 02:06:42,mysql_database,12815.97576665
1766,633,1,12,2,549.99,0.05,2025-11-24 02:06:42,mysql_database,26107.10956665
1767,633,2,13,2,269.99,0.2,2025-11-24 02:06:42,mysql_database,12815.97576665
1768,633,3,5,2,1320.99,0.2,2025-11-24 02:06:42,mysql_database,62705.19585165
1769,633,4,10,2,1549.0,0.2,2025-11-24 02:06:42,mysql_database,73528.45091500001
1770,634,1,4,2,2899.99,0.05,2025-11-24 02:06:42,mysql_database,137657.69681665
1771,634,2,12,1,549.99,0.1,2025-11-24 02:06:42,mysql_database,26107.10956665
1772,635,1,4,1,2899.99,0.05,2025-11-24 02:06:42,mysql_database,137657.69681665
1773,636,1,85,2,329.99,0.2,2025-11-24 02:06:42,mysql_database,15664.075866650002
1774,637,1,9,1,2999.99,0.1,2025-11-24 02:06:42,mysql_database,142404.53031665
1775,637,2,106,2,449.99,0.1,2025-11-24 02:06:42,mysql_database,21360.276066650003
1776,638,1,103,1,551.99,0.05,2025-11-24 02:06:42,mysql_database,26202.046236650003
1777,638,2,56,1,5499.99,0.2,2025-11-24 02:06:42,mysql_database,261075.36781665002
1778,638,3,53,2,749.99,0.05,2025-11-24 02:06:42,mysql_database,35600.776566650005
1779,639,1,15,1,529.99,0.07,2025-11-24 02:06:42,mysql_database,25157.74286665
1780,639,2,73,1,749.99,0.05,2025-11-24 02:06:42,mysql_database,35600.776566650005
1781,639,3,72,1,619.99,0.05,2025-11-24 02:06:42,mysql_database,29429.893016650003
1782,639,4,61,2,4999.99,0.1,2025-11-24 02:06:42,mysql_database,237341.20031665
1783,640,1,106,2,449.99,0.05,2025-11-24 02:06:42,mysql_database,21360.276066650003
1784,640,2,32,1,469.99,0.07,2025-11-24 02:06:42,mysql_database,22309.642766650002
1785,640,3,30,1,999.99,0.07,2025-11-24 02:06:42,mysql_database,47467.86031665
1786,640,4,76,2,299.99,0.07,2025-11-24 02:06:42,mysql_database,14240.02581665
1787,640,5,109,2,416.99,0.2,2025-11-24 02:06:42,mysql_database,19793.82101165
1788,641,1,15,1,529.99,0.05,2025-11-24 02:06:42,mysql_database,25157.74286665
1789,641,2,62,1,3499.99,0.2,2025-11-24 02:06:42,mysql_database,166138.69781665
1790,641,3,64,1,489.99,0.2,2025-11-24 02:06:42,mysql_database,23259.00946665
1791,642,1,68,2,449.99,0.07,2025-11-24 02:06:42,mysql_database,21360.276066650003
1792,643,1,53,1,749.99,0.05,2025-11-24 02:06:42,mysql_database,35600.776566650005
1793,644,1,9,1,2999.99,0.07,2025-11-24 02:06:42,mysql_database,142404.53031665
1794,645,1,99,1,299.99,0.07,2025-11-24 02:06:42,mysql_database,14240.02581665
1795,645,2,42,2,2299.99,0.05,2025-11-24 02:06:42,mysql_database,109176.69581665
1796,645,3,6,1,469.99,0.05,2025-11-24 02:06:42,mysql_database,22309.642766650002
1797,645,4,47,2,5299.99,0.07,2025-11-24 02:06:42,mysql_database,251581.70081665
1798,645,5,21,2,269.99,0.07,2025-11-24 02:06:42,mysql_database,12815.97576665
1799,646,1,15,2,529.99,0.2,2025-11-24 02:06:42,mysql_database,25157.74286665
1800,646,2,4,1,2899.99,0.07,2025-11-24 02:06:42,mysql_database,137657.69681665
1801,646,3,95,1,299.99,0.05,2025-11-24 02:06:42,mysql_database,14240.02581665
1802,646,4,12,1,549.99,0.2,2025-11-24 02:06:42,mysql_database,26107.10956665
1803,647,1,25,2,499.99,0.07,2025-11-24 02:06:42,mysql_database,23733.692816650004
1804,647,2,13,1,269.99,0.1,2025-11-24 02:06:42,mysql_database,12815.97576665
1805,648,1,24,1,549.99,0.07,2025-11-24 02:06:42,mysql_database,26107.10956665
1806,649,1,97,2,349.99,0.1,2025-11-24 02:06:42,mysql_database,16613.442566650003
1807,649,2,90,1,209.99,0.07,2025-11-24 02:06:42,mysql_database,9967.875666650001
1808,649,3,11,2,1680.99,0.1,2025-11-24 02:06:42,mysql_database,79793.79645165
1809,649,4,78,1,647.99,0.05,2025-11-24 02:06:42,mysql_database,30759.006396650002
1810,650,1,3,1,999.99,0.2,2025-11-24 02:06:42,mysql_database,47467.86031665
1811,651,1,79,1,402.99,0.1,2025-11-24 02:06:42,mysql_database,19129.26432165
1812,651,2,85,1,329.99,0.05,2025-11-24 02:06:42,mysql_database,15664.075866650002
1813,651,3,102,2,489.99,0.05,2025-11-24 02:06:42,mysql_database,23259.00946665
1814,651,4,94,2,249.99,0.05,2025-11-24 02:06:42,mysql_database,11866.60906665
1815,652,1,102,1,489.99,0.1,2025-11-24 02:06:42,mysql_database,23259.00946665
1816,652,2,62,2,3499.99,0.2,2025-11-24 02:06:42,mysql_database,166138.69781665
1817,652,3,67,2,250.99,0.2,2025-11-24 02:06:42,mysql_database,11914.077401650002
1818,652,4,23,1,299.99,0.1,2025-11-24 02:06:42,mysql_database,14240.02581665
1819,652,5,74,1,439.99,0.05,2025-11-24 02:06:42,mysql_database,20885.59271665
1820,653,1,6,1,469.99,0.07,2025-11-24 02:06:42,mysql_database,22309.642766650002
1821,653,2,43,1,5299.99,0.1,2025-11-24 02:06:42,mysql_database,251581.70081665
1822,653,3,2,2,749.99,0.1,2025-11-24 02:06:42,mysql_database,35600.776566650005
1823,653,4,80,1,761.99,0.2,2025-11-24 02:06:42,mysql_database,36170.39658665
1824,653,5,88,2,189.99,0.07,2025-11-24 02:06:42,mysql_database,9018.50896665
1825,654,1,9,1,2999.99,0.1,2025-11-24 02:06:42,mysql_database,142404.53031665
1826,654,2,95,1,299.99,0.1,2025-11-24 02:06:42,mysql_database,14240.02581665
1827,654,3,110,2,470.99,0.07,2025-11-24 02:06:42,mysql_database,22357.111101650004
1828,654,4,97,2,349.99,0.07,2025-11-24 02:06:42,mysql_database,16613.442566650003
1829,655,1,67,1,250.99,0.1,2025-11-24 02:06:42,mysql_database,11914.077401650002
1830,656,1,83,1,149.99,0.1,2025-11-24 02:06:42,mysql_database,7119.775566650001
1831,656,2,22,1,269.99,0.07,2025-11-24 02:06:42,mysql_database,12815.97576665
1832,656,3,33,2,469.99,0.05,2025-11-24 02:06:42,mysql_database,22309.642766650002
1833,657,1,52,1,875.99,0.05,2025-11-24 02:06:42,mysql_database,41581.786776650006
1834,657,2,54,2,3199.99,0.05,2025-11-24 02:06:42,mysql_database,151898.19731665
1835,658,1,49,2,3499.99,0.2,2025-11-24 02:06:42,mysql_database,166138.69781665
1836,658,2,29,1,999.99,0.05,2025-11-24 02:06:42,mysql_database,47467.86031665
1837,658,3,9,1,2999.99,0.05,2025-11-24 02:06:42,mysql_database,142404.53031665
1838,659,1,42,2,2299.99,0.05,2025-11-24 02:06:42,mysql_database,109176.69581665
1839,659,2,39,2,1499.99,0.07,2025-11-24 02:06:42,mysql_database,71202.02781665
1840,659,3,70,1,659.99,0.05,2025-11-24 02:06:42,mysql_database,31328.626416650004
1841,659,4,61,2,4999.99,0.07,2025-11-24 02:06:42,mysql_database,237341.20031665
1842,660,1,30,1,999.99,0.2,2025-11-24 02:06:42,mysql_database,47467.86031665
1843,660,2,59,2,2599.99,0.07,2025-11-24 02:06:42,mysql_database,123417.19631664999
1844,660,3,47,2,5299.99,0.05,2025-11-24 02:06:42,mysql_database,251581.70081665
1845,660,4,29,2,999.99,0.2,2025-11-24 02:06:42,mysql_database,47467.86031665
1846,661,1,63,2,3499.99,0.07,2025-11-24 02:06:42,mysql_database,166138.69781665
1847,661,2,22,2,269.99,0.05,2025-11-24 02:06:42,mysql_database,12815.97576665
1848,662,1,55,2,2699.99,0.1,2025-11-24 02:06:42,mysql_database,128164.02981665
1849,662,2,95,2,299.99,0.2,2025-11-24 02:06:42,mysql_database,14240.02581665
1850,662,3,102,2,489.99,0.07,2025-11-24 02:06:42,mysql_database,23259.00946665
1851,662,4,22,1,269.99,0.07,2025-11-24 02:06:42,mysql_database,12815.97576665
1852,662,5,106,2,449.99,0.07,2025-11-24 02:06:42,mysql_database,21360.276066650003
1853,663,1,41,2,1469.99,0.05,2025-11-24 02:06:42,mysql_database,69777.97776665
1854,663,2,17,2,429.0,0.2,2025-11-24 02:06:42,mysql_database,20363.915715000003
1855,663,3,94,1,249.99,0.05,2025-11-24 02:06:42,mysql_database,11866.60906665
1856,663,4,71,1,416.99,0.07,2025-11-24 02:06:42,mysql_database,19793.82101165
1857,663,5,106,1,449.99,0.2,2025-11-24 02:06:42,mysql_database,21360.276066650003
1858,664,1,52,2,875.99,0.07,2025-11-24 02:06:42,mysql_database,41581.786776650006
1859,664,2,5,1,1320.99,0.07,2025-11-24 02:06:42,mysql_database,62705.19585165
1860,664,3,50,1,5999.99,0.2,2025-11-24 02:06:42,mysql_database,284809.53531665
1861,664,4,101,2,339.99,0.2,2025-11-24 02:06:42,mysql_database,16138.759216650002
1862,664,5,47,1,5299.99,0.07,2025-11-24 02:06:42,mysql_database,251581.70081665
1863,665,1,58,1,4999.99,0.07,2025-11-24 02:06:42,mysql_database,237341.20031665
1864,665,2,42,2,2299.99,0.2,2025-11-24 02:06:42,mysql_database,109176.69581665
1865,665,3,25,2,499.99,0.05,2025-11-24 02:06:42,mysql_database,23733.692816650004
1866,666,1,98,2,489.99,0.2,2025-11-24 02:06:42,mysql_database,23259.00946665
1867,666,2,39,1,1499.99,0.05,2025-11-24 02:06:42,mysql_database,71202.02781665
1868,667,1,79,1,402.99,0.2,2025-11-24 02:06:42,mysql_database,19129.26432165
1869,667,2,84,1,109.99,0.1,2025-11-24 02:06:42,mysql_database,5221.04216665
1870,667,3,3,1,999.99,0.2,2025-11-24 02:06:42,mysql_database,47467.86031665
1871,667,4,99,1,299.99,0.1,2025-11-24 02:06:42,mysql_database,14240.02581665
1872,667,5,85,1,329.99,0.05,2025-11-24 02:06:42,mysql_database,15664.075866650002
1873,668,1,48,2,1499.99,0.05,2025-11-24 02:06:42,mysql_database,71202.02781665
1874,668,2,19,2,449.0,0.1,2025-11-24 02:06:42,mysql_database,21313.282415
1875,669,1,16,2,599.99,0.07,2025-11-24 02:06:42,mysql_database,28480.52631665
1876,669,2,72,1,619.99,0.07,2025-11-24 02:06:42,mysql_database,29429.893016650003
1877,670,1,108,1,449.99,0.1,2025-11-24 02:06:42,mysql_database,21360.276066650003
1878,670,2,28,1,2499.99,0.07,2025-11-24 02:06:42,mysql_database,118670.36281665
1879,670,3,104,2,481.99,0.2,2025-11-24 02:06:42,mysql_database,22879.26278665
1880,670,4,45,2,869.99,0.05,2025-11-24 02:06:42,mysql_database,41296.976766650005
1881,671,1,30,1,999.99,0.05,2025-11-24 02:06:42,mysql_database,47467.86031665
1882,671,2,69,1,416.99,0.05,2025-11-24 02:06:42,mysql_database,19793.82101165
1883,671,3,55,1,2699.99,0.2,2025-11-24 02:06:42,mysql_database,128164.02981665
1884,671,4,4,1,2899.99,0.07,2025-11-24 02:06:42,mysql_database,137657.69681665
1885,671,5,109,2,416.99,0.07,2025-11-24 02:06:42,mysql_database,19793.82101165
1886,672,1,51,2,6499.99,0.07,2025-11-24 02:06:42,mysql_database,308543.70281665004
1887,672,2,96,2,349.99,0.2,2025-11-24 02:06:42,mysql_database,16613.442566650003
1888,672,3,48,2,1499.99,0.07,2025-11-24 02:06:42,mysql_database,71202.02781665
1889,673,1,66,1,250.99,0.2,2025-11-24 02:06:42,mysql_database,11914.077401650002
1890,673,2,38,1,549.99,0.2,2025-11-24 02:06:42,mysql_database,26107.10956665
1891,673,3,5,1,1320.99,0.07,2025-11-24 02:06:42,mysql_database,62705.19585165
1892,673,4,13,1,269.99,0.1,2025-11-24 02:06:42,mysql_database,12815.97576665
1893,674,1,26,2,599.99,0.2,2025-11-24 02:06:42,mysql_database,28480.52631665
1894,675,1,17,1,429.0,0.05,2025-11-24 02:06:42,mysql_database,20363.915715000003
1895,675,2,89,2,209.99,0.05,2025-11-24 02:06:42,mysql_database,9967.875666650001
1896,675,3,19,1,449.0,0.07,2025-11-24 02:06:42,mysql_database,21313.282415
1897,675,4,32,1,469.99,0.2,2025-11-24 02:06:42,mysql_database,22309.642766650002
1898,676,1,70,1,659.99,0.2,2025-11-24 02:06:42,mysql_database,31328.626416650004
1899,676,2,104,2,481.99,0.07,2025-11-24 02:06:42,mysql_database,22879.26278665
1900,676,3,24,1,549.99,0.1,2025-11-24 02:06:42,mysql_database,26107.10956665
1901,676,4,29,1,999.99,0.2,2025-11-24 02:06:42,mysql_database,47467.86031665
1902,677,1,75,1,599.99,0.07,2025-11-24 02:06:42,mysql_database,28480.52631665
1903,677,2,7,2,3999.99,0.07,2025-11-24 02:06:42,mysql_database,189872.86531665002
1904,677,3,105,2,533.99,0.07,2025-11-24 02:06:42,mysql_database,25347.616206650004
1905,677,4,91,2,349.99,0.05,2025-11-24 02:06:42,mysql_database,16613.442566650003
1906,677,5,54,2,3199.99,0.1,2025-11-24 02:06:42,mysql_database,151898.19731665
1907,678,1,52,2,875.99,0.05,2025-11-24 02:06:42,mysql_database,41581.786776650006
1908,678,2,37,2,379.99,0.07,2025-11-24 02:06:42,mysql_database,18037.49261665
1909,679,1,15,2,529.99,0.2,2025-11-24 02:06:42,mysql_database,25157.74286665
1910,679,2,83,2,149.99,0.05,2025-11-24 02:06:42,mysql_database,7119.775566650001
1911,680,1,81,2,1099.99,0.05,2025-11-24 02:06:42,mysql_database,52214.693816650004
1912,680,2,7,1,3999.99,0.2,2025-11-24 02:06:42,mysql_database,189872.86531665002
1913,680,3,50,1,5999.99,0.07,2025-11-24 02:06:42,mysql_database,284809.53531665
1914,681,1,82,1,659.99,0.05,2025-11-24 02:06:42,mysql_database,31328.626416650004
1915,681,2,63,1,3499.99,0.07,2025-11-24 02:06:42,mysql_database,166138.69781665
1916,681,3,61,1,4999.99,0.2,2025-11-24 02:06:42,mysql_database,237341.20031665
1917,681,4,6,2,469.99,0.05,2025-11-24 02:06:42,mysql_database,22309.642766650002
1918,681,5,30,1,999.99,0.07,2025-11-24 02:06:42,mysql_database,47467.86031665
1919,682,1,39,1,1499.99,0.2,2025-11-24 02:06:42,mysql_database,71202.02781665
1920,682,2,60,2,1559.99,0.2,2025-11-24 02:06:42,mysql_database,74050.12791665
1921,682,3,99,1,299.99,0.2,2025-11-24 02:06:42,mysql_database,14240.02581665
1922,683,1,2,2,749.99,0.1,2025-11-24 02:06:42,mysql_database,35600.776566650005
1923,684,1,56,1,5499.99,0.07,2025-11-24 02:06:42,mysql_database,261075.36781665002
1924,684,2,33,1,469.99,0.1,2025-11-24 02:06:42,mysql_database,22309.642766650002
1925,685,1,59,1,2599.99,0.05,2025-11-24 02:06:42,mysql_database,123417.19631664999
1926,685,2,48,2,1499.99,0.05,2025-11-24 02:06:42,mysql_database,71202.02781665
1927,685,3,107,1,416.99,0.05,2025-11-24 02:06:42,mysql_database,19793.82101165
1928,685,4,98,2,489.99,0.2,2025-11-24 02:06:42,mysql_database,23259.00946665
1929,685,5,56,2,5499.99,0.05,2025-11-24 02:06:42,mysql_database,261075.36781665002
1930,686,1,16,1,599.99,0.2,2025-11-24 02:06:42,mysql_database,28480.52631665
1931,686,2,30,1,999.99,0.1,2025-11-24 02:06:42,mysql_database,47467.86031665
1932,686,3,88,2,189.99,0.2,2025-11-24 02:06:42,mysql_database,9018.50896665
1933,686,4,19,2,449.0,0.2,2025-11-24 02:06:42,mysql_database,21313.282415
1934,686,5,104,1,481.99,0.2,2025-11-24 02:06:42,mysql_database,22879.26278665
1935,687,1,48,2,1499.99,0.05,2025-11-24 02:06:42,mysql_database,71202.02781665
1936,687,2,95,1,299.99,0.07,2025-11-24 02:06:42,mysql_database,14240.02581665
1937,687,3,5,2,1320.99,0.2,2025-11-24 02:06:42,mysql_database,62705.19585165
1938,687,4,83,1,149.99,0.07,2025-11-24 02:06:42,mysql_database,7119.775566650001
1939,688,1,8,1,1799.99,0.1,2025-11-24 02:06:42,mysql_database,85442.52831665
1940,688,2,88,1,189.99,0.05,2025-11-24 02:06:42,mysql_database,9018.50896665
1941,689,1,33,2,469.99,0.1,2025-11-24 02:06:42,mysql_database,22309.642766650002
1942,690,1,84,1,109.99,0.2,2025-11-24 02:06:42,mysql_database,5221.04216665
1943,690,2,11,2,1680.99,0.07,2025-11-24 02:06:42,mysql_database,79793.79645165
1944,690,3,85,1,329.99,0.05,2025-11-24 02:06:42,mysql_database,15664.075866650002
1945,690,4,109,2,416.99,0.2,2025-11-24 02:06:42,mysql_database,19793.82101165
1946,691,1,23,2,299.99,0.05,2025-11-24 02:06:42,mysql_database,14240.02581665
1947,691,2,5,2,1320.99,0.1,2025-11-24 02:06:42,mysql_database,62705.19585165
1948,691,3,55,2,2699.99,0.2,2025-11-24 02:06:42,mysql_database,128164.02981665
1949,691,4,20,1,599.99,0.2,2025-11-24 02:06:42,mysql_database,28480.52631665
1950,692,1,59,1,2599.99,0.2,2025-11-24 02:06:42,mysql_database,123417.19631664999
1951,692,2,75,1,599.99,0.07,2025-11-24 02:06:42,mysql_database,28480.52631665
1952,692,3,15,2,529.99,0.07,2025-11-24 02:06:42,mysql_database,25157.74286665
1953,692,4,56,2,5499.99,0.1,2025-11-24 02:06:42,mysql_database,261075.36781665002
1954,693,1,104,2,481.99,0.2,2025-11-24 02:06:42,mysql_database,22879.26278665
1955,693,2,13,1,269.99,0.2,2025-11-24 02:06:42,mysql_database,12815.97576665
1956,693,3,5,2,1320.99,0.05,2025-11-24 02:06:42,mysql_database,62705.19585165
1957,693,4,31,1,1632.99,0.07,2025-11-24 02:06:42,mysql_database,77515.31637165001
1958,694,1,48,1,1499.99,0.2,2025-11-24 02:06:42,mysql_database,71202.02781665
1959,694,2,39,1,1499.99,0.05,2025-11-24 02:06:42,mysql_database,71202.02781665
1960,694,3,55,2,2699.99,0.1,2025-11-24 02:06:42,mysql_database,128164.02981665
1961,694,4,103,2,551.99,0.2,2025-11-24 02:06:42,mysql_database,26202.046236650003
1962,694,5,45,2,869.99,0.1,2025-11-24 02:06:42,mysql_database,41296.976766650005
1963,695,1,82,2,659.99,0.1,2025-11-24 02:06:42,mysql_database,31328.626416650004
1964,695,2,57,2,1999.99,0.2,2025-11-24 02:06:42,mysql_database,94936.19531665
1965,696,1,88,2,189.99,0.07,2025-11-24 02:06:42,mysql_database,9018.50896665
1966,696,2,7,1,3999.99,0.1,2025-11-24 02:06:42,mysql_database,189872.86531665002
1967,696,3,45,1,869.99,0.07,2025-11-24 02:06:42,mysql_database,41296.976766650005
1968,697,1,5,2,1320.99,0.05,2025-11-24 02:06:42,mysql_database,62705.19585165
1969,698,1,96,1,349.99,0.07,2025-11-24 02:06:42,mysql_database,16613.442566650003
1970,698,2,12,1,549.99,0.07,2025-11-24 02:06:42,mysql_database,26107.10956665
1971,698,3,40,2,4999.99,0.05,2025-11-24 02:06:42,mysql_database,237341.20031665
1972,699,1,106,2,449.99,0.1,2025-11-24 02:06:42,mysql_database,21360.276066650003
1973,699,2,48,1,1499.99,0.07,2025-11-24 02:06:42,mysql_database,71202.02781665
1974,699,3,31,1,1632.99,0.2,2025-11-24 02:06:42,mysql_database,77515.31637165001
1975,699,4,24,2,549.99,0.1,2025-11-24 02:06:42,mysql_database,26107.10956665
1976,699,5,82,2,659.99,0.2,2025-11-24 02:06:42,mysql_database,31328.626416650004
1977,700,1,7,2,3999.99,0.05,2025-11-24 02:06:42,mysql_database,189872.86531665002
1978,700,2,63,1,3499.99,0.2,2025-11-24 02:06:42,mysql_database,166138.69781665
1979,701,1,84,1,109.99,0.05,2025-11-24 02:06:42,mysql_database,5221.04216665
1980,702,1,25,2,499.99,0.05,2025-11-24 02:06:42,mysql_database,23733.692816650004
1981,702,2,104,1,481.99,0.1,2025-11-24 02:06:42,mysql_database,22879.26278665
1982,702,3,3,2,999.99,0.07,2025-11-24 02:06:42,mysql_database,47467.86031665
1983,703,1,45,2,869.99,0.2,2025-11-24 02:06:42,mysql_database,41296.976766650005
1984,703,2,66,2,250.99,0.05,2025-11-24 02:06:42,mysql_database,11914.077401650002
1985,703,3,72,1,619.99,0.2,2025-11-24 02:06:42,mysql_database,29429.893016650003
1986,703,4,4,2,2899.99,0.2,2025-11-24 02:06:42,mysql_database,137657.69681665
1987,704,1,10,2,1549.0,0.05,2025-11-24 02:06:42,mysql_database,73528.45091500001
1988,704,2,62,1,3499.99,0.2,2025-11-24 02:06:42,mysql_database,166138.69781665
1989,704,3,100,2,489.99,0.07,2025-11-24 02:06:42,mysql_database,23259.00946665
1990,705,1,61,1,4999.99,0.1,2025-11-24 02:06:42,mysql_database,237341.20031665
1991,706,1,27,1,999.99,0.1,2025-11-24 02:06:42,mysql_database,47467.86031665
1992,706,2,23,2,299.99,0.05,2025-11-24 02:06:42,mysql_database,14240.02581665
1993,706,3,60,1,1559.99,0.2,2025-11-24 02:06:42,mysql_database,74050.12791665
1994,707,1,106,2,449.99,0.05,2025-11-24 02:06:42,mysql_database,21360.276066650003
1995,707,2,100,1,489.99,0.07,2025-11-24 02:06:42,mysql_database,23259.00946665
1996,707,3,11,2,1680.99,0.1,2025-11-24 02:06:42,mysql_database,79793.79645165
1997,707,4,26,2,599.99,0.1,2025-11-24 02:06:42,mysql_database,28480.52631665
1998,708,1,6,1,469.99,0.07,2025-11-24 02:06:42,mysql_database,22309.642766650002
1999,708,2,47,1,5299.99,0.1,2025-11-24 02:06:42,mysql_database,251581.70081665
2000,708,3,34,2,469.99,0.2,2025-11-24 02:06:42,mysql_database,22309.642766650002
2001,709,1,55,2,2699.99,0.05,2025-11-24 02:06:42,mysql_database,128164.02981665
2002,709,2,101,2,339.99,0.07,2025-11-24 02:06:42,mysql_database,16138.759216650002
2003,709,3,48,1,1499.99,0.07,2025-11-24 02:06:42,mysql_database,71202.02781665
2004,710,1,42,1,2299.99,0.05,2025-11-24 02:06:42,mysql_database,109176.69581665
2005,710,2,60,2,1559.99,0.2,2025-11-24 02:06:42,mysql_database,74050.12791665
2006,710,3,39,2,1499.99,0.2,2025-11-24 02:06:42,mysql_database,71202.02781665
2007,710,4,57,1,1999.99,0.2,2025-11-24 02:06:42,mysql_database,94936.19531665
2008,710,5,28,1,2499.99,0.05,2025-11-24 02:06:42,mysql_database,118670.36281665
2009,711,1,5,2,1320.99,0.05,2025-11-24 02:06:42,mysql_database,62705.19585165
2010,711,2,95,2,299.99,0.2,2025-11-24 02:06:42,mysql_database,14240.02581665
2011,711,3,72,2,619.99,0.05,2025-11-24 02:06:42,mysql_database,29429.893016650003
2012,712,1,44,2,539.99,0.2,2025-11-24 02:06:42,mysql_database,25632.42621665
2013,712,2,74,2,439.99,0.1,2025-11-24 02:06:42,mysql_database,20885.59271665
2014,712,3,35,1,832.99,0.2,2025-11-24 02:06:42,mysql_database,39540.64837165
2015,712,4,76,1,299.99,0.2,2025-11-24 02:06:42,mysql_database,14240.02581665
2016,712,5,4,2,2899.99,0.05,2025-11-24 02:06:42,mysql_database,137657.69681665
2017,713,1,93,2,209.99,0.2,2025-11-24 02:06:42,mysql_database,9967.875666650001
2018,713,2,97,2,349.99,0.1,2025-11-24 02:06:42,mysql_database,16613.442566650003
2019,713,3,53,1,749.99,0.07,2025-11-24 02:06:42,mysql_database,35600.776566650005
2020,713,4,108,2,449.99,0.07,2025-11-24 02:06:42,mysql_database,21360.276066650003
2021,714,1,92,2,209.99,0.2,2025-11-24 02:06:42,mysql_database,9967.875666650001
2022,715,1,61,2,4999.99,0.1,2025-11-24 02:06:42,mysql_database,237341.20031665
2023,715,2,50,1,5999.99,0.2,2025-11-24 02:06:42,mysql_database,284809.53531665
2024,716,1,111,2,470.99,0.1,2025-11-24 02:06:42,mysql_database,22357.111101650004
2025,716,2,93,2,209.99,0.07,2025-11-24 02:06:42,mysql_database,9967.875666650001
2026,716,3,79,1,402.99,0.1,2025-11-24 02:06:42,mysql_database,19129.26432165
2027,716,4,4,2,2899.99,0.05,2025-11-24 02:06:42,mysql_database,137657.69681665
2028,717,1,56,2,5499.99,0.05,2025-11-24 02:06:42,mysql_database,261075.36781665002
2029,717,2,93,1,209.99,0.2,2025-11-24 02:06:42,mysql_database,9967.875666650001
2030,718,1,92,2,209.99,0.07,2025-11-24 02:06:42,mysql_database,9967.875666650001
2031,718,2,40,2,4999.99,0.07,2025-11-24 02:06:42,mysql_database,237341.20031665
2032,718,3,64,2,489.99,0.1,2025-11-24 02:06:42,mysql_database,23259.00946665
2033,719,1,100,1,489.99,0.2,2025-11-24 02:06:42,mysql_database,23259.00946665
2034,720,1,111,1,470.99,0.07,2025-11-24 02:06:42,mysql_database,22357.111101650004
2035,720,2,6,1,469.99,0.1,2025-11-24 02:06:42,mysql_database,22309.642766650002
2036,721,1,45,2,869.99,0.07,2025-11-24 02:06:42,mysql_database,41296.976766650005
2037,721,2,102,1,489.99,0.1,2025-11-24 02:06:42,mysql_database,23259.00946665
2038,721,3,73,2,749.99,0.05,2025-11-24 02:06:42,mysql_database,35600.776566650005
2039,721,4,33,1,469.99,0.2,2025-11-24 02:06:42,mysql_database,22309.642766650002
2040,722,1,22,2,269.99,0.07,2025-11-24 02:06:42,mysql_database,12815.97576665
2041,722,2,3,1,999.99,0.05,2025-11-24 02:06:42,mysql_database,47467.86031665
2042,722,3,104,2,481.99,0.1,2025-11-24 02:06:42,mysql_database,22879.26278665
2043,723,1,24,2,549.99,0.07,2025-11-24 02:06:42,mysql_database,26107.10956665
2044,723,2,16,1,599.99,0.05,2025-11-24 02:06:42,mysql_database,28480.52631665
2045,723,3,108,1,449.99,0.07,2025-11-24 02:06:42,mysql_database,21360.276066650003
2046,724,1,23,1,299.99,0.05,2025-11-24 02:06:42,mysql_database,14240.02581665
2047,724,2,75,1,599.99,0.2,2025-11-24 02:06:42,mysql_database,28480.52631665
2048,724,3,102,1,489.99,0.05,2025-11-24 02:06:42,mysql_database,23259.00946665
2049,724,4,55,1,2699.99,0.2,2025-11-24 02:06:42,mysql_database,128164.02981665
2050,725,1,90,1,209.99,0.1,2025-11-24 02:06:42,mysql_database,9967.875666650001
2051,725,2,91,1,349.99,0.05,2025-11-24 02:06:42,mysql_database,16613.442566650003
2052,725,3,77,2,799.99,0.07,2025-11-24 02:06:42,mysql_database,37974.19331665
2053,725,4,62,2,3499.99,0.1,2025-11-24 02:06:42,mysql_database,166138.69781665
2054,726,1,64,1,489.99,0.2,2025-11-24 02:06:42,mysql_database,23259.00946665
2055,727,1,78,1,647.99,0.07,2025-11-24 02:06:42,mysql_database,30759.006396650002
2056,727,2,82,2,659.99,0.05,2025-11-24 02:06:42,mysql_database,31328.626416650004
2057,728,1,70,1,659.99,0.05,2025-11-24 02:06:42,mysql_database,31328.626416650004
2058,728,2,56,1,5499.99,0.1,2025-11-24 02:06:42,mysql_database,261075.36781665002
2059,728,3,91,1,349.99,0.1,2025-11-24 02:06:42,mysql_database,16613.442566650003
2060,728,4,58,1,4999.99,0.07,2025-11-24 02:06:42,mysql_database,237341.20031665
2061,729,1,101,2,339.99,0.1,2025-11-24 02:06:42,mysql_database,16138.759216650002
2062,730,1,59,2,2599.99,0.05,2025-11-24 02:06:42,mysql_database,123417.19631664999
2063,730,2,79,1,402.99,0.1,2025-11-24 02:06:42,mysql_database,19129.26432165
2064,730,3,96,2,349.99,0.07,2025-11-24 02:06:42,mysql_database,16613.442566650003
2065,730,4,13,1,269.99,0.1,2025-11-24 02:06:42,mysql_database,12815.97576665
2066,731,1,91,1,349.99,0.05,2025-11-24 02:06:42,mysql_database,16613.442566650003
2067,731,2,49,1,3499.99,0.2,2025-11-24 02:06:42,mysql_database,166138.69781665
2068,731,3,67,2,250.99,0.2,2025-11-24 02:06:42,mysql_database,11914.077401650002
2069,731,4,29,1,999.99,0.2,2025-11-24 02:06:42,mysql_database,47467.86031665
2070,732,1,47,1,5299.99,0.07,2025-11-24 02:06:42,mysql_database,251581.70081665
2071,732,2,4,2,2899.99,0.07,2025-11-24 02:06:42,mysql_database,137657.69681665
2072,733,1,84,1,109.99,0.05,2025-11-24 02:06:42,mysql_database,5221.04216665
2073,733,2,55,1,2699.99,0.2,2025-11-24 02:06:42,mysql_database,128164.02981665
2074,733,3,102,2,489.99,0.1,2025-11-24 02:06:42,mysql_database,23259.00946665
2075,734,1,26,1,599.99,0.2,2025-11-24 02:06:42,mysql_database,28480.52631665
2076,734,2,3,1,999.99,0.05,2025-11-24 02:06:42,mysql_database,47467.86031665
2077,734,3,84,2,109.99,0.2,2025-11-24 02:06:42,mysql_database,5221.04216665
2078,734,4,65,2,346.99,0.1,2025-11-24 02:06:42,mysql_database,16471.037561650002
2079,735,1,71,2,416.99,0.1,2025-11-24 02:06:42,mysql_database,19793.82101165
2080,735,2,10,2,1549.0,0.07,2025-11-24 02:06:42,mysql_database,73528.45091500001
2081,736,1,56,2,5499.99,0.05,2025-11-24 02:06:42,mysql_database,261075.36781665002
2082,736,2,17,1,429.0,0.1,2025-11-24 02:06:42,mysql_database,20363.915715000003
2083,736,3,62,2,3499.99,0.2,2025-11-24 02:06:42,mysql_database,166138.69781665
2084,737,1,52,1,875.99,0.05,2025-11-24 02:06:42,mysql_database,41581.786776650006
2085,737,2,19,2,449.0,0.07,2025-11-24 02:06:42,mysql_database,21313.282415
2086,737,3,77,2,799.99,0.07,2025-11-24 02:06:42,mysql_database,37974.19331665
2087,737,4,34,1,469.99,0.2,2025-11-24 02:06:42,mysql_database,22309.642766650002
2088,738,1,82,2,659.99,0.07,2025-11-24 02:06:42,mysql_database,31328.626416650004
2089,738,2,38,2,549.99,0.2,2025-11-24 02:06:42,mysql_database,26107.10956665
2090,738,3,25,1,499.99,0.1,2025-11-24 02:06:42,mysql_database,23733.692816650004
2091,738,4,63,1,3499.99,0.07,2025-11-24 02:06:42,mysql_database,166138.69781665
2092,739,1,3,1,999.99,0.2,2025-11-24 02:06:42,mysql_database,47467.86031665
2093,740,1,81,1,1099.99,0.05,2025-11-24 02:06:42,mysql_database,52214.693816650004
2094,740,2,94,2,249.99,0.2,2025-11-24 02:06:42,mysql_database,11866.60906665
2095,740,3,11,1,1680.99,0.2,2025-11-24 02:06:42,mysql_database,79793.79645165
2096,740,4,19,1,449.0,0.2,2025-11-24 02:06:42,mysql_database,21313.282415
2097,740,5,12,2,549.99,0.07,2025-11-24 02:06:42,mysql_database,26107.10956665
2098,741,1,58,1,4999.99,0.05,2025-11-24 02:06:42,mysql_database,237341.20031665
2099,741,2,76,1,299.99,0.07,2025-11-24 02:06:42,mysql_database,14240.02581665
2100,741,3,21,2,269.99,0.07,2025-11-24 02:06:42,mysql_database,12815.97576665
2101,741,4,56,2,5499.99,0.05,2025-11-24 02:06:42,mysql_database,261075.36781665002
2102,742,1,107,2,416.99,0.05,2025-11-24 02:06:42,mysql_database,19793.82101165
2103,742,2,45,1,869.99,0.07,2025-11-24 02:06:42,mysql_database,41296.976766650005
2104,743,1,80,1,761.99,0.05,2025-11-24 02:06:42,mysql_database,36170.39658665
2105,744,1,33,2,469.99,0.2,2025-11-24 02:06:42,mysql_database,22309.642766650002
2106,745,1,95,2,299.99,0.05,2025-11-24 02:06:42,mysql_database,14240.02581665
2107,745,2,22,2,269.99,0.2,2025-11-24 02:06:42,mysql_database,12815.97576665
2108,745,3,78,1,647.99,0.1,2025-11-24 02:06:42,mysql_database,30759.006396650002
2109,746,1,99,1,299.99,0.1,2025-11-24 02:06:42,mysql_database,14240.02581665
2110,747,1,110,1,470.99,0.07,2025-11-24 02:06:42,mysql_database,22357.111101650004
2111,747,2,86,1,149.99,0.2,2025-11-24 02:06:42,mysql_database,7119.775566650001
2112,747,3,33,2,469.99,0.1,2025-11-24 02:06:42,mysql_database,22309.642766650002
2113,747,4,81,1,1099.99,0.07,2025-11-24 02:06:42,mysql_database,52214.693816650004
2114,748,1,16,2,599.99,0.1,2025-11-24 02:06:42,mysql_database,28480.52631665
2115,748,2,83,2,149.99,0.05,2025-11-24 02:06:42,mysql_database,7119.775566650001
2116,748,3,41,1,1469.99,0.07,2025-11-24 02:06:42,mysql_database,69777.97776665
2117,748,4,35,2,832.99,0.2,2025-11-24 02:06:42,mysql_database,39540.64837165
2118,749,1,9,1,2999.99,0.2,2025-11-24 02:06:42,mysql_database,142404.53031665
2119,749,2,28,1,2499.99,0.05,2025-11-24 02:06:42,mysql_database,118670.36281665
2120,749,3,79,1,402.99,0.2,2025-11-24 02:06:42,mysql_database,19129.26432165
2121,749,4,24,1,549.99,0.05,2025-11-24 02:06:42,mysql_database,26107.10956665
2122,749,5,40,1,4999.99,0.07,2025-11-24 02:06:42,mysql_database,237341.20031665
2123,750,1,72,1,619.99,0.05,2025-11-24 02:06:42,mysql_database,29429.893016650003
2124,750,2,78,2,647.99,0.1,2025-11-24 02:06:42,mysql_database,30759.006396650002
2125,751,1,45,2,869.99,0.05,2025-11-24 02:06:42,mysql_database,41296.976766650005
2126,752,1,12,2,549.99,0.05,2025-11-24 02:06:42,mysql_database,26107.10956665
2127,752,2,31,2,1632.99,0.05,2025-11-24 02:06:42,mysql_database,77515.31637165001
2128,753,1,105,2,533.99,0.07,2025-11-24 02:06:42,mysql_database,25347.616206650004
2129,753,2,7,2,3999.99,0.2,2025-11-24 02:06:42,mysql_database,189872.86531665002
2130,753,3,36,2,832.99,0.1,2025-11-24 02:06:42,mysql_database,39540.64837165
2131,753,4,95,1,299.99,0.07,2025-11-24 02:06:42,mysql_database,14240.02581665
2132,753,5,66,1,250.99,0.2,2025-11-24 02:06:42,mysql_database,11914.077401650002
2133,754,1,74,2,439.99,0.07,2025-11-24 02:06:42,mysql_database,20885.59271665
2134,754,2,12,2,549.99,0.07,2025-11-24 02:06:42,mysql_database,26107.10956665
2135,754,3,3,1,999.99,0.05,2025-11-24 02:06:42,mysql_database,47467.86031665
2136,754,4,67,2,250.99,0.05,2025-11-24 02:06:42,mysql_database,11914.077401650002
2137,754,5,7,1,3999.99,0.2,2025-11-24 02:06:42,mysql_database,189872.86531665002
2138,755,1,80,2,761.99,0.07,2025-11-24 02:06:42,mysql_database,36170.39658665
2139,755,2,43,2,5299.99,0.05,2025-11-24 02:06:42,mysql_database,251581.70081665
2140,755,3,57,2,1999.99,0.1,2025-11-24 02:06:42,mysql_database,94936.19531665
2141,756,1,64,1,489.99,0.1,2025-11-24 02:06:42,mysql_database,23259.00946665
2142,756,2,17,2,429.0,0.05,2025-11-24 02:06:42,mysql_database,20363.915715000003
2143,757,1,95,1,299.99,0.1,2025-11-24 02:06:42,mysql_database,14240.02581665
2144,758,1,22,2,269.99,0.07,2025-11-24 02:06:42,mysql_database,12815.97576665
2145,758,2,99,1,299.99,0.1,2025-11-24 02:06:42,mysql_database,14240.02581665
2146,758,3,27,1,999.99,0.07,2025-11-24 02:06:42,mysql_database,47467.86031665
2147,758,4,65,2,346.99,0.07,2025-11-24 02:06:42,mysql_database,16471.037561650002
2148,758,5,109,1,416.99,0.2,2025-11-24 02:06:42,mysql_database,19793.82101165
2149,759,1,93,2,209.99,0.05,2025-11-24 02:06:42,mysql_database,9967.875666650001
2150,759,2,78,1,647.99,0.07,2025-11-24 02:06:42,mysql_database,30759.006396650002
2151,760,1,21,2,269.99,0.07,2025-11-24 02:06:42,mysql_database,12815.97576665
2152,760,2,29,2,999.99,0.07,2025-11-24 02:06:42,mysql_database,47467.86031665
2153,761,1,43,1,5299.99,0.07,2025-11-24 02:06:42,mysql_database,251581.70081665
2154,761,2,52,2,875.99,0.2,2025-11-24 02:06:42,mysql_database,41581.786776650006
2155,762,1,102,2,489.99,0.05,2025-11-24 02:06:42,mysql_database,23259.00946665
2156,763,1,90,1,209.99,0.07,2025-11-24 02:06:42,mysql_database,9967.875666650001
2157,763,2,103,1,551.99,0.1,2025-11-24 02:06:42,mysql_database,26202.046236650003
2158,764,1,55,1,2699.99,0.07,2025-11-24 02:06:42,mysql_database,128164.02981665
2159,764,2,95,2,299.99,0.05,2025-11-24 02:06:42,mysql_database,14240.02581665
2160,764,3,81,2,1099.99,0.07,2025-11-24 02:06:42,mysql_database,52214.693816650004
2161,765,1,28,2,2499.99,0.2,2025-11-24 02:06:42,mysql_database,118670.36281665
2162,765,2,12,1,549.99,0.07,2025-11-24 02:06:42,mysql_database,26107.10956665
2163,765,3,25,1,499.99,0.2,2025-11-24 02:06:42,mysql_database,23733.692816650004
2164,765,4,53,1,749.99,0.2,2025-11-24 02:06:42,mysql_database,35600.776566650005
2165,765,5,65,1,346.99,0.05,2025-11-24 02:06:42,mysql_database,16471.037561650002
2166,766,1,111,1,470.99,0.2,2025-11-24 02:06:42,mysql_database,22357.111101650004
2167,767,1,63,1,3499.99,0.1,2025-11-24 02:06:42,mysql_database,166138.69781665
2168,767,2,29,1,999.99,0.07,2025-11-24 02:06:42,mysql_database,47467.86031665
2169,767,3,41,2,1469.99,0.05,2025-11-24 02:06:42,mysql_database,69777.97776665
2170,767,4,77,2,799.99,0.05,2025-11-24 02:06:42,mysql_database,37974.19331665
2171,768,1,31,1,1632.99,0.2,2025-11-24 02:06:42,mysql_database,77515.31637165001
2172,768,2,76,1,299.99,0.2,2025-11-24 02:06:42,mysql_database,14240.02581665
2173,769,1,8,1,1799.99,0.1,2025-11-24 02:06:42,mysql_database,85442.52831665
2174,769,2,6,2,469.99,0.05,2025-11-24 02:06:42,mysql_database,22309.642766650002
2175,769,3,36,2,832.99,0.07,2025-11-24 02:06:42,mysql_database,39540.64837165
2176,770,1,110,1,470.99,0.05,2025-11-24 02:06:42,mysql_database,22357.111101650004
2177,770,2,42,1,2299.99,0.2,2025-11-24 02:06:42,mysql_database,109176.69581665
2178,770,3,103,1,551.99,0.2,2025-11-24 02:06:42,mysql_database,26202.046236650003
2179,770,4,11,2,1680.99,0.05,2025-11-24 02:06:42,mysql_database,79793.79645165
2180,771,1,13,2,269.99,0.2,2025-11-24 02:06:42,mysql_database,12815.97576665
2181,771,2,88,1,189.99,0.2,2025-11-24 02:06:42,mysql_database,9018.50896665
2182,772,1,103,1,551.99,0.07,2025-11-24 02:06:42,mysql_database,26202.046236650003
2183,773,1,92,1,209.99,0.1,2025-11-24 02:06:42,mysql_database,9967.875666650001
2184,773,2,14,1,269.99,0.05,2025-11-24 02:06:42,mysql_database,12815.97576665
2185,773,3,17,2,429.0,0.2,2025-11-24 02:06:42,mysql_database,20363.915715000003
2186,773,4,33,2,469.99,0.07,2025-11-24 02:06:42,mysql_database,22309.642766650002
2187,774,1,65,1,346.99,0.05,2025-11-24 02:06:42,mysql_database,16471.037561650002
2188,774,2,36,2,832.99,0.05,2025-11-24 02:06:42,mysql_database,39540.64837165
2189,774,3,20,1,599.99,0.2,2025-11-24 02:06:42,mysql_database,28480.52631665
2190,774,4,73,1,749.99,0.05,2025-11-24 02:06:42,mysql_database,35600.776566650005
2191,774,5,58,2,4999.99,0.1,2025-11-24 02:06:42,mysql_database,237341.20031665
2192,775,1,39,1,1499.99,0.07,2025-11-24 02:06:42,mysql_database,71202.02781665
2193,776,1,28,1,2499.99,0.2,2025-11-24 02:06:42,mysql_database,118670.36281665
2194,776,2,42,2,2299.99,0.2,2025-11-24 02:06:42,mysql_database,109176.69581665
2195,776,3,71,1,416.99,0.1,2025-11-24 02:06:42,mysql_database,19793.82101165
2196,776,4,35,1,832.99,0.1,2025-11-24 02:06:42,mysql_database,39540.64837165
2197,777,1,5,1,1320.99,0.2,2025-11-24 02:06:42,mysql_database,62705.19585165
2198,777,2,7,2,3999.99,0.2,2025-11-24 02:06:42,mysql_database,189872.86531665002
2199,777,3,2,1,749.99,0.2,2025-11-24 02:06:42,mysql_database,35600.776566650005
2200,778,1,64,1,489.99,0.1,2025-11-24 02:06:42,mysql_database,23259.00946665
2201,778,2,85,1,329.99,0.05,2025-11-24 02:06:42,mysql_database,15664.075866650002
2202,779,1,101,1,339.99,0.05,2025-11-24 02:06:42,mysql_database,16138.759216650002
2203,779,2,90,2,209.99,0.2,2025-11-24 02:06:42,mysql_database,9967.875666650001
2204,779,3,47,1,5299.99,0.2,2025-11-24 02:06:42,mysql_database,251581.70081665
2205,779,4,8,1,1799.99,0.2,2025-11-24 02:06:42,mysql_database,85442.52831665
2206,779,5,85,1,329.99,0.2,2025-11-24 02:06:42,mysql_database,15664.075866650002
2207,780,1,32,1,469.99,0.1,2025-11-24 02:06:42,mysql_database,22309.642766650002
2208,781,1,109,2,416.99,0.05,2025-11-24 02:06:42,mysql_database,19793.82101165
2209,781,2,7,2,3999.99,0.2,2025-11-24 02:06:42,mysql_database,189872.86531665002
2210,781,3,57,2,1999.99,0.1,2025-11-24 02:06:42,mysql_database,94936.19531665
2211,782,1,20,2,599.99,0.07,2025-11-24 02:06:42,mysql_database,28480.52631665
2212,782,2,57,1,1999.99,0.07,2025-11-24 02:06:42,mysql_database,94936.19531665
2213,782,3,99,1,299.99,0.07,2025-11-24 02:06:42,mysql_database,14240.02581665
2214,782,4,16,2,599.99,0.2,2025-11-24 02:06:42,mysql_database,28480.52631665
2215,783,1,92,1,209.99,0.2,2025-11-24 02:06:42,mysql_database,9967.875666650001
2216,783,2,22,2,269.99,0.05,2025-11-24 02:06:42,mysql_database,12815.97576665
2217,783,3,94,1,249.99,0.05,2025-11-24 02:06:42,mysql_database,11866.60906665
2218,783,4,29,1,999.99,0.1,2025-11-24 02:06:42,mysql_database,47467.86031665
2219,784,1,22,1,269.99,0.07,2025-11-24 02:06:42,mysql_database,12815.97576665
2220,784,2,72,2,619.99,0.1,2025-11-24 02:06:42,mysql_database,29429.893016650003
2221,784,3,16,1,599.99,0.2,2025-11-24 02:06:42,mysql_database,28480.52631665
2222,785,1,59,2,2599.99,0.2,2025-11-24 02:06:42,mysql_database,123417.19631664999
2223,785,2,40,1,4999.99,0.07,2025-11-24 02:06:42,mysql_database,237341.20031665
2224,785,3,25,1,499.99,0.07,2025-11-24 02:06:42,mysql_database,23733.692816650004
2225,786,1,80,1,761.99,0.05,2025-11-24 02:06:42,mysql_database,36170.39658665
2226,787,1,51,2,6499.99,0.07,2025-11-24 02:06:42,mysql_database,308543.70281665004
2227,787,2,66,2,250.99,0.1,2025-11-24 02:06:42,mysql_database,11914.077401650002
2228,788,1,48,1,1499.99,0.2,2025-11-24 02:06:42,mysql_database,71202.02781665
2229,788,2,19,1,449.0,0.1,2025-11-24 02:06:42,mysql_database,21313.282415
2230,788,3,13,1,269.99,0.05,2025-11-24 02:06:42,mysql_database,12815.97576665
2231,789,1,100,2,489.99,0.2,2025-11-24 02:06:42,mysql_database,23259.00946665
2232,789,2,93,2,209.99,0.07,2025-11-24 02:06:42,mysql_database,9967.875666650001
2233,790,1,62,2,3499.99,0.07,2025-11-24 02:06:42,mysql_database,166138.69781665
2234,790,2,91,1,349.99,0.1,2025-11-24 02:06:42,mysql_database,16613.442566650003
2235,791,1,54,1,3199.99,0.2,2025-11-24 02:06:42,mysql_database,151898.19731665
2236,791,2,25,2,499.99,0.07,2025-11-24 02:06:42,mysql_database,23733.692816650004
2237,792,1,16,2,599.99,0.2,2025-11-24 02:06:42,mysql_database,28480.52631665
2238,792,2,39,1,1499.99,0.2,2025-11-24 02:06:42,mysql_database,71202.02781665
2239,792,3,56,1,5499.99,0.2,2025-11-24 02:06:42,mysql_database,261075.36781665002
2240,792,4,30,1,999.99,0.05,2025-11-24 02:06:42,mysql_database,47467.86031665
2241,792,5,2,1,749.99,0.2,2025-11-24 02:06:42,mysql_database,35600.776566650005
2242,793,1,60,1,1559.99,0.05,2025-11-24 02:06:42,mysql_database,74050.12791665
2243,793,2,95,2,299.99,0.05,2025-11-24 02:06:42,mysql_database,14240.02581665
2244,793,3,75,2,599.99,0.05,2025-11-24 02:06:42,mysql_database,28480.52631665
2245,794,1,41,2,1469.99,0.05,2025-11-24 02:06:42,mysql_database,69777.97776665
2246,794,2,68,1,449.99,0.2,2025-11-24 02:06:42,mysql_database,21360.276066650003
2247,794,3,17,1,429.0,0.07,2025-11-24 02:06:42,mysql_database,20363.915715000003
2248,794,4,28,1,2499.99,0.1,2025-11-24 02:06:42,mysql_database,118670.36281665
2249,795,1,95,2,299.99,0.05,2025-11-24 02:06:42,mysql_database,14240.02581665
2250,795,2,99,2,299.99,0.05,2025-11-24 02:06:42,mysql_database,14240.02581665
2251,796,1,6,2,469.99,0.2,2025-11-24 02:06:42,mysql_database,22309.642766650002
2252,797,1,11,1,1680.99,0.07,2025-11-24 02:06:42,mysql_database,79793.79645165
2253,797,2,69,1,416.99,0.05,2025-11-24 02:06:42,mysql_database,19793.82101165
2254,797,3,74,1,439.99,0.1,2025-11-24 02:06:42,mysql_database,20885.59271665
2255,797,4,54,2,3199.99,0.05,2025-11-24 02:06:42,mysql_database,151898.19731665
2256,797,5,62,2,3499.99,0.1,2025-11-24 02:06:42,mysql_database,166138.69781665
2257,798,1,23,1,299.99,0.1,2025-11-24 02:06:42,mysql_database,14240.02581665
2258,798,2,90,1,209.99,0.05,2025-11-24 02:06:42,mysql_database,9967.875666650001
2259,798,3,91,2,349.99,0.07,2025-11-24 02:06:42,mysql_database,16613.442566650003
2260,798,4,42,1,2299.99,0.2,2025-11-24 02:06:42,mysql_database,109176.69581665
2261,798,5,26,2,599.99,0.05,2025-11-24 02:06:42,mysql_database,28480.52631665
2262,799,1,5,2,1320.99,0.1,2025-11-24 02:06:42,mysql_database,62705.19585165
2263,799,2,34,2,469.99,0.05,2025-11-24 02:06:42,mysql_database,22309.642766650002
2264,799,3,29,2,999.99,0.07,2025-11-24 02:06:42,mysql_database,47467.86031665
2265,799,4,63,1,3499.99,0.1,2025-11-24 02:06:42,mysql_database,166138.69781665
2266,799,5,58,2,4999.99,0.07,2025-11-24 02:06:42,mysql_database,237341.20031665
2267,800,1,65,2,346.99,0.1,2025-11-24 02:06:42,mysql_database,16471.037561650002
2268,800,2,54,1,3199.99,0.07,2025-11-24 02:06:42,mysql_database,151898.19731665
2269,800,3,6,2,469.99,0.05,2025-11-24 02:06:42,mysql_database,22309.642766650002
2270,800,4,52,1,875.99,0.1,2025-11-24 02:06:42,mysql_database,41581.786776650006
2271,800,5,95,2,299.99,0.05,2025-11-24 02:06:42,mysql_database,14240.02581665
2272,801,1,101,1,339.99,0.07,2025-11-24 02:06:42,mysql_database,16138.759216650002
2273,802,1,30,1,999.99,0.05,2025-11-24 02:06:42,mysql_database,47467.86031665
2274,802,2,36,2,832.99,0.2,2025-11-24 02:06:42,mysql_database,39540.64837165
2275,802,3,40,1,4999.99,0.1,2025-11-24 02:06:42,mysql_database,237341.20031665
2276,802,4,28,1,2499.99,0.05,2025-11-24 02:06:42,mysql_database,118670.36281665
2277,803,1,111,1,470.99,0.07,2025-11-24 02:06:42,mysql_database,22357.111101650004
2278,803,2,52,2,875.99,0.05,2025-11-24 02:06:42,mysql_database,41581.786776650006
2279,803,3,102,1,489.99,0.07,2025-11-24 02:06:42,mysql_database,23259.00946665
2280,803,4,83,2,149.99,0.05,2025-11-24 02:06:42,mysql_database,7119.775566650001
2281,804,1,89,2,209.99,0.2,2025-11-24 02:06:42,mysql_database,9967.875666650001
2282,804,2,53,1,749.99,0.07,2025-11-24 02:06:42,mysql_database,35600.776566650005
2283,804,3,50,2,5999.99,0.05,2025-11-24 02:06:42,mysql_database,284809.53531665
2284,805,1,24,1,549.99,0.05,2025-11-24 02:06:42,mysql_database,26107.10956665
2285,805,2,33,2,469.99,0.2,2025-11-24 02:06:42,mysql_database,22309.642766650002
2286,805,3,62,2,3499.99,0.2,2025-11-24 02:06:42,mysql_database,166138.69781665
2287,805,4,32,1,469.99,0.07,2025-11-24 02:06:42,mysql_database,22309.642766650002
2288,805,5,6,2,469.99,0.05,2025-11-24 02:06:42,mysql_database,22309.642766650002
2289,806,1,93,2,209.99,0.1,2025-11-24 02:06:42,mysql_database,9967.875666650001
2290,806,2,97,1,349.99,0.2,2025-11-24 02:06:42,mysql_database,16613.442566650003
2291,806,3,77,2,799.99,0.1,2025-11-24 02:06:42,mysql_database,37974.19331665
2292,806,4,82,2,659.99,0.2,2025-11-24 02:06:42,mysql_database,31328.626416650004
2293,806,5,91,2,349.99,0.07,2025-11-24 02:06:42,mysql_database,16613.442566650003
2294,807,1,21,2,269.99,0.2,2025-11-24 02:06:42,mysql_database,12815.97576665
2295,807,2,6,1,469.99,0.07,2025-11-24 02:06:42,mysql_database,22309.642766650002
2296,807,3,3,2,999.99,0.07,2025-11-24 02:06:42,mysql_database,47467.86031665
2297,807,4,9,2,2999.99,0.2,2025-11-24 02:06:42,mysql_database,142404.53031665
2298,807,5,16,1,599.99,0.2,2025-11-24 02:06:42,mysql_database,28480.52631665
2299,808,1,96,2,349.99,0.05,2025-11-24 02:06:42,mysql_database,16613.442566650003
2300,808,2,18,1,449.0,0.05,2025-11-24 02:06:42,mysql_database,21313.282415
2301,808,3,85,1,329.99,0.05,2025-11-24 02:06:42,mysql_database,15664.075866650002
2302,808,4,19,2,449.0,0.05,2025-11-24 02:06:42,mysql_database,21313.282415
2303,809,1,78,1,647.99,0.1,2025-11-24 02:06:42,mysql_database,30759.006396650002
2304,809,2,26,1,599.99,0.2,2025-11-24 02:06:42,mysql_database,28480.52631665
2305,809,3,92,2,209.99,0.1,2025-11-24 02:06:42,mysql_database,9967.875666650001
2306,810,1,103,2,551.99,0.05,2025-11-24 02:06:42,mysql_database,26202.046236650003
2307,810,2,100,1,489.99,0.2,2025-11-24 02:06:42,mysql_database,23259.00946665
2308,810,3,56,1,5499.99,0.05,2025-11-24 02:06:42,mysql_database,261075.36781665002
2309,810,4,22,1,269.99,0.2,2025-11-24 02:06:42,mysql_database,12815.97576665
2310,811,1,45,2,869.99,0.07,2025-11-24 02:06:42,mysql_database,41296.976766650005
2311,811,2,54,1,3199.99,0.2,2025-11-24 02:06:42,mysql_database,151898.19731665
2312,811,3,70,1,659.99,0.07,2025-11-24 02:06:42,mysql_database,31328.626416650004
2313,811,4,66,1,250.99,0.1,2025-11-24 02:06:42,mysql_database,11914.077401650002
2314,812,1,76,2,299.99,0.1,2025-11-24 02:06:42,mysql_database,14240.02581665
2315,812,2,40,1,4999.99,0.2,2025-11-24 02:06:42,mysql_database,237341.20031665
2316,813,1,96,2,349.99,0.1,2025-11-24 02:06:42,mysql_database,16613.442566650003
2317,813,2,85,2,329.99,0.2,2025-11-24 02:06:42,mysql_database,15664.075866650002
2318,813,3,33,2,469.99,0.2,2025-11-24 02:06:42,mysql_database,22309.642766650002
2319,813,4,26,2,599.99,0.07,2025-11-24 02:06:42,mysql_database,28480.52631665
2320,813,5,71,2,416.99,0.05,2025-11-24 02:06:42,mysql_database,19793.82101165
2321,814,1,69,2,416.99,0.1,2025-11-24 02:06:42,mysql_database,19793.82101165
2322,814,2,100,1,489.99,0.1,2025-11-24 02:06:42,mysql_database,23259.00946665
2323,814,3,65,1,346.99,0.2,2025-11-24 02:06:42,mysql_database,16471.037561650002
2324,814,4,83,2,149.99,0.05,2025-11-24 02:06:42,mysql_database,7119.775566650001
2325,815,1,105,2,533.99,0.2,2025-11-24 02:06:42,mysql_database,25347.616206650004
2326,815,2,102,2,489.99,0.2,2025-11-24 02:06:42,mysql_database,23259.00946665
2327,815,3,87,2,189.99,0.1,2025-11-24 02:06:42,mysql_database,9018.50896665
2328,815,4,23,1,299.99,0.07,2025-11-24 02:06:42,mysql_database,14240.02581665
2329,816,1,75,2,599.99,0.1,2025-11-24 02:06:42,mysql_database,28480.52631665
2330,816,2,64,2,489.99,0.2,2025-11-24 02:06:42,mysql_database,23259.00946665
2331,817,1,85,1,329.99,0.05,2025-11-24 02:06:42,mysql_database,15664.075866650002
2332,817,2,105,2,533.99,0.07,2025-11-24 02:06:42,mysql_database,25347.616206650004
2333,817,3,48,2,1499.99,0.05,2025-11-24 02:06:42,mysql_database,71202.02781665
2334,818,1,103,1,551.99,0.05,2025-11-24 02:06:42,mysql_database,26202.046236650003
2335,818,2,44,2,539.99,0.07,2025-11-24 02:06:42,mysql_database,25632.42621665
2336,818,3,19,2,449.0,0.05,2025-11-24 02:06:42,mysql_database,21313.282415
2337,818,4,48,2,1499.99,0.05,2025-11-24 02:06:42,mysql_database,71202.02781665
2338,819,1,94,1,249.99,0.2,2025-11-24 02:06:42,mysql_database,11866.60906665
2339,820,1,107,1,416.99,0.05,2025-11-24 02:06:42,mysql_database,19793.82101165
2340,821,1,102,1,489.99,0.07,2025-11-24 02:06:42,mysql_database,23259.00946665
2341,821,2,70,2,659.99,0.2,2025-11-24 02:06:42,mysql_database,31328.626416650004
2342,821,3,6,1,469.99,0.2,2025-11-24 02:06:42,mysql_database,22309.642766650002
2343,821,4,107,1,416.99,0.05,2025-11-24 02:06:42,mysql_database,19793.82101165
2344,822,1,53,1,749.99,0.05,2025-11-24 02:06:42,mysql_database,35600.776566650005
2345,822,2,72,1,619.99,0.2,2025-11-24 02:06:42,mysql_database,29429.893016650003
2346,823,1,56,2,5499.99,0.07,2025-11-24 02:06:42,mysql_database,261075.36781665002
2347,823,2,86,2,149.99,0.2,2025-11-24 02:06:42,mysql_database,7119.775566650001
2348,823,3,81,1,1099.99,0.2,2025-11-24 02:06:42,mysql_database,52214.693816650004
2349,824,1,92,2,209.99,0.1,2025-11-24 02:06:42,mysql_database,9967.875666650001
2350,825,1,19,1,449.0,0.1,2025-11-24 02:06:42,mysql_database,21313.282415
2351,825,2,30,2,999.99,0.2,2025-11-24 02:06:42,mysql_database,47467.86031665
2352,826,1,45,2,869.99,0.2,2025-11-24 02:06:42,mysql_database,41296.976766650005
2353,826,2,36,1,832.99,0.1,2025-11-24 02:06:42,mysql_database,39540.64837165
2354,827,1,43,1,5299.99,0.05,2025-11-24 02:06:42,mysql_database,251581.70081665
2355,827,2,41,1,1469.99,0.2,2025-11-24 02:06:42,mysql_database,69777.97776665
2356,827,3,28,1,2499.99,0.2,2025-11-24 02:06:42,mysql_database,118670.36281665
2357,827,4,108,1,449.99,0.2,2025-11-24 02:06:42,mysql_database,21360.276066650003
2358,828,1,25,2,499.99,0.2,2025-11-24 02:06:42,mysql_database,23733.692816650004
2359,828,2,24,1,549.99,0.2,2025-11-24 02:06:42,mysql_database,26107.10956665
2360,828,3,55,2,2699.99,0.07,2025-11-24 02:06:42,mysql_database,128164.02981665
2361,829,1,103,1,551.99,0.2,2025-11-24 02:06:42,mysql_database,26202.046236650003
2362,829,2,105,2,533.99,0.1,2025-11-24 02:06:42,mysql_database,25347.616206650004
2363,830,1,85,2,329.99,0.2,2025-11-24 02:06:42,mysql_database,15664.075866650002
2364,830,2,100,2,489.99,0.07,2025-11-24 02:06:42,mysql_database,23259.00946665
2365,830,3,96,2,349.99,0.2,2025-11-24 02:06:42,mysql_database,16613.442566650003
2366,831,1,67,1,250.99,0.2,2025-11-24 02:06:42,mysql_database,11914.077401650002
2367,831,2,11,1,1680.99,0.2,2025-11-24 02:06:42,mysql_database,79793.79645165
2368,831,3,68,1,449.99,0.1,2025-11-24 02:06:42,mysql_database,21360.276066650003
2369,832,1,54,1,3199.99,0.05,2025-11-24 02:06:42,mysql_database,151898.19731665
2370,832,2,45,1,869.99,0.2,2025-11-24 02:06:42,mysql_database,41296.976766650005
2371,832,3,27,1,999.99,0.07,2025-11-24 02:06:42,mysql_database,47467.86031665
2372,832,4,16,2,599.99,0.1,2025-11-24 02:06:42,mysql_database,28480.52631665
2373,833,1,20,2,599.99,0.05,2025-11-24 02:06:42,mysql_database,28480.52631665
2374,834,1,54,1,3199.99,0.07,2025-11-24 02:06:42,mysql_database,151898.19731665
2375,834,2,21,1,269.99,0.05,2025-11-24 02:06:42,mysql_database,12815.97576665
2376,834,3,78,1,647.99,0.2,2025-11-24 02:06:42,mysql_database,30759.006396650002
2377,835,1,65,2,346.99,0.07,2025-11-24 02:06:42,mysql_database,16471.037561650002
2378,835,2,82,1,659.99,0.2,2025-11-24 02:06:42,mysql_database,31328.626416650004
2379,835,3,2,1,749.99,0.05,2025-11-24 02:06:42,mysql_database,35600.776566650005
2380,836,1,108,2,449.99,0.2,2025-11-24 02:06:42,mysql_database,21360.276066650003
2381,837,1,51,1,6499.99,0.05,2025-11-24 02:06:42,mysql_database,308543.70281665004
2382,837,2,97,1,349.99,0.1,2025-11-24 02:06:42,mysql_database,16613.442566650003
2383,837,3,87,2,189.99,0.2,2025-11-24 02:06:42,mysql_database,9018.50896665
2384,838,1,28,1,2499.99,0.1,2025-11-24 02:06:42,mysql_database,118670.36281665
2385,838,2,10,1,1549.0,0.1,2025-11-24 02:06:42,mysql_database,73528.45091500001
2386,838,3,100,2,489.99,0.05,2025-11-24 02:06:42,mysql_database,23259.00946665
2387,838,4,65,2,346.99,0.07,2025-11-24 02:06:42,mysql_database,16471.037561650002
2388,839,1,55,1,2699.99,0.07,2025-11-24 02:06:42,mysql_database,128164.02981665
2389,839,2,85,1,329.99,0.1,2025-11-24 02:06:42,mysql_database,15664.075866650002
2390,839,3,58,2,4999.99,0.05,2025-11-24 02:06:42,mysql_database,237341.20031665
2391,840,1,27,1,999.99,0.07,2025-11-24 02:06:42,mysql_database,47467.86031665
2392,840,2,43,1,5299.99,0.07,2025-11-24 02:06:42,mysql_database,251581.70081665
2393,840,3,106,2,449.99,0.2,2025-11-24 02:06:42,mysql_database,21360.276066650003
2394,841,1,22,2,269.99,0.1,2025-11-24 02:06:42,mysql_database,12815.97576665
2395,841,2,9,1,2999.99,0.2,2025-11-24 02:06:42,mysql_database,142404.53031665
2396,841,3,11,1,1680.99,0.2,2025-11-24 02:06:42,mysql_database,79793.79645165
2397,841,4,90,2,209.99,0.07,2025-11-24 02:06:42,mysql_database,9967.875666650001
2398,841,5,100,1,489.99,0.1,2025-11-24 02:06:42,mysql_database,23259.00946665
2399,842,1,81,2,1099.99,0.07,2025-11-24 02:06:42,mysql_database,52214.693816650004
2400,842,2,42,1,2299.99,0.1,2025-11-24 02:06:42,mysql_database,109176.69581665
2401,843,1,72,1,619.99,0.1,2025-11-24 02:06:42,mysql_database,29429.893016650003
2402,843,2,75,2,599.99,0.1,2025-11-24 02:06:42,mysql_database,28480.52631665
2403,843,3,81,1,1099.99,0.1,2025-11-24 02:06:42,mysql_database,52214.693816650004
2404,843,4,23,2,299.99,0.07,2025-11-24 02:06:42,mysql_database,14240.02581665
2405,844,1,79,2,402.99,0.07,2025-11-24 02:06:42,mysql_database,19129.26432165
2406,844,2,12,1,549.99,0.1,2025-11-24 02:06:42,mysql_database,26107.10956665
2407,844,3,83,2,149.99,0.2,2025-11-24 02:06:42,mysql_database,7119.775566650001
2408,844,4,48,1,1499.99,0.2,2025-11-24 02:06:42,mysql_database,71202.02781665
2409,844,5,63,2,3499.99,0.05,2025-11-24 02:06:42,mysql_database,166138.69781665
2410,845,1,16,2,599.99,0.2,2025-11-24 02:06:42,mysql_database,28480.52631665
2411,845,2,75,1,599.99,0.2,2025-11-24 02:06:42,mysql_database,28480.52631665
2412,845,3,26,2,599.99,0.05,2025-11-24 02:06:42,mysql_database,28480.52631665
2413,845,4,73,2,749.99,0.2,2025-11-24 02:06:42,mysql_database,35600.776566650005
2414,845,5,88,1,189.99,0.05,2025-11-24 02:06:42,mysql_database,9018.50896665
2415,846,1,46,2,1409.99,0.05,2025-11-24 02:06:42,mysql_database,66929.87766665
2416,846,2,47,1,5299.99,0.07,2025-11-24 02:06:42,mysql_database,251581.70081665
2417,846,3,71,1,416.99,0.1,2025-11-24 02:06:42,mysql_database,19793.82101165
2418,846,4,72,2,619.99,0.05,2025-11-24 02:06:42,mysql_database,29429.893016650003
2419,846,5,103,2,551.99,0.07,2025-11-24 02:06:42,mysql_database,26202.046236650003
2420,847,1,61,2,4999.99,0.05,2025-11-24 02:06:42,mysql_database,237341.20031665
2421,848,1,93,1,209.99,0.07,2025-11-24 02:06:42,mysql_database,9967.875666650001
2422,848,2,100,2,489.99,0.2,2025-11-24 02:06:42,mysql_database,23259.00946665
2423,848,3,88,2,189.99,0.2,2025-11-24 02:06:42,mysql_database,9018.50896665
2424,848,4,41,2,1469.99,0.07,2025-11-24 02:06:42,mysql_database,69777.97776665
2425,849,1,109,1,416.99,0.2,2025-11-24 02:06:42,mysql_database,19793.82101165
2426,850,1,101,2,339.99,0.07,2025-11-24 02:06:42,mysql_database,16138.759216650002
2427,850,2,5,2,1320.99,0.07,2025-11-24 02:06:42,mysql_database,62705.19585165
2428,850,3,37,1,379.99,0.07,2025-11-24 02:06:42,mysql_database,18037.49261665
2429,851,1,30,1,999.99,0.2,2025-11-24 02:06:42,mysql_database,47467.86031665
2430,851,2,93,1,209.99,0.05,2025-11-24 02:06:42,mysql_database,9967.875666650001
2431,852,1,46,2,1409.99,0.07,2025-11-24 02:06:42,mysql_database,66929.87766665
2432,853,1,99,1,299.99,0.05,2025-11-24 02:06:42,mysql_database,14240.02581665
2433,853,2,58,2,4999.99,0.2,2025-11-24 02:06:42,mysql_database,237341.20031665
2434,853,3,42,2,2299.99,0.2,2025-11-24 02:06:42,mysql_database,109176.69581665
2435,853,4,45,1,869.99,0.2,2025-11-24 02:06:42,mysql_database,41296.976766650005
2436,853,5,6,1,469.99,0.05,2025-11-24 02:06:42,mysql_database,22309.642766650002
2437,854,1,87,1,189.99,0.1,2025-11-24 02:06:42,mysql_database,9018.50896665
2438,855,1,18,1,449.0,0.1,2025-11-24 02:06:42,mysql_database,21313.282415
2439,855,2,93,2,209.99,0.2,2025-11-24 02:06:42,mysql_database,9967.875666650001
2440,855,3,89,1,209.99,0.2,2025-11-24 02:06:42,mysql_database,9967.875666650001
2441,856,1,38,2,549.99,0.05,2025-11-24 02:06:42,mysql_database,26107.10956665
2442,857,1,29,1,999.99,0.2,2025-11-24 02:06:42,mysql_database,47467.86031665
2443,858,1,45,2,869.99,0.2,2025-11-24 02:06:42,mysql_database,41296.976766650005
2444,858,2,5,1,1320.99,0.2,2025-11-24 02:06:42,mysql_database,62705.19585165
2445,858,3,14,1,269.99,0.07,2025-11-24 02:06:42,mysql_database,12815.97576665
2446,858,4,73,2,749.99,0.07,2025-11-24 02:06:42,mysql_database,35600.776566650005
2447,859,1,38,2,549.99,0.07,2025-11-24 02:06:42,mysql_database,26107.10956665
2448,859,2,13,1,269.99,0.1,2025-11-24 02:06:42,mysql_database,12815.97576665
2449,859,3,14,2,269.99,0.1,2025-11-24 02:06:42,mysql_database,12815.97576665
2450,859,4,71,2,416.99,0.1,2025-11-24 02:06:42,mysql_database,19793.82101165
2451,859,5,36,2,832.99,0.1,2025-11-24 02:06:42,mysql_database,39540.64837165
2452,860,1,6,1,469.99,0.05,2025-11-24 02:06:42,mysql_database,22309.642766650002
2453,860,2,24,2,549.99,0.2,2025-11-24 02:06:42,mysql_database,26107.10956665
2454,860,3,25,1,499.99,0.2,2025-11-24 02:06:42,mysql_database,23733.692816650004
2455,860,4,58,2,4999.99,0.07,2025-11-24 02:06:42,mysql_database,237341.20031665
2456,860,5,95,2,299.99,0.05,2025-11-24 02:06:42,mysql_database,14240.02581665
2457,861,1,14,2,269.99,0.07,2025-11-24 02:06:42,mysql_database,12815.97576665
2458,861,2,62,1,3499.99,0.2,2025-11-24 02:06:42,mysql_database,166138.69781665
2459,862,1,85,1,329.99,0.05,2025-11-24 02:06:42,mysql_database,15664.075866650002
2460,862,2,99,1,299.99,0.2,2025-11-24 02:06:42,mysql_database,14240.02581665
2461,862,3,49,2,3499.99,0.07,2025-11-24 02:06:42,mysql_database,166138.69781665
2462,863,1,93,2,209.99,0.1,2025-11-24 02:06:42,mysql_database,9967.875666650001
2463,864,1,37,1,379.99,0.1,2025-11-24 02:06:42,mysql_database,18037.49261665
2464,864,2,65,2,346.99,0.05,2025-11-24 02:06:42,mysql_database,16471.037561650002
2465,864,3,13,1,269.99,0.2,2025-11-24 02:06:42,mysql_database,12815.97576665
2466,865,1,109,2,416.99,0.1,2025-11-24 02:06:42,mysql_database,19793.82101165
2467,865,2,34,1,469.99,0.05,2025-11-24 02:06:42,mysql_database,22309.642766650002
2468,866,1,88,1,189.99,0.2,2025-11-24 02:06:42,mysql_database,9018.50896665
2469,866,2,67,2,250.99,0.07,2025-11-24 02:06:42,mysql_database,11914.077401650002
2470,866,3,80,1,761.99,0.07,2025-11-24 02:06:42,mysql_database,36170.39658665
2471,866,4,13,2,269.99,0.07,2025-11-24 02:06:42,mysql_database,12815.97576665
2472,867,1,101,1,339.99,0.05,2025-11-24 02:06:42,mysql_database,16138.759216650002
2473,868,1,46,1,1409.99,0.07,2025-11-24 02:06:42,mysql_database,66929.87766665
2474,869,1,7,1,3999.99,0.2,2025-11-24 02:06:42,mysql_database,189872.86531665002
2475,869,2,106,2,449.99,0.05,2025-11-24 02:06:42,mysql_database,21360.276066650003
2476,869,3,33,1,469.99,0.05,2025-11-24 02:06:42,mysql_database,22309.642766650002
2477,869,4,55,2,2699.99,0.05,2025-11-24 02:06:42,mysql_database,128164.02981665
2478,869,5,65,2,346.99,0.2,2025-11-24 02:06:42,mysql_database,16471.037561650002
2479,870,1,63,1,3499.99,0.07,2025-11-24 02:06:42,mysql_database,166138.69781665
2480,871,1,106,1,449.99,0.2,2025-11-24 02:06:42,mysql_database,21360.276066650003
2481,871,2,38,1,549.99,0.1,2025-11-24 02:06:42,mysql_database,26107.10956665
2482,871,3,30,2,999.99,0.2,2025-11-24 02:06:42,mysql_database,47467.86031665
2483,871,4,107,2,416.99,0.05,2025-11-24 02:06:42,mysql_database,19793.82101165
2484,872,1,62,2,3499.99,0.07,2025-11-24 02:06:42,mysql_database,166138.69781665
2485,872,2,53,1,749.99,0.1,2025-11-24 02:06:42,mysql_database,35600.776566650005
2486,873,1,32,2,469.99,0.1,2025-11-24 02:06:42,mysql_database,22309.642766650002
2487,874,1,56,1,5499.99,0.05,2025-11-24 02:06:42,mysql_database,261075.36781665002
2488,874,2,27,2,999.99,0.05,2025-11-24 02:06:42,mysql_database,47467.86031665
2489,874,3,73,1,749.99,0.1,2025-11-24 02:06:42,mysql_database,35600.776566650005
2490,874,4,77,2,799.99,0.07,2025-11-24 02:06:42,mysql_database,37974.19331665
2491,875,1,5,2,1320.99,0.1,2025-11-24 02:06:42,mysql_database,62705.19585165
2492,875,2,15,2,529.99,0.05,2025-11-24 02:06:42,mysql_database,25157.74286665
2493,875,3,14,1,269.99,0.07,2025-11-24 02:06:42,mysql_database,12815.97576665
2494,875,4,111,1,470.99,0.2,2025-11-24 02:06:42,mysql_database,22357.111101650004
2495,876,1,17,2,429.0,0.2,2025-11-24 02:06:42,mysql_database,20363.915715000003
2496,876,2,66,2,250.99,0.2,2025-11-24 02:06:42,mysql_database,11914.077401650002
2497,876,3,96,1,349.99,0.07,2025-11-24 02:06:42,mysql_database,16613.442566650003
2498,876,4,107,2,416.99,0.05,2025-11-24 02:06:42,mysql_database,19793.82101165
2499,877,1,73,1,749.99,0.07,2025-11-24 02:06:42,mysql_database,35600.776566650005
2500,877,2,103,1,551.99,0.1,2025-11-24 02:06:42,mysql_database,26202.046236650003
2501,878,1,103,1,551.99,0.2,2025-11-24 02:06:42,mysql_database,26202.046236650003
2502,878,2,13,1,269.99,0.1,2025-11-24 02:06:42,mysql_database,12815.97576665
2503,878,3,6,2,469.99,0.2,2025-11-24 02:06:42,mysql_database,22309.642766650002
2504,878,4,18,2,449.0,0.05,2025-11-24 02:06:42,mysql_database,21313.282415
2505,879,1,100,2,489.99,0.2,2025-11-24 02:06:42,mysql_database,23259.00946665
2506,879,2,2,2,749.99,0.07,2025-11-24 02:06:42,mysql_database,35600.776566650005
2507,879,3,83,2,149.99,0.2,2025-11-24 02:06:42,mysql_database,7119.775566650001
2508,879,4,82,1,659.99,0.07,2025-11-24 02:06:42,mysql_database,31328.626416650004
2509,880,1,28,2,2499.99,0.2,2025-11-24 02:06:42,mysql_database,118670.36281665
2510,880,2,95,1,299.99,0.1,2025-11-24 02:06:42,mysql_database,14240.02581665
2511,880,3,5,1,1320.99,0.07,2025-11-24 02:06:42,mysql_database,62705.19585165
2512,880,4,26,1,599.99,0.1,2025-11-24 02:06:42,mysql_database,28480.52631665
2513,880,5,66,1,250.99,0.2,2025-11-24 02:06:42,mysql_database,11914.077401650002
2514,881,1,98,1,489.99,0.07,2025-11-24 02:06:42,mysql_database,23259.00946665
2515,881,2,50,1,5999.99,0.2,2025-11-24 02:06:42,mysql_database,284809.53531665
2516,881,3,64,2,489.99,0.05,2025-11-24 02:06:42,mysql_database,23259.00946665
2517,881,4,67,1,250.99,0.1,2025-11-24 02:06:42,mysql_database,11914.077401650002
2518,882,1,63,2,3499.99,0.07,2025-11-24 02:06:42,mysql_database,166138.69781665
2519,882,2,108,2,449.99,0.2,2025-11-24 02:06:42,mysql_database,21360.276066650003
2520,882,3,57,2,1999.99,0.07,2025-11-24 02:06:42,mysql_database,94936.19531665
2521,883,1,44,1,539.99,0.05,2025-11-24 02:06:42,mysql_database,25632.42621665
2522,883,2,5,2,1320.99,0.05,2025-11-24 02:06:42,mysql_database,62705.19585165
2523,884,1,49,2,3499.99,0.05,2025-11-24 02:06:42,mysql_database,166138.69781665
2524,884,2,69,2,416.99,0.07,2025-11-24 02:06:42,mysql_database,19793.82101165
2525,884,3,46,2,1409.99,0.2,2025-11-24 02:06:42,mysql_database,66929.87766665
2526,884,4,10,1,1549.0,0.1,2025-11-24 02:06:42,mysql_database,73528.45091500001
2527,884,5,21,2,269.99,0.05,2025-11-24 02:06:42,mysql_database,12815.97576665
2528,885,1,106,1,449.99,0.07,2025-11-24 02:06:42,mysql_database,21360.276066650003
2529,885,2,43,1,5299.99,0.1,2025-11-24 02:06:42,mysql_database,251581.70081665
2530,886,1,47,1,5299.99,0.05,2025-11-24 02:06:42,mysql_database,251581.70081665
2531,886,2,30,1,999.99,0.05,2025-11-24 02:06:42,mysql_database,47467.86031665
2532,887,1,50,2,5999.99,0.05,2025-11-24 02:06:42,mysql_database,284809.53531665
2533,887,2,70,1,659.99,0.1,2025-11-24 02:06:42,mysql_database,31328.626416650004
2534,888,1,33,2,469.99,0.1,2025-11-24 02:06:42,mysql_database,22309.642766650002
2535,888,2,26,2,599.99,0.2,2025-11-24 02:06:42,mysql_database,28480.52631665
2536,889,1,12,2,549.99,0.1,2025-11-24 02:06:42,mysql_database,26107.10956665
2537,890,1,16,2,599.99,0.1,2025-11-24 02:06:42,mysql_database,28480.52631665
2538,890,2,105,2,533.99,0.1,2025-11-24 02:06:42,mysql_database,25347.616206650004
2539,890,3,52,1,875.99,0.05,2025-11-24 02:06:42,mysql_database,41581.786776650006
2540,890,4,67,1,250.99,0.1,2025-11-24 02:06:42,mysql_database,11914.077401650002
2541,890,5,65,2,346.99,0.1,2025-11-24 02:06:42,mysql_database,16471.037561650002
2542,891,1,107,2,416.99,0.1,2025-11-24 02:06:42,mysql_database,19793.82101165
2543,891,2,32,1,469.99,0.05,2025-11-24 02:06:42,mysql_database,22309.642766650002
2544,891,3,35,2,832.99,0.1,2025-11-24 02:06:42,mysql_database,39540.64837165
2545,891,4,50,1,5999.99,0.1,2025-11-24 02:06:42,mysql_database,284809.53531665
2546,892,1,36,1,832.99,0.1,2025-11-24 02:06:42,mysql_database,39540.64837165
2547,892,2,9,2,2999.99,0.2,2025-11-24 02:06:42,mysql_database,142404.53031665
2548,892,3,50,2,5999.99,0.07,2025-11-24 02:06:42,mysql_database,284809.53531665
2549,892,4,88,1,189.99,0.05,2025-11-24 02:06:42,mysql_database,9018.50896665
2550,893,1,67,2,250.99,0.05,2025-11-24 02:06:42,mysql_database,11914.077401650002
2551,893,2,45,1,869.99,0.07,2025-11-24 02:06:42,mysql_database,41296.976766650005
2552,894,1,101,2,339.99,0.2,2025-11-24 02:06:42,mysql_database,16138.759216650002
2553,895,1,106,1,449.99,0.07,2025-11-24 02:06:42,mysql_database,21360.276066650003
2554,896,1,91,2,349.99,0.05,2025-11-24 02:06:42,mysql_database,16613.442566650003
2555,896,2,10,1,1549.0,0.05,2025-11-24 02:06:42,mysql_database,73528.45091500001
2556,897,1,105,1,533.99,0.05,2025-11-24 02:06:42,mysql_database,25347.616206650004
2557,897,2,96,1,349.99,0.05,2025-11-24 02:06:42,mysql_database,16613.442566650003
2558,898,1,45,2,869.99,0.2,2025-11-24 02:06:42,mysql_database,41296.976766650005
2559,898,2,16,1,599.99,0.07,2025-11-24 02:06:42,mysql_database,28480.52631665
2560,898,3,57,2,1999.99,0.2,2025-11-24 02:06:42,mysql_database,94936.19531665
2561,898,4,69,2,416.99,0.07,2025-11-24 02:06:42,mysql_database,19793.82101165
2562,899,1,59,2,2599.99,0.1,2025-11-24 02:06:42,mysql_database,123417.19631664999
2563,899,2,17,1,429.0,0.1,2025-11-24 02:06:42,mysql_database,20363.915715000003
2564,899,3,6,1,469.99,0.2,2025-11-24 02:06:42,mysql_database,22309.642766650002
2565,900,1,26,2,599.99,0.05,2025-11-24 02:06:42,mysql_database,28480.52631665
2566,900,2,108,1,449.99,0.07,2025-11-24 02:06:42,mysql_database,21360.276066650003
2567,900,3,89,1,209.99,0.2,2025-11-24 02:06:42,mysql_database,9967.875666650001
2568,900,4,61,2,4999.99,0.05,2025-11-24 02:06:42,mysql_database,237341.20031665
2569,900,5,28,2,2499.99,0.07,2025-11-24 02:06:42,mysql_database,118670.36281665
2570,901,1,50,1,5999.99,0.2,2025-11-24 02:06:42,mysql_database,284809.53531665
2571,901,2,43,1,5299.99,0.07,2025-11-24 02:06:42,mysql_database,251581.70081665
2572,902,1,38,2,549.99,0.07,2025-11-24 02:06:42,mysql_database,26107.10956665
2573,902,2,92,1,209.99,0.07,2025-11-24 02:06:42,mysql_database,9967.875666650001
2574,902,3,12,1,549.99,0.2,2025-11-24 02:06:42,mysql_database,26107.10956665
2575,902,4,76,2,299.99,0.05,2025-11-24 02:06:42,mysql_database,14240.02581665
2576,903,1,31,2,1632.99,0.07,2025-11-24 02:06:42,mysql_database,77515.31637165001
2577,903,2,48,2,1499.99,0.05,2025-11-24 02:06:42,mysql_database,71202.02781665
2578,904,1,36,2,832.99,0.1,2025-11-24 02:06:42,mysql_database,39540.64837165
2579,904,2,51,2,6499.99,0.07,2025-11-24 02:06:42,mysql_database,308543.70281665004
2580,904,3,92,2,209.99,0.2,2025-11-24 02:06:42,mysql_database,9967.875666650001
2581,904,4,13,1,269.99,0.2,2025-11-24 02:06:42,mysql_database,12815.97576665
2582,905,1,67,1,250.99,0.1,2025-11-24 02:06:42,mysql_database,11914.077401650002
2583,905,2,62,2,3499.99,0.05,2025-11-24 02:06:42,mysql_database,166138.69781665
2584,905,3,42,2,2299.99,0.2,2025-11-24 02:06:42,mysql_database,109176.69581665
2585,905,4,20,1,599.99,0.2,2025-11-24 02:06:42,mysql_database,28480.52631665
2586,906,1,23,2,299.99,0.2,2025-11-24 02:06:42,mysql_database,14240.02581665
2587,906,2,28,2,2499.99,0.07,2025-11-24 02:06:42,mysql_database,118670.36281665
2588,906,3,46,1,1409.99,0.05,2025-11-24 02:06:42,mysql_database,66929.87766665
2589,906,4,102,2,489.99,0.1,2025-11-24 02:06:42,mysql_database,23259.00946665
2590,906,5,22,2,269.99,0.2,2025-11-24 02:06:42,mysql_database,12815.97576665
2591,907,1,84,2,109.99,0.07,2025-11-24 02:06:42,mysql_database,5221.04216665
2592,907,2,65,1,346.99,0.07,2025-11-24 02:06:42,mysql_database,16471.037561650002
2593,908,1,41,1,1469.99,0.2,2025-11-24 02:06:42,mysql_database,69777.97776665
2594,908,2,94,1,249.99,0.1,2025-11-24 02:06:42,mysql_database,11866.60906665
2595,908,3,102,2,489.99,0.1,2025-11-24 02:06:42,mysql_database,23259.00946665
2596,909,1,5,1,1320.99,0.2,2025-11-24 02:06:42,mysql_database,62705.19585165
2597,910,1,23,1,299.99,0.1,2025-11-24 02:06:42,mysql_database,14240.02581665
2598,911,1,66,2,250.99,0.05,2025-11-24 02:06:42,mysql_database,11914.077401650002
2599,911,2,106,1,449.99,0.05,2025-11-24 02:06:42,mysql_database,21360.276066650003
2600,911,3,91,2,349.99,0.05,2025-11-24 02:06:42,mysql_database,16613.442566650003
2601,911,4,49,1,3499.99,0.2,2025-11-24 02:06:42,mysql_database,166138.69781665
2602,912,1,22,2,269.99,0.2,2025-11-24 02:06:42,mysql_database,12815.97576665
2603,912,2,71,2,416.99,0.05,2025-11-24 02:06:42,mysql_database,19793.82101165
2604,912,3,101,1,339.99,0.05,2025-11-24 02:06:42,mysql_database,16138.759216650002
2605,912,4,2,2,749.99,0.2,2025-11-24 02:06:42,mysql_database,35600.776566650005
2606,913,1,90,2,209.99,0.1,2025-11-24 02:06:42,mysql_database,9967.875666650001
2607,913,2,24,2,549.99,0.05,2025-11-24 02:06:42,mysql_database,26107.10956665
2608,914,1,38,1,549.99,0.07,2025-11-24 02:06:42,mysql_database,26107.10956665
2609,914,2,20,2,599.99,0.2,2025-11-24 02:06:42,mysql_database,28480.52631665
2610,914,3,106,1,449.99,0.05,2025-11-24 02:06:42,mysql_database,21360.276066650003
2611,914,4,46,1,1409.99,0.1,2025-11-24 02:06:42,mysql_database,66929.87766665
2612,915,1,64,1,489.99,0.05,2025-11-24 02:06:42,mysql_database,23259.00946665
2613,915,2,48,1,1499.99,0.07,2025-11-24 02:06:42,mysql_database,71202.02781665
2614,915,3,42,1,2299.99,0.2,2025-11-24 02:06:42,mysql_database,109176.69581665
2615,915,4,2,1,749.99,0.07,2025-11-24 02:06:42,mysql_database,35600.776566650005
2616,916,1,92,1,209.99,0.2,2025-11-24 02:06:42,mysql_database,9967.875666650001
2617,917,1,41,1,1469.99,0.07,2025-11-24 02:06:42,mysql_database,69777.97776665
2618,918,1,91,1,349.99,0.2,2025-11-24 02:06:42,mysql_database,16613.442566650003
2619,918,2,31,1,1632.99,0.1,2025-11-24 02:06:42,mysql_database,77515.31637165001
2620,918,3,4,2,2899.99,0.07,2025-11-24 02:06:42,mysql_database,137657.69681665
2621,919,1,7,1,3999.99,0.07,2025-11-24 02:06:42,mysql_database,189872.86531665002
2622,919,2,44,1,539.99,0.1,2025-11-24 02:06:42,mysql_database,25632.42621665
2623,920,1,76,1,299.99,0.05,2025-11-24 02:06:42,mysql_database,14240.02581665
2624,920,2,39,2,1499.99,0.07,2025-11-24 02:06:42,mysql_database,71202.02781665
2625,920,3,78,1,647.99,0.05,2025-11-24 02:06:42,mysql_database,30759.006396650002
2626,920,4,80,2,761.99,0.07,2025-11-24 02:06:42,mysql_database,36170.39658665
2627,921,1,77,1,799.99,0.2,2025-11-24 02:06:42,mysql_database,37974.19331665
2628,921,2,75,2,599.99,0.07,2025-11-24 02:06:42,mysql_database,28480.52631665
2629,921,3,48,1,1499.99,0.1,2025-11-24 02:06:42,mysql_database,71202.02781665
2630,922,1,68,1,449.99,0.2,2025-11-24 02:06:42,mysql_database,21360.276066650003
2631,922,2,73,1,749.99,0.2,2025-11-24 02:06:42,mysql_database,35600.776566650005
2632,922,3,86,1,149.99,0.1,2025-11-24 02:06:42,mysql_database,7119.775566650001
2633,923,1,74,2,439.99,0.05,2025-11-24 02:06:42,mysql_database,20885.59271665
2634,923,2,6,1,469.99,0.1,2025-11-24 02:06:42,mysql_database,22309.642766650002
2635,924,1,97,2,349.99,0.2,2025-11-24 02:06:42,mysql_database,16613.442566650003
2636,924,2,36,1,832.99,0.2,2025-11-24 02:06:42,mysql_database,39540.64837165
2637,925,1,97,1,349.99,0.07,2025-11-24 02:06:42,mysql_database,16613.442566650003
2638,925,2,62,2,3499.99,0.2,2025-11-24 02:06:42,mysql_database,166138.69781665
2639,926,1,37,2,379.99,0.2,2025-11-24 02:06:42,mysql_database,18037.49261665
2640,927,1,74,2,439.99,0.1,2025-11-24 02:06:42,mysql_database,20885.59271665
2641,927,2,16,2,599.99,0.2,2025-11-24 02:06:42,mysql_database,28480.52631665
2642,927,3,50,1,5999.99,0.1,2025-11-24 02:06:42,mysql_database,284809.53531665
2643,927,4,3,1,999.99,0.1,2025-11-24 02:06:42,mysql_database,47467.86031665
2644,927,5,43,1,5299.99,0.07,2025-11-24 02:06:42,mysql_database,251581.70081665
2645,928,1,71,2,416.99,0.05,2025-11-24 02:06:42,mysql_database,19793.82101165
2646,928,2,83,1,149.99,0.2,2025-11-24 02:06:42,mysql_database,7119.775566650001
2647,929,1,82,1,659.99,0.2,2025-11-24 02:06:42,mysql_database,31328.626416650004
2648,929,2,63,2,3499.99,0.1,2025-11-24 02:06:42,mysql_database,166138.69781665
2649,929,3,24,1,549.99,0.05,2025-11-24 02:06:42,mysql_database,26107.10956665
2650,930,1,56,2,5499.99,0.07,2025-11-24 02:06:42,mysql_database,261075.36781665002
2651,930,2,82,1,659.99,0.07,2025-11-24 02:06:42,mysql_database,31328.626416650004
2652,930,3,60,1,1559.99,0.1,2025-11-24 02:06:42,mysql_database,74050.12791665
2653,930,4,65,2,346.99,0.05,2025-11-24 02:06:42,mysql_database,16471.037561650002
2654,930,5,51,2,6499.99,0.1,2025-11-24 02:06:42,mysql_database,308543.70281665004
2655,931,1,49,2,3499.99,0.07,2025-11-24 02:06:42,mysql_database,166138.69781665
2656,931,2,76,1,299.99,0.2,2025-11-24 02:06:42,mysql_database,14240.02581665
2657,932,1,74,1,439.99,0.05,2025-11-24 02:06:42,mysql_database,20885.59271665
2658,933,1,77,1,799.99,0.07,2025-11-24 02:06:42,mysql_database,37974.19331665
2659,933,2,21,1,269.99,0.2,2025-11-24 02:06:42,mysql_database,12815.97576665
2660,933,3,75,2,599.99,0.05,2025-11-24 02:06:42,mysql_database,28480.52631665
2661,934,1,35,2,832.99,0.05,2025-11-24 02:06:42,mysql_database,39540.64837165
2662,934,2,48,1,1499.99,0.05,2025-11-24 02:06:42,mysql_database,71202.02781665
2663,934,3,18,1,449.0,0.1,2025-11-24 02:06:42,mysql_database,21313.282415
2664,934,4,61,1,4999.99,0.07,2025-11-24 02:06:42,mysql_database,237341.20031665
2665,934,5,56,2,5499.99,0.2,2025-11-24 02:06:42,mysql_database,261075.36781665002
2666,935,1,65,2,346.99,0.2,2025-11-24 02:06:42,mysql_database,16471.037561650002
2667,935,2,76,2,299.99,0.07,2025-11-24 02:06:42,mysql_database,14240.02581665
2668,935,3,6,1,469.99,0.07,2025-11-24 02:06:42,mysql_database,22309.642766650002
2669,935,4,38,1,549.99,0.07,2025-11-24 02:06:42,mysql_database,26107.10956665
2670,936,1,70,1,659.99,0.1,2025-11-24 02:06:42,mysql_database,31328.626416650004
2671,936,2,44,1,539.99,0.07,2025-11-24 02:06:42,mysql_database,25632.42621665
2672,937,1,108,2,449.99,0.1,2025-11-24 02:06:42,mysql_database,21360.276066650003
2673,937,2,51,2,6499.99,0.07,2025-11-24 02:06:42,mysql_database,308543.70281665004
2674,937,3,58,2,4999.99,0.07,2025-11-24 02:06:42,mysql_database,237341.20031665
2675,937,4,28,2,2499.99,0.07,2025-11-24 02:06:42,mysql_database,118670.36281665
2676,937,5,66,1,250.99,0.2,2025-11-24 02:06:42,mysql_database,11914.077401650002
2677,938,1,4,1,2899.99,0.05,2025-11-24 02:06:42,mysql_database,137657.69681665
2678,938,2,13,1,269.99,0.05,2025-11-24 02:06:42,mysql_database,12815.97576665
2679,939,1,5,1,1320.99,0.1,2025-11-24 02:06:42,mysql_database,62705.19585165
2680,939,2,107,2,416.99,0.2,2025-11-24 02:06:42,mysql_database,19793.82101165
2681,940,1,75,2,599.99,0.2,2025-11-24 02:06:42,mysql_database,28480.52631665
2682,941,1,25,1,499.99,0.1,2025-11-24 02:06:42,mysql_database,23733.692816650004
2683,941,2,102,2,489.99,0.05,2025-11-24 02:06:42,mysql_database,23259.00946665
2684,941,3,11,2,1680.99,0.07,2025-11-24 02:06:42,mysql_database,79793.79645165
2685,942,1,98,2,489.99,0.05,2025-11-24 02:06:42,mysql_database,23259.00946665
2686,942,2,110,2,470.99,0.1,2025-11-24 02:06:42,mysql_database,22357.111101650004
2687,942,3,35,2,832.99,0.07,2025-11-24 02:06:42,mysql_database,39540.64837165
2688,942,4,103,1,551.99,0.05,2025-11-24 02:06:42,mysql_database,26202.046236650003
2689,942,5,100,1,489.99,0.05,2025-11-24 02:06:42,mysql_database,23259.00946665
2690,943,1,25,1,499.99,0.2,2025-11-24 02:06:42,mysql_database,23733.692816650004
2691,943,2,82,1,659.99,0.2,2025-11-24 02:06:42,mysql_database,31328.626416650004
2692,944,1,29,2,999.99,0.07,2025-11-24 02:06:42,mysql_database,47467.86031665
2693,944,2,16,2,599.99,0.1,2025-11-24 02:06:42,mysql_database,28480.52631665
2694,944,3,70,2,659.99,0.2,2025-11-24 02:06:42,mysql_database,31328.626416650004
2695,944,4,85,2,329.99,0.2,2025-11-24 02:06:42,mysql_database,15664.075866650002
2696,944,5,69,2,416.99,0.07,2025-11-24 02:06:42,mysql_database,19793.82101165
2697,945,1,105,1,533.99,0.05,2025-11-24 02:06:42,mysql_database,25347.616206650004
2698,945,2,94,2,249.99,0.2,2025-11-24 02:06:42,mysql_database,11866.60906665
2699,945,3,34,2,469.99,0.05,2025-11-24 02:06:42,mysql_database,22309.642766650002
2700,945,4,44,2,539.99,0.1,2025-11-24 02:06:42,mysql_database,25632.42621665
2701,945,5,50,2,5999.99,0.05,2025-11-24 02:06:42,mysql_database,284809.53531665
2702,946,1,7,1,3999.99,0.1,2025-11-24 02:06:42,mysql_database,189872.86531665002
2703,946,2,85,2,329.99,0.2,2025-11-24 02:06:42,mysql_database,15664.075866650002
2704,946,3,62,1,3499.99,0.05,2025-11-24 02:06:42,mysql_database,166138.69781665
2705,946,4,22,2,269.99,0.2,2025-11-24 02:06:42,mysql_database,12815.97576665
2706,946,5,56,2,5499.99,0.07,2025-11-24 02:06:42,mysql_database,261075.36781665002
2707,947,1,32,1,469.99,0.05,2025-11-24 02:06:42,mysql_database,22309.642766650002
2708,947,2,42,2,2299.99,0.07,2025-11-24 02:06:42,mysql_database,109176.69581665
2709,947,3,44,1,539.99,0.07,2025-11-24 02:06:42,mysql_database,25632.42621665
2710,948,1,23,2,299.99,0.2,2025-11-24 02:06:42,mysql_database,14240.02581665
2711,948,2,20,2,599.99,0.1,2025-11-24 02:06:42,mysql_database,28480.52631665
2712,948,3,101,1,339.99,0.2,2025-11-24 02:06:42,mysql_database,16138.759216650002
2713,948,4,92,2,209.99,0.2,2025-11-24 02:06:42,mysql_database,9967.875666650001
2714,948,5,72,2,619.99,0.2,2025-11-24 02:06:42,mysql_database,29429.893016650003
2715,949,1,9,2,2999.99,0.1,2025-11-24 02:06:42,mysql_database,142404.53031665
2716,949,2,55,2,2699.99,0.05,2025-11-24 02:06:42,mysql_database,128164.02981665
2717,950,1,56,1,5499.99,0.05,2025-11-24 02:06:42,mysql_database,261075.36781665002
2718,951,1,59,1,2599.99,0.1,2025-11-24 02:06:42,mysql_database,123417.19631664999
2719,951,2,43,2,5299.99,0.1,2025-11-24 02:06:42,mysql_database,251581.70081665
2720,951,3,62,2,3499.99,0.2,2025-11-24 02:06:42,mysql_database,166138.69781665
2721,952,1,20,2,599.99,0.07,2025-11-24 02:06:42,mysql_database,28480.52631665
2722,952,2,57,1,1999.99,0.05,2025-11-24 02:06:42,mysql_database,94936.19531665
2723,953,1,23,2,299.99,0.07,2025-11-24 02:06:42,mysql_database,14240.02581665
2724,954,1,4,2,2899.99,0.1,2025-11-24 02:06:42,mysql_database,137657.69681665
2725,955,1,43,1,5299.99,0.1,2025-11-24 02:06:42,mysql_database,251581.70081665
2726,955,2,31,2,1632.99,0.07,2025-11-24 02:06:42,mysql_database,77515.31637165001
2727,955,3,96,1,349.99,0.05,2025-11-24 02:06:42,mysql_database,16613.442566650003
2728,955,4,63,1,3499.99,0.2,2025-11-24 02:06:42,mysql_database,166138.69781665
2729,955,5,88,1,189.99,0.05,2025-11-24 02:06:42,mysql_database,9018.50896665
2730,956,1,76,2,299.99,0.1,2025-11-24 02:06:42,mysql_database,14240.02581665
2731,956,2,23,1,299.99,0.2,2025-11-24 02:06:42,mysql_database,14240.02581665
2732,956,3,73,2,749.99,0.1,2025-11-24 02:06:42,mysql_database,35600.776566650005
2733,956,4,13,2,269.99,0.2,2025-11-24 02:06:42,mysql_database,12815.97576665
2734,956,5,79,2,402.99,0.1,2025-11-24 02:06:42,mysql_database,19129.26432165
2735,957,1,108,2,449.99,0.05,2025-11-24 02:06:42,mysql_database,21360.276066650003
2736,957,2,14,2,269.99,0.07,2025-11-24 02:06:42,mysql_database,12815.97576665
2737,957,3,70,2,659.99,0.05,2025-11-24 02:06:42,mysql_database,31328.626416650004
2738,957,4,66,1,250.99,0.07,2025-11-24 02:06:42,mysql_database,11914.077401650002
2739,957,5,111,1,470.99,0.05,2025-11-24 02:06:42,mysql_database,22357.111101650004
2740,958,1,51,1,6499.99,0.1,2025-11-24 02:06:42,mysql_database,308543.70281665004
2741,958,2,76,1,299.99,0.2,2025-11-24 02:06:42,mysql_database,14240.02581665
2742,959,1,15,1,529.99,0.2,2025-11-24 02:06:42,mysql_database,25157.74286665
2743,959,2,72,1,619.99,0.1,2025-11-24 02:06:42,mysql_database,29429.893016650003
2744,959,3,41,1,1469.99,0.05,2025-11-24 02:06:42,mysql_database,69777.97776665
2745,959,4,65,1,346.99,0.07,2025-11-24 02:06:42,mysql_database,16471.037561650002
2746,960,1,73,2,749.99,0.05,2025-11-24 02:06:42,mysql_database,35600.776566650005
2747,960,2,52,1,875.99,0.1,2025-11-24 02:06:42,mysql_database,41581.786776650006
2748,960,3,48,2,1499.99,0.05,2025-11-24 02:06:42,mysql_database,71202.02781665
2749,960,4,83,2,149.99,0.1,2025-11-24 02:06:42,mysql_database,7119.775566650001
2750,961,1,105,1,533.99,0.1,2025-11-24 02:06:42,mysql_database,25347.616206650004
2751,961,2,47,2,5299.99,0.2,2025-11-24 02:06:42,mysql_database,251581.70081665
2752,961,3,65,2,346.99,0.07,2025-11-24 02:06:42,mysql_database,16471.037561650002
2753,962,1,65,2,346.99,0.07,2025-11-24 02:06:42,mysql_database,16471.037561650002
2754,962,2,64,2,489.99,0.07,2025-11-24 02:06:42,mysql_database,23259.00946665
2755,963,1,4,1,2899.99,0.07,2025-11-24 02:06:42,mysql_database,137657.69681665
2756,964,1,90,1,209.99,0.2,2025-11-24 02:06:42,mysql_database,9967.875666650001
2757,964,2,74,1,439.99,0.2,2025-11-24 02:06:42,mysql_database,20885.59271665
2758,965,1,90,2,209.99,0.1,2025-11-24 02:06:42,mysql_database,9967.875666650001
2759,966,1,88,1,189.99,0.05,2025-11-24 02:06:42,mysql_database,9018.50896665
2760,966,2,73,1,749.99,0.07,2025-11-24 02:06:42,mysql_database,35600.776566650005
2761,967,1,66,1,250.99,0.2,2025-11-24 02:06:42,mysql_database,11914.077401650002
2762,967,2,77,2,799.99,0.05,2025-11-24 02:06:42,mysql_database,37974.19331665
2763,967,3,87,1,189.99,0.1,2025-11-24 02:06:42,mysql_database,9018.50896665
2764,967,4,103,1,551.99,0.2,2025-11-24 02:06:42,mysql_database,26202.046236650003
2765,968,1,87,1,189.99,0.2,2025-11-24 02:06:42,mysql_database,9018.50896665
2766,968,2,61,2,4999.99,0.05,2025-11-24 02:06:42,mysql_database,237341.20031665
2767,968,3,10,2,1549.0,0.05,2025-11-24 02:06:42,mysql_database,73528.45091500001
2768,969,1,74,1,439.99,0.2,2025-11-24 02:06:42,mysql_database,20885.59271665
2769,969,2,36,1,832.99,0.1,2025-11-24 02:06:42,mysql_database,39540.64837165
2770,970,1,85,1,329.99,0.1,2025-11-24 02:06:42,mysql_database,15664.075866650002
2771,970,2,48,2,1499.99,0.1,2025-11-24 02:06:42,mysql_database,71202.02781665
2772,970,3,54,2,3199.99,0.1,2025-11-24 02:06:42,mysql_database,151898.19731665
2773,970,4,68,1,449.99,0.1,2025-11-24 02:06:42,mysql_database,21360.276066650003
2774,971,1,70,2,659.99,0.05,2025-11-24 02:06:42,mysql_database,31328.626416650004
2775,971,2,65,2,346.99,0.07,2025-11-24 02:06:42,mysql_database,16471.037561650002
2776,971,3,8,2,1799.99,0.05,2025-11-24 02:06:42,mysql_database,85442.52831665
2777,971,4,12,2,549.99,0.07,2025-11-24 02:06:42,mysql_database,26107.10956665
2778,971,5,38,1,549.99,0.2,2025-11-24 02:06:42,mysql_database,26107.10956665
2779,972,1,100,1,489.99,0.2,2025-11-24 02:06:42,mysql_database,23259.00946665
2780,972,2,63,1,3499.99,0.07,2025-11-24 02:06:42,mysql_database,166138.69781665
2781,973,1,4,2,2899.99,0.1,2025-11-24 02:06:42,mysql_database,137657.69681665
2782,973,2,28,2,2499.99,0.1,2025-11-24 02:06:42,mysql_database,118670.36281665
2783,973,3,47,2,5299.99,0.05,2025-11-24 02:06:42,mysql_database,251581.70081665
2784,973,4,71,1,416.99,0.07,2025-11-24 02:06:42,mysql_database,19793.82101165
2785,974,1,33,2,469.99,0.1,2025-11-24 02:06:42,mysql_database,22309.642766650002
2786,974,2,22,2,269.99,0.2,2025-11-24 02:06:42,mysql_database,12815.97576665
2787,975,1,110,2,470.99,0.2,2025-11-24 02:06:42,mysql_database,22357.111101650004
2788,976,1,26,2,599.99,0.1,2025-11-24 02:06:42,mysql_database,28480.52631665
2789,976,2,39,1,1499.99,0.07,2025-11-24 02:06:42,mysql_database,71202.02781665
2790,977,1,52,2,875.99,0.1,2025-11-24 02:06:42,mysql_database,41581.786776650006
2791,977,2,69,2,416.99,0.05,2025-11-24 02:06:42,mysql_database,19793.82101165
2792,977,3,27,1,999.99,0.05,2025-11-24 02:06:42,mysql_database,47467.86031665
2793,977,4,80,2,761.99,0.05,2025-11-24 02:06:42,mysql_database,36170.39658665
2794,978,1,106,2,449.99,0.05,2025-11-24 02:06:42,mysql_database,21360.276066650003
2795,978,2,25,2,499.99,0.2,2025-11-24 02:06:42,mysql_database,23733.692816650004
2796,978,3,108,2,449.99,0.05,2025-11-24 02:06:42,mysql_database,21360.276066650003
2797,979,1,55,1,2699.99,0.05,2025-11-24 02:06:42,mysql_database,128164.02981665
2798,979,2,71,2,416.99,0.2,2025-11-24 02:06:42,mysql_database,19793.82101165
2799,979,3,12,2,549.99,0.1,2025-11-24 02:06:42,mysql_database,26107.10956665
2800,979,4,52,1,875.99,0.2,2025-11-24 02:06:42,mysql_database,41581.786776650006
2801,980,1,49,2,3499.99,0.2,2025-11-24 02:06:42,mysql_database,166138.69781665
2802,980,2,9,1,2999.99,0.1,2025-11-24 02:06:42,mysql_database,142404.53031665
2803,980,3,64,1,489.99,0.1,2025-11-24 02:06:42,mysql_database,23259.00946665
2804,981,1,35,1,832.99,0.1,2025-11-24 02:06:42,mysql_database,39540.64837165
2805,981,2,95,2,299.99,0.05,2025-11-24 02:06:42,mysql_database,14240.02581665
2806,981,3,21,2,269.99,0.07,2025-11-24 02:06:42,mysql_database,12815.97576665
2807,981,4,36,2,832.99,0.1,2025-11-24 02:06:42,mysql_database,39540.64837165
2808,981,5,61,1,4999.99,0.07,2025-11-24 02:06:42,mysql_database,237341.20031665
2809,982,1,22,2,269.99,0.1,2025-11-24 02:06:42,mysql_database,12815.97576665
2810,982,2,110,1,470.99,0.07,2025-11-24 02:06:42,mysql_database,22357.111101650004
2811,982,3,52,1,875.99,0.07,2025-11-24 02:06:42,mysql_database,41581.786776650006
2812,982,4,40,2,4999.99,0.05,2025-11-24 02:06:42,mysql_database,237341.20031665
2813,983,1,63,1,3499.99,0.1,2025-11-24 02:06:42,mysql_database,166138.69781665
2814,983,2,20,2,599.99,0.2,2025-11-24 02:06:42,mysql_database,28480.52631665
2815,983,3,68,1,449.99,0.07,2025-11-24 02:06:42,mysql_database,21360.276066650003
2816,983,4,81,2,1099.99,0.07,2025-11-24 02:06:42,mysql_database,52214.693816650004
2817,983,5,88,1,189.99,0.05,2025-11-24 02:06:42,mysql_database,9018.50896665
2818,984,1,68,1,449.99,0.2,2025-11-24 02:06:42,mysql_database,21360.276066650003
2819,984,2,81,2,1099.99,0.2,2025-11-24 02:06:42,mysql_database,52214.693816650004
2820,984,3,12,1,549.99,0.1,2025-11-24 02:06:42,mysql_database,26107.10956665
2821,984,4,111,1,470.99,0.2,2025-11-24 02:06:42,mysql_database,22357.111101650004
2822,985,1,5,2,1320.99,0.07,2025-11-24 02:06:42,mysql_database,62705.19585165
2823,985,2,59,1,2599.99,0.2,2025-11-24 02:06:42,mysql_database,123417.19631664999
2824,985,3,78,2,647.99,0.05,2025-11-24 02:06:42,mysql_database,30759.006396650002
2825,986,1,87,1,189.99,0.1,2025-11-24 02:06:42,mysql_database,9018.50896665
2826,986,2,78,1,647.99,0.05,2025-11-24 02:06:42,mysql_database,30759.006396650002
2827,986,3,26,2,599.99,0.07,2025-11-24 02:06:42,mysql_database,28480.52631665
2828,987,1,51,2,6499.99,0.1,2025-11-24 02:06:42,mysql_database,308543.70281665004
2829,987,2,60,2,1559.99,0.2,2025-11-24 02:06:42,mysql_database,74050.12791665
2830,987,3,80,1,761.99,0.07,2025-11-24 02:06:42,mysql_database,36170.39658665
2831,988,1,35,1,832.99,0.2,2025-11-24 02:06:42,mysql_database,39540.64837165
2832,988,2,38,1,549.99,0.07,2025-11-24 02:06:42,mysql_database,26107.10956665
2833,988,3,12,2,549.99,0.07,2025-11-24 02:06:42,mysql_database,26107.10956665
2834,989,1,99,1,299.99,0.05,2025-11-24 02:06:42,mysql_database,14240.02581665
2835,989,2,27,1,999.99,0.1,2025-11-24 02:06:42,mysql_database,47467.86031665
2836,989,3,70,1,659.99,0.1,2025-11-24 02:06:42,mysql_database,31328.626416650004
2837,989,4,84,2,109.99,0.07,2025-11-24 02:06:42,mysql_database,5221.04216665
2838,989,5,5,1,1320.99,0.1,2025-11-24 02:06:42,mysql_database,62705.19585165
2839,990,1,6,2,469.99,0.2,2025-11-24 02:06:42,mysql_database,22309.642766650002
2840,990,2,29,1,999.99,0.1,2025-11-24 02:06:42,mysql_database,47467.86031665
2841,990,3,91,1,349.99,0.1,2025-11-24 02:06:42,mysql_database,16613.442566650003
2842,990,4,14,2,269.99,0.1,2025-11-24 02:06:42,mysql_database,12815.97576665
2843,991,1,9,2,2999.99,0.2,2025-11-24 02:06:42,mysql_database,142404.53031665
2844,991,2,79,1,402.99,0.2,2025-11-24 02:06:42,mysql_database,19129.26432165
2845,991,3,34,1,469.99,0.2,2025-11-24 02:06:42,mysql_database,22309.642766650002
2846,992,1,45,1,869.99,0.07,2025-11-24 02:06:42,mysql_database,41296.976766650005
2847,992,2,102,1,489.99,0.1,2025-11-24 02:06:42,mysql_database,23259.00946665
2848,992,3,20,1,599.99,0.2,2025-11-24 02:06:42,mysql_database,28480.52631665
2849,992,4,101,2,339.99,0.2,2025-11-24 02:06:42,mysql_database,16138.759216650002
2850,992,5,7,1,3999.99,0.05,2025-11-24 02:06:42,mysql_database,189872.86531665002
2851,993,1,58,1,4999.99,0.2,2025-11-24 02:06:42,mysql_database,237341.20031665
2852,993,2,36,2,832.99,0.1,2025-11-24 02:06:42,mysql_database,39540.64837165
2853,993,3,10,2,1549.0,0.05,2025-11-24 02:06:42,mysql_database,73528.45091500001
2854,993,4,99,2,299.99,0.07,2025-11-24 02:06:42,mysql_database,14240.02581665
2855,993,5,79,2,402.99,0.1,2025-11-24 02:06:42,mysql_database,19129.26432165
2856,994,1,37,2,379.99,0.1,2025-11-24 02:06:42,mysql_database,18037.49261665
2857,994,2,45,1,869.99,0.2,2025-11-24 02:06:42,mysql_database,41296.976766650005
2858,994,3,66,1,250.99,0.07,2025-11-24 02:06:42,mysql_database,11914.077401650002
2859,995,1,16,2,599.99,0.1,2025-11-24 02:06:42,mysql_database,28480.52631665
2860,995,2,90,1,209.99,0.2,2025-11-24 02:06:42,mysql_database,9967.875666650001
2861,995,3,101,1,339.99,0.1,2025-11-24 02:06:42,mysql_database,16138.759216650002
2862,996,1,68,2,449.99,0.05,2025-11-24 02:06:42,mysql_database,21360.276066650003
2863,996,2,32,1,469.99,0.05,2025-11-24 02:06:42,mysql_database,22309.642766650002
2864,997,1,86,2,149.99,0.07,2025-11-24 02:06:42,mysql_database,7119.775566650001
2865,997,2,105,2,533.99,0.2,2025-11-24 02:06:42,mysql_database,25347.616206650004
2866,997,3,14,2,269.99,0.07,2025-11-24 02:06:42,mysql_database,12815.97576665
2867,998,1,26,2,599.99,0.05,2025-11-24 02:06:42,mysql_database,28480.52631665
2868,998,2,105,1,533.99,0.2,2025-11-24 02:06:42,mysql_database,25347.616206650004
2869,999,1,70,2,659.99,0.07,2025-11-24 02:06:42,mysql_database,31328.626416650004
2870,999,2,106,1,449.99,0.05,2025-11-24 02:06:42,mysql_database,21360.276066650003
2871,1000,1,65,2,346.99,0.05,2025-11-24 02:06:42,mysql_database,16471.037561650002
2872,1000,2,111,1,470.99,0.1,2025-11-24 02:06:42,mysql_database,22357.111101650004
2873,1000,3,19,2,449.0,0.07,2025-11-24 02:06:42,mysql_database,21313.282415
2874,1000,4,29,2,999.99,0.05,2025-11-24 02:06:42,mysql_database,47467.86031665
2875,1001,1,72,1,619.99,0.05,2025-11-24 02:06:42,mysql_database,29429.893016650003
2876,1001,2,45,2,869.99,0.05,2025-11-24 02:06:42,mysql_database,41296.976766650005
2877,1001,3,58,1,4999.99,0.1,2025-11-24 02:06:42,mysql_database,237341.20031665
2878,1001,4,111,1,470.99,0.07,2025-11-24 02:06:42,mysql_database,22357.111101650004
2879,1002,1,100,1,489.99,0.05,2025-11-24 02:06:42,mysql_database,23259.00946665
2880,1002,2,83,1,149.99,0.1,2025-11-24 02:06:42,mysql_database,7119.775566650001
2881,1002,3,8,2,1799.99,0.1,2025-11-24 02:06:42,mysql_database,85442.52831665
2882,1002,4,79,1,402.99,0.2,2025-11-24 02:06:42,mysql_database,19129.26432165
2883,1003,1,34,2,469.99,0.05,2025-11-24 02:06:42,mysql_database,22309.642766650002
2884,1003,2,51,2,6499.99,0.05,2025-11-24 02:06:42,mysql_database,308543.70281665004
2885,1004,1,36,2,832.99,0.1,2025-11-24 02:06:42,mysql_database,39540.64837165
2886,1005,1,14,2,269.99,0.2,2025-11-24 02:06:42,mysql_database,12815.97576665
2887,1005,2,81,2,1099.99,0.1,2025-11-24 02:06:42,mysql_database,52214.693816650004
2888,1005,3,99,1,299.99,0.1,2025-11-24 02:06:42,mysql_database,14240.02581665
2889,1006,1,20,1,599.99,0.07,2025-11-24 02:06:42,mysql_database,28480.52631665
2890,1006,2,68,1,449.99,0.1,2025-11-24 02:06:42,mysql_database,21360.276066650003
2891,1006,3,56,2,5499.99,0.07,2025-11-24 02:06:42,mysql_database,261075.36781665002
2892,1006,4,65,1,346.99,0.1,2025-11-24 02:06:42,mysql_database,16471.037561650002
2893,1006,5,46,1,1409.99,0.1,2025-11-24 02:06:42,mysql_database,66929.87766665
2894,1007,1,26,1,599.99,0.2,2025-11-24 02:06:42,mysql_database,28480.52631665
2895,1007,2,11,1,1680.99,0.05,2025-11-24 02:06:42,mysql_database,79793.79645165
2896,1007,3,85,2,329.99,0.1,2025-11-24 02:06:42,mysql_database,15664.075866650002
2897,1007,4,76,1,299.99,0.2,2025-11-24 02:06:42,mysql_database,14240.02581665
2898,1007,5,106,2,449.99,0.1,2025-11-24 02:06:42,mysql_database,21360.276066650003
2899,1008,1,71,1,416.99,0.2,2025-11-24 02:06:42,mysql_database,19793.82101165
2900,1008,2,2,1,749.99,0.1,2025-11-24 02:06:42,mysql_database,35600.776566650005
2901,1008,3,95,1,299.99,0.07,2025-11-24 02:06:42,mysql_database,14240.02581665
2902,1009,1,95,2,299.99,0.07,2025-11-24 02:06:42,mysql_database,14240.02581665
2903,1009,2,44,1,539.99,0.07,2025-11-24 02:06:42,mysql_database,25632.42621665
2904,1010,1,109,2,416.99,0.1,2025-11-24 02:06:42,mysql_database,19793.82101165
2905,1011,1,88,1,189.99,0.2,2025-11-24 02:06:42,mysql_database,9018.50896665
2906,1011,2,99,2,299.99,0.2,2025-11-24 02:06:42,mysql_database,14240.02581665
2907,1011,3,16,2,599.99,0.2,2025-11-24 02:06:42,mysql_database,28480.52631665
2908,1011,4,68,2,449.99,0.05,2025-11-24 02:06:42,mysql_database,21360.276066650003
2909,1012,1,8,1,1799.99,0.07,2025-11-24 02:06:42,mysql_database,85442.52831665
2910,1012,2,64,1,489.99,0.2,2025-11-24 02:06:42,mysql_database,23259.00946665
2911,1013,1,60,2,1559.99,0.05,2025-11-24 02:06:42,mysql_database,74050.12791665
2912,1014,1,97,1,349.99,0.2,2025-11-24 02:06:42,mysql_database,16613.442566650003
2913,1014,2,45,2,869.99,0.05,2025-11-24 02:06:42,mysql_database,41296.976766650005
2914,1014,3,81,2,1099.99,0.1,2025-11-24 02:06:42,mysql_database,52214.693816650004
2915,1014,4,59,1,2599.99,0.05,2025-11-24 02:06:42,mysql_database,123417.19631664999
2916,1015,1,6,2,469.99,0.1,2025-11-24 02:06:42,mysql_database,22309.642766650002
2917,1015,2,73,2,749.99,0.2,2025-11-24 02:06:42,mysql_database,35600.776566650005
2918,1015,3,101,2,339.99,0.1,2025-11-24 02:06:42,mysql_database,16138.759216650002
2919,1015,4,13,1,269.99,0.2,2025-11-24 02:06:42,mysql_database,12815.97576665
2920,1016,1,76,2,299.99,0.07,2025-11-24 02:06:42,mysql_database,14240.02581665
2921,1017,1,89,1,209.99,0.07,2025-11-24 02:06:42,mysql_database,9967.875666650001
2922,1017,2,82,2,659.99,0.2,2025-11-24 02:06:42,mysql_database,31328.626416650004
2923,1017,3,100,1,489.99,0.2,2025-11-24 02:06:42,mysql_database,23259.00946665
2924,1017,4,18,2,449.0,0.2,2025-11-24 02:06:42,mysql_database,21313.282415
2925,1017,5,77,2,799.99,0.1,2025-11-24 02:06:42,mysql_database,37974.19331665
2926,1018,1,76,2,299.99,0.07,2025-11-24 02:06:42,mysql_database,14240.02581665
2927,1018,2,97,2,349.99,0.1,2025-11-24 02:06:42,mysql_database,16613.442566650003
2928,1018,3,91,1,349.99,0.2,2025-11-24 02:06:42,mysql_database,16613.442566650003
2929,1019,1,30,1,999.99,0.1,2025-11-24 02:06:42,mysql_database,47467.86031665
2930,1019,2,52,1,875.99,0.2,2025-11-24 02:06:42,mysql_database,41581.786776650006
2931,1019,3,37,1,379.99,0.05,2025-11-24 02:06:42,mysql_database,18037.49261665
2932,1019,4,93,2,209.99,0.2,2025-11-24 02:06:42,mysql_database,9967.875666650001
2933,1020,1,20,2,599.99,0.05,2025-11-24 02:06:42,mysql_database,28480.52631665
2934,1020,2,69,2,416.99,0.05,2025-11-24 02:06:42,mysql_database,19793.82101165
2935,1020,3,15,1,529.99,0.07,2025-11-24 02:06:42,mysql_database,25157.74286665
2936,1020,4,57,2,1999.99,0.1,2025-11-24 02:06:42,mysql_database,94936.19531665
2937,1020,5,40,2,4999.99,0.05,2025-11-24 02:06:42,mysql_database,237341.20031665
2938,1021,1,49,2,3499.99,0.07,2025-11-24 02:06:42,mysql_database,166138.69781665
2939,1021,2,23,2,299.99,0.07,2025-11-24 02:06:42,mysql_database,14240.02581665
2940,1022,1,33,1,469.99,0.2,2025-11-24 02:06:42,mysql_database,22309.642766650002
2941,1022,2,46,1,1409.99,0.1,2025-11-24 02:06:42,mysql_database,66929.87766665
2942,1022,3,65,1,346.99,0.07,2025-11-24 02:06:42,mysql_database,16471.037561650002
2943,1022,4,5,1,1320.99,0.07,2025-11-24 02:06:42,mysql_database,62705.19585165
2944,1023,1,91,1,349.99,0.07,2025-11-24 02:06:42,mysql_database,16613.442566650003
2945,1023,2,43,2,5299.99,0.1,2025-11-24 02:06:42,mysql_database,251581.70081665
2946,1024,1,104,1,481.99,0.2,2025-11-24 02:06:42,mysql_database,22879.26278665
2947,1024,2,28,2,2499.99,0.05,2025-11-24 02:06:42,mysql_database,118670.36281665
2948,1024,3,98,2,489.99,0.2,2025-11-24 02:06:42,mysql_database,23259.00946665
2949,1024,4,96,2,349.99,0.1,2025-11-24 02:06:42,mysql_database,16613.442566650003
2950,1024,5,91,1,349.99,0.2,2025-11-24 02:06:42,mysql_database,16613.442566650003
2951,1025,1,89,1,209.99,0.07,2025-11-24 02:06:42,mysql_database,9967.875666650001
2952,1025,2,102,1,489.99,0.1,2025-11-24 02:06:42,mysql_database,23259.00946665
2953,1025,3,39,1,1499.99,0.1,2025-11-24 02:06:42,mysql_database,71202.02781665
2954,1025,4,15,1,529.99,0.05,2025-11-24 02:06:42,mysql_database,25157.74286665
2955,1025,5,66,2,250.99,0.05,2025-11-24 02:06:42,mysql_database,11914.077401650002
2956,1026,1,7,2,3999.99,0.07,2025-11-24 02:06:42,mysql_database,189872.86531665002
2957,1027,1,95,2,299.99,0.1,2025-11-24 02:06:42,mysql_database,14240.02581665
2958,1027,2,14,2,269.99,0.05,2025-11-24 02:06:42,mysql_database,12815.97576665
2959,1028,1,111,2,470.99,0.1,2025-11-24 02:06:42,mysql_database,22357.111101650004
2960,1028,2,10,1,1549.0,0.2,2025-11-24 02:06:42,mysql_database,73528.45091500001
2961,1028,3,41,1,1469.99,0.2,2025-11-24 02:06:42,mysql_database,69777.97776665
2962,1028,4,35,2,832.99,0.1,2025-11-24 02:06:42,mysql_database,39540.64837165
2963,1028,5,108,1,449.99,0.2,2025-11-24 02:06:42,mysql_database,21360.276066650003
2964,1029,1,20,1,599.99,0.2,2025-11-24 02:06:42,mysql_database,28480.52631665
2965,1029,2,55,1,2699.99,0.1,2025-11-24 02:06:42,mysql_database,128164.02981665
2966,1029,3,40,1,4999.99,0.2,2025-11-24 02:06:42,mysql_database,237341.20031665
2967,1029,4,68,2,449.99,0.1,2025-11-24 02:06:42,mysql_database,21360.276066650003
2968,1030,1,27,1,999.99,0.05,2025-11-24 02:06:42,mysql_database,47467.86031665
2969,1030,2,10,2,1549.0,0.1,2025-11-24 02:06:42,mysql_database,73528.45091500001
2970,1030,3,72,1,619.99,0.1,2025-11-24 02:06:42,mysql_database,29429.893016650003
2971,1031,1,27,2,999.99,0.2,2025-11-24 02:06:42,mysql_database,47467.86031665
2972,1031,2,108,2,449.99,0.2,2025-11-24 02:06:42,mysql_database,21360.276066650003
2973,1032,1,60,2,1559.99,0.1,2025-11-24 02:06:42,mysql_database,74050.12791665
2974,1032,2,17,1,429.0,0.1,2025-11-24 02:06:42,mysql_database,20363.915715000003
2975,1033,1,26,1,599.99,0.07,2025-11-24 02:06:42,mysql_database,28480.52631665
2976,1033,2,109,2,416.99,0.1,2025-11-24 02:06:42,mysql_database,19793.82101165
2977,1033,3,27,2,999.99,0.07,2025-11-24 02:06:42,mysql_database,47467.86031665
2978,1034,1,101,1,339.99,0.1,2025-11-24 02:06:42,mysql_database,16138.759216650002
2979,1034,2,8,2,1799.99,0.1,2025-11-24 02:06:42,mysql_database,85442.52831665
2980,1034,3,11,2,1680.99,0.07,2025-11-24 02:06:42,mysql_database,79793.79645165
2981,1034,4,21,1,269.99,0.05,2025-11-24 02:06:42,mysql_database,12815.97576665
2982,1035,1,96,1,349.99,0.2,2025-11-24 02:06:42,mysql_database,16613.442566650003
2983,1036,1,55,2,2699.99,0.1,2025-11-24 02:06:42,mysql_database,128164.02981665
2984,1036,2,76,1,299.99,0.07,2025-11-24 02:06:42,mysql_database,14240.02581665
2985,1036,3,18,2,449.0,0.05,2025-11-24 02:06:42,mysql_database,21313.282415
2986,1036,4,65,2,346.99,0.2,2025-11-24 02:06:42,mysql_database,16471.037561650002
2987,1036,5,12,1,549.99,0.2,2025-11-24 02:06:42,mysql_database,26107.10956665
2988,1037,1,74,2,439.99,0.07,2025-11-24 02:06:42,mysql_database,20885.59271665
2989,1037,2,3,1,999.99,0.07,2025-11-24 02:06:42,mysql_database,47467.86031665
2990,1037,3,65,2,346.99,0.2,2025-11-24 02:06:42,mysql_database,16471.037561650002
2991,1037,4,92,1,209.99,0.07,2025-11-24 02:06:42,mysql_database,9967.875666650001
2992,1037,5,84,2,109.99,0.05,2025-11-24 02:06:42,mysql_database,5221.04216665
2993,1038,1,83,1,149.99,0.05,2025-11-24 02:06:42,mysql_database,7119.775566650001
2994,1038,2,9,1,2999.99,0.07,2025-11-24 02:06:42,mysql_database,142404.53031665
2995,1039,1,18,2,449.0,0.2,2025-11-24 02:06:42,mysql_database,21313.282415
2996,1040,1,97,1,349.99,0.1,2025-11-24 02:06:42,mysql_database,16613.442566650003
2997,1040,2,28,2,2499.99,0.2,2025-11-24 02:06:42,mysql_database,118670.36281665
2998,1040,3,64,1,489.99,0.07,2025-11-24 02:06:42,mysql_database,23259.00946665
2999,1040,4,27,2,999.99,0.07,2025-11-24 02:06:42,mysql_database,47467.86031665
3000,1040,5,8,2,1799.99,0.05,2025-11-24 02:06:42,mysql_database,85442.52831665
3001,1041,1,89,1,209.99,0.1,2025-11-24 02:06:42,mysql_database,9967.875666650001
3002,1041,2,61,2,4999.99,0.07,2025-11-24 02:06:42,mysql_database,237341.20031665
3003,1041,3,94,2,249.99,0.1,2025-11-24 02:06:42,mysql_database,11866.60906665
3004,1042,1,23,1,299.99,0.1,2025-11-24 02:06:42,mysql_database,14240.02581665
3005,1043,1,55,2,2699.99,0.1,2025-11-24 02:06:42,mysql_database,128164.02981665
3006,1043,2,20,1,599.99,0.07,2025-11-24 02:06:42,mysql_database,28480.52631665
3007,1044,1,97,2,349.99,0.1,2025-11-24 02:06:42,mysql_database,16613.442566650003
3008,1045,1,28,1,2499.99,0.05,2025-11-24 02:06:42,mysql_database,118670.36281665
3009,1045,2,104,2,481.99,0.05,2025-11-24 02:06:42,mysql_database,22879.26278665
3010,1046,1,60,1,1559.99,0.07,2025-11-24 02:06:42,mysql_database,74050.12791665
3011,1046,2,79,1,402.99,0.07,2025-11-24 02:06:42,mysql_database,19129.26432165
3012,1046,3,32,1,469.99,0.07,2025-11-24 02:06:42,mysql_database,22309.642766650002
3013,1046,4,41,2,1469.99,0.1,2025-11-24 02:06:42,mysql_database,69777.97776665
3014,1046,5,17,2,429.0,0.05,2025-11-24 02:06:42,mysql_database,20363.915715000003
3015,1047,1,28,2,2499.99,0.1,2025-11-24 02:06:42,mysql_database,118670.36281665
3016,1047,2,78,1,647.99,0.2,2025-11-24 02:06:42,mysql_database,30759.006396650002
3017,1047,3,35,1,832.99,0.05,2025-11-24 02:06:42,mysql_database,39540.64837165
3018,1047,4,49,1,3499.99,0.05,2025-11-24 02:06:42,mysql_database,166138.69781665
3019,1048,1,3,2,999.99,0.1,2025-11-24 02:06:42,mysql_database,47467.86031665
3020,1048,2,37,1,379.99,0.1,2025-11-24 02:06:42,mysql_database,18037.49261665
3021,1048,3,94,1,249.99,0.05,2025-11-24 02:06:42,mysql_database,11866.60906665
3022,1049,1,9,1,2999.99,0.1,2025-11-24 02:06:42,mysql_database,142404.53031665
3023,1049,2,36,2,832.99,0.05,2025-11-24 02:06:42,mysql_database,39540.64837165
3024,1049,3,3,1,999.99,0.1,2025-11-24 02:06:42,mysql_database,47467.86031665
3025,1049,4,26,1,599.99,0.07,2025-11-24 02:06:42,mysql_database,28480.52631665
3026,1049,5,10,2,1549.0,0.05,2025-11-24 02:06:42,mysql_database,73528.45091500001
3027,1050,1,96,2,349.99,0.07,2025-11-24 02:06:42,mysql_database,16613.442566650003
3028,1050,2,99,2,299.99,0.1,2025-11-24 02:06:42,mysql_database,14240.02581665
3029,1050,3,45,2,869.99,0.2,2025-11-24 02:06:42,mysql_database,41296.976766650005
3030,1050,4,14,2,269.99,0.2,2025-11-24 02:06:42,mysql_database,12815.97576665
3031,1051,1,46,1,1409.99,0.2,2025-11-24 02:06:42,mysql_database,66929.87766665
3032,1052,1,7,1,3999.99,0.05,2025-11-24 02:06:42,mysql_database,189872.86531665002
3033,1052,2,103,1,551.99,0.05,2025-11-24 02:06:42,mysql_database,26202.046236650003
3034,1052,3,26,2,599.99,0.07,2025-11-24 02:06:42,mysql_database,28480.52631665
3035,1053,1,49,2,3499.99,0.05,2025-11-24 02:06:42,mysql_database,166138.69781665
3036,1053,2,26,2,599.99,0.2,2025-11-24 02:06:42,mysql_database,28480.52631665
3037,1053,3,23,2,299.99,0.2,2025-11-24 02:06:42,mysql_database,14240.02581665
3038,1053,4,68,1,449.99,0.1,2025-11-24 02:06:42,mysql_database,21360.276066650003
3039,1053,5,73,2,749.99,0.05,2025-11-24 02:06:42,mysql_database,35600.776566650005
3040,1054,1,36,2,832.99,0.1,2025-11-24 02:06:42,mysql_database,39540.64837165
3041,1054,2,16,1,599.99,0.05,2025-11-24 02:06:42,mysql_database,28480.52631665
3042,1055,1,43,2,5299.99,0.07,2025-11-24 02:06:42,mysql_database,251581.70081665
3043,1055,2,101,2,339.99,0.2,2025-11-24 02:06:42,mysql_database,16138.759216650002
3044,1055,3,12,2,549.99,0.1,2025-11-24 02:06:42,mysql_database,26107.10956665
3045,1055,4,83,2,149.99,0.1,2025-11-24 02:06:42,mysql_database,7119.775566650001
3046,1055,5,60,1,1559.99,0.2,2025-11-24 02:06:42,mysql_database,74050.12791665
3047,1056,1,3,1,999.99,0.05,2025-11-24 02:06:42,mysql_database,47467.86031665
3048,1057,1,105,1,533.99,0.2,2025-11-24 02:06:42,mysql_database,25347.616206650004
3049,1057,2,97,1,349.99,0.05,2025-11-24 02:06:42,mysql_database,16613.442566650003
3050,1057,3,98,2,489.99,0.05,2025-11-24 02:06:42,mysql_database,23259.00946665
3051,1058,1,43,1,5299.99,0.1,2025-11-24 02:06:42,mysql_database,251581.70081665
3052,1058,2,29,2,999.99,0.05,2025-11-24 02:06:42,mysql_database,47467.86031665
3053,1058,3,103,1,551.99,0.07,2025-11-24 02:06:42,mysql_database,26202.046236650003
3054,1059,1,46,2,1409.99,0.05,2025-11-24 02:06:42,mysql_database,66929.87766665
3055,1059,2,7,1,3999.99,0.1,2025-11-24 02:06:42,mysql_database,189872.86531665002
3056,1059,3,13,1,269.99,0.07,2025-11-24 02:06:42,mysql_database,12815.97576665
3057,1060,1,7,1,3999.99,0.07,2025-11-24 02:06:42,mysql_database,189872.86531665002
3058,1060,2,11,2,1680.99,0.07,2025-11-24 02:06:42,mysql_database,79793.79645165
3059,1060,3,61,2,4999.99,0.1,2025-11-24 02:06:42,mysql_database,237341.20031665
3060,1060,4,30,2,999.99,0.05,2025-11-24 02:06:42,mysql_database,47467.86031665
3061,1061,1,14,1,269.99,0.07,2025-11-24 02:06:42,mysql_database,12815.97576665
3062,1061,2,19,1,449.0,0.1,2025-11-24 02:06:42,mysql_database,21313.282415
3063,1062,1,13,1,269.99,0.05,2025-11-24 02:06:42,mysql_database,12815.97576665
3064,1062,2,111,2,470.99,0.2,2025-11-24 02:06:42,mysql_database,22357.111101650004
3065,1062,3,5,1,1320.99,0.05,2025-11-24 02:06:42,mysql_database,62705.19585165
3066,1062,4,12,1,549.99,0.2,2025-11-24 02:06:42,mysql_database,26107.10956665
3067,1063,1,33,2,469.99,0.1,2025-11-24 02:06:42,mysql_database,22309.642766650002
3068,1063,2,100,2,489.99,0.07,2025-11-24 02:06:42,mysql_database,23259.00946665
3069,1063,3,72,2,619.99,0.2,2025-11-24 02:06:42,mysql_database,29429.893016650003
3070,1064,1,18,1,449.0,0.07,2025-11-24 02:06:42,mysql_database,21313.282415
3071,1064,2,49,1,3499.99,0.1,2025-11-24 02:06:42,mysql_database,166138.69781665
3072,1065,1,48,2,1499.99,0.07,2025-11-24 02:06:42,mysql_database,71202.02781665
3073,1065,2,103,2,551.99,0.05,2025-11-24 02:06:42,mysql_database,26202.046236650003
3074,1065,3,63,1,3499.99,0.07,2025-11-24 02:06:42,mysql_database,166138.69781665
3075,1066,1,15,2,529.99,0.05,2025-11-24 02:06:42,mysql_database,25157.74286665
3076,1066,2,46,1,1409.99,0.1,2025-11-24 02:06:42,mysql_database,66929.87766665
3077,1066,3,12,1,549.99,0.1,2025-11-24 02:06:42,mysql_database,26107.10956665
3078,1067,1,74,2,439.99,0.07,2025-11-24 02:06:42,mysql_database,20885.59271665
3079,1067,2,9,2,2999.99,0.2,2025-11-24 02:06:42,mysql_database,142404.53031665
3080,1067,3,72,2,619.99,0.1,2025-11-24 02:06:42,mysql_database,29429.893016650003
3081,1067,4,6,2,469.99,0.2,2025-11-24 02:06:42,mysql_database,22309.642766650002
3082,1068,1,87,2,189.99,0.2,2025-11-24 02:06:42,mysql_database,9018.50896665
3083,1068,2,82,1,659.99,0.2,2025-11-24 02:06:42,mysql_database,31328.626416650004
3084,1068,3,49,2,3499.99,0.2,2025-11-24 02:06:42,mysql_database,166138.69781665
3085,1068,4,45,2,869.99,0.2,2025-11-24 02:06:42,mysql_database,41296.976766650005
3086,1069,1,109,1,416.99,0.07,2025-11-24 02:06:42,mysql_database,19793.82101165
3087,1069,2,93,1,209.99,0.1,2025-11-24 02:06:42,mysql_database,9967.875666650001
3088,1070,1,110,1,470.99,0.2,2025-11-24 02:06:42,mysql_database,22357.111101650004
3089,1070,2,18,2,449.0,0.1,2025-11-24 02:06:42,mysql_database,21313.282415
3090,1070,3,94,1,249.99,0.05,2025-11-24 02:06:42,mysql_database,11866.60906665
3091,1071,1,25,2,499.99,0.2,2025-11-24 02:06:42,mysql_database,23733.692816650004
3092,1072,1,83,1,149.99,0.2,2025-11-24 02:06:42,mysql_database,7119.775566650001
3093,1072,2,89,2,209.99,0.07,2025-11-24 02:06:42,mysql_database,9967.875666650001
3094,1072,3,36,2,832.99,0.07,2025-11-24 02:06:42,mysql_database,39540.64837165
3095,1073,1,81,1,1099.99,0.2,2025-11-24 02:06:42,mysql_database,52214.693816650004
3096,1073,2,13,1,269.99,0.07,2025-11-24 02:06:42,mysql_database,12815.97576665
3097,1073,3,20,1,599.99,0.2,2025-11-24 02:06:42,mysql_database,28480.52631665
3098,1074,1,59,1,2599.99,0.1,2025-11-24 02:06:42,mysql_database,123417.19631664999
3099,1074,2,87,1,189.99,0.07,2025-11-24 02:06:42,mysql_database,9018.50896665
3100,1074,3,89,2,209.99,0.1,2025-11-24 02:06:42,mysql_database,9967.875666650001
3101,1075,1,48,2,1499.99,0.1,2025-11-24 02:06:42,mysql_database,71202.02781665
3102,1075,2,111,2,470.99,0.05,2025-11-24 02:06:42,mysql_database,22357.111101650004
3103,1076,1,95,1,299.99,0.1,2025-11-24 02:06:42,mysql_database,14240.02581665
3104,1076,2,102,1,489.99,0.07,2025-11-24 02:06:42,mysql_database,23259.00946665
3105,1076,3,73,2,749.99,0.07,2025-11-24 02:06:42,mysql_database,35600.776566650005
3106,1077,1,60,2,1559.99,0.05,2025-11-24 02:06:42,mysql_database,74050.12791665
3107,1078,1,76,2,299.99,0.07,2025-11-24 02:06:42,mysql_database,14240.02581665
3108,1078,2,60,2,1559.99,0.2,2025-11-24 02:06:42,mysql_database,74050.12791665
3109,1078,3,15,1,529.99,0.07,2025-11-24 02:06:42,mysql_database,25157.74286665
3110,1078,4,10,2,1549.0,0.1,2025-11-24 02:06:42,mysql_database,73528.45091500001
3111,1078,5,72,2,619.99,0.2,2025-11-24 02:06:42,mysql_database,29429.893016650003
3112,1079,1,70,2,659.99,0.07,2025-11-24 02:06:42,mysql_database,31328.626416650004
3113,1080,1,31,1,1632.99,0.2,2025-11-24 02:06:42,mysql_database,77515.31637165001
3114,1080,2,40,1,4999.99,0.1,2025-11-24 02:06:42,mysql_database,237341.20031665
3115,1080,3,50,1,5999.99,0.05,2025-11-24 02:06:42,mysql_database,284809.53531665
3116,1080,4,32,2,469.99,0.2,2025-11-24 02:06:42,mysql_database,22309.642766650002
3117,1080,5,86,1,149.99,0.05,2025-11-24 02:06:42,mysql_database,7119.775566650001
3118,1081,1,52,2,875.99,0.1,2025-11-24 02:06:42,mysql_database,41581.786776650006
3119,1082,1,29,2,999.99,0.2,2025-11-24 02:06:42,mysql_database,47467.86031665
3120,1083,1,65,2,346.99,0.2,2025-11-24 02:06:42,mysql_database,16471.037561650002
3121,1083,2,77,2,799.99,0.1,2025-11-24 02:06:42,mysql_database,37974.19331665
3122,1083,3,61,1,4999.99,0.07,2025-11-24 02:06:42,mysql_database,237341.20031665
3123,1083,4,33,1,469.99,0.2,2025-11-24 02:06:42,mysql_database,22309.642766650002
3124,1084,1,30,1,999.99,0.05,2025-11-24 02:06:42,mysql_database,47467.86031665
3125,1084,2,70,1,659.99,0.05,2025-11-24 02:06:42,mysql_database,31328.626416650004
3126,1084,3,98,2,489.99,0.2,2025-11-24 02:06:42,mysql_database,23259.00946665
3127,1084,4,65,2,346.99,0.07,2025-11-24 02:06:42,mysql_database,16471.037561650002
3128,1084,5,60,1,1559.99,0.1,2025-11-24 02:06:42,mysql_database,74050.12791665
3129,1085,1,66,2,250.99,0.2,2025-11-24 02:06:42,mysql_database,11914.077401650002
3130,1085,2,64,1,489.99,0.1,2025-11-24 02:06:42,mysql_database,23259.00946665
3131,1085,3,74,1,439.99,0.1,2025-11-24 02:06:42,mysql_database,20885.59271665
3132,1086,1,108,1,449.99,0.07,2025-11-24 02:06:42,mysql_database,21360.276066650003
3133,1086,2,67,1,250.99,0.1,2025-11-24 02:06:42,mysql_database,11914.077401650002
3134,1086,3,81,2,1099.99,0.05,2025-11-24 02:06:42,mysql_database,52214.693816650004
3135,1086,4,10,2,1549.0,0.07,2025-11-24 02:06:42,mysql_database,73528.45091500001
3136,1086,5,5,1,1320.99,0.2,2025-11-24 02:06:42,mysql_database,62705.19585165
3137,1087,1,15,1,529.99,0.07,2025-11-24 02:06:42,mysql_database,25157.74286665
3138,1087,2,102,2,489.99,0.07,2025-11-24 02:06:42,mysql_database,23259.00946665
3139,1087,3,59,2,2599.99,0.1,2025-11-24 02:06:42,mysql_database,123417.19631664999
3140,1087,4,13,2,269.99,0.07,2025-11-24 02:06:42,mysql_database,12815.97576665
3141,1087,5,109,2,416.99,0.2,2025-11-24 02:06:42,mysql_database,19793.82101165
3142,1088,1,64,1,489.99,0.1,2025-11-24 02:06:42,mysql_database,23259.00946665
3143,1088,2,30,1,999.99,0.1,2025-11-24 02:06:42,mysql_database,47467.86031665
3144,1088,3,33,1,469.99,0.07,2025-11-24 02:06:42,mysql_database,22309.642766650002
3145,1088,4,36,2,832.99,0.2,2025-11-24 02:06:42,mysql_database,39540.64837165
3146,1089,1,70,2,659.99,0.07,2025-11-24 02:06:42,mysql_database,31328.626416650004
3147,1089,2,30,2,999.99,0.05,2025-11-24 02:06:42,mysql_database,47467.86031665
3148,1090,1,74,1,439.99,0.2,2025-11-24 02:06:42,mysql_database,20885.59271665
3149,1091,1,97,1,349.99,0.05,2025-11-24 02:06:42,mysql_database,16613.442566650003
3150,1091,2,56,1,5499.99,0.1,2025-11-24 02:06:42,mysql_database,261075.36781665002
3151,1091,3,19,1,449.0,0.1,2025-11-24 02:06:42,mysql_database,21313.282415
3152,1092,1,34,1,469.99,0.05,2025-11-24 02:06:42,mysql_database,22309.642766650002
3153,1092,2,30,2,999.99,0.07,2025-11-24 02:06:42,mysql_database,47467.86031665
3154,1092,3,2,2,749.99,0.1,2025-11-24 02:06:42,mysql_database,35600.776566650005
3155,1092,4,18,1,449.0,0.2,2025-11-24 02:06:42,mysql_database,21313.282415
3156,1093,1,45,2,869.99,0.07,2025-11-24 02:06:42,mysql_database,41296.976766650005
3157,1093,2,17,2,429.0,0.1,2025-11-24 02:06:42,mysql_database,20363.915715000003
3158,1093,3,90,2,209.99,0.1,2025-11-24 02:06:42,mysql_database,9967.875666650001
3159,1094,1,71,1,416.99,0.1,2025-11-24 02:06:42,mysql_database,19793.82101165
3160,1094,2,11,1,1680.99,0.1,2025-11-24 02:06:42,mysql_database,79793.79645165
3161,1094,3,24,1,549.99,0.1,2025-11-24 02:06:42,mysql_database,26107.10956665
3162,1094,4,107,1,416.99,0.2,2025-11-24 02:06:42,mysql_database,19793.82101165
3163,1095,1,78,2,647.99,0.05,2025-11-24 02:06:42,mysql_database,30759.006396650002
3164,1095,2,3,2,999.99,0.2,2025-11-24 02:06:42,mysql_database,47467.86031665
3165,1095,3,15,2,529.99,0.1,2025-11-24 02:06:42,mysql_database,25157.74286665
3166,1095,4,31,1,1632.99,0.2,2025-11-24 02:06:42,mysql_database,77515.31637165001
3167,1095,5,50,2,5999.99,0.05,2025-11-24 02:06:42,mysql_database,284809.53531665
3168,1096,1,11,1,1680.99,0.1,2025-11-24 02:06:42,mysql_database,79793.79645165
3169,1097,1,99,1,299.99,0.05,2025-11-24 02:06:42,mysql_database,14240.02581665
3170,1097,2,106,2,449.99,0.07,2025-11-24 02:06:42,mysql_database,21360.276066650003
3171,1097,3,98,2,489.99,0.07,2025-11-24 02:06:42,mysql_database,23259.00946665
3172,1097,4,19,1,449.0,0.2,2025-11-24 02:06:42,mysql_database,21313.282415
3173,1097,5,35,2,832.99,0.05,2025-11-24 02:06:42,mysql_database,39540.64837165
3174,1098,1,88,1,189.99,0.1,2025-11-24 02:06:42,mysql_database,9018.50896665
3175,1099,1,64,1,489.99,0.1,2025-11-24 02:06:42,mysql_database,23259.00946665
3176,1099,2,13,2,269.99,0.05,2025-11-24 02:06:42,mysql_database,12815.97576665
3177,1099,3,46,1,1409.99,0.07,2025-11-24 02:06:42,mysql_database,66929.87766665
3178,1099,4,89,2,209.99,0.1,2025-11-24 02:06:42,mysql_database,9967.875666650001
3179,1100,1,12,1,549.99,0.05,2025-11-24 02:06:42,mysql_database,26107.10956665
3180,1100,2,9,2,2999.99,0.1,2025-11-24 02:06:42,mysql_database,142404.53031665
3181,1101,1,105,1,533.99,0.07,2025-11-24 02:06:42,mysql_database,25347.616206650004
3182,1101,2,51,1,6499.99,0.05,2025-11-24 02:06:42,mysql_database,308543.70281665004
3183,1102,1,91,1,349.99,0.07,2025-11-24 02:06:42,mysql_database,16613.442566650003
3184,1103,1,106,1,449.99,0.2,2025-11-24 02:06:42,mysql_database,21360.276066650003
3185,1103,2,46,2,1409.99,0.2,2025-11-24 02:06:42,mysql_database,66929.87766665
3186,1104,1,17,1,429.0,0.1,2025-11-24 02:06:42,mysql_database,20363.915715000003
3187,1104,2,70,2,659.99,0.1,2025-11-24 02:06:42,mysql_database,31328.626416650004
3188,1104,3,43,1,5299.99,0.07,2025-11-24 02:06:42,mysql_database,251581.70081665
3189,1104,4,80,1,761.99,0.07,2025-11-24 02:06:42,mysql_database,36170.39658665
3190,1105,1,60,1,1559.99,0.05,2025-11-24 02:06:42,mysql_database,74050.12791665
3191,1105,2,56,2,5499.99,0.2,2025-11-24 02:06:42,mysql_database,261075.36781665002
3192,1105,3,35,2,832.99,0.07,2025-11-24 02:06:42,mysql_database,39540.64837165
3193,1106,1,96,1,349.99,0.1,2025-11-24 02:06:42,mysql_database,16613.442566650003
3194,1107,1,43,1,5299.99,0.2,2025-11-24 02:06:42,mysql_database,251581.70081665
3195,1107,2,41,2,1469.99,0.2,2025-11-24 02:06:42,mysql_database,69777.97776665
3196,1108,1,45,2,869.99,0.05,2025-11-24 02:06:42,mysql_database,41296.976766650005
3197,1108,2,100,1,489.99,0.07,2025-11-24 02:06:42,mysql_database,23259.00946665
3198,1108,3,105,1,533.99,0.07,2025-11-24 02:06:42,mysql_database,25347.616206650004
3199,1109,1,72,2,619.99,0.1,2025-11-24 02:06:42,mysql_database,29429.893016650003
3200,1110,1,56,1,5499.99,0.1,2025-11-24 02:06:42,mysql_database,261075.36781665002
3201,1111,1,95,1,299.99,0.05,2025-11-24 02:06:42,mysql_database,14240.02581665
3202,1111,2,66,2,250.99,0.1,2025-11-24 02:06:42,mysql_database,11914.077401650002
3203,1111,3,14,1,269.99,0.2,2025-11-24 02:06:42,mysql_database,12815.97576665
3204,1111,4,24,1,549.99,0.07,2025-11-24 02:06:42,mysql_database,26107.10956665
3205,1112,1,71,2,416.99,0.05,2025-11-24 02:06:42,mysql_database,19793.82101165
3206,1112,2,42,1,2299.99,0.07,2025-11-24 02:06:42,mysql_database,109176.69581665
3207,1112,3,5,2,1320.99,0.1,2025-11-24 02:06:42,mysql_database,62705.19585165
3208,1112,4,87,2,189.99,0.07,2025-11-24 02:06:42,mysql_database,9018.50896665
3209,1112,5,9,2,2999.99,0.1,2025-11-24 02:06:42,mysql_database,142404.53031665
3210,1113,1,106,1,449.99,0.07,2025-11-24 02:06:42,mysql_database,21360.276066650003
3211,1114,1,52,1,875.99,0.2,2025-11-24 02:06:42,mysql_database,41581.786776650006
3212,1115,1,97,2,349.99,0.2,2025-11-24 02:06:42,mysql_database,16613.442566650003
3213,1115,2,50,2,5999.99,0.07,2025-11-24 02:06:42,mysql_database,284809.53531665
3214,1115,3,91,2,349.99,0.07,2025-11-24 02:06:42,mysql_database,16613.442566650003
3215,1115,4,49,2,3499.99,0.1,2025-11-24 02:06:42,mysql_database,166138.69781665
3216,1116,1,11,2,1680.99,0.07,2025-11-24 02:06:42,mysql_database,79793.79645165
3217,1117,1,37,2,379.99,0.1,2025-11-24 02:06:42,mysql_database,18037.49261665
3218,1117,2,91,1,349.99,0.2,2025-11-24 02:06:42,mysql_database,16613.442566650003
3219,1117,3,51,2,6499.99,0.1,2025-11-24 02:06:42,mysql_database,308543.70281665004
3220,1118,1,55,2,2699.99,0.2,2025-11-24 02:06:42,mysql_database,128164.02981665
3221,1118,2,50,1,5999.99,0.07,2025-11-24 02:06:42,mysql_database,284809.53531665
3222,1118,3,29,1,999.99,0.05,2025-11-24 02:06:42,mysql_database,47467.86031665
3223,1118,4,47,2,5299.99,0.2,2025-11-24 02:06:42,mysql_database,251581.70081665
3224,1119,1,93,2,209.99,0.1,2025-11-24 02:06:42,mysql_database,9967.875666650001
3225,1119,2,55,2,2699.99,0.05,2025-11-24 02:06:42,mysql_database,128164.02981665
3226,1119,3,104,1,481.99,0.2,2025-11-24 02:06:42,mysql_database,22879.26278665
3227,1120,1,92,2,209.99,0.07,2025-11-24 02:06:42,mysql_database,9967.875666650001
3228,1120,2,31,1,1632.99,0.07,2025-11-24 02:06:42,mysql_database,77515.31637165001
3229,1120,3,30,2,999.99,0.05,2025-11-24 02:06:42,mysql_database,47467.86031665
3230,1120,4,93,1,209.99,0.07,2025-11-24 02:06:42,mysql_database,9967.875666650001
3231,1120,5,94,1,249.99,0.2,2025-11-24 02:06:42,mysql_database,11866.60906665
3232,1121,1,11,2,1680.99,0.1,2025-11-24 02:06:42,mysql_database,79793.79645165
3233,1121,2,110,2,470.99,0.05,2025-11-24 02:06:42,mysql_database,22357.111101650004
3234,1122,1,9,2,2999.99,0.07,2025-11-24 02:06:42,mysql_database,142404.53031665
3235,1122,2,53,1,749.99,0.1,2025-11-24 02:06:42,mysql_database,35600.776566650005
3236,1122,3,49,2,3499.99,0.2,2025-11-24 02:06:42,mysql_database,166138.69781665
3237,1122,4,41,2,1469.99,0.05,2025-11-24 02:06:42,mysql_database,69777.97776665
3238,1122,5,72,1,619.99,0.1,2025-11-24 02:06:42,mysql_database,29429.893016650003
3239,1123,1,65,2,346.99,0.07,2025-11-24 02:06:42,mysql_database,16471.037561650002
3240,1123,2,61,2,4999.99,0.1,2025-11-24 02:06:42,mysql_database,237341.20031665
3241,1124,1,7,2,3999.99,0.1,2025-11-24 02:06:42,mysql_database,189872.86531665002
3242,1124,2,6,1,469.99,0.1,2025-11-24 02:06:42,mysql_database,22309.642766650002
3243,1124,3,109,2,416.99,0.07,2025-11-24 02:06:42,mysql_database,19793.82101165
3244,1124,4,45,2,869.99,0.05,2025-11-24 02:06:42,mysql_database,41296.976766650005
3245,1124,5,2,2,749.99,0.05,2025-11-24 02:06:42,mysql_database,35600.776566650005
3246,1125,1,16,2,599.99,0.05,2025-11-24 02:06:42,mysql_database,28480.52631665
3247,1125,2,21,1,269.99,0.1,2025-11-24 02:06:42,mysql_database,12815.97576665
3248,1125,3,81,2,1099.99,0.07,2025-11-24 02:06:42,mysql_database,52214.693816650004
3249,1125,4,24,1,549.99,0.07,2025-11-24 02:06:42,mysql_database,26107.10956665
3250,1125,5,32,2,469.99,0.07,2025-11-24 02:06:42,mysql_database,22309.642766650002
3251,1126,1,33,2,469.99,0.1,2025-11-24 02:06:42,mysql_database,22309.642766650002
3252,1126,2,58,1,4999.99,0.2,2025-11-24 02:06:42,mysql_database,237341.20031665
3253,1126,3,89,2,209.99,0.05,2025-11-24 02:06:42,mysql_database,9967.875666650001
3254,1127,1,23,2,299.99,0.1,2025-11-24 02:06:42,mysql_database,14240.02581665
3255,1127,2,96,2,349.99,0.07,2025-11-24 02:06:42,mysql_database,16613.442566650003
3256,1127,3,37,1,379.99,0.2,2025-11-24 02:06:42,mysql_database,18037.49261665
3257,1128,1,44,1,539.99,0.05,2025-11-24 02:06:42,mysql_database,25632.42621665
3258,1128,2,10,1,1549.0,0.2,2025-11-24 02:06:42,mysql_database,73528.45091500001
3259,1128,3,65,2,346.99,0.05,2025-11-24 02:06:42,mysql_database,16471.037561650002
3260,1129,1,71,2,416.99,0.2,2025-11-24 02:06:42,mysql_database,19793.82101165
3261,1129,2,56,1,5499.99,0.2,2025-11-24 02:06:42,mysql_database,261075.36781665002
3262,1129,3,61,2,4999.99,0.05,2025-11-24 02:06:42,mysql_database,237341.20031665
3263,1130,1,54,2,3199.99,0.2,2025-11-24 02:06:42,mysql_database,151898.19731665
3264,1131,1,60,2,1559.99,0.07,2025-11-24 02:06:42,mysql_database,74050.12791665
3265,1131,2,103,2,551.99,0.05,2025-11-24 02:06:42,mysql_database,26202.046236650003
3266,1132,1,43,1,5299.99,0.05,2025-11-24 02:06:42,mysql_database,251581.70081665
3267,1132,2,10,1,1549.0,0.1,2025-11-24 02:06:42,mysql_database,73528.45091500001
3268,1132,3,36,2,832.99,0.1,2025-11-24 02:06:42,mysql_database,39540.64837165
3269,1132,4,16,1,599.99,0.05,2025-11-24 02:06:42,mysql_database,28480.52631665
3270,1133,1,4,2,2899.99,0.05,2025-11-24 02:06:42,mysql_database,137657.69681665
3271,1133,2,17,1,429.0,0.07,2025-11-24 02:06:42,mysql_database,20363.915715000003
3272,1133,3,90,2,209.99,0.2,2025-11-24 02:06:42,mysql_database,9967.875666650001
3273,1133,4,62,1,3499.99,0.2,2025-11-24 02:06:42,mysql_database,166138.69781665
3274,1134,1,97,1,349.99,0.1,2025-11-24 02:06:42,mysql_database,16613.442566650003
3275,1134,2,36,1,832.99,0.1,2025-11-24 02:06:42,mysql_database,39540.64837165
3276,1135,1,101,2,339.99,0.05,2025-11-24 02:06:42,mysql_database,16138.759216650002
3277,1135,2,51,1,6499.99,0.1,2025-11-24 02:06:42,mysql_database,308543.70281665004
3278,1136,1,105,1,533.99,0.1,2025-11-24 02:06:42,mysql_database,25347.616206650004
3279,1137,1,28,1,2499.99,0.2,2025-11-24 02:06:42,mysql_database,118670.36281665
3280,1137,2,58,2,4999.99,0.2,2025-11-24 02:06:42,mysql_database,237341.20031665
3281,1137,3,84,2,109.99,0.2,2025-11-24 02:06:42,mysql_database,5221.04216665
3282,1137,4,69,2,416.99,0.07,2025-11-24 02:06:42,mysql_database,19793.82101165
3283,1138,1,13,2,269.99,0.05,2025-11-24 02:06:42,mysql_database,12815.97576665
3284,1138,2,105,2,533.99,0.05,2025-11-24 02:06:42,mysql_database,25347.616206650004
3285,1138,3,93,1,209.99,0.1,2025-11-24 02:06:42,mysql_database,9967.875666650001
3286,1139,1,106,2,449.99,0.05,2025-11-24 02:06:42,mysql_database,21360.276066650003
3287,1139,2,44,2,539.99,0.1,2025-11-24 02:06:42,mysql_database,25632.42621665
3288,1139,3,69,1,416.99,0.05,2025-11-24 02:06:42,mysql_database,19793.82101165
3289,1139,4,25,2,499.99,0.1,2025-11-24 02:06:42,mysql_database,23733.692816650004
3290,1139,5,7,1,3999.99,0.1,2025-11-24 02:06:42,mysql_database,189872.86531665002
3291,1140,1,39,2,1499.99,0.1,2025-11-24 02:06:42,mysql_database,71202.02781665
3292,1140,2,71,2,416.99,0.07,2025-11-24 02:06:42,mysql_database,19793.82101165
3293,1140,3,38,2,549.99,0.1,2025-11-24 02:06:42,mysql_database,26107.10956665
3294,1140,4,40,2,4999.99,0.07,2025-11-24 02:06:42,mysql_database,237341.20031665
3295,1141,1,8,1,1799.99,0.1,2025-11-24 02:06:42,mysql_database,85442.52831665
3296,1142,1,20,2,599.99,0.07,2025-11-24 02:06:42,mysql_database,28480.52631665
3297,1142,2,30,1,999.99,0.1,2025-11-24 02:06:42,mysql_database,47467.86031665
3298,1142,3,109,2,416.99,0.05,2025-11-24 02:06:42,mysql_database,19793.82101165
3299,1142,4,108,2,449.99,0.2,2025-11-24 02:06:42,mysql_database,21360.276066650003
3300,1142,5,100,2,489.99,0.05,2025-11-24 02:06:42,mysql_database,23259.00946665
3301,1143,1,99,1,299.99,0.2,2025-11-24 02:06:42,mysql_database,14240.02581665
3302,1143,2,48,1,1499.99,0.2,2025-11-24 02:06:42,mysql_database,71202.02781665
3303,1143,3,69,2,416.99,0.1,2025-11-24 02:06:42,mysql_database,19793.82101165
3304,1144,1,88,1,189.99,0.07,2025-11-24 02:06:42,mysql_database,9018.50896665
3305,1145,1,105,2,533.99,0.07,2025-11-24 02:06:42,mysql_database,25347.616206650004
3306,1146,1,36,1,832.99,0.07,2025-11-24 02:06:42,mysql_database,39540.64837165
3307,1146,2,64,1,489.99,0.2,2025-11-24 02:06:42,mysql_database,23259.00946665
3308,1146,3,11,1,1680.99,0.2,2025-11-24 02:06:42,mysql_database,79793.79645165
3309,1147,1,82,1,659.99,0.2,2025-11-24 02:06:42,mysql_database,31328.626416650004
3310,1147,2,39,2,1499.99,0.05,2025-11-24 02:06:42,mysql_database,71202.02781665
3311,1148,1,82,1,659.99,0.07,2025-11-24 02:06:42,mysql_database,31328.626416650004
3312,1148,2,22,1,269.99,0.07,2025-11-24 02:06:42,mysql_database,12815.97576665
3313,1148,3,77,2,799.99,0.05,2025-11-24 02:06:42,mysql_database,37974.19331665
3314,1148,4,94,2,249.99,0.1,2025-11-24 02:06:42,mysql_database,11866.60906665
3315,1149,1,98,2,489.99,0.07,2025-11-24 02:06:42,mysql_database,23259.00946665
3316,1149,2,48,1,1499.99,0.05,2025-11-24 02:06:42,mysql_database,71202.02781665
3317,1149,3,58,1,4999.99,0.05,2025-11-24 02:06:42,mysql_database,237341.20031665
3318,1149,4,85,1,329.99,0.2,2025-11-24 02:06:42,mysql_database,15664.075866650002
3319,1149,5,94,1,249.99,0.1,2025-11-24 02:06:42,mysql_database,11866.60906665
3320,1150,1,29,1,999.99,0.05,2025-11-24 02:06:42,mysql_database,47467.86031665
3321,1150,2,91,1,349.99,0.05,2025-11-24 02:06:42,mysql_database,16613.442566650003
3322,1150,3,104,2,481.99,0.07,2025-11-24 02:06:42,mysql_database,22879.26278665
3323,1150,4,21,2,269.99,0.1,2025-11-24 02:06:42,mysql_database,12815.97576665
3324,1151,1,30,2,999.99,0.05,2025-11-24 02:06:42,mysql_database,47467.86031665
3325,1152,1,58,1,4999.99,0.07,2025-11-24 02:06:42,mysql_database,237341.20031665
3326,1152,2,91,2,349.99,0.2,2025-11-24 02:06:42,mysql_database,16613.442566650003
3327,1152,3,24,1,549.99,0.05,2025-11-24 02:06:42,mysql_database,26107.10956665
3328,1153,1,103,1,551.99,0.1,2025-11-24 02:06:42,mysql_database,26202.046236650003
3329,1153,2,6,2,469.99,0.05,2025-11-24 02:06:42,mysql_database,22309.642766650002
3330,1154,1,17,1,429.0,0.2,2025-11-24 02:06:42,mysql_database,20363.915715000003
3331,1154,2,60,1,1559.99,0.07,2025-11-24 02:06:42,mysql_database,74050.12791665
3332,1154,3,67,2,250.99,0.2,2025-11-24 02:06:42,mysql_database,11914.077401650002
3333,1155,1,68,2,449.99,0.05,2025-11-24 02:06:42,mysql_database,21360.276066650003
3334,1155,2,6,2,469.99,0.1,2025-11-24 02:06:42,mysql_database,22309.642766650002
3335,1155,3,35,1,832.99,0.07,2025-11-24 02:06:42,mysql_database,39540.64837165
3336,1155,4,77,2,799.99,0.05,2025-11-24 02:06:42,mysql_database,37974.19331665
3337,1156,1,111,2,470.99,0.05,2025-11-24 02:06:42,mysql_database,22357.111101650004
3338,1156,2,86,1,149.99,0.05,2025-11-24 02:06:42,mysql_database,7119.775566650001
3339,1157,1,20,1,599.99,0.1,2025-11-24 02:06:42,mysql_database,28480.52631665
3340,1157,2,31,2,1632.99,0.1,2025-11-24 02:06:42,mysql_database,77515.31637165001
3341,1157,3,37,2,379.99,0.2,2025-11-24 02:06:42,mysql_database,18037.49261665
3342,1157,4,41,1,1469.99,0.07,2025-11-24 02:06:42,mysql_database,69777.97776665
3343,1158,1,95,2,299.99,0.1,2025-11-24 02:06:42,mysql_database,14240.02581665
3344,1158,2,74,1,439.99,0.07,2025-11-24 02:06:42,mysql_database,20885.59271665
3345,1159,1,12,2,549.99,0.1,2025-11-24 02:06:42,mysql_database,26107.10956665
3346,1160,1,41,1,1469.99,0.1,2025-11-24 02:06:42,mysql_database,69777.97776665
3347,1160,2,9,1,2999.99,0.2,2025-11-24 02:06:42,mysql_database,142404.53031665
3348,1161,1,71,2,416.99,0.1,2025-11-24 02:06:42,mysql_database,19793.82101165
3349,1161,2,38,1,549.99,0.07,2025-11-24 02:06:42,mysql_database,26107.10956665
3350,1161,3,22,1,269.99,0.2,2025-11-24 02:06:42,mysql_database,12815.97576665
3351,1161,4,29,2,999.99,0.1,2025-11-24 02:06:42,mysql_database,47467.86031665
3352,1162,1,88,1,189.99,0.2,2025-11-24 02:06:42,mysql_database,9018.50896665
3353,1162,2,40,2,4999.99,0.2,2025-11-24 02:06:42,mysql_database,237341.20031665
3354,1162,3,86,1,149.99,0.1,2025-11-24 02:06:42,mysql_database,7119.775566650001
3355,1162,4,41,1,1469.99,0.05,2025-11-24 02:06:42,mysql_database,69777.97776665
3356,1162,5,12,2,549.99,0.05,2025-11-24 02:06:42,mysql_database,26107.10956665
3357,1163,1,63,2,3499.99,0.05,2025-11-24 02:06:42,mysql_database,166138.69781665
3358,1163,2,53,2,749.99,0.1,2025-11-24 02:06:42,mysql_database,35600.776566650005
3359,1164,1,8,1,1799.99,0.2,2025-11-24 02:06:42,mysql_database,85442.52831665
3360,1164,2,78,1,647.99,0.05,2025-11-24 02:06:42,mysql_database,30759.006396650002
3361,1164,3,103,2,551.99,0.05,2025-11-24 02:06:42,mysql_database,26202.046236650003
3362,1164,4,44,2,539.99,0.05,2025-11-24 02:06:42,mysql_database,25632.42621665
3363,1165,1,65,2,346.99,0.07,2025-11-24 02:06:42,mysql_database,16471.037561650002
3364,1165,2,68,1,449.99,0.07,2025-11-24 02:06:42,mysql_database,21360.276066650003
3365,1166,1,103,2,551.99,0.07,2025-11-24 02:06:42,mysql_database,26202.046236650003
3366,1167,1,29,2,999.99,0.05,2025-11-24 02:06:42,mysql_database,47467.86031665
3367,1167,2,81,2,1099.99,0.1,2025-11-24 02:06:42,mysql_database,52214.693816650004
3368,1167,3,68,1,449.99,0.07,2025-11-24 02:06:42,mysql_database,21360.276066650003
3369,1168,1,23,2,299.99,0.1,2025-11-24 02:06:42,mysql_database,14240.02581665
3370,1168,2,82,1,659.99,0.2,2025-11-24 02:06:42,mysql_database,31328.626416650004
3371,1168,3,51,1,6499.99,0.07,2025-11-24 02:06:42,mysql_database,308543.70281665004
3372,1168,4,107,2,416.99,0.2,2025-11-24 02:06:42,mysql_database,19793.82101165
3373,1168,5,15,2,529.99,0.05,2025-11-24 02:06:42,mysql_database,25157.74286665
3374,1169,1,91,2,349.99,0.2,2025-11-24 02:06:42,mysql_database,16613.442566650003
3375,1169,2,51,1,6499.99,0.05,2025-11-24 02:06:42,mysql_database,308543.70281665004
3376,1169,3,58,2,4999.99,0.1,2025-11-24 02:06:42,mysql_database,237341.20031665
3377,1169,4,81,2,1099.99,0.2,2025-11-24 02:06:42,mysql_database,52214.693816650004
3378,1170,1,15,1,529.99,0.1,2025-11-24 02:06:42,mysql_database,25157.74286665
3379,1170,2,47,2,5299.99,0.05,2025-11-24 02:06:42,mysql_database,251581.70081665
3380,1170,3,62,2,3499.99,0.1,2025-11-24 02:06:42,mysql_database,166138.69781665
3381,1171,1,94,2,249.99,0.2,2025-11-24 02:06:42,mysql_database,11866.60906665
3382,1171,2,92,2,209.99,0.07,2025-11-24 02:06:42,mysql_database,9967.875666650001
3383,1171,3,10,2,1549.0,0.07,2025-11-24 02:06:42,mysql_database,73528.45091500001
3384,1172,1,78,2,647.99,0.07,2025-11-24 02:06:42,mysql_database,30759.006396650002
3385,1172,2,104,1,481.99,0.2,2025-11-24 02:06:42,mysql_database,22879.26278665
3386,1173,1,95,1,299.99,0.2,2025-11-24 02:06:42,mysql_database,14240.02581665
3387,1173,2,17,1,429.0,0.07,2025-11-24 02:06:42,mysql_database,20363.915715000003
3388,1173,3,68,1,449.99,0.05,2025-11-24 02:06:42,mysql_database,21360.276066650003
3389,1173,4,103,2,551.99,0.2,2025-11-24 02:06:42,mysql_database,26202.046236650003
3390,1174,1,110,2,470.99,0.2,2025-11-24 02:06:42,mysql_database,22357.111101650004
3391,1174,2,6,1,469.99,0.07,2025-11-24 02:06:42,mysql_database,22309.642766650002
3392,1174,3,106,1,449.99,0.1,2025-11-24 02:06:42,mysql_database,21360.276066650003
3393,1175,1,58,2,4999.99,0.07,2025-11-24 02:06:42,mysql_database,237341.20031665
3394,1175,2,65,1,346.99,0.2,2025-11-24 02:06:42,mysql_database,16471.037561650002
3395,1175,3,20,1,599.99,0.05,2025-11-24 02:06:42,mysql_database,28480.52631665
3396,1175,4,3,1,999.99,0.05,2025-11-24 02:06:42,mysql_database,47467.86031665
3397,1175,5,9,1,2999.99,0.05,2025-11-24 02:06:42,mysql_database,142404.53031665
3398,1176,1,87,1,189.99,0.1,2025-11-24 02:06:42,mysql_database,9018.50896665
3399,1177,1,62,2,3499.99,0.07,2025-11-24 02:06:42,mysql_database,166138.69781665
3400,1177,2,74,1,439.99,0.1,2025-11-24 02:06:42,mysql_database,20885.59271665
3401,1178,1,46,1,1409.99,0.07,2025-11-24 02:06:42,mysql_database,66929.87766665
3402,1178,2,77,1,799.99,0.2,2025-11-24 02:06:42,mysql_database,37974.19331665
3403,1178,3,108,1,449.99,0.05,2025-11-24 02:06:42,mysql_database,21360.276066650003
3404,1178,4,13,2,269.99,0.05,2025-11-24 02:06:42,mysql_database,12815.97576665
3405,1179,1,93,2,209.99,0.05,2025-11-24 02:06:42,mysql_database,9967.875666650001
3406,1179,2,88,2,189.99,0.05,2025-11-24 02:06:42,mysql_database,9018.50896665
3407,1179,3,33,2,469.99,0.2,2025-11-24 02:06:42,mysql_database,22309.642766650002
3408,1179,4,50,1,5999.99,0.07,2025-11-24 02:06:42,mysql_database,284809.53531665
3409,1180,1,66,2,250.99,0.07,2025-11-24 02:06:42,mysql_database,11914.077401650002
3410,1181,1,98,1,489.99,0.1,2025-11-24 02:06:42,mysql_database,23259.00946665
3411,1182,1,35,1,832.99,0.1,2025-11-24 02:06:42,mysql_database,39540.64837165
3412,1182,2,49,2,3499.99,0.1,2025-11-24 02:06:42,mysql_database,166138.69781665
3413,1183,1,63,1,3499.99,0.2,2025-11-24 02:06:42,mysql_database,166138.69781665
3414,1183,2,80,2,761.99,0.2,2025-11-24 02:06:42,mysql_database,36170.39658665
3415,1183,3,6,2,469.99,0.05,2025-11-24 02:06:42,mysql_database,22309.642766650002
3416,1184,1,16,2,599.99,0.05,2025-11-24 02:06:42,mysql_database,28480.52631665
3417,1184,2,71,1,416.99,0.05,2025-11-24 02:06:42,mysql_database,19793.82101165
3418,1185,1,19,2,449.0,0.07,2025-11-24 02:06:42,mysql_database,21313.282415
3419,1185,2,21,1,269.99,0.07,2025-11-24 02:06:42,mysql_database,12815.97576665
3420,1185,3,63,2,3499.99,0.1,2025-11-24 02:06:42,mysql_database,166138.69781665
3421,1185,4,80,1,761.99,0.2,2025-11-24 02:06:42,mysql_database,36170.39658665
3422,1186,1,48,2,1499.99,0.1,2025-11-24 02:06:42,mysql_database,71202.02781665
3423,1186,2,49,1,3499.99,0.07,2025-11-24 02:06:42,mysql_database,166138.69781665
3424,1186,3,106,1,449.99,0.1,2025-11-24 02:06:42,mysql_database,21360.276066650003
3425,1186,4,27,1,999.99,0.2,2025-11-24 02:06:42,mysql_database,47467.86031665
3426,1187,1,36,2,832.99,0.1,2025-11-24 02:06:42,mysql_database,39540.64837165
3427,1187,2,79,1,402.99,0.07,2025-11-24 02:06:42,mysql_database,19129.26432165
3428,1187,3,4,1,2899.99,0.1,2025-11-24 02:06:42,mysql_database,137657.69681665
3429,1187,4,53,2,749.99,0.1,2025-11-24 02:06:42,mysql_database,35600.776566650005
3430,1188,1,66,2,250.99,0.1,2025-11-24 02:06:42,mysql_database,11914.077401650002
3431,1188,2,91,2,349.99,0.2,2025-11-24 02:06:42,mysql_database,16613.442566650003
3432,1188,3,87,2,189.99,0.1,2025-11-24 02:06:42,mysql_database,9018.50896665
3433,1189,1,55,1,2699.99,0.07,2025-11-24 02:06:42,mysql_database,128164.02981665
3434,1189,2,102,2,489.99,0.1,2025-11-24 02:06:42,mysql_database,23259.00946665
3435,1189,3,40,2,4999.99,0.1,2025-11-24 02:06:42,mysql_database,237341.20031665
3436,1190,1,71,1,416.99,0.07,2025-11-24 02:06:42,mysql_database,19793.82101165
3437,1191,1,40,2,4999.99,0.1,2025-11-24 02:06:42,mysql_database,237341.20031665
3438,1191,2,89,2,209.99,0.1,2025-11-24 02:06:42,mysql_database,9967.875666650001
3439,1191,3,100,1,489.99,0.07,2025-11-24 02:06:42,mysql_database,23259.00946665
3440,1192,1,24,2,549.99,0.1,2025-11-24 02:06:42,mysql_database,26107.10956665
3441,1192,2,88,2,189.99,0.07,2025-11-24 02:06:42,mysql_database,9018.50896665
3442,1192,3,37,2,379.99,0.2,2025-11-24 02:06:42,mysql_database,18037.49261665
3443,1193,1,83,2,149.99,0.05,2025-11-24 02:06:42,mysql_database,7119.775566650001
3444,1193,2,27,1,999.99,0.05,2025-11-24 02:06:42,mysql_database,47467.86031665
3445,1194,1,71,1,416.99,0.05,2025-11-24 02:06:42,mysql_database,19793.82101165
3446,1194,2,7,2,3999.99,0.07,2025-11-24 02:06:42,mysql_database,189872.86531665002
3447,1194,3,105,2,533.99,0.1,2025-11-24 02:06:42,mysql_database,25347.616206650004
3448,1194,4,84,1,109.99,0.05,2025-11-24 02:06:42,mysql_database,5221.04216665
3449,1195,1,52,1,875.99,0.07,2025-11-24 02:06:42,mysql_database,41581.786776650006
3450,1196,1,53,1,749.99,0.07,2025-11-24 02:06:42,mysql_database,35600.776566650005
3451,1197,1,13,1,269.99,0.07,2025-11-24 02:06:42,mysql_database,12815.97576665
3452,1197,2,108,2,449.99,0.05,2025-11-24 02:06:42,mysql_database,21360.276066650003
3453,1197,3,9,2,2999.99,0.05,2025-11-24 02:06:42,mysql_database,142404.53031665
3454,1197,4,106,2,449.99,0.2,2025-11-24 02:06:42,mysql_database,21360.276066650003
3455,1198,1,105,1,533.99,0.05,2025-11-24 02:06:42,mysql_database,25347.616206650004
3456,1199,1,32,1,469.99,0.05,2025-11-24 02:06:42,mysql_database,22309.642766650002
3457,1199,2,94,2,249.99,0.07,2025-11-24 02:06:42,mysql_database,11866.60906665
3458,1199,3,109,2,416.99,0.1,2025-11-24 02:06:42,mysql_database,19793.82101165
3459,1200,1,42,2,2299.99,0.2,2025-11-24 02:06:42,mysql_database,109176.69581665
3460,1201,1,95,1,299.99,0.07,2025-11-24 02:06:42,mysql_database,14240.02581665
3461,1201,2,13,1,269.99,0.05,2025-11-24 02:06:42,mysql_database,12815.97576665
3462,1201,3,26,1,599.99,0.2,2025-11-24 02:06:42,mysql_database,28480.52631665
3463,1201,4,17,2,429.0,0.05,2025-11-24 02:06:42,mysql_database,20363.915715000003
3464,1201,5,19,2,449.0,0.2,2025-11-24 02:06:42,mysql_database,21313.282415
3465,1202,1,84,2,109.99,0.05,2025-11-24 02:06:42,mysql_database,5221.04216665
3466,1203,1,6,2,469.99,0.07,2025-11-24 02:06:42,mysql_database,22309.642766650002
3467,1203,2,55,1,2699.99,0.05,2025-11-24 02:06:42,mysql_database,128164.02981665
3468,1204,1,37,2,379.99,0.07,2025-11-24 02:06:42,mysql_database,18037.49261665
3469,1205,1,105,2,533.99,0.2,2025-11-24 02:06:42,mysql_database,25347.616206650004
3470,1205,2,46,2,1409.99,0.2,2025-11-24 02:06:42,mysql_database,66929.87766665
3471,1205,3,71,1,416.99,0.05,2025-11-24 02:06:42,mysql_database,19793.82101165
3472,1205,4,79,2,402.99,0.07,2025-11-24 02:06:42,mysql_database,19129.26432165
3473,1205,5,92,1,209.99,0.1,2025-11-24 02:06:42,mysql_database,9967.875666650001
3474,1206,1,73,1,749.99,0.07,2025-11-24 02:06:42,mysql_database,35600.776566650005
3475,1206,2,29,1,999.99,0.2,2025-11-24 02:06:42,mysql_database,47467.86031665
3476,1207,1,104,1,481.99,0.05,2025-11-24 02:06:42,mysql_database,22879.26278665
3477,1207,2,103,1,551.99,0.1,2025-11-24 02:06:42,mysql_database,26202.046236650003
3478,1207,3,23,1,299.99,0.07,2025-11-24 02:06:42,mysql_database,14240.02581665
3479,1208,1,12,1,549.99,0.2,2025-11-24 02:06:42,mysql_database,26107.10956665
3480,1208,2,65,2,346.99,0.07,2025-11-24 02:06:42,mysql_database,16471.037561650002
3481,1208,3,86,2,149.99,0.2,2025-11-24 02:06:42,mysql_database,7119.775566650001
3482,1208,4,13,2,269.99,0.1,2025-11-24 02:06:42,mysql_database,12815.97576665
3483,1208,5,87,1,189.99,0.07,2025-11-24 02:06:42,mysql_database,9018.50896665
3484,1209,1,89,1,209.99,0.07,2025-11-24 02:06:42,mysql_database,9967.875666650001
3485,1209,2,97,1,349.99,0.05,2025-11-24 02:06:42,mysql_database,16613.442566650003
3486,1210,1,26,1,599.99,0.1,2025-11-24 02:06:42,mysql_database,28480.52631665
3487,1210,2,6,2,469.99,0.07,2025-11-24 02:06:42,mysql_database,22309.642766650002
3488,1210,3,78,2,647.99,0.05,2025-11-24 02:06:42,mysql_database,30759.006396650002
3489,1210,4,84,1,109.99,0.1,2025-11-24 02:06:42,mysql_database,5221.04216665
3490,1210,5,35,2,832.99,0.05,2025-11-24 02:06:42,mysql_database,39540.64837165
3491,1211,1,15,2,529.99,0.2,2025-11-24 02:06:42,mysql_database,25157.74286665
3492,1211,2,59,1,2599.99,0.05,2025-11-24 02:06:42,mysql_database,123417.19631664999
3493,1211,3,92,1,209.99,0.2,2025-11-24 02:06:42,mysql_database,9967.875666650001
3494,1211,4,93,1,209.99,0.1,2025-11-24 02:06:42,mysql_database,9967.875666650001
3495,1211,5,108,2,449.99,0.2,2025-11-24 02:06:42,mysql_database,21360.276066650003
3496,1212,1,74,1,439.99,0.1,2025-11-24 02:06:42,mysql_database,20885.59271665
3497,1212,2,37,2,379.99,0.07,2025-11-24 02:06:42,mysql_database,18037.49261665
3498,1212,3,39,2,1499.99,0.05,2025-11-24 02:06:42,mysql_database,71202.02781665
3499,1212,4,68,2,449.99,0.07,2025-11-24 02:06:42,mysql_database,21360.276066650003
3500,1213,1,64,2,489.99,0.07,2025-11-24 02:06:42,mysql_database,23259.00946665
3501,1213,2,78,1,647.99,0.07,2025-11-24 02:06:42,mysql_database,30759.006396650002
3502,1213,3,102,2,489.99,0.1,2025-11-24 02:06:42,mysql_database,23259.00946665
3503,1213,4,15,1,529.99,0.05,2025-11-24 02:06:42,mysql_database,25157.74286665
3504,1214,1,9,2,2999.99,0.05,2025-11-24 02:06:42,mysql_database,142404.53031665
3505,1214,2,7,1,3999.99,0.2,2025-11-24 02:06:42,mysql_database,189872.86531665002
3506,1214,3,22,1,269.99,0.05,2025-11-24 02:06:42,mysql_database,12815.97576665
3507,1214,4,77,2,799.99,0.1,2025-11-24 02:06:42,mysql_database,37974.19331665
3508,1214,5,67,2,250.99,0.2,2025-11-24 02:06:42,mysql_database,11914.077401650002
3509,1215,1,73,2,749.99,0.1,2025-11-24 02:06:42,mysql_database,35600.776566650005
3510,1215,2,10,2,1549.0,0.07,2025-11-24 02:06:42,mysql_database,73528.45091500001
3511,1216,1,64,2,489.99,0.1,2025-11-24 02:06:42,mysql_database,23259.00946665
3512,1216,2,54,1,3199.99,0.05,2025-11-24 02:06:42,mysql_database,151898.19731665
3513,1216,3,19,1,449.0,0.2,2025-11-24 02:06:42,mysql_database,21313.282415
3514,1216,4,110,2,470.99,0.07,2025-11-24 02:06:42,mysql_database,22357.111101650004
3515,1216,5,43,1,5299.99,0.1,2025-11-24 02:06:42,mysql_database,251581.70081665
3516,1217,1,73,1,749.99,0.05,2025-11-24 02:06:42,mysql_database,35600.776566650005
3517,1217,2,106,2,449.99,0.05,2025-11-24 02:06:42,mysql_database,21360.276066650003
3518,1218,1,32,1,469.99,0.07,2025-11-24 02:06:42,mysql_database,22309.642766650002
3519,1218,2,102,2,489.99,0.05,2025-11-24 02:06:42,mysql_database,23259.00946665
3520,1219,1,17,2,429.0,0.07,2025-11-24 02:06:42,mysql_database,20363.915715000003
3521,1219,2,62,2,3499.99,0.1,2025-11-24 02:06:42,mysql_database,166138.69781665
3522,1219,3,40,2,4999.99,0.2,2025-11-24 02:06:42,mysql_database,237341.20031665
3523,1220,1,47,2,5299.99,0.1,2025-11-24 02:06:42,mysql_database,251581.70081665
3524,1220,2,49,1,3499.99,0.2,2025-11-24 02:06:42,mysql_database,166138.69781665
3525,1220,3,85,2,329.99,0.2,2025-11-24 02:06:42,mysql_database,15664.075866650002
3526,1221,1,100,1,489.99,0.05,2025-11-24 02:06:42,mysql_database,23259.00946665
3527,1221,2,81,2,1099.99,0.05,2025-11-24 02:06:42,mysql_database,52214.693816650004
3528,1221,3,42,2,2299.99,0.1,2025-11-24 02:06:42,mysql_database,109176.69581665
3529,1221,4,38,2,549.99,0.1,2025-11-24 02:06:42,mysql_database,26107.10956665
3530,1221,5,97,2,349.99,0.07,2025-11-24 02:06:42,mysql_database,16613.442566650003
3531,1222,1,97,1,349.99,0.2,2025-11-24 02:06:42,mysql_database,16613.442566650003
3532,1223,1,103,1,551.99,0.05,2025-11-24 02:06:42,mysql_database,26202.046236650003
3533,1224,1,62,1,3499.99,0.07,2025-11-24 02:06:42,mysql_database,166138.69781665
3534,1224,2,51,1,6499.99,0.1,2025-11-24 02:06:42,mysql_database,308543.70281665004
3535,1224,3,108,1,449.99,0.05,2025-11-24 02:06:42,mysql_database,21360.276066650003
3536,1224,4,32,1,469.99,0.2,2025-11-24 02:06:42,mysql_database,22309.642766650002
3537,1225,1,81,1,1099.99,0.1,2025-11-24 02:06:42,mysql_database,52214.693816650004
3538,1225,2,59,2,2599.99,0.1,2025-11-24 02:06:42,mysql_database,123417.19631664999
3539,1225,3,6,2,469.99,0.1,2025-11-24 02:06:42,mysql_database,22309.642766650002
3540,1226,1,77,2,799.99,0.05,2025-11-24 02:06:42,mysql_database,37974.19331665
3541,1226,2,101,1,339.99,0.2,2025-11-24 02:06:42,mysql_database,16138.759216650002
3542,1226,3,11,2,1680.99,0.07,2025-11-24 02:06:42,mysql_database,79793.79645165
3543,1226,4,51,1,6499.99,0.07,2025-11-24 02:06:42,mysql_database,308543.70281665004
3544,1226,5,42,1,2299.99,0.1,2025-11-24 02:06:42,mysql_database,109176.69581665
3545,1227,1,90,2,209.99,0.2,2025-11-24 02:06:42,mysql_database,9967.875666650001
3546,1227,2,44,1,539.99,0.07,2025-11-24 02:06:42,mysql_database,25632.42621665
3547,1227,3,26,1,599.99,0.05,2025-11-24 02:06:42,mysql_database,28480.52631665
3548,1227,4,8,1,1799.99,0.07,2025-11-24 02:06:42,mysql_database,85442.52831665
3549,1227,5,42,2,2299.99,0.2,2025-11-24 02:06:42,mysql_database,109176.69581665
3550,1228,1,92,1,209.99,0.2,2025-11-24 02:06:42,mysql_database,9967.875666650001
3551,1228,2,55,2,2699.99,0.2,2025-11-24 02:06:42,mysql_database,128164.02981665
3552,1228,3,20,2,599.99,0.05,2025-11-24 02:06:42,mysql_database,28480.52631665
3553,1229,1,36,2,832.99,0.07,2025-11-24 02:06:42,mysql_database,39540.64837165
3554,1229,2,61,2,4999.99,0.1,2025-11-24 02:06:42,mysql_database,237341.20031665
3555,1230,1,32,2,469.99,0.1,2025-11-24 02:06:42,mysql_database,22309.642766650002
3556,1230,2,38,2,549.99,0.07,2025-11-24 02:06:42,mysql_database,26107.10956665
3557,1231,1,75,2,599.99,0.05,2025-11-24 02:06:42,mysql_database,28480.52631665
3558,1231,2,70,1,659.99,0.07,2025-11-24 02:06:42,mysql_database,31328.626416650004
3559,1232,1,4,2,2899.99,0.07,2025-11-24 02:06:42,mysql_database,137657.69681665
3560,1232,2,110,2,470.99,0.05,2025-11-24 02:06:42,mysql_database,22357.111101650004
3561,1232,3,6,2,469.99,0.2,2025-11-24 02:06:42,mysql_database,22309.642766650002
3562,1233,1,87,2,189.99,0.2,2025-11-24 02:06:42,mysql_database,9018.50896665
3563,1233,2,61,2,4999.99,0.1,2025-11-24 02:06:42,mysql_database,237341.20031665
3564,1233,3,55,1,2699.99,0.2,2025-11-24 02:06:42,mysql_database,128164.02981665
3565,1234,1,56,2,5499.99,0.07,2025-11-24 02:06:42,mysql_database,261075.36781665002
3566,1234,2,71,2,416.99,0.07,2025-11-24 02:06:42,mysql_database,19793.82101165
3567,1235,1,7,1,3999.99,0.1,2025-11-24 02:06:42,mysql_database,189872.86531665002
3568,1236,1,60,1,1559.99,0.07,2025-11-24 02:06:42,mysql_database,74050.12791665
3569,1236,2,32,2,469.99,0.05,2025-11-24 02:06:42,mysql_database,22309.642766650002
3570,1236,3,91,1,349.99,0.1,2025-11-24 02:06:42,mysql_database,16613.442566650003
3571,1237,1,23,1,299.99,0.1,2025-11-24 02:06:42,mysql_database,14240.02581665
3572,1237,2,87,2,189.99,0.1,2025-11-24 02:06:42,mysql_database,9018.50896665
3573,1237,3,95,2,299.99,0.2,2025-11-24 02:06:42,mysql_database,14240.02581665
3574,1237,4,55,2,2699.99,0.07,2025-11-24 02:06:42,mysql_database,128164.02981665
3575,1237,5,25,1,499.99,0.07,2025-11-24 02:06:42,mysql_database,23733.692816650004
3576,1238,1,40,1,4999.99,0.1,2025-11-24 02:06:42,mysql_database,237341.20031665
3577,1238,2,14,1,269.99,0.1,2025-11-24 02:06:42,mysql_database,12815.97576665
3578,1238,3,99,2,299.99,0.2,2025-11-24 02:06:42,mysql_database,14240.02581665
3579,1238,4,101,1,339.99,0.1,2025-11-24 02:06:42,mysql_database,16138.759216650002
3580,1239,1,15,2,529.99,0.2,2025-11-24 02:06:42,mysql_database,25157.74286665
3581,1239,2,91,1,349.99,0.1,2025-11-24 02:06:42,mysql_database,16613.442566650003
3582,1239,3,34,2,469.99,0.1,2025-11-24 02:06:42,mysql_database,22309.642766650002
3583,1239,4,36,1,832.99,0.05,2025-11-24 02:06:42,mysql_database,39540.64837165
3584,1240,1,107,2,416.99,0.1,2025-11-24 02:06:42,mysql_database,19793.82101165
3585,1240,2,23,2,299.99,0.05,2025-11-24 02:06:42,mysql_database,14240.02581665
3586,1240,3,15,2,529.99,0.2,2025-11-24 02:06:42,mysql_database,25157.74286665
3587,1240,4,77,2,799.99,0.05,2025-11-24 02:06:42,mysql_database,37974.19331665
3588,1240,5,57,1,1999.99,0.05,2025-11-24 02:06:42,mysql_database,94936.19531665
3589,1241,1,74,1,439.99,0.05,2025-11-24 02:06:42,mysql_database,20885.59271665
3590,1241,2,71,2,416.99,0.05,2025-11-24 02:06:42,mysql_database,19793.82101165
3591,1242,1,94,1,249.99,0.05,2025-11-24 02:06:42,mysql_database,11866.60906665
3592,1242,2,27,1,999.99,0.07,2025-11-24 02:06:42,mysql_database,47467.86031665
3593,1242,3,10,1,1549.0,0.07,2025-11-24 02:06:42,mysql_database,73528.45091500001
3594,1242,4,70,1,659.99,0.2,2025-11-24 02:06:42,mysql_database,31328.626416650004
3595,1243,1,44,1,539.99,0.07,2025-11-24 02:06:42,mysql_database,25632.42621665
3596,1244,1,45,1,869.99,0.2,2025-11-24 02:06:42,mysql_database,41296.976766650005
3597,1244,2,38,2,549.99,0.07,2025-11-24 02:06:42,mysql_database,26107.10956665
3598,1244,3,33,1,469.99,0.07,2025-11-24 02:06:42,mysql_database,22309.642766650002
3599,1244,4,37,2,379.99,0.1,2025-11-24 02:06:42,mysql_database,18037.49261665
3600,1245,1,13,1,269.99,0.1,2025-11-24 02:06:42,mysql_database,12815.97576665
3601,1246,1,78,2,647.99,0.2,2025-11-24 02:06:42,mysql_database,30759.006396650002
3602,1246,2,46,1,1409.99,0.05,2025-11-24 02:06:42,mysql_database,66929.87766665
3603,1246,3,45,2,869.99,0.07,2025-11-24 02:06:42,mysql_database,41296.976766650005
3604,1247,1,15,2,529.99,0.1,2025-11-24 02:06:42,mysql_database,25157.74286665
3605,1247,2,28,2,2499.99,0.1,2025-11-24 02:06:42,mysql_database,118670.36281665
3606,1247,3,26,1,599.99,0.05,2025-11-24 02:06:42,mysql_database,28480.52631665
3607,1248,1,94,2,249.99,0.05,2025-11-24 02:06:42,mysql_database,11866.60906665
3608,1248,2,33,2,469.99,0.1,2025-11-24 02:06:42,mysql_database,22309.642766650002
3609,1248,3,92,1,209.99,0.1,2025-11-24 02:06:42,mysql_database,9967.875666650001
3610,1248,4,12,1,549.99,0.05,2025-11-24 02:06:42,mysql_database,26107.10956665
3611,1249,1,62,1,3499.99,0.05,2025-11-24 02:06:42,mysql_database,166138.69781665
3612,1249,2,104,1,481.99,0.05,2025-11-24 02:06:42,mysql_database,22879.26278665
3613,1249,3,61,1,4999.99,0.2,2025-11-24 02:06:42,mysql_database,237341.20031665
3614,1250,1,78,2,647.99,0.05,2025-11-24 02:06:42,mysql_database,30759.006396650002
3615,1250,2,66,2,250.99,0.1,2025-11-24 02:06:42,mysql_database,11914.077401650002
3616,1250,3,20,2,599.99,0.05,2025-11-24 02:06:42,mysql_database,28480.52631665
3617,1250,4,6,2,469.99,0.1,2025-11-24 02:06:42,mysql_database,22309.642766650002
3618,1251,1,40,2,4999.99,0.1,2025-11-24 02:06:42,mysql_database,237341.20031665
3619,1251,2,56,1,5499.99,0.07,2025-11-24 02:06:42,mysql_database,261075.36781665002
3620,1251,3,7,1,3999.99,0.07,2025-11-24 02:06:42,mysql_database,189872.86531665002
3621,1252,1,79,1,402.99,0.2,2025-11-24 02:06:42,mysql_database,19129.26432165
3622,1252,2,84,1,109.99,0.2,2025-11-24 02:06:42,mysql_database,5221.04216665
3623,1252,3,57,2,1999.99,0.05,2025-11-24 02:06:42,mysql_database,94936.19531665
3624,1253,1,25,2,499.99,0.1,2025-11-24 02:06:42,mysql_database,23733.692816650004
3625,1253,2,21,1,269.99,0.07,2025-11-24 02:06:42,mysql_database,12815.97576665
3626,1253,3,88,1,189.99,0.2,2025-11-24 02:06:42,mysql_database,9018.50896665
3627,1254,1,80,1,761.99,0.2,2025-11-24 02:06:42,mysql_database,36170.39658665
3628,1254,2,91,1,349.99,0.2,2025-11-24 02:06:42,mysql_database,16613.442566650003
3629,1255,1,43,2,5299.99,0.2,2025-11-24 02:06:42,mysql_database,251581.70081665
3630,1255,2,53,1,749.99,0.05,2025-11-24 02:06:42,mysql_database,35600.776566650005
3631,1255,3,14,2,269.99,0.2,2025-11-24 02:06:42,mysql_database,12815.97576665
3632,1255,4,26,2,599.99,0.05,2025-11-24 02:06:42,mysql_database,28480.52631665
3633,1255,5,82,1,659.99,0.05,2025-11-24 02:06:42,mysql_database,31328.626416650004
3634,1256,1,44,2,539.99,0.2,2025-11-24 02:06:42,mysql_database,25632.42621665
3635,1256,2,100,1,489.99,0.1,2025-11-24 02:06:42,mysql_database,23259.00946665
3636,1257,1,30,2,999.99,0.05,2025-11-24 02:06:42,mysql_database,47467.86031665
3637,1257,2,61,1,4999.99,0.05,2025-11-24 02:06:42,mysql_database,237341.20031665
3638,1257,3,17,2,429.0,0.1,2025-11-24 02:06:42,mysql_database,20363.915715000003
3639,1257,4,41,1,1469.99,0.05,2025-11-24 02:06:42,mysql_database,69777.97776665
3640,1257,5,4,1,2899.99,0.1,2025-11-24 02:06:42,mysql_database,137657.69681665
3641,1258,1,94,2,249.99,0.1,2025-11-24 02:06:42,mysql_database,11866.60906665
3642,1258,2,99,2,299.99,0.05,2025-11-24 02:06:42,mysql_database,14240.02581665
3643,1259,1,60,1,1559.99,0.1,2025-11-24 02:06:42,mysql_database,74050.12791665
3644,1259,2,19,1,449.0,0.2,2025-11-24 02:06:42,mysql_database,21313.282415
3645,1260,1,8,1,1799.99,0.1,2025-11-24 02:06:42,mysql_database,85442.52831665
3646,1260,2,66,1,250.99,0.1,2025-11-24 02:06:42,mysql_database,11914.077401650002
3647,1261,1,73,1,749.99,0.2,2025-11-24 02:06:42,mysql_database,35600.776566650005
3648,1261,2,88,2,189.99,0.2,2025-11-24 02:06:42,mysql_database,9018.50896665
3649,1261,3,100,1,489.99,0.05,2025-11-24 02:06:42,mysql_database,23259.00946665
3650,1261,4,42,1,2299.99,0.1,2025-11-24 02:06:42,mysql_database,109176.69581665
3651,1262,1,37,1,379.99,0.07,2025-11-24 02:06:42,mysql_database,18037.49261665
3652,1262,2,52,1,875.99,0.05,2025-11-24 02:06:42,mysql_database,41581.786776650006
3653,1262,3,43,2,5299.99,0.07,2025-11-24 02:06:42,mysql_database,251581.70081665
3654,1262,4,77,1,799.99,0.07,2025-11-24 02:06:42,mysql_database,37974.19331665
3655,1263,1,45,1,869.99,0.2,2025-11-24 02:06:42,mysql_database,41296.976766650005
3656,1263,2,62,1,3499.99,0.05,2025-11-24 02:06:42,mysql_database,166138.69781665
3657,1263,3,19,2,449.0,0.1,2025-11-24 02:06:42,mysql_database,21313.282415
3658,1264,1,101,1,339.99,0.07,2025-11-24 02:06:42,mysql_database,16138.759216650002
3659,1264,2,77,2,799.99,0.07,2025-11-24 02:06:42,mysql_database,37974.19331665
3660,1264,3,29,2,999.99,0.2,2025-11-24 02:06:42,mysql_database,47467.86031665
3661,1264,4,52,1,875.99,0.05,2025-11-24 02:06:42,mysql_database,41581.786776650006
3662,1265,1,41,2,1469.99,0.1,2025-11-24 02:06:42,mysql_database,69777.97776665
3663,1265,2,72,2,619.99,0.07,2025-11-24 02:06:42,mysql_database,29429.893016650003
3664,1266,1,90,1,209.99,0.2,2025-11-24 02:06:42,mysql_database,9967.875666650001
3665,1266,2,48,1,1499.99,0.2,2025-11-24 02:06:42,mysql_database,71202.02781665
3666,1267,1,45,1,869.99,0.1,2025-11-24 02:06:42,mysql_database,41296.976766650005
3667,1267,2,27,1,999.99,0.07,2025-11-24 02:06:42,mysql_database,47467.86031665
3668,1267,3,108,1,449.99,0.2,2025-11-24 02:06:42,mysql_database,21360.276066650003
3669,1267,4,95,1,299.99,0.05,2025-11-24 02:06:42,mysql_database,14240.02581665
3670,1268,1,68,2,449.99,0.07,2025-11-24 02:06:42,mysql_database,21360.276066650003
3671,1268,2,87,2,189.99,0.07,2025-11-24 02:06:42,mysql_database,9018.50896665
3672,1268,3,59,2,2599.99,0.2,2025-11-24 02:06:42,mysql_database,123417.19631664999
3673,1268,4,100,1,489.99,0.07,2025-11-24 02:06:42,mysql_database,23259.00946665
3674,1269,1,4,2,2899.99,0.2,2025-11-24 02:06:42,mysql_database,137657.69681665
3675,1269,2,7,1,3999.99,0.2,2025-11-24 02:06:42,mysql_database,189872.86531665002
3676,1269,3,111,1,470.99,0.1,2025-11-24 02:06:42,mysql_database,22357.111101650004
3677,1270,1,54,1,3199.99,0.2,2025-11-24 02:06:42,mysql_database,151898.19731665
3678,1271,1,25,2,499.99,0.1,2025-11-24 02:06:42,mysql_database,23733.692816650004
3679,1271,2,50,2,5999.99,0.07,2025-11-24 02:06:42,mysql_database,284809.53531665
3680,1271,3,87,2,189.99,0.07,2025-11-24 02:06:42,mysql_database,9018.50896665
3681,1271,4,32,2,469.99,0.07,2025-11-24 02:06:42,mysql_database,22309.642766650002
3682,1272,1,16,2,599.99,0.2,2025-11-24 02:06:42,mysql_database,28480.52631665
3683,1272,2,71,2,416.99,0.1,2025-11-24 02:06:42,mysql_database,19793.82101165
3684,1272,3,86,1,149.99,0.07,2025-11-24 02:06:42,mysql_database,7119.775566650001
3685,1273,1,95,2,299.99,0.07,2025-11-24 02:06:42,mysql_database,14240.02581665
3686,1273,2,20,1,599.99,0.07,2025-11-24 02:06:42,mysql_database,28480.52631665
3687,1273,3,58,1,4999.99,0.2,2025-11-24 02:06:42,mysql_database,237341.20031665
3688,1274,1,81,1,1099.99,0.1,2025-11-24 02:06:42,mysql_database,52214.693816650004
3689,1275,1,58,1,4999.99,0.07,2025-11-24 02:06:42,mysql_database,237341.20031665
3690,1275,2,30,1,999.99,0.1,2025-11-24 02:06:42,mysql_database,47467.86031665
3691,1276,1,18,2,449.0,0.2,2025-11-24 02:06:42,mysql_database,21313.282415
3692,1276,2,58,1,4999.99,0.2,2025-11-24 02:06:42,mysql_database,237341.20031665
3693,1276,3,42,1,2299.99,0.05,2025-11-24 02:06:42,mysql_database,109176.69581665
3694,1276,4,24,2,549.99,0.2,2025-11-24 02:06:42,mysql_database,26107.10956665
3695,1276,5,78,2,647.99,0.2,2025-11-24 02:06:42,mysql_database,30759.006396650002
3696,1277,1,56,2,5499.99,0.2,2025-11-24 02:06:42,mysql_database,261075.36781665002
3697,1277,2,93,2,209.99,0.05,2025-11-24 02:06:42,mysql_database,9967.875666650001
3698,1277,3,9,2,2999.99,0.1,2025-11-24 02:06:42,mysql_database,142404.53031665
3699,1277,4,4,1,2899.99,0.1,2025-11-24 02:06:42,mysql_database,137657.69681665
3700,1277,5,11,1,1680.99,0.2,2025-11-24 02:06:42,mysql_database,79793.79645165
3701,1278,1,103,2,551.99,0.1,2025-11-24 02:06:42,mysql_database,26202.046236650003
3702,1278,2,32,1,469.99,0.1,2025-11-24 02:06:42,mysql_database,22309.642766650002
3703,1279,1,9,2,2999.99,0.05,2025-11-24 02:06:42,mysql_database,142404.53031665
3704,1280,1,72,2,619.99,0.07,2025-11-24 02:06:42,mysql_database,29429.893016650003
3705,1280,2,74,1,439.99,0.05,2025-11-24 02:06:42,mysql_database,20885.59271665
3706,1280,3,52,1,875.99,0.07,2025-11-24 02:06:42,mysql_database,41581.786776650006
3707,1280,4,63,1,3499.99,0.2,2025-11-24 02:06:42,mysql_database,166138.69781665
3708,1281,1,36,1,832.99,0.05,2025-11-24 02:06:42,mysql_database,39540.64837165
3709,1281,2,49,2,3499.99,0.05,2025-11-24 02:06:42,mysql_database,166138.69781665
3710,1281,3,75,1,599.99,0.05,2025-11-24 02:06:42,mysql_database,28480.52631665
3711,1282,1,111,1,470.99,0.05,2025-11-24 02:06:42,mysql_database,22357.111101650004
3712,1282,2,50,2,5999.99,0.2,2025-11-24 02:06:42,mysql_database,284809.53531665
3713,1283,1,61,2,4999.99,0.05,2025-11-24 02:06:42,mysql_database,237341.20031665
3714,1283,2,81,1,1099.99,0.2,2025-11-24 02:06:42,mysql_database,52214.693816650004
3715,1283,3,7,1,3999.99,0.1,2025-11-24 02:06:42,mysql_database,189872.86531665002
3716,1283,4,32,1,469.99,0.1,2025-11-24 02:06:42,mysql_database,22309.642766650002
3717,1283,5,11,1,1680.99,0.2,2025-11-24 02:06:42,mysql_database,79793.79645165
3718,1284,1,101,1,339.99,0.07,2025-11-24 02:06:42,mysql_database,16138.759216650002
3719,1284,2,8,1,1799.99,0.05,2025-11-24 02:06:42,mysql_database,85442.52831665
3720,1284,3,4,2,2899.99,0.05,2025-11-24 02:06:42,mysql_database,137657.69681665
3721,1285,1,78,2,647.99,0.07,2025-11-24 02:06:42,mysql_database,30759.006396650002
3722,1285,2,93,1,209.99,0.1,2025-11-24 02:06:42,mysql_database,9967.875666650001
3723,1285,3,69,2,416.99,0.2,2025-11-24 02:06:42,mysql_database,19793.82101165
3724,1285,4,6,1,469.99,0.1,2025-11-24 02:06:42,mysql_database,22309.642766650002
3725,1286,1,109,2,416.99,0.2,2025-11-24 02:06:42,mysql_database,19793.82101165
3726,1286,2,81,2,1099.99,0.07,2025-11-24 02:06:42,mysql_database,52214.693816650004
3727,1286,3,87,1,189.99,0.07,2025-11-24 02:06:42,mysql_database,9018.50896665
3728,1287,1,27,2,999.99,0.2,2025-11-24 02:06:42,mysql_database,47467.86031665
3729,1287,2,62,2,3499.99,0.1,2025-11-24 02:06:42,mysql_database,166138.69781665
3730,1287,3,103,1,551.99,0.1,2025-11-24 02:06:42,mysql_database,26202.046236650003
3731,1287,4,100,2,489.99,0.05,2025-11-24 02:06:42,mysql_database,23259.00946665
3732,1288,1,73,1,749.99,0.2,2025-11-24 02:06:42,mysql_database,35600.776566650005
3733,1288,2,64,2,489.99,0.2,2025-11-24 02:06:42,mysql_database,23259.00946665
3734,1288,3,62,2,3499.99,0.1,2025-11-24 02:06:42,mysql_database,166138.69781665
3735,1288,4,17,2,429.0,0.07,2025-11-24 02:06:42,mysql_database,20363.915715000003
3736,1289,1,89,1,209.99,0.05,2025-11-24 02:06:42,mysql_database,9967.875666650001
3737,1289,2,3,1,999.99,0.1,2025-11-24 02:06:42,mysql_database,47467.86031665
3738,1290,1,75,2,599.99,0.05,2025-11-24 02:06:42,mysql_database,28480.52631665
3739,1290,2,36,1,832.99,0.05,2025-11-24 02:06:42,mysql_database,39540.64837165
3740,1290,3,92,2,209.99,0.1,2025-11-24 02:06:42,mysql_database,9967.875666650001
3741,1291,1,57,1,1999.99,0.1,2025-11-24 02:06:42,mysql_database,94936.19531665
3742,1291,2,58,2,4999.99,0.05,2025-11-24 02:06:42,mysql_database,237341.20031665
3743,1292,1,70,1,659.99,0.07,2025-11-24 02:06:42,mysql_database,31328.626416650004
3744,1293,1,88,2,189.99,0.1,2025-11-24 02:06:42,mysql_database,9018.50896665
3745,1293,2,74,2,439.99,0.05,2025-11-24 02:06:42,mysql_database,20885.59271665
3746,1293,3,38,2,549.99,0.07,2025-11-24 02:06:42,mysql_database,26107.10956665
3747,1294,1,95,2,299.99,0.05,2025-11-24 02:06:42,mysql_database,14240.02581665
3748,1294,2,44,1,539.99,0.05,2025-11-24 02:06:42,mysql_database,25632.42621665
3749,1295,1,5,2,1320.99,0.2,2025-11-24 02:06:42,mysql_database,62705.19585165
3750,1295,2,61,1,4999.99,0.2,2025-11-24 02:06:42,mysql_database,237341.20031665
3751,1295,3,52,1,875.99,0.05,2025-11-24 02:06:42,mysql_database,41581.786776650006
3752,1296,1,25,2,499.99,0.05,2025-11-24 02:06:42,mysql_database,23733.692816650004
3753,1296,2,90,1,209.99,0.1,2025-11-24 02:06:42,mysql_database,9967.875666650001
3754,1296,3,16,1,599.99,0.05,2025-11-24 02:06:42,mysql_database,28480.52631665
3755,1296,4,2,2,749.99,0.1,2025-11-24 02:06:42,mysql_database,35600.776566650005
3756,1297,1,104,2,481.99,0.07,2025-11-24 02:06:42,mysql_database,22879.26278665
3757,1297,2,43,1,5299.99,0.05,2025-11-24 02:06:42,mysql_database,251581.70081665
3758,1297,3,51,2,6499.99,0.05,2025-11-24 02:06:42,mysql_database,308543.70281665004
3759,1298,1,59,1,2599.99,0.05,2025-11-24 02:06:42,mysql_database,123417.19631664999
3760,1298,2,110,2,470.99,0.07,2025-11-24 02:06:42,mysql_database,22357.111101650004
3761,1299,1,14,2,269.99,0.1,2025-11-24 02:06:42,mysql_database,12815.97576665
3762,1299,2,101,1,339.99,0.05,2025-11-24 02:06:42,mysql_database,16138.759216650002
3763,1299,3,75,1,599.99,0.05,2025-11-24 02:06:42,mysql_database,28480.52631665
3764,1299,4,52,2,875.99,0.2,2025-11-24 02:06:42,mysql_database,41581.786776650006
3765,1300,1,101,2,339.99,0.07,2025-11-24 02:06:42,mysql_database,16138.759216650002
3766,1300,2,58,2,4999.99,0.05,2025-11-24 02:06:42,mysql_database,237341.20031665
3767,1301,1,45,2,869.99,0.2,2025-11-24 02:06:42,mysql_database,41296.976766650005
3768,1301,2,105,2,533.99,0.1,2025-11-24 02:06:42,mysql_database,25347.616206650004
3769,1301,3,8,1,1799.99,0.2,2025-11-24 02:06:42,mysql_database,85442.52831665
3770,1302,1,38,1,549.99,0.05,2025-11-24 02:06:42,mysql_database,26107.10956665
3771,1302,2,20,2,599.99,0.1,2025-11-24 02:06:42,mysql_database,28480.52631665
3772,1302,3,56,2,5499.99,0.07,2025-11-24 02:06:42,mysql_database,261075.36781665002
3773,1303,1,96,1,349.99,0.1,2025-11-24 02:06:42,mysql_database,16613.442566650003
3774,1303,2,63,2,3499.99,0.2,2025-11-24 02:06:42,mysql_database,166138.69781665
3775,1303,3,108,1,449.99,0.1,2025-11-24 02:06:42,mysql_database,21360.276066650003
3776,1303,4,73,1,749.99,0.1,2025-11-24 02:06:42,mysql_database,35600.776566650005
3777,1303,5,24,2,549.99,0.1,2025-11-24 02:06:42,mysql_database,26107.10956665
3778,1304,1,80,1,761.99,0.05,2025-11-24 02:06:42,mysql_database,36170.39658665
3779,1304,2,99,2,299.99,0.05,2025-11-24 02:06:42,mysql_database,14240.02581665
3780,1304,3,102,1,489.99,0.2,2025-11-24 02:06:42,mysql_database,23259.00946665
3781,1304,4,17,1,429.0,0.05,2025-11-24 02:06:42,mysql_database,20363.915715000003
3782,1305,1,85,1,329.99,0.2,2025-11-24 02:06:42,mysql_database,15664.075866650002
3783,1305,2,9,1,2999.99,0.07,2025-11-24 02:06:42,mysql_database,142404.53031665
3784,1305,3,11,1,1680.99,0.05,2025-11-24 02:06:42,mysql_database,79793.79645165
3785,1305,4,91,2,349.99,0.05,2025-11-24 02:06:42,mysql_database,16613.442566650003
3786,1306,1,103,2,551.99,0.05,2025-11-24 02:06:42,mysql_database,26202.046236650003
3787,1306,2,81,2,1099.99,0.07,2025-11-24 02:06:42,mysql_database,52214.693816650004
3788,1306,3,45,1,869.99,0.2,2025-11-24 02:06:42,mysql_database,41296.976766650005
3789,1306,4,42,1,2299.99,0.2,2025-11-24 02:06:42,mysql_database,109176.69581665
3790,1306,5,9,2,2999.99,0.07,2025-11-24 02:06:42,mysql_database,142404.53031665
3791,1307,1,96,2,349.99,0.07,2025-11-24 02:06:42,mysql_database,16613.442566650003
3792,1307,2,53,2,749.99,0.2,2025-11-24 02:06:42,mysql_database,35600.776566650005
3793,1307,3,69,2,416.99,0.2,2025-11-24 02:06:42,mysql_database,19793.82101165
3794,1308,1,54,1,3199.99,0.05,2025-11-24 02:06:42,mysql_database,151898.19731665
3795,1308,2,69,1,416.99,0.2,2025-11-24 02:06:42,mysql_database,19793.82101165
3796,1308,3,14,2,269.99,0.07,2025-11-24 02:06:42,mysql_database,12815.97576665
3797,1308,4,56,1,5499.99,0.2,2025-11-24 02:06:42,mysql_database,261075.36781665002
3798,1308,5,32,1,469.99,0.07,2025-11-24 02:06:42,mysql_database,22309.642766650002
3799,1309,1,65,1,346.99,0.05,2025-11-24 02:06:42,mysql_database,16471.037561650002
3800,1309,2,87,2,189.99,0.2,2025-11-24 02:06:42,mysql_database,9018.50896665
3801,1310,1,59,1,2599.99,0.2,2025-11-24 02:06:42,mysql_database,123417.19631664999
3802,1310,2,77,2,799.99,0.2,2025-11-24 02:06:42,mysql_database,37974.19331665
3803,1310,3,11,2,1680.99,0.1,2025-11-24 02:06:42,mysql_database,79793.79645165
3804,1310,4,54,1,3199.99,0.2,2025-11-24 02:06:42,mysql_database,151898.19731665
3805,1311,1,69,1,416.99,0.1,2025-11-24 02:06:42,mysql_database,19793.82101165
3806,1311,2,45,2,869.99,0.07,2025-11-24 02:06:42,mysql_database,41296.976766650005
3807,1311,3,27,2,999.99,0.1,2025-11-24 02:06:42,mysql_database,47467.86031665
3808,1311,4,42,1,2299.99,0.1,2025-11-24 02:06:42,mysql_database,109176.69581665
3809,1312,1,67,2,250.99,0.05,2025-11-24 02:06:42,mysql_database,11914.077401650002
3810,1312,2,14,1,269.99,0.2,2025-11-24 02:06:42,mysql_database,12815.97576665
3811,1312,3,20,1,599.99,0.07,2025-11-24 02:06:42,mysql_database,28480.52631665
3812,1313,1,75,1,599.99,0.2,2025-11-24 02:06:42,mysql_database,28480.52631665
3813,1313,2,33,1,469.99,0.2,2025-11-24 02:06:42,mysql_database,22309.642766650002
3814,1313,3,69,1,416.99,0.07,2025-11-24 02:06:42,mysql_database,19793.82101165
3815,1314,1,52,1,875.99,0.07,2025-11-24 02:06:42,mysql_database,41581.786776650006
3816,1314,2,72,2,619.99,0.05,2025-11-24 02:06:42,mysql_database,29429.893016650003
3817,1314,3,94,1,249.99,0.1,2025-11-24 02:06:42,mysql_database,11866.60906665
3818,1315,1,104,2,481.99,0.07,2025-11-24 02:06:42,mysql_database,22879.26278665
3819,1315,2,41,1,1469.99,0.05,2025-11-24 02:06:42,mysql_database,69777.97776665
3820,1315,3,24,1,549.99,0.1,2025-11-24 02:06:42,mysql_database,26107.10956665
3821,1315,4,26,1,599.99,0.07,2025-11-24 02:06:42,mysql_database,28480.52631665
3822,1315,5,16,2,599.99,0.2,2025-11-24 02:06:42,mysql_database,28480.52631665
3823,1316,1,76,2,299.99,0.1,2025-11-24 02:06:42,mysql_database,14240.02581665
3824,1316,2,90,1,209.99,0.1,2025-11-24 02:06:42,mysql_database,9967.875666650001
3825,1317,1,82,1,659.99,0.1,2025-11-24 02:06:42,mysql_database,31328.626416650004
3826,1318,1,82,2,659.99,0.2,2025-11-24 02:06:42,mysql_database,31328.626416650004
3827,1318,2,62,2,3499.99,0.2,2025-11-24 02:06:42,mysql_database,166138.69781665
3828,1318,3,111,1,470.99,0.2,2025-11-24 02:06:42,mysql_database,22357.111101650004
3829,1318,4,92,1,209.99,0.07,2025-11-24 02:06:42,mysql_database,9967.875666650001
3830,1319,1,75,1,599.99,0.07,2025-11-24 02:06:42,mysql_database,28480.52631665
3831,1319,2,91,1,349.99,0.2,2025-11-24 02:06:42,mysql_database,16613.442566650003
3832,1320,1,104,1,481.99,0.1,2025-11-24 02:06:42,mysql_database,22879.26278665
3833,1320,2,93,1,209.99,0.05,2025-11-24 02:06:42,mysql_database,9967.875666650001
3834,1320,3,99,2,299.99,0.2,2025-11-24 02:06:42,mysql_database,14240.02581665
3835,1321,1,34,1,469.99,0.1,2025-11-24 02:06:42,mysql_database,22309.642766650002
3836,1321,2,107,1,416.99,0.1,2025-11-24 02:06:42,mysql_database,19793.82101165
3837,1321,3,11,2,1680.99,0.1,2025-11-24 02:06:42,mysql_database,79793.79645165
3838,1322,1,28,2,2499.99,0.05,2025-11-24 02:06:42,mysql_database,118670.36281665
3839,1322,2,104,2,481.99,0.05,2025-11-24 02:06:42,mysql_database,22879.26278665
3840,1323,1,27,2,999.99,0.07,2025-11-24 02:06:42,mysql_database,47467.86031665
3841,1323,2,20,1,599.99,0.05,2025-11-24 02:06:42,mysql_database,28480.52631665
3842,1323,3,70,1,659.99,0.05,2025-11-24 02:06:42,mysql_database,31328.626416650004
3843,1324,1,66,1,250.99,0.1,2025-11-24 02:06:42,mysql_database,11914.077401650002
3844,1324,2,120,2,2499.99,0.2,2025-11-24 02:06:42,mysql_database,118670.36281665
3845,1324,3,235,1,899.99,0.1,2025-11-24 02:06:42,mysql_database,42721.02681665
3846,1324,4,3,1,999.99,0.2,2025-11-24 02:06:42,mysql_database,47467.86031665
3847,1325,1,139,1,2999.99,0.05,2025-11-24 02:06:42,mysql_database,142404.53031665
3848,1325,2,257,1,899.99,0.05,2025-11-24 02:06:42,mysql_database,42721.02681665
3849,1325,3,209,1,2999.99,0.1,2025-11-24 02:06:42,mysql_database,142404.53031665
3850,1325,4,28,1,2499.99,0.07,2025-11-24 02:06:42,mysql_database,118670.36281665
3851,1326,1,190,2,2799.99,0.07,2025-11-24 02:06:42,mysql_database,132910.86331665
3852,1326,2,269,2,199.99,0.07,2025-11-24 02:06:42,mysql_database,9493.192316650002
3853,1327,1,151,2,1549.99,0.07,2025-11-24 02:06:42,mysql_database,73575.44456665001
3854,1327,2,235,2,899.99,0.1,2025-11-24 02:06:42,mysql_database,42721.02681665
3855,1327,3,48,2,1499.99,0.1,2025-11-24 02:06:42,mysql_database,71202.02781665
3856,1327,4,180,1,919.99,0.2,2025-11-24 02:06:42,mysql_database,43670.39351665
3857,1328,1,241,1,749.99,0.07,2025-11-24 02:06:42,mysql_database,35600.776566650005
3858,1328,2,129,2,919.99,0.1,2025-11-24 02:06:42,mysql_database,43670.39351665
3859,1328,3,228,1,319.99,0.07,2025-11-24 02:06:42,mysql_database,15189.392516650001
3860,1328,4,311,1,749.99,0.1,2025-11-24 02:06:42,mysql_database,35600.776566650005
3861,1328,5,247,1,599.99,0.1,2025-11-24 02:06:42,mysql_database,28480.52631665
3862,1329,1,143,1,1099.99,0.07,2025-11-24 02:06:42,mysql_database,52214.693816650004
3863,1329,2,107,1,416.99,0.05,2025-11-24 02:06:42,mysql_database,19793.82101165
3864,1329,3,55,1,2699.99,0.07,2025-11-24 02:06:42,mysql_database,128164.02981665
3865,1329,4,283,2,319.99,0.2,2025-11-24 02:06:42,mysql_database,15189.392516650001
3866,1329,5,13,1,269.99,0.1,2025-11-24 02:06:42,mysql_database,12815.97576665
3867,1330,1,232,1,479.99,0.2,2025-11-24 02:06:42,mysql_database,22784.32611665
3868,1330,2,243,2,679.99,0.05,2025-11-24 02:06:42,mysql_database,32277.993116650003
3869,1330,3,230,2,429.99,0.2,2025-11-24 02:06:42,mysql_database,20410.90936665
3870,1330,4,102,2,489.99,0.05,2025-11-24 02:06:42,mysql_database,23259.00946665
3871,1330,5,282,1,279.99,0.1,2025-11-24 02:06:42,mysql_database,13290.659116650002
3872,1331,1,253,1,2599.99,0.05,2025-11-24 02:06:42,mysql_database,123417.19631664999
3873,1331,2,290,1,369.99,0.05,2025-11-24 02:06:42,mysql_database,17562.80926665
3874,1331,3,145,2,1799.99,0.1,2025-11-24 02:06:42,mysql_database,85442.52831665
3875,1331,4,300,1,799.99,0.2,2025-11-24 02:06:42,mysql_database,37974.19331665
3876,1332,1,296,1,369.99,0.2,2025-11-24 02:06:42,mysql_database,17562.80926665
3877,1332,2,93,2,209.99,0.05,2025-11-24 02:06:42,mysql_database,9967.875666650001
3878,1332,3,179,2,919.99,0.07,2025-11-24 02:06:42,mysql_database,43670.39351665
3879,1332,4,298,1,279.99,0.1,2025-11-24 02:06:42,mysql_database,13290.659116650002
3880,1333,1,205,2,4999.99,0.05,2025-11-24 02:06:42,mysql_database,237341.20031665
3881,1333,2,304,2,679.99,0.1,2025-11-24 02:06:42,mysql_database,32277.993116650003
3882,1333,3,99,2,299.99,0.1,2025-11-24 02:06:42,mysql_database,14240.02581665
3883,1333,4,12,1,549.99,0.05,2025-11-24 02:06:42,mysql_database,26107.10956665
3884,1333,5,78,1,647.99,0.1,2025-11-24 02:06:42,mysql_database,30759.006396650002
3885,1334,1,203,2,4999.99,0.05,2025-11-24 02:06:42,mysql_database,237341.20031665
3886,1334,2,160,2,4499.99,0.07,2025-11-24 02:06:42,mysql_database,213607.03281665
3887,1334,3,84,2,109.99,0.1,2025-11-24 02:06:42,mysql_database,5221.04216665
3888,1334,4,13,1,269.99,0.05,2025-11-24 02:06:42,mysql_database,12815.97576665
3889,1334,5,42,1,2299.99,0.05,2025-11-24 02:06:42,mysql_database,109176.69581665
3890,1335,1,138,2,2249.99,0.05,2025-11-24 02:06:42,mysql_database,106803.27906665
3891,1336,1,29,2,999.99,0.2,2025-11-24 02:06:42,mysql_database,47467.86031665
3892,1336,2,157,1,6499.99,0.05,2025-11-24 02:06:42,mysql_database,308543.70281665004
3893,1336,3,21,2,269.99,0.07,2025-11-24 02:06:42,mysql_database,12815.97576665
3894,1336,4,207,1,3999.99,0.1,2025-11-24 02:06:42,mysql_database,189872.86531665002
3895,1336,5,185,1,2799.99,0.1,2025-11-24 02:06:42,mysql_database,132910.86331665
3896,1337,1,153,1,4999.99,0.1,2025-11-24 02:06:42,mysql_database,237341.20031665
3897,1338,1,169,2,6499.99,0.07,2025-11-24 02:06:42,mysql_database,308543.70281665004
3898,1339,1,175,1,3199.99,0.07,2025-11-24 02:06:42,mysql_database,151898.19731665
3899,1340,1,253,1,2599.99,0.2,2025-11-24 02:06:42,mysql_database,123417.19631664999
3900,1340,2,92,2,209.99,0.2,2025-11-24 02:06:42,mysql_database,9967.875666650001
3901,1340,3,237,2,849.99,0.05,2025-11-24 02:06:42,mysql_database,40347.610066650006
3902,1341,1,215,2,749.99,0.07,2025-11-24 02:06:42,mysql_database,35600.776566650005
3903,1341,2,56,2,5499.99,0.2,2025-11-24 02:06:42,mysql_database,261075.36781665002
3904,1341,3,234,2,899.99,0.05,2025-11-24 02:06:42,mysql_database,42721.02681665
3905,1341,4,66,2,250.99,0.05,2025-11-24 02:06:42,mysql_database,11914.077401650002
3906,1342,1,60,1,1559.99,0.05,2025-11-24 02:06:42,mysql_database,74050.12791665
3907,1342,2,270,1,209.99,0.05,2025-11-24 02:06:42,mysql_database,9967.875666650001
3908,1343,1,244,1,559.99,0.05,2025-11-24 02:06:42,mysql_database,26581.792916650003
3909,1343,2,99,1,299.99,0.05,2025-11-24 02:06:42,mysql_database,14240.02581665
3910,1343,3,184,2,3499.99,0.2,2025-11-24 02:06:42,mysql_database,166138.69781665
3911,1343,4,65,2,346.99,0.2,2025-11-24 02:06:42,mysql_database,16471.037561650002
3912,1343,5,206,1,3299.99,0.1,2025-11-24 02:06:42,mysql_database,156645.03081665
3913,1344,1,77,2,799.99,0.07,2025-11-24 02:06:42,mysql_database,37974.19331665
3914,1344,2,103,2,551.99,0.2,2025-11-24 02:06:42,mysql_database,26202.046236650003
3915,1344,3,3,1,999.99,0.07,2025-11-24 02:06:42,mysql_database,47467.86031665
3916,1344,4,61,1,4999.99,0.07,2025-11-24 02:06:42,mysql_database,237341.20031665
3917,1345,1,40,2,4999.99,0.2,2025-11-24 02:06:42,mysql_database,237341.20031665
3918,1345,2,172,2,3199.99,0.05,2025-11-24 02:06:42,mysql_database,151898.19731665
3919,1345,3,164,2,1549.0,0.2,2025-11-24 02:06:42,mysql_database,73528.45091500001
3920,1345,4,2,2,749.99,0.2,2025-11-24 02:06:42,mysql_database,35600.776566650005
3921,1346,1,134,2,1499.99,0.05,2025-11-24 02:06:42,mysql_database,71202.02781665
3922,1346,2,150,1,4499.99,0.05,2025-11-24 02:06:42,mysql_database,213607.03281665
3923,1346,3,18,2,449.0,0.05,2025-11-24 02:06:42,mysql_database,21313.282415
3924,1346,4,249,1,749.99,0.1,2025-11-24 02:06:42,mysql_database,35600.776566650005
3925,1346,5,263,2,89.99,0.2,2025-11-24 02:06:42,mysql_database,4271.67546665
3926,1347,1,43,2,5299.99,0.07,2025-11-24 02:06:42,mysql_database,251581.70081665
3927,1347,2,53,1,749.99,0.05,2025-11-24 02:06:42,mysql_database,35600.776566650005
3928,1348,1,203,1,4999.99,0.05,2025-11-24 02:06:42,mysql_database,237341.20031665
3929,1348,2,148,1,5499.99,0.05,2025-11-24 02:06:42,mysql_database,261075.36781665002
3930,1348,3,58,2,4999.99,0.1,2025-11-24 02:06:42,mysql_database,237341.20031665
3931,1348,4,147,1,1799.99,0.07,2025-11-24 02:06:42,mysql_database,85442.52831665
3932,1349,1,138,2,2249.99,0.05,2025-11-24 02:06:42,mysql_database,106803.27906665
3933,1349,2,205,2,4999.99,0.07,2025-11-24 02:06:42,mysql_database,237341.20031665
3934,1349,3,168,2,1549.0,0.2,2025-11-24 02:06:42,mysql_database,73528.45091500001
3935,1349,4,184,1,3499.99,0.2,2025-11-24 02:06:42,mysql_database,166138.69781665
3936,1350,1,305,1,749.99,0.1,2025-11-24 02:06:42,mysql_database,35600.776566650005
3937,1350,2,250,1,2599.99,0.07,2025-11-24 02:06:42,mysql_database,123417.19631664999
3938,1350,3,253,1,2599.99,0.07,2025-11-24 02:06:42,mysql_database,123417.19631664999
3939,1350,4,159,1,2299.99,0.05,2025-11-24 02:06:42,mysql_database,109176.69581665
3940,1350,5,13,2,269.99,0.2,2025-11-24 02:06:42,mysql_database,12815.97576665
3941,1351,1,297,2,279.99,0.2,2025-11-24 02:06:42,mysql_database,13290.659116650002
3942,1351,2,133,1,1499.99,0.1,2025-11-24 02:06:42,mysql_database,71202.02781665
3943,1352,1,136,1,1799.99,0.2,2025-11-24 02:06:42,mysql_database,85442.52831665
3944,1352,2,52,2,875.99,0.1,2025-11-24 02:06:42,mysql_database,41581.786776650006
3945,1352,3,282,2,279.99,0.1,2025-11-24 02:06:42,mysql_database,13290.659116650002
3946,1352,4,86,2,149.99,0.2,2025-11-24 02:06:42,mysql_database,7119.775566650001
3947,1352,5,100,1,489.99,0.05,2025-11-24 02:06:42,mysql_database,23259.00946665
3948,1353,1,107,2,416.99,0.05,2025-11-24 02:06:42,mysql_database,19793.82101165
3949,1353,2,233,1,639.99,0.07,2025-11-24 02:06:42,mysql_database,30379.25971665
3950,1353,3,300,1,799.99,0.2,2025-11-24 02:06:42,mysql_database,37974.19331665
3951,1353,4,86,2,149.99,0.05,2025-11-24 02:06:42,mysql_database,7119.775566650001
3952,1354,1,166,2,749.99,0.07,2025-11-24 02:06:42,mysql_database,35600.776566650005
3953,1355,1,297,1,279.99,0.1,2025-11-24 02:06:42,mysql_database,13290.659116650002
3954,1355,2,253,1,2599.99,0.07,2025-11-24 02:06:42,mysql_database,123417.19631664999
3955,1355,3,149,1,7499.99,0.2,2025-11-24 02:06:42,mysql_database,356012.03781665
3956,1355,4,313,2,449.99,0.1,2025-11-24 02:06:42,mysql_database,21360.276066650003
3957,1356,1,192,1,2599.99,0.05,2025-11-24 02:06:42,mysql_database,123417.19631664999
3958,1356,2,199,2,2999.99,0.1,2025-11-24 02:06:42,mysql_database,142404.53031665
3959,1356,3,276,2,319.99,0.1,2025-11-24 02:06:42,mysql_database,15189.392516650001
3960,1357,1,145,2,1799.99,0.2,2025-11-24 02:06:42,mysql_database,85442.52831665
3961,1357,2,60,1,1559.99,0.2,2025-11-24 02:06:42,mysql_database,74050.12791665
3962,1357,3,130,1,919.99,0.2,2025-11-24 02:06:42,mysql_database,43670.39351665
3963,1358,1,257,2,899.99,0.2,2025-11-24 02:06:42,mysql_database,42721.02681665
3964,1359,1,282,1,279.99,0.05,2025-11-24 02:06:42,mysql_database,13290.659116650002
3965,1359,2,82,1,659.99,0.05,2025-11-24 02:06:42,mysql_database,31328.626416650004
3966,1360,1,31,1,1632.99,0.05,2025-11-24 02:06:42,mysql_database,77515.31637165001
3967,1361,1,307,2,749.99,0.07,2025-11-24 02:06:42,mysql_database,35600.776566650005
3968,1361,2,153,1,4999.99,0.05,2025-11-24 02:06:42,mysql_database,237341.20031665
3969,1361,3,163,2,1349.0,0.2,2025-11-24 02:06:42,mysql_database,64034.78391500001
3970,1362,1,27,2,999.99,0.2,2025-11-24 02:06:42,mysql_database,47467.86031665
3971,1362,2,204,2,3599.99,0.07,2025-11-24 02:06:42,mysql_database,170885.53131665
3972,1362,3,4,2,2899.99,0.2,2025-11-24 02:06:42,mysql_database,137657.69681665
3973,1363,1,66,2,250.99,0.1,2025-11-24 02:06:42,mysql_database,11914.077401650002
3974,1364,1,78,1,647.99,0.07,2025-11-24 02:06:42,mysql_database,30759.006396650002
3975,1364,2,155,2,11999.99,0.1,2025-11-24 02:06:42,mysql_database,569619.5453166501
3976,1364,3,152,1,2499.99,0.1,2025-11-24 02:06:42,mysql_database,118670.36281665
3977,1364,4,110,1,470.99,0.07,2025-11-24 02:06:42,mysql_database,22357.111101650004
3978,1365,1,144,1,1549.99,0.07,2025-11-24 02:06:42,mysql_database,73575.44456665001
3979,1365,2,58,1,4999.99,0.07,2025-11-24 02:06:42,mysql_database,237341.20031665
3980,1365,3,236,1,749.99,0.05,2025-11-24 02:06:42,mysql_database,35600.776566650005
3981,1366,1,115,1,3199.99,0.1,2025-11-24 02:06:42,mysql_database,151898.19731665
3982,1366,2,128,2,1899.0,0.2,2025-11-24 02:06:42,mysql_database,90142.368165
3983,1366,3,200,1,3499.99,0.07,2025-11-24 02:06:42,mysql_database,166138.69781665
3984,1367,1,132,1,1499.99,0.1,2025-11-24 02:06:42,mysql_database,71202.02781665
3985,1367,2,131,2,2599.0,0.2,2025-11-24 02:06:42,mysql_database,123370.202665
3986,1367,3,124,1,1499.0,0.07,2025-11-24 02:06:42,mysql_database,71155.034165
3987,1367,4,24,2,549.99,0.05,2025-11-24 02:06:42,mysql_database,26107.10956665
3988,1368,1,66,1,250.99,0.1,2025-11-24 02:06:42,mysql_database,11914.077401650002
3989,1368,2,113,2,489.99,0.07,2025-11-24 02:06:42,mysql_database,23259.00946665
3990,1368,3,186,1,4499.99,0.2,2025-11-24 02:06:42,mysql_database,213607.03281665
3991,1369,1,213,2,269.99,0.05,2025-11-24 02:06:42,mysql_database,12815.97576665
3992,1370,1,7,1,3999.99,0.07,2025-11-24 02:06:42,mysql_database,189872.86531665002
3993,1370,2,89,2,209.99,0.1,2025-11-24 02:06:42,mysql_database,9967.875666650001
3994,1370,3,208,2,1799.99,0.2,2025-11-24 02:06:42,mysql_database,85442.52831665
3995,1370,4,134,1,1499.99,0.1,2025-11-24 02:06:42,mysql_database,71202.02781665
3996,1371,1,223,2,529.99,0.07,2025-11-24 02:06:42,mysql_database,25157.74286665
3997,1371,2,8,2,1799.99,0.2,2025-11-24 02:06:42,mysql_database,85442.52831665
3998,1372,1,307,1,749.99,0.07,2025-11-24 02:06:42,mysql_database,35600.776566650005
3999,1372,2,283,2,319.99,0.2,2025-11-24 02:06:42,mysql_database,15189.392516650001
4000,1373,1,63,1,3499.99,0.1,2025-11-24 02:06:42,mysql_database,166138.69781665
4001,1374,1,181,2,2199.99,0.05,2025-11-24 02:06:42,mysql_database,104429.86231665
4002,1374,2,130,2,919.99,0.07,2025-11-24 02:06:42,mysql_database,43670.39351665
4003,1375,1,147,2,1799.99,0.05,2025-11-24 02:06:42,mysql_database,85442.52831665
4004,1375,2,182,1,2499.99,0.2,2025-11-24 02:06:42,mysql_database,118670.36281665
4005,1376,1,5,1,1320.99,0.07,2025-11-24 02:06:42,mysql_database,62705.19585165
4006,1377,1,153,2,4999.99,0.05,2025-11-24 02:06:42,mysql_database,237341.20031665
4007,1377,2,130,1,919.99,0.05,2025-11-24 02:06:42,mysql_database,43670.39351665
4008,1377,3,48,1,1499.99,0.07,2025-11-24 02:06:42,mysql_database,71202.02781665
4009,1377,4,188,2,3499.99,0.07,2025-11-24 02:06:42,mysql_database,166138.69781665
4010,1378,1,96,2,349.99,0.07,2025-11-24 02:06:42,mysql_database,16613.442566650003
4011,1378,2,142,2,3199.99,0.07,2025-11-24 02:06:42,mysql_database,151898.19731665
4012,1378,3,2,2,749.99,0.2,2025-11-24 02:06:42,mysql_database,35600.776566650005
4013,1378,4,110,1,470.99,0.07,2025-11-24 02:06:42,mysql_database,22357.111101650004
4014,1378,5,129,2,919.99,0.2,2025-11-24 02:06:42,mysql_database,43670.39351665
4015,1379,1,15,1,529.99,0.1,2025-11-24 02:06:42,mysql_database,25157.74286665
4016,1379,2,118,1,999.99,0.1,2025-11-24 02:06:42,mysql_database,47467.86031665
4017,1379,3,263,2,89.99,0.1,2025-11-24 02:06:42,mysql_database,4271.67546665
4018,1380,1,255,2,899.99,0.1,2025-11-24 02:06:42,mysql_database,42721.02681665
4019,1380,2,229,2,429.99,0.07,2025-11-24 02:06:42,mysql_database,20410.90936665
4020,1381,1,274,2,229.99,0.2,2025-11-24 02:06:42,mysql_database,10917.242366650002
4021,1381,2,214,2,899.99,0.1,2025-11-24 02:06:42,mysql_database,42721.02681665
4022,1382,1,232,1,479.99,0.2,2025-11-24 02:06:42,mysql_database,22784.32611665
4023,1382,2,81,2,1099.99,0.05,2025-11-24 02:06:42,mysql_database,52214.693816650004
4024,1382,3,225,1,959.99,0.1,2025-11-24 02:06:42,mysql_database,45569.126916650006
4025,1382,4,135,1,1499.99,0.07,2025-11-24 02:06:42,mysql_database,71202.02781665
4026,1382,5,238,1,749.99,0.2,2025-11-24 02:06:42,mysql_database,35600.776566650005
4027,1383,1,188,2,3499.99,0.2,2025-11-24 02:06:42,mysql_database,166138.69781665
4028,1383,2,65,2,346.99,0.05,2025-11-24 02:06:42,mysql_database,16471.037561650002
4029,1384,1,32,1,469.99,0.07,2025-11-24 02:06:42,mysql_database,22309.642766650002
4030,1384,2,142,2,3199.99,0.1,2025-11-24 02:06:42,mysql_database,151898.19731665
4031,1384,3,89,1,209.99,0.1,2025-11-24 02:06:42,mysql_database,9967.875666650001
4032,1384,4,97,1,349.99,0.05,2025-11-24 02:06:42,mysql_database,16613.442566650003
4033,1385,1,24,2,549.99,0.05,2025-11-24 02:06:42,mysql_database,26107.10956665
4034,1385,2,145,1,1799.99,0.07,2025-11-24 02:06:42,mysql_database,85442.52831665
4035,1385,3,39,2,1499.99,0.1,2025-11-24 02:06:42,mysql_database,71202.02781665
4036,1385,4,135,1,1499.99,0.05,2025-11-24 02:06:42,mysql_database,71202.02781665
4037,1386,1,292,1,369.99,0.2,2025-11-24 02:06:42,mysql_database,17562.80926665
4038,1386,2,262,1,249.99,0.1,2025-11-24 02:06:42,mysql_database,11866.60906665
4039,1386,3,306,1,899.99,0.1,2025-11-24 02:06:42,mysql_database,42721.02681665
4040,1386,4,150,1,4499.99,0.07,2025-11-24 02:06:42,mysql_database,213607.03281665
4041,1387,1,106,1,449.99,0.1,2025-11-24 02:06:42,mysql_database,21360.276066650003
4042,1388,1,251,1,2999.99,0.1,2025-11-24 02:06:42,mysql_database,142404.53031665
4043,1389,1,85,2,329.99,0.1,2025-11-24 02:06:42,mysql_database,15664.075866650002
4044,1389,2,171,2,3199.99,0.05,2025-11-24 02:06:42,mysql_database,151898.19731665
4045,1389,3,227,1,319.99,0.07,2025-11-24 02:06:42,mysql_database,15189.392516650001
4046,1390,1,41,2,1469.99,0.05,2025-11-24 02:06:42,mysql_database,69777.97776665
4047,1390,2,27,2,999.99,0.05,2025-11-24 02:06:42,mysql_database,47467.86031665
4048,1390,3,306,1,899.99,0.1,2025-11-24 02:06:42,mysql_database,42721.02681665
4049,1390,4,104,1,481.99,0.05,2025-11-24 02:06:42,mysql_database,22879.26278665
4050,1390,5,147,2,1799.99,0.1,2025-11-24 02:06:42,mysql_database,85442.52831665
4051,1391,1,223,2,529.99,0.07,2025-11-24 02:06:42,mysql_database,25157.74286665
4052,1391,2,295,2,319.99,0.2,2025-11-24 02:06:42,mysql_database,15189.392516650001
4053,1391,3,277,1,369.99,0.2,2025-11-24 02:06:42,mysql_database,17562.80926665
4054,1392,1,87,2,189.99,0.2,2025-11-24 02:06:42,mysql_database,9018.50896665
4055,1392,2,240,2,899.99,0.05,2025-11-24 02:06:42,mysql_database,42721.02681665
4056,1393,1,92,1,209.99,0.07,2025-11-24 02:06:42,mysql_database,9967.875666650001
4057,1393,2,82,1,659.99,0.07,2025-11-24 02:06:42,mysql_database,31328.626416650004
4058,1393,3,47,2,5299.99,0.05,2025-11-24 02:06:42,mysql_database,251581.70081665
4059,1393,4,268,2,159.99,0.05,2025-11-24 02:06:42,mysql_database,7594.458916650001
4060,1394,1,165,2,2499.99,0.05,2025-11-24 02:06:42,mysql_database,118670.36281665
4061,1395,1,204,1,3599.99,0.2,2025-11-24 02:06:42,mysql_database,170885.53131665
4062,1395,2,48,2,1499.99,0.1,2025-11-24 02:06:42,mysql_database,71202.02781665
4063,1395,3,180,2,919.99,0.2,2025-11-24 02:06:42,mysql_database,43670.39351665
4064,1395,4,226,1,679.99,0.1,2025-11-24 02:06:42,mysql_database,32277.993116650003
4065,1396,1,57,1,1999.99,0.05,2025-11-24 02:06:42,mysql_database,94936.19531665
4066,1396,2,181,1,2199.99,0.2,2025-11-24 02:06:42,mysql_database,104429.86231665
4067,1397,1,127,2,469.99,0.1,2025-11-24 02:06:42,mysql_database,22309.642766650002
4068,1397,2,139,1,2999.99,0.07,2025-11-24 02:06:42,mysql_database,142404.53031665
4069,1397,3,7,1,3999.99,0.05,2025-11-24 02:06:42,mysql_database,189872.86531665002
4070,1397,4,249,1,749.99,0.05,2025-11-24 02:06:42,mysql_database,35600.776566650005
4071,1397,5,78,2,647.99,0.1,2025-11-24 02:06:42,mysql_database,30759.006396650002
4072,1398,1,69,2,416.99,0.05,2025-11-24 02:06:42,mysql_database,19793.82101165
4073,1398,2,53,1,749.99,0.2,2025-11-24 02:06:42,mysql_database,35600.776566650005
4074,1399,1,210,2,1549.0,0.2,2025-11-24 02:06:42,mysql_database,73528.45091500001
4075,1399,2,224,1,479.99,0.05,2025-11-24 02:06:42,mysql_database,22784.32611665
4076,1399,3,127,2,469.99,0.07,2025-11-24 02:06:42,mysql_database,22309.642766650002
4077,1399,4,28,1,2499.99,0.05,2025-11-24 02:06:42,mysql_database,118670.36281665
4078,1400,1,24,2,549.99,0.2,2025-11-24 02:06:42,mysql_database,26107.10956665
4079,1400,2,217,2,909.99,0.2,2025-11-24 02:06:42,mysql_database,43195.71016665
4080,1400,3,275,1,229.99,0.1,2025-11-24 02:06:42,mysql_database,10917.242366650002
4081,1400,4,90,1,209.99,0.07,2025-11-24 02:06:42,mysql_database,9967.875666650001
4082,1401,1,112,1,379.99,0.07,2025-11-24 02:06:42,mysql_database,18037.49261665
4083,1401,2,230,1,429.99,0.05,2025-11-24 02:06:42,mysql_database,20410.90936665
4084,1401,3,254,2,749.99,0.2,2025-11-24 02:06:42,mysql_database,35600.776566650005
4085,1402,1,189,2,2799.99,0.2,2025-11-24 02:06:42,mysql_database,132910.86331665
4086,1402,2,28,2,2499.99,0.05,2025-11-24 02:06:42,mysql_database,118670.36281665
4087,1402,3,203,1,4999.99,0.05,2025-11-24 02:06:42,mysql_database,237341.20031665
4088,1402,4,273,1,289.99,0.07,2025-11-24 02:06:42,mysql_database,13765.342466650001
4089,1403,1,93,2,209.99,0.1,2025-11-24 02:06:42,mysql_database,9967.875666650001
4090,1404,1,112,2,379.99,0.05,2025-11-24 02:06:42,mysql_database,18037.49261665
4091,1404,2,220,1,269.99,0.1,2025-11-24 02:06:42,mysql_database,12815.97576665
4092,1404,3,193,2,2799.99,0.2,2025-11-24 02:06:42,mysql_database,132910.86331665
4093,1405,1,162,2,2999.99,0.1,2025-11-24 02:06:42,mysql_database,142404.53031665
4094,1406,1,230,2,429.99,0.05,2025-11-24 02:06:42,mysql_database,20410.90936665
4095,1406,2,113,1,489.99,0.1,2025-11-24 02:06:42,mysql_database,23259.00946665
4096,1407,1,300,1,799.99,0.05,2025-11-24 02:06:42,mysql_database,37974.19331665
4097,1407,2,36,2,832.99,0.1,2025-11-24 02:06:42,mysql_database,39540.64837165
4098,1407,3,266,1,399.99,0.1,2025-11-24 02:06:42,mysql_database,18986.859316650003
4099,1407,4,35,1,832.99,0.2,2025-11-24 02:06:42,mysql_database,39540.64837165
4100,1408,1,23,2,299.99,0.2,2025-11-24 02:06:42,mysql_database,14240.02581665
4101,1408,2,166,1,749.99,0.2,2025-11-24 02:06:42,mysql_database,35600.776566650005
4102,1408,3,114,1,579.99,0.07,2025-11-24 02:06:42,mysql_database,27531.159616650002
4103,1408,4,137,2,2599.0,0.2,2025-11-24 02:06:42,mysql_database,123370.202665
4104,1409,1,301,2,899.99,0.07,2025-11-24 02:06:42,mysql_database,42721.02681665
4105,1409,2,170,1,1299.99,0.07,2025-11-24 02:06:42,mysql_database,61708.360816650005
4106,1409,3,171,2,3199.99,0.05,2025-11-24 02:06:42,mysql_database,151898.19731665
4107,1409,4,265,1,289.99,0.05,2025-11-24 02:06:42,mysql_database,13765.342466650001
4108,1409,5,222,1,269.99,0.1,2025-11-24 02:06:42,mysql_database,12815.97576665
4109,1410,1,205,2,4999.99,0.1,2025-11-24 02:06:42,mysql_database,237341.20031665
4110,1410,2,203,2,4999.99,0.2,2025-11-24 02:06:42,mysql_database,237341.20031665
4111,1410,3,304,1,679.99,0.1,2025-11-24 02:06:42,mysql_database,32277.993116650003
4112,1411,1,9,1,2999.99,0.1,2025-11-24 02:06:42,mysql_database,142404.53031665
4113,1411,2,308,2,749.99,0.2,2025-11-24 02:06:42,mysql_database,35600.776566650005
4114,1412,1,180,2,919.99,0.07,2025-11-24 02:06:42,mysql_database,43670.39351665
4115,1412,2,43,1,5299.99,0.1,2025-11-24 02:06:42,mysql_database,251581.70081665
4116,1412,3,109,2,416.99,0.07,2025-11-24 02:06:42,mysql_database,19793.82101165
4117,1413,1,297,2,279.99,0.05,2025-11-24 02:06:42,mysql_database,13290.659116650002
4118,1414,1,162,2,2999.99,0.1,2025-11-24 02:06:42,mysql_database,142404.53031665
4119,1414,2,292,2,369.99,0.05,2025-11-24 02:06:42,mysql_database,17562.80926665
4120,1415,1,31,2,1632.99,0.07,2025-11-24 02:06:42,mysql_database,77515.31637165001
4121,1415,2,17,1,429.0,0.05,2025-11-24 02:06:42,mysql_database,20363.915715000003
4122,1415,3,264,2,249.99,0.1,2025-11-24 02:06:42,mysql_database,11866.60906665
4123,1415,4,245,1,659.99,0.05,2025-11-24 02:06:42,mysql_database,31328.626416650004
4124,1416,1,194,1,3499.99,0.2,2025-11-24 02:06:42,mysql_database,166138.69781665
4125,1416,2,242,2,699.99,0.1,2025-11-24 02:06:42,mysql_database,33227.35981665
4126,1416,3,92,2,209.99,0.05,2025-11-24 02:06:42,mysql_database,9967.875666650001
4127,1417,1,219,2,639.99,0.2,2025-11-24 02:06:42,mysql_database,30379.25971665
4128,1418,1,120,2,2499.99,0.2,2025-11-24 02:06:42,mysql_database,118670.36281665
4129,1418,2,243,2,679.99,0.05,2025-11-24 02:06:42,mysql_database,32277.993116650003
4130,1419,1,124,1,1499.0,0.07,2025-11-24 02:06:42,mysql_database,71155.034165
4131,1419,2,235,2,899.99,0.2,2025-11-24 02:06:42,mysql_database,42721.02681665
4132,1419,3,234,1,899.99,0.1,2025-11-24 02:06:42,mysql_database,42721.02681665
4133,1420,1,197,1,2299.99,0.2,2025-11-24 02:06:42,mysql_database,109176.69581665
4134,1420,2,194,2,3499.99,0.1,2025-11-24 02:06:42,mysql_database,166138.69781665
4135,1420,3,128,1,1899.0,0.1,2025-11-24 02:06:42,mysql_database,90142.368165
4136,1421,1,298,2,279.99,0.05,2025-11-24 02:06:42,mysql_database,13290.659116650002
4137,1422,1,80,2,761.99,0.07,2025-11-24 02:06:42,mysql_database,36170.39658665
4138,1422,2,180,2,919.99,0.2,2025-11-24 02:06:42,mysql_database,43670.39351665
4139,1422,3,243,1,679.99,0.05,2025-11-24 02:06:42,mysql_database,32277.993116650003
4140,1423,1,249,1,749.99,0.2,2025-11-24 02:06:42,mysql_database,35600.776566650005
4141,1423,2,71,1,416.99,0.1,2025-11-24 02:06:42,mysql_database,19793.82101165
4142,1423,3,302,1,449.99,0.2,2025-11-24 02:06:42,mysql_database,21360.276066650003
4143,1423,4,113,2,489.99,0.2,2025-11-24 02:06:42,mysql_database,23259.00946665
4144,1424,1,140,2,4999.99,0.2,2025-11-24 02:06:42,mysql_database,237341.20031665
4145,1425,1,227,2,319.99,0.05,2025-11-24 02:06:42,mysql_database,15189.392516650001
4146,1425,2,263,1,89.99,0.07,2025-11-24 02:06:42,mysql_database,4271.67546665
4147,1425,3,93,1,209.99,0.07,2025-11-24 02:06:42,mysql_database,9967.875666650001
4148,1425,4,54,2,3199.99,0.05,2025-11-24 02:06:42,mysql_database,151898.19731665
4149,1425,5,145,2,1799.99,0.07,2025-11-24 02:06:42,mysql_database,85442.52831665
4150,1426,1,215,1,749.99,0.07,2025-11-24 02:06:42,mysql_database,35600.776566650005
4151,1426,2,20,2,599.99,0.05,2025-11-24 02:06:42,mysql_database,28480.52631665
4152,1426,3,281,1,319.99,0.07,2025-11-24 02:06:42,mysql_database,15189.392516650001
4153,1427,1,230,2,429.99,0.07,2025-11-24 02:06:42,mysql_database,20410.90936665
4154,1427,2,139,1,2999.99,0.05,2025-11-24 02:06:42,mysql_database,142404.53031665
4155,1427,3,164,2,1549.0,0.07,2025-11-24 02:06:42,mysql_database,73528.45091500001
4156,1428,1,216,2,899.99,0.2,2025-11-24 02:06:42,mysql_database,42721.02681665
4157,1428,2,126,1,469.99,0.07,2025-11-24 02:06:42,mysql_database,22309.642766650002
4158,1428,3,187,2,2799.99,0.07,2025-11-24 02:06:42,mysql_database,132910.86331665
4159,1428,4,28,1,2499.99,0.1,2025-11-24 02:06:42,mysql_database,118670.36281665
4160,1428,5,194,2,3499.99,0.2,2025-11-24 02:06:42,mysql_database,166138.69781665
4161,1429,1,70,2,659.99,0.2,2025-11-24 02:06:42,mysql_database,31328.626416650004
4162,1430,1,221,1,319.99,0.05,2025-11-24 02:06:42,mysql_database,15189.392516650001
4163,1430,2,281,1,319.99,0.07,2025-11-24 02:06:42,mysql_database,15189.392516650001
4164,1431,1,207,1,3999.99,0.1,2025-11-24 02:06:42,mysql_database,189872.86531665002
4165,1431,2,53,1,749.99,0.07,2025-11-24 02:06:42,mysql_database,35600.776566650005
4166,1431,3,252,1,2999.99,0.2,2025-11-24 02:06:42,mysql_database,142404.53031665
4167,1431,4,254,1,749.99,0.07,2025-11-24 02:06:42,mysql_database,35600.776566650005
4168,1432,1,161,1,1899.0,0.2,2025-11-24 02:06:42,mysql_database,90142.368165
4169,1433,1,264,1,249.99,0.07,2025-11-24 02:06:42,mysql_database,11866.60906665
4170,1434,1,229,2,429.99,0.2,2025-11-24 02:06:42,mysql_database,20410.90936665
4171,1434,2,198,1,2999.99,0.1,2025-11-24 02:06:42,mysql_database,142404.53031665
4172,1434,3,286,2,279.99,0.1,2025-11-24 02:06:42,mysql_database,13290.659116650002
4173,1434,4,61,2,4999.99,0.07,2025-11-24 02:06:42,mysql_database,237341.20031665
4174,1435,1,141,2,1599.99,0.07,2025-11-24 02:06:42,mysql_database,75948.86131665
4175,1435,2,29,1,999.99,0.2,2025-11-24 02:06:42,mysql_database,47467.86031665
4176,1435,3,60,1,1559.99,0.1,2025-11-24 02:06:42,mysql_database,74050.12791665
4177,1435,4,260,1,799.99,0.07,2025-11-24 02:06:42,mysql_database,37974.19331665
4178,1436,1,244,2,559.99,0.07,2025-11-24 02:06:42,mysql_database,26581.792916650003
4179,1437,1,141,2,1599.99,0.05,2025-11-24 02:06:42,mysql_database,75948.86131665
4180,1438,1,225,1,959.99,0.2,2025-11-24 02:06:42,mysql_database,45569.126916650006
4181,1438,2,140,1,4999.99,0.2,2025-11-24 02:06:42,mysql_database,237341.20031665
4182,1438,3,81,2,1099.99,0.05,2025-11-24 02:06:42,mysql_database,52214.693816650004
4183,1438,4,137,1,2599.0,0.1,2025-11-24 02:06:42,mysql_database,123370.202665
4184,1438,5,190,2,2799.99,0.07,2025-11-24 02:06:42,mysql_database,132910.86331665
4185,1439,1,42,1,2299.99,0.07,2025-11-24 02:06:42,mysql_database,109176.69581665
4186,1439,2,263,1,89.99,0.2,2025-11-24 02:06:42,mysql_database,4271.67546665
4187,1439,3,102,2,489.99,0.05,2025-11-24 02:06:42,mysql_database,23259.00946665
4188,1439,4,149,1,7499.99,0.05,2025-11-24 02:06:42,mysql_database,356012.03781665
4189,1440,1,116,2,749.99,0.07,2025-11-24 02:06:42,mysql_database,35600.776566650005
4190,1440,2,109,1,416.99,0.07,2025-11-24 02:06:42,mysql_database,19793.82101165
4191,1440,3,186,1,4499.99,0.1,2025-11-24 02:06:42,mysql_database,213607.03281665
4192,1440,4,178,2,749.99,0.05,2025-11-24 02:06:42,mysql_database,35600.776566650005
4193,1440,5,67,2,250.99,0.2,2025-11-24 02:06:42,mysql_database,11914.077401650002
4194,1441,1,6,1,469.99,0.05,2025-11-24 02:06:42,mysql_database,22309.642766650002
4195,1441,2,242,2,699.99,0.2,2025-11-24 02:06:42,mysql_database,33227.35981665
4196,1441,3,46,1,1409.99,0.07,2025-11-24 02:06:42,mysql_database,66929.87766665
4197,1442,1,160,1,4499.99,0.1,2025-11-24 02:06:42,mysql_database,213607.03281665
4198,1442,2,220,1,269.99,0.07,2025-11-24 02:06:42,mysql_database,12815.97576665
4199,1442,3,271,2,209.99,0.05,2025-11-24 02:06:42,mysql_database,9967.875666650001
4200,1443,1,160,1,4499.99,0.07,2025-11-24 02:06:42,mysql_database,213607.03281665
4201,1443,2,57,1,1999.99,0.2,2025-11-24 02:06:42,mysql_database,94936.19531665
4202,1443,3,101,2,339.99,0.1,2025-11-24 02:06:42,mysql_database,16138.759216650002
4203,1444,1,90,1,209.99,0.1,2025-11-24 02:06:42,mysql_database,9967.875666650001
4204,1444,2,128,2,1899.0,0.2,2025-11-24 02:06:42,mysql_database,90142.368165
4205,1445,1,219,2,639.99,0.1,2025-11-24 02:06:42,mysql_database,30379.25971665
4206,1445,2,52,1,875.99,0.07,2025-11-24 02:06:42,mysql_database,41581.786776650006
4207,1445,3,123,2,999.99,0.1,2025-11-24 02:06:42,mysql_database,47467.86031665
4208,1446,1,227,1,319.99,0.05,2025-11-24 02:06:42,mysql_database,15189.392516650001
4209,1446,2,233,2,639.99,0.05,2025-11-24 02:06:42,mysql_database,30379.25971665
4210,1446,3,234,2,899.99,0.05,2025-11-24 02:06:42,mysql_database,42721.02681665
4211,1447,1,148,1,5499.99,0.2,2025-11-24 02:06:42,mysql_database,261075.36781665002
4212,1448,1,239,1,749.99,0.1,2025-11-24 02:06:42,mysql_database,35600.776566650005
4213,1449,1,159,1,2299.99,0.07,2025-11-24 02:06:42,mysql_database,109176.69581665
4214,1449,2,55,1,2699.99,0.2,2025-11-24 02:06:42,mysql_database,128164.02981665
4215,1449,3,260,2,799.99,0.07,2025-11-24 02:06:42,mysql_database,37974.19331665
4216,1449,4,252,2,2999.99,0.05,2025-11-24 02:06:42,mysql_database,142404.53031665
4217,1449,5,14,2,269.99,0.1,2025-11-24 02:06:42,mysql_database,12815.97576665
4218,1450,1,98,1,489.99,0.07,2025-11-24 02:06:42,mysql_database,23259.00946665
4219,1450,2,173,2,3199.99,0.1,2025-11-24 02:06:42,mysql_database,151898.19731665
4220,1450,3,299,1,559.99,0.2,2025-11-24 02:06:42,mysql_database,26581.792916650003
4221,1450,4,209,2,2999.99,0.1,2025-11-24 02:06:42,mysql_database,142404.53031665
4222,1450,5,235,2,899.99,0.05,2025-11-24 02:06:42,mysql_database,42721.02681665
4223,1451,1,117,1,1469.99,0.05,2025-11-24 02:06:42,mysql_database,69777.97776665
4224,1452,1,99,2,299.99,0.1,2025-11-24 02:06:42,mysql_database,14240.02581665
4225,1452,2,234,1,899.99,0.2,2025-11-24 02:06:42,mysql_database,42721.02681665
4226,1452,3,86,2,149.99,0.05,2025-11-24 02:06:42,mysql_database,7119.775566650001
4227,1452,4,109,2,416.99,0.07,2025-11-24 02:06:42,mysql_database,19793.82101165
4228,1453,1,89,2,209.99,0.1,2025-11-24 02:06:42,mysql_database,9967.875666650001
4229,1454,1,283,1,319.99,0.07,2025-11-24 02:06:42,mysql_database,15189.392516650001
4230,1454,2,35,2,832.99,0.1,2025-11-24 02:06:42,mysql_database,39540.64837165
4231,1454,3,124,1,1499.0,0.2,2025-11-24 02:06:42,mysql_database,71155.034165
4232,1454,4,38,2,549.99,0.05,2025-11-24 02:06:42,mysql_database,26107.10956665
4233,1455,1,101,2,339.99,0.05,2025-11-24 02:06:42,mysql_database,16138.759216650002
4234,1455,2,254,1,749.99,0.2,2025-11-24 02:06:42,mysql_database,35600.776566650005
4235,1456,1,193,2,2799.99,0.05,2025-11-24 02:06:42,mysql_database,132910.86331665
4236,1456,2,246,1,639.99,0.07,2025-11-24 02:06:42,mysql_database,30379.25971665
4237,1456,3,268,2,159.99,0.1,2025-11-24 02:06:42,mysql_database,7594.458916650001
4238,1456,4,272,1,289.99,0.1,2025-11-24 02:06:42,mysql_database,13765.342466650001
4239,1456,5,126,1,469.99,0.1,2025-11-24 02:06:42,mysql_database,22309.642766650002
4240,1457,1,113,1,489.99,0.07,2025-11-24 02:06:42,mysql_database,23259.00946665
4241,1457,2,111,1,470.99,0.2,2025-11-24 02:06:42,mysql_database,22357.111101650004
4242,1457,3,268,1,159.99,0.2,2025-11-24 02:06:42,mysql_database,7594.458916650001
4243,1457,4,152,2,2499.99,0.2,2025-11-24 02:06:42,mysql_database,118670.36281665
4244,1458,1,295,2,319.99,0.05,2025-11-24 02:06:42,mysql_database,15189.392516650001
4245,1458,2,105,1,533.99,0.05,2025-11-24 02:06:42,mysql_database,25347.616206650004
4246,1458,3,12,1,549.99,0.05,2025-11-24 02:06:42,mysql_database,26107.10956665
4247,1458,4,78,2,647.99,0.1,2025-11-24 02:06:42,mysql_database,30759.006396650002
4248,1459,1,258,1,1259.9,0.1,2025-11-24 02:06:42,mysql_database,59805.35526650001
4249,1460,1,201,1,4499.99,0.05,2025-11-24 02:06:42,mysql_database,213607.03281665
4250,1460,2,76,1,299.99,0.07,2025-11-24 02:06:42,mysql_database,14240.02581665
4251,1460,3,167,1,749.99,0.05,2025-11-24 02:06:42,mysql_database,35600.776566650005
4252,1460,4,7,2,3999.99,0.07,2025-11-24 02:06:42,mysql_database,189872.86531665002
4253,1460,5,123,2,999.99,0.07,2025-11-24 02:06:42,mysql_database,47467.86031665
4254,1461,1,48,1,1499.99,0.2,2025-11-24 02:06:42,mysql_database,71202.02781665
4255,1461,2,242,2,699.99,0.2,2025-11-24 02:06:42,mysql_database,33227.35981665
4256,1462,1,263,1,89.99,0.2,2025-11-24 02:06:42,mysql_database,4271.67546665
4257,1462,2,25,1,499.99,0.07,2025-11-24 02:06:42,mysql_database,23733.692816650004
4258,1462,3,223,1,529.99,0.1,2025-11-24 02:06:42,mysql_database,25157.74286665
4259,1462,4,294,1,369.99,0.1,2025-11-24 02:06:42,mysql_database,17562.80926665
4260,1462,5,251,1,2999.99,0.05,2025-11-24 02:06:42,mysql_database,142404.53031665
4261,1463,1,51,2,6499.99,0.05,2025-11-24 02:06:42,mysql_database,308543.70281665004
4262,1463,2,168,1,1549.0,0.05,2025-11-24 02:06:42,mysql_database,73528.45091500001
4263,1464,1,109,2,416.99,0.05,2025-11-24 02:06:42,mysql_database,19793.82101165
4264,1464,2,124,1,1499.0,0.2,2025-11-24 02:06:42,mysql_database,71155.034165
4265,1464,3,165,2,2499.99,0.2,2025-11-24 02:06:42,mysql_database,118670.36281665
4266,1464,4,151,2,1549.99,0.05,2025-11-24 02:06:42,mysql_database,73575.44456665001
4267,1465,1,70,2,659.99,0.05,2025-11-24 02:06:42,mysql_database,31328.626416650004
4268,1466,1,310,2,899.99,0.07,2025-11-24 02:06:42,mysql_database,42721.02681665
4269,1466,2,251,1,2999.99,0.05,2025-11-24 02:06:42,mysql_database,142404.53031665
4270,1466,3,163,2,1349.0,0.2,2025-11-24 02:06:42,mysql_database,64034.78391500001
4271,1466,4,39,2,1499.99,0.05,2025-11-24 02:06:42,mysql_database,71202.02781665
4272,1467,1,18,1,449.0,0.07,2025-11-24 02:06:42,mysql_database,21313.282415
4273,1467,2,115,1,3199.99,0.2,2025-11-24 02:06:42,mysql_database,151898.19731665
4274,1467,3,278,2,369.99,0.1,2025-11-24 02:06:42,mysql_database,17562.80926665
4275,1468,1,269,1,199.99,0.05,2025-11-24 02:06:42,mysql_database,9493.192316650002
4276,1468,2,58,1,4999.99,0.07,2025-11-24 02:06:42,mysql_database,237341.20031665
4277,1468,3,50,2,5999.99,0.07,2025-11-24 02:06:42,mysql_database,284809.53531665
4278,1469,1,77,2,799.99,0.2,2025-11-24 02:06:42,mysql_database,37974.19331665
4279,1469,2,237,2,849.99,0.05,2025-11-24 02:06:42,mysql_database,40347.610066650006
4280,1469,3,182,1,2499.99,0.07,2025-11-24 02:06:42,mysql_database,118670.36281665
4281,1469,4,100,2,489.99,0.05,2025-11-24 02:06:42,mysql_database,23259.00946665
4282,1470,1,110,2,470.99,0.1,2025-11-24 02:06:42,mysql_database,22357.111101650004
4283,1470,2,287,1,279.99,0.05,2025-11-24 02:06:42,mysql_database,13290.659116650002
4284,1470,3,252,2,2999.99,0.05,2025-11-24 02:06:42,mysql_database,142404.53031665
4285,1471,1,59,2,2599.99,0.2,2025-11-24 02:06:42,mysql_database,123417.19631664999
4286,1471,2,136,1,1799.99,0.07,2025-11-24 02:06:42,mysql_database,85442.52831665
4287,1472,1,84,1,109.99,0.2,2025-11-24 02:06:42,mysql_database,5221.04216665
4288,1472,2,300,1,799.99,0.2,2025-11-24 02:06:42,mysql_database,37974.19331665
4289,1473,1,84,2,109.99,0.2,2025-11-24 02:06:42,mysql_database,5221.04216665
4290,1473,2,102,1,489.99,0.07,2025-11-24 02:06:42,mysql_database,23259.00946665
4291,1474,1,301,1,899.99,0.2,2025-11-24 02:06:42,mysql_database,42721.02681665
4292,1474,2,123,1,999.99,0.05,2025-11-24 02:06:42,mysql_database,47467.86031665
4293,1475,1,306,2,899.99,0.05,2025-11-24 02:06:42,mysql_database,42721.02681665
4294,1475,2,261,2,899.99,0.07,2025-11-24 02:06:42,mysql_database,42721.02681665
4295,1475,3,161,2,1899.0,0.05,2025-11-24 02:06:42,mysql_database,90142.368165
4296,1475,4,248,2,599.99,0.2,2025-11-24 02:06:42,mysql_database,28480.52631665
4297,1476,1,142,2,3199.99,0.07,2025-11-24 02:06:42,mysql_database,151898.19731665
4298,1476,2,91,2,349.99,0.07,2025-11-24 02:06:42,mysql_database,16613.442566650003
4299,1476,3,43,1,5299.99,0.07,2025-11-24 02:06:42,mysql_database,251581.70081665
4300,1476,4,191,1,2799.99,0.1,2025-11-24 02:06:42,mysql_database,132910.86331665
4301,1476,5,265,2,289.99,0.1,2025-11-24 02:06:42,mysql_database,13765.342466650001
4302,1477,1,210,2,1549.0,0.2,2025-11-24 02:06:42,mysql_database,73528.45091500001
4303,1478,1,100,2,489.99,0.1,2025-11-24 02:06:42,mysql_database,23259.00946665
4304,1478,2,123,1,999.99,0.2,2025-11-24 02:06:42,mysql_database,47467.86031665
4305,1479,1,252,1,2999.99,0.05,2025-11-24 02:06:42,mysql_database,142404.53031665
4306,1479,2,256,1,899.99,0.1,2025-11-24 02:06:42,mysql_database,42721.02681665
4307,1480,1,308,2,749.99,0.1,2025-11-24 02:06:42,mysql_database,35600.776566650005
4308,1480,2,82,2,659.99,0.1,2025-11-24 02:06:42,mysql_database,31328.626416650004
4309,1480,3,92,2,209.99,0.07,2025-11-24 02:06:42,mysql_database,9967.875666650001
4310,1480,4,225,2,959.99,0.07,2025-11-24 02:06:42,mysql_database,45569.126916650006
4311,1481,1,53,2,749.99,0.07,2025-11-24 02:06:42,mysql_database,35600.776566650005
4312,1481,2,130,1,919.99,0.1,2025-11-24 02:06:42,mysql_database,43670.39351665
4313,1482,1,48,1,1499.99,0.1,2025-11-24 02:06:42,mysql_database,71202.02781665
4314,1482,2,113,1,489.99,0.05,2025-11-24 02:06:42,mysql_database,23259.00946665
4315,1482,3,58,2,4999.99,0.07,2025-11-24 02:06:42,mysql_database,237341.20031665
4316,1482,4,40,1,4999.99,0.05,2025-11-24 02:06:42,mysql_database,237341.20031665
4317,1482,5,205,2,4999.99,0.05,2025-11-24 02:06:42,mysql_database,237341.20031665
4318,1483,1,280,1,489.99,0.05,2025-11-24 02:06:42,mysql_database,23259.00946665
4319,1483,2,226,2,679.99,0.07,2025-11-24 02:06:42,mysql_database,32277.993116650003
4320,1484,1,295,2,319.99,0.07,2025-11-24 02:06:42,mysql_database,15189.392516650001
4321,1484,2,49,2,3499.99,0.2,2025-11-24 02:06:42,mysql_database,166138.69781665
4322,1484,3,304,2,679.99,0.05,2025-11-24 02:06:42,mysql_database,32277.993116650003
4323,1485,1,122,2,2499.99,0.2,2025-11-24 02:06:42,mysql_database,118670.36281665
4324,1485,2,276,1,319.99,0.2,2025-11-24 02:06:42,mysql_database,15189.392516650001
4325,1486,1,60,2,1559.99,0.05,2025-11-24 02:06:42,mysql_database,74050.12791665
4326,1486,2,98,1,489.99,0.05,2025-11-24 02:06:42,mysql_database,23259.00946665
4327,1486,3,113,1,489.99,0.1,2025-11-24 02:06:42,mysql_database,23259.00946665
4328,1486,4,269,1,199.99,0.1,2025-11-24 02:06:42,mysql_database,9493.192316650002
4329,1487,1,160,1,4499.99,0.07,2025-11-24 02:06:42,mysql_database,213607.03281665
4330,1487,2,151,2,1549.99,0.2,2025-11-24 02:06:42,mysql_database,73575.44456665001
4331,1487,3,198,1,2999.99,0.05,2025-11-24 02:06:42,mysql_database,142404.53031665
4332,1487,4,196,1,2299.99,0.05,2025-11-24 02:06:42,mysql_database,109176.69581665
4333,1487,5,96,2,349.99,0.2,2025-11-24 02:06:42,mysql_database,16613.442566650003
4334,1488,1,42,1,2299.99,0.07,2025-11-24 02:06:42,mysql_database,109176.69581665
4335,1488,2,122,1,2499.99,0.07,2025-11-24 02:06:42,mysql_database,118670.36281665
4336,1489,1,198,1,2999.99,0.2,2025-11-24 02:06:42,mysql_database,142404.53031665
4337,1489,2,282,2,279.99,0.2,2025-11-24 02:06:42,mysql_database,13290.659116650002
4338,1489,3,52,1,875.99,0.1,2025-11-24 02:06:42,mysql_database,41581.786776650006
4339,1490,1,99,1,299.99,0.1,2025-11-24 02:06:42,mysql_database,14240.02581665
4340,1490,2,254,1,749.99,0.1,2025-11-24 02:06:42,mysql_database,35600.776566650005
4341,1490,3,218,1,319.99,0.05,2025-11-24 02:06:42,mysql_database,15189.392516650001
4342,1491,1,95,2,299.99,0.2,2025-11-24 02:06:42,mysql_database,14240.02581665
4343,1491,2,302,1,449.99,0.05,2025-11-24 02:06:42,mysql_database,21360.276066650003
4344,1491,3,60,2,1559.99,0.07,2025-11-24 02:06:42,mysql_database,74050.12791665
4345,1491,4,139,2,2999.99,0.07,2025-11-24 02:06:42,mysql_database,142404.53031665
4346,1492,1,37,2,379.99,0.1,2025-11-24 02:06:42,mysql_database,18037.49261665
4347,1493,1,230,1,429.99,0.1,2025-11-24 02:06:42,mysql_database,20410.90936665
4348,1494,1,230,2,429.99,0.1,2025-11-24 02:06:42,mysql_database,20410.90936665
4349,1494,2,178,2,749.99,0.2,2025-11-24 02:06:42,mysql_database,35600.776566650005
4350,1494,3,264,2,249.99,0.05,2025-11-24 02:06:42,mysql_database,11866.60906665
4351,1495,1,292,2,369.99,0.05,2025-11-24 02:06:42,mysql_database,17562.80926665
4352,1495,2,308,2,749.99,0.2,2025-11-24 02:06:42,mysql_database,35600.776566650005
4353,1495,3,137,1,2599.0,0.1,2025-11-24 02:06:42,mysql_database,123370.202665
4354,1496,1,248,1,599.99,0.07,2025-11-24 02:06:42,mysql_database,28480.52631665
4355,1496,2,214,1,899.99,0.07,2025-11-24 02:06:42,mysql_database,42721.02681665
4356,1496,3,224,2,479.99,0.05,2025-11-24 02:06:42,mysql_database,22784.32611665
4357,1496,4,302,1,449.99,0.05,2025-11-24 02:06:42,mysql_database,21360.276066650003
4358,1496,5,225,2,959.99,0.2,2025-11-24 02:06:42,mysql_database,45569.126916650006
4359,1497,1,141,2,1599.99,0.2,2025-11-24 02:06:42,mysql_database,75948.86131665
4360,1497,2,198,2,2999.99,0.1,2025-11-24 02:06:42,mysql_database,142404.53031665
4361,1497,3,204,2,3599.99,0.07,2025-11-24 02:06:42,mysql_database,170885.53131665
4362,1498,1,172,1,3199.99,0.05,2025-11-24 02:06:42,mysql_database,151898.19731665
4363,1498,2,260,2,799.99,0.07,2025-11-24 02:06:42,mysql_database,37974.19331665
4364,1499,1,110,1,470.99,0.05,2025-11-24 02:06:42,mysql_database,22357.111101650004
4365,1499,2,208,1,1799.99,0.07,2025-11-24 02:06:42,mysql_database,85442.52831665
4366,1499,3,268,2,159.99,0.05,2025-11-24 02:06:42,mysql_database,7594.458916650001
4367,1499,4,2,1,749.99,0.05,2025-11-24 02:06:42,mysql_database,35600.776566650005
4368,1499,5,171,2,3199.99,0.1,2025-11-24 02:06:42,mysql_database,151898.19731665
4369,1500,1,41,2,1469.99,0.07,2025-11-24 02:06:42,mysql_database,69777.97776665
4370,1500,2,293,1,319.99,0.07,2025-11-24 02:06:42,mysql_database,15189.392516650001
4371,1501,1,248,1,599.99,0.05,2025-11-24 02:06:42,mysql_database,28480.52631665
4372,1501,2,219,1,639.99,0.07,2025-11-24 02:06:42,mysql_database,30379.25971665
4373,1501,3,15,1,529.99,0.05,2025-11-24 02:06:42,mysql_database,25157.74286665
4374,1501,4,67,1,250.99,0.2,2025-11-24 02:06:42,mysql_database,11914.077401650002
4375,1501,5,210,1,1549.0,0.05,2025-11-24 02:06:42,mysql_database,73528.45091500001
4376,1502,1,231,2,529.99,0.2,2025-11-24 02:06:42,mysql_database,25157.74286665
4377,1502,2,19,2,449.0,0.07,2025-11-24 02:06:42,mysql_database,21313.282415
4378,1502,3,26,2,599.99,0.07,2025-11-24 02:06:42,mysql_database,28480.52631665
4379,1502,4,268,1,159.99,0.2,2025-11-24 02:06:42,mysql_database,7594.458916650001
4380,1502,5,255,1,899.99,0.07,2025-11-24 02:06:42,mysql_database,42721.02681665
4381,1503,1,217,1,909.99,0.1,2025-11-24 02:06:42,mysql_database,43195.71016665
4382,1503,2,302,2,449.99,0.05,2025-11-24 02:06:42,mysql_database,21360.276066650003
4383,1504,1,276,1,319.99,0.07,2025-11-24 02:06:42,mysql_database,15189.392516650001
4384,1505,1,223,2,529.99,0.05,2025-11-24 02:06:42,mysql_database,25157.74286665
4385,1505,2,24,2,549.99,0.07,2025-11-24 02:06:42,mysql_database,26107.10956665
4386,1505,3,43,2,5299.99,0.05,2025-11-24 02:06:42,mysql_database,251581.70081665
4387,1506,1,184,1,3499.99,0.05,2025-11-24 02:06:42,mysql_database,166138.69781665
4388,1506,2,153,2,4999.99,0.2,2025-11-24 02:06:42,mysql_database,237341.20031665
4389,1506,3,149,2,7499.99,0.05,2025-11-24 02:06:42,mysql_database,356012.03781665
4390,1507,1,39,2,1499.99,0.2,2025-11-24 02:06:42,mysql_database,71202.02781665
4391,1507,2,11,2,1680.99,0.1,2025-11-24 02:06:42,mysql_database,79793.79645165
4392,1507,3,259,1,1199.99,0.07,2025-11-24 02:06:42,mysql_database,56961.527316650005
4393,1507,4,281,1,319.99,0.07,2025-11-24 02:06:42,mysql_database,15189.392516650001
4394,1507,5,293,2,319.99,0.05,2025-11-24 02:06:42,mysql_database,15189.392516650001
4395,1508,1,37,1,379.99,0.2,2025-11-24 02:06:42,mysql_database,18037.49261665
4396,1508,2,109,1,416.99,0.1,2025-11-24 02:06:42,mysql_database,19793.82101165
4397,1508,3,52,2,875.99,0.05,2025-11-24 02:06:42,mysql_database,41581.786776650006
4398,1508,4,88,1,189.99,0.05,2025-11-24 02:06:42,mysql_database,9018.50896665
4399,1509,1,215,2,749.99,0.07,2025-11-24 02:06:42,mysql_database,35600.776566650005
4400,1510,1,142,2,3199.99,0.05,2025-11-24 02:06:42,mysql_database,151898.19731665
4401,1510,2,68,1,449.99,0.1,2025-11-24 02:06:42,mysql_database,21360.276066650003
4402,1510,3,251,2,2999.99,0.1,2025-11-24 02:06:42,mysql_database,142404.53031665
4403,1510,4,220,2,269.99,0.1,2025-11-24 02:06:42,mysql_database,12815.97576665
4404,1510,5,137,1,2599.0,0.05,2025-11-24 02:06:42,mysql_database,123370.202665
4405,1511,1,144,2,1549.99,0.2,2025-11-24 02:06:42,mysql_database,73575.44456665001
4406,1511,2,288,1,389.99,0.07,2025-11-24 02:06:42,mysql_database,18512.17596665
4407,1511,3,17,2,429.0,0.07,2025-11-24 02:06:42,mysql_database,20363.915715000003
4408,1511,4,41,1,1469.99,0.05,2025-11-24 02:06:42,mysql_database,69777.97776665
4409,1511,5,124,2,1499.0,0.2,2025-11-24 02:06:42,mysql_database,71155.034165
4410,1512,1,217,1,909.99,0.07,2025-11-24 02:06:42,mysql_database,43195.71016665
4411,1513,1,166,1,749.99,0.1,2025-11-24 02:06:42,mysql_database,35600.776566650005
4412,1513,2,61,2,4999.99,0.05,2025-11-24 02:06:42,mysql_database,237341.20031665
4413,1513,3,159,2,2299.99,0.05,2025-11-24 02:06:42,mysql_database,109176.69581665
4414,1514,1,240,2,899.99,0.1,2025-11-24 02:06:42,mysql_database,42721.02681665
4415,1514,2,203,2,4999.99,0.05,2025-11-24 02:06:42,mysql_database,237341.20031665
4416,1515,1,27,2,999.99,0.2,2025-11-24 02:06:42,mysql_database,47467.86031665
4417,1515,2,202,2,3499.99,0.1,2025-11-24 02:06:42,mysql_database,166138.69781665
4418,1515,3,310,2,899.99,0.05,2025-11-24 02:06:42,mysql_database,42721.02681665
4419,1515,4,40,1,4999.99,0.1,2025-11-24 02:06:42,mysql_database,237341.20031665
4420,1515,5,158,2,959.99,0.2,2025-11-24 02:06:42,mysql_database,45569.126916650006
4421,1516,1,172,2,3199.99,0.1,2025-11-24 02:06:42,mysql_database,151898.19731665
4422,1516,2,253,1,2599.99,0.1,2025-11-24 02:06:42,mysql_database,123417.19631664999
4423,1516,3,196,2,2299.99,0.2,2025-11-24 02:06:42,mysql_database,109176.69581665
4424,1516,4,259,2,1199.99,0.2,2025-11-24 02:06:42,mysql_database,56961.527316650005
4425,1516,5,271,2,209.99,0.2,2025-11-24 02:06:42,mysql_database,9967.875666650001
4426,1517,1,303,2,2599.99,0.07,2025-11-24 02:06:42,mysql_database,123417.19631664999
4427,1517,2,226,2,679.99,0.05,2025-11-24 02:06:42,mysql_database,32277.993116650003
4428,1518,1,304,2,679.99,0.1,2025-11-24 02:06:42,mysql_database,32277.993116650003
4429,1518,2,182,2,2499.99,0.05,2025-11-24 02:06:42,mysql_database,118670.36281665
4430,1518,3,252,2,2999.99,0.05,2025-11-24 02:06:42,mysql_database,142404.53031665
4431,1519,1,150,1,4499.99,0.2,2025-11-24 02:06:42,mysql_database,213607.03281665
4432,1519,2,85,2,329.99,0.2,2025-11-24 02:06:42,mysql_database,15664.075866650002
4433,1519,3,124,2,1499.0,0.07,2025-11-24 02:06:42,mysql_database,71155.034165
4434,1519,4,65,1,346.99,0.2,2025-11-24 02:06:42,mysql_database,16471.037561650002
4435,1519,5,265,2,289.99,0.05,2025-11-24 02:06:42,mysql_database,13765.342466650001
4436,1520,1,186,1,4499.99,0.05,2025-11-24 02:06:42,mysql_database,213607.03281665
4437,1520,2,188,2,3499.99,0.2,2025-11-24 02:06:42,mysql_database,166138.69781665
4438,1520,3,310,2,899.99,0.07,2025-11-24 02:06:42,mysql_database,42721.02681665
4439,1520,4,263,2,89.99,0.1,2025-11-24 02:06:42,mysql_database,4271.67546665
4440,1521,1,100,1,489.99,0.2,2025-11-24 02:06:42,mysql_database,23259.00946665
4441,1521,2,314,2,679.99,0.2,2025-11-24 02:06:42,mysql_database,32277.993116650003
4442,1521,3,123,1,999.99,0.1,2025-11-24 02:06:42,mysql_database,47467.86031665
4443,1521,4,135,2,1499.99,0.2,2025-11-24 02:06:42,mysql_database,71202.02781665
4444,1522,1,95,1,299.99,0.1,2025-11-24 02:06:42,mysql_database,14240.02581665
4445,1522,2,141,1,1599.99,0.07,2025-11-24 02:06:42,mysql_database,75948.86131665
4446,1522,3,117,1,1469.99,0.07,2025-11-24 02:06:42,mysql_database,69777.97776665
4447,1523,1,311,2,749.99,0.2,2025-11-24 02:06:42,mysql_database,35600.776566650005
4448,1524,1,168,1,1549.0,0.1,2025-11-24 02:06:42,mysql_database,73528.45091500001
4449,1524,2,295,2,319.99,0.2,2025-11-24 02:06:42,mysql_database,15189.392516650001
4450,1524,3,313,1,449.99,0.2,2025-11-24 02:06:42,mysql_database,21360.276066650003
4451,1524,4,252,2,2999.99,0.2,2025-11-24 02:06:42,mysql_database,142404.53031665
4452,1525,1,156,1,6499.99,0.1,2025-11-24 02:06:42,mysql_database,308543.70281665004
4453,1525,2,163,2,1349.0,0.07,2025-11-24 02:06:42,mysql_database,64034.78391500001
4454,1525,3,193,1,2799.99,0.07,2025-11-24 02:06:42,mysql_database,132910.86331665
4455,1526,1,151,1,1549.99,0.07,2025-11-24 02:06:42,mysql_database,73575.44456665001
4456,1526,2,56,1,5499.99,0.1,2025-11-24 02:06:42,mysql_database,261075.36781665002
4457,1526,3,238,1,749.99,0.1,2025-11-24 02:06:42,mysql_database,35600.776566650005
4458,1526,4,243,1,679.99,0.05,2025-11-24 02:06:42,mysql_database,32277.993116650003
4459,1527,1,33,1,469.99,0.1,2025-11-24 02:06:42,mysql_database,22309.642766650002
4460,1527,2,103,1,551.99,0.05,2025-11-24 02:06:42,mysql_database,26202.046236650003
4461,1527,3,57,2,1999.99,0.05,2025-11-24 02:06:42,mysql_database,94936.19531665
4462,1528,1,229,2,429.99,0.2,2025-11-24 02:06:42,mysql_database,20410.90936665
4463,1529,1,23,1,299.99,0.05,2025-11-24 02:06:42,mysql_database,14240.02581665
4464,1529,2,50,2,5999.99,0.1,2025-11-24 02:06:42,mysql_database,284809.53531665
4465,1530,1,213,2,269.99,0.1,2025-11-24 02:06:42,mysql_database,12815.97576665
4466,1530,2,116,1,749.99,0.1,2025-11-24 02:06:42,mysql_database,35600.776566650005
4467,1531,1,128,1,1899.0,0.1,2025-11-24 02:06:42,mysql_database,90142.368165
4468,1532,1,209,2,2999.99,0.07,2025-11-24 02:06:42,mysql_database,142404.53031665
4469,1533,1,274,2,229.99,0.1,2025-11-24 02:06:42,mysql_database,10917.242366650002
4470,1533,2,78,1,647.99,0.1,2025-11-24 02:06:42,mysql_database,30759.006396650002
4471,1533,3,96,1,349.99,0.1,2025-11-24 02:06:42,mysql_database,16613.442566650003
4472,1533,4,235,2,899.99,0.1,2025-11-24 02:06:42,mysql_database,42721.02681665
4473,1533,5,51,1,6499.99,0.1,2025-11-24 02:06:42,mysql_database,308543.70281665004
4474,1534,1,194,1,3499.99,0.1,2025-11-24 02:06:42,mysql_database,166138.69781665
4475,1534,2,117,1,1469.99,0.05,2025-11-24 02:06:42,mysql_database,69777.97776665
4476,1534,3,269,2,199.99,0.2,2025-11-24 02:06:42,mysql_database,9493.192316650002
4477,1534,4,172,2,3199.99,0.2,2025-11-24 02:06:42,mysql_database,151898.19731665
4478,1535,1,92,1,209.99,0.05,2025-11-24 02:06:42,mysql_database,9967.875666650001
4479,1535,2,75,2,599.99,0.05,2025-11-24 02:06:42,mysql_database,28480.52631665
4480,1536,1,183,1,2199.99,0.2,2025-11-24 02:06:42,mysql_database,104429.86231665
4481,1536,2,185,2,2799.99,0.07,2025-11-24 02:06:42,mysql_database,132910.86331665
4482,1536,3,196,2,2299.99,0.2,2025-11-24 02:06:42,mysql_database,109176.69581665
4483,1537,1,237,2,849.99,0.05,2025-11-24 02:06:42,mysql_database,40347.610066650006
4484,1538,1,206,1,3299.99,0.07,2025-11-24 02:06:42,mysql_database,156645.03081665
4485,1538,2,46,2,1409.99,0.07,2025-11-24 02:06:42,mysql_database,66929.87766665
4486,1538,3,117,1,1469.99,0.07,2025-11-24 02:06:42,mysql_database,69777.97776665
4487,1538,4,197,1,2299.99,0.2,2025-11-24 02:06:42,mysql_database,109176.69581665
4488,1538,5,306,2,899.99,0.05,2025-11-24 02:06:42,mysql_database,42721.02681665
4489,1539,1,6,2,469.99,0.05,2025-11-24 02:06:42,mysql_database,22309.642766650002
4490,1539,2,12,2,549.99,0.05,2025-11-24 02:06:42,mysql_database,26107.10956665
4491,1540,1,71,2,416.99,0.05,2025-11-24 02:06:42,mysql_database,19793.82101165
4492,1540,2,236,1,749.99,0.07,2025-11-24 02:06:42,mysql_database,35600.776566650005
4493,1540,3,224,1,479.99,0.05,2025-11-24 02:06:42,mysql_database,22784.32611665
4494,1540,4,177,2,5499.99,0.05,2025-11-24 02:06:42,mysql_database,261075.36781665002
4495,1540,5,78,1,647.99,0.2,2025-11-24 02:06:42,mysql_database,30759.006396650002
4496,1541,1,155,2,11999.99,0.1,2025-11-24 02:06:42,mysql_database,569619.5453166501
4497,1541,2,248,2,599.99,0.07,2025-11-24 02:06:42,mysql_database,28480.52631665
4498,1541,3,142,2,3199.99,0.1,2025-11-24 02:06:42,mysql_database,151898.19731665
4499,1541,4,17,1,429.0,0.1,2025-11-24 02:06:42,mysql_database,20363.915715000003
4500,1541,5,86,2,149.99,0.05,2025-11-24 02:06:42,mysql_database,7119.775566650001
4501,1542,1,79,1,402.99,0.2,2025-11-24 02:06:42,mysql_database,19129.26432165
4502,1542,2,122,2,2499.99,0.05,2025-11-24 02:06:42,mysql_database,118670.36281665
4503,1542,3,184,2,3499.99,0.2,2025-11-24 02:06:42,mysql_database,166138.69781665
4504,1542,4,37,2,379.99,0.1,2025-11-24 02:06:42,mysql_database,18037.49261665
4505,1542,5,297,1,279.99,0.2,2025-11-24 02:06:42,mysql_database,13290.659116650002
4506,1543,1,108,2,449.99,0.1,2025-11-24 02:06:42,mysql_database,21360.276066650003
4507,1543,2,93,1,209.99,0.2,2025-11-24 02:06:42,mysql_database,9967.875666650001
4508,1543,3,158,2,959.99,0.07,2025-11-24 02:06:42,mysql_database,45569.126916650006
4509,1543,4,97,2,349.99,0.05,2025-11-24 02:06:42,mysql_database,16613.442566650003
4510,1543,5,136,1,1799.99,0.2,2025-11-24 02:06:42,mysql_database,85442.52831665
4511,1544,1,194,2,3499.99,0.1,2025-11-24 02:06:42,mysql_database,166138.69781665
4512,1544,2,107,2,416.99,0.2,2025-11-24 02:06:42,mysql_database,19793.82101165
4513,1545,1,45,1,869.99,0.1,2025-11-24 02:06:42,mysql_database,41296.976766650005
4514,1546,1,156,1,6499.99,0.1,2025-11-24 02:06:42,mysql_database,308543.70281665004
4515,1546,2,185,2,2799.99,0.1,2025-11-24 02:06:42,mysql_database,132910.86331665
4516,1546,3,215,1,749.99,0.1,2025-11-24 02:06:42,mysql_database,35600.776566650005
4517,1546,4,25,1,499.99,0.05,2025-11-24 02:06:42,mysql_database,23733.692816650004
4518,1547,1,106,2,449.99,0.2,2025-11-24 02:06:42,mysql_database,21360.276066650003
4519,1547,2,204,1,3599.99,0.2,2025-11-24 02:06:42,mysql_database,170885.53131665
4520,1548,1,32,1,469.99,0.1,2025-11-24 02:06:42,mysql_database,22309.642766650002
4521,1548,2,202,1,3499.99,0.07,2025-11-24 02:06:42,mysql_database,166138.69781665
4522,1548,3,62,2,3499.99,0.2,2025-11-24 02:06:42,mysql_database,166138.69781665
4523,1549,1,158,1,959.99,0.2,2025-11-24 02:06:42,mysql_database,45569.126916650006
4524,1549,2,119,1,469.99,0.05,2025-11-24 02:06:42,mysql_database,22309.642766650002
4525,1549,3,249,2,749.99,0.05,2025-11-24 02:06:42,mysql_database,35600.776566650005
4526,1549,4,242,2,699.99,0.1,2025-11-24 02:06:42,mysql_database,33227.35981665
4527,1550,1,315,2,559.99,0.05,2025-11-24 02:06:42,mysql_database,26581.792916650003
4528,1550,2,245,1,659.99,0.07,2025-11-24 02:06:42,mysql_database,31328.626416650004
4529,1550,3,185,2,2799.99,0.1,2025-11-24 02:06:42,mysql_database,132910.86331665
4530,1550,4,148,1,5499.99,0.07,2025-11-24 02:06:42,mysql_database,261075.36781665002
4531,1550,5,86,2,149.99,0.05,2025-11-24 02:06:42,mysql_database,7119.775566650001
4532,1551,1,207,2,3999.99,0.2,2025-11-24 02:06:42,mysql_database,189872.86531665002
4533,1552,1,197,1,2299.99,0.1,2025-11-24 02:06:42,mysql_database,109176.69581665
4534,1552,2,41,2,1469.99,0.05,2025-11-24 02:06:42,mysql_database,69777.97776665
4535,1553,1,102,1,489.99,0.07,2025-11-24 02:06:42,mysql_database,23259.00946665
4536,1553,2,12,1,549.99,0.1,2025-11-24 02:06:42,mysql_database,26107.10956665
4537,1553,3,251,1,2999.99,0.05,2025-11-24 02:06:42,mysql_database,142404.53031665
4538,1553,4,89,1,209.99,0.05,2025-11-24 02:06:42,mysql_database,9967.875666650001
4539,1554,1,166,1,749.99,0.05,2025-11-24 02:06:42,mysql_database,35600.776566650005
4540,1554,2,285,1,279.99,0.2,2025-11-24 02:06:42,mysql_database,13290.659116650002
4541,1555,1,24,2,549.99,0.1,2025-11-24 02:06:42,mysql_database,26107.10956665
4542,1555,2,156,1,6499.99,0.1,2025-11-24 02:06:42,mysql_database,308543.70281665004
4543,1555,3,126,1,469.99,0.1,2025-11-24 02:06:42,mysql_database,22309.642766650002
4544,1555,4,128,2,1899.0,0.05,2025-11-24 02:06:42,mysql_database,90142.368165
4545,1555,5,174,1,3199.99,0.2,2025-11-24 02:06:42,mysql_database,151898.19731665
4546,1556,1,49,2,3499.99,0.2,2025-11-24 02:06:42,mysql_database,166138.69781665
4547,1556,2,82,1,659.99,0.07,2025-11-24 02:06:42,mysql_database,31328.626416650004
4548,1556,3,265,1,289.99,0.1,2025-11-24 02:06:42,mysql_database,13765.342466650001
4549,1556,4,119,2,469.99,0.05,2025-11-24 02:06:42,mysql_database,22309.642766650002
4550,1556,5,235,2,899.99,0.1,2025-11-24 02:06:42,mysql_database,42721.02681665
4551,1557,1,163,2,1349.0,0.07,2025-11-24 02:06:42,mysql_database,64034.78391500001
4552,1558,1,46,2,1409.99,0.07,2025-11-24 02:06:42,mysql_database,66929.87766665
4553,1558,2,123,1,999.99,0.07,2025-11-24 02:06:42,mysql_database,47467.86031665
4554,1558,3,4,1,2899.99,0.05,2025-11-24 02:06:42,mysql_database,137657.69681665
4555,1558,4,55,1,2699.99,0.2,2025-11-24 02:06:42,mysql_database,128164.02981665
4556,1558,5,253,1,2599.99,0.07,2025-11-24 02:06:42,mysql_database,123417.19631664999
4557,1559,1,101,2,339.99,0.07,2025-11-24 02:06:42,mysql_database,16138.759216650002
4558,1559,2,18,1,449.0,0.1,2025-11-24 02:06:42,mysql_database,21313.282415
4559,1559,3,54,2,3199.99,0.1,2025-11-24 02:06:42,mysql_database,151898.19731665
4560,1559,4,221,1,319.99,0.1,2025-11-24 02:06:42,mysql_database,15189.392516650001
4561,1560,1,118,2,999.99,0.2,2025-11-24 02:06:42,mysql_database,47467.86031665
4562,1560,2,41,1,1469.99,0.2,2025-11-24 02:06:42,mysql_database,69777.97776665
4563,1561,1,181,2,2199.99,0.07,2025-11-24 02:06:42,mysql_database,104429.86231665
4564,1561,2,297,2,279.99,0.05,2025-11-24 02:06:42,mysql_database,13290.659116650002
4565,1562,1,54,1,3199.99,0.2,2025-11-24 02:06:42,mysql_database,151898.19731665
4566,1562,2,66,1,250.99,0.2,2025-11-24 02:06:42,mysql_database,11914.077401650002
4567,1562,3,115,2,3199.99,0.07,2025-11-24 02:06:42,mysql_database,151898.19731665
4568,1563,1,188,1,3499.99,0.07,2025-11-24 02:06:42,mysql_database,166138.69781665
4569,1564,1,309,1,899.99,0.07,2025-11-24 02:06:42,mysql_database,42721.02681665
4570,1564,2,14,1,269.99,0.1,2025-11-24 02:06:42,mysql_database,12815.97576665
4571,1565,1,37,1,379.99,0.07,2025-11-24 02:06:42,mysql_database,18037.49261665
4572,1565,2,92,1,209.99,0.1,2025-11-24 02:06:42,mysql_database,9967.875666650001
4573,1565,3,261,1,899.99,0.1,2025-11-24 02:06:42,mysql_database,42721.02681665
4574,1565,4,95,1,299.99,0.07,2025-11-24 02:06:42,mysql_database,14240.02581665
4575,1565,5,226,2,679.99,0.2,2025-11-24 02:06:42,mysql_database,32277.993116650003
4576,1566,1,179,1,919.99,0.05,2025-11-24 02:06:42,mysql_database,43670.39351665
4577,1566,2,61,2,4999.99,0.05,2025-11-24 02:06:42,mysql_database,237341.20031665
4578,1567,1,279,1,319.99,0.2,2025-11-24 02:06:42,mysql_database,15189.392516650001
4579,1568,1,146,1,4999.99,0.2,2025-11-24 02:06:42,mysql_database,237341.20031665
4580,1568,2,105,1,533.99,0.07,2025-11-24 02:06:42,mysql_database,25347.616206650004
4581,1568,3,301,1,899.99,0.1,2025-11-24 02:06:42,mysql_database,42721.02681665
4582,1569,1,252,1,2999.99,0.1,2025-11-24 02:06:42,mysql_database,142404.53031665
4583,1570,1,155,1,11999.99,0.07,2025-11-24 02:06:42,mysql_database,569619.5453166501
4584,1571,1,312,2,699.99,0.1,2025-11-24 02:06:42,mysql_database,33227.35981665
4585,1571,2,212,1,559.99,0.07,2025-11-24 02:06:42,mysql_database,26581.792916650003
4586,1571,3,20,2,599.99,0.2,2025-11-24 02:06:42,mysql_database,28480.52631665
4587,1572,1,216,2,899.99,0.05,2025-11-24 02:06:42,mysql_database,42721.02681665
4588,1572,2,198,1,2999.99,0.2,2025-11-24 02:06:42,mysql_database,142404.53031665
4589,1572,3,115,1,3199.99,0.05,2025-11-24 02:06:42,mysql_database,151898.19731665
4590,1572,4,304,2,679.99,0.2,2025-11-24 02:06:42,mysql_database,32277.993116650003
4591,1573,1,9,1,2999.99,0.05,2025-11-24 02:06:42,mysql_database,142404.53031665
4592,1573,2,129,1,919.99,0.07,2025-11-24 02:06:42,mysql_database,43670.39351665
4593,1573,3,15,2,529.99,0.1,2025-11-24 02:06:42,mysql_database,25157.74286665
4594,1573,4,216,2,899.99,0.07,2025-11-24 02:06:42,mysql_database,42721.02681665
4595,1573,5,263,2,89.99,0.1,2025-11-24 02:06:42,mysql_database,4271.67546665
4596,1574,1,127,1,469.99,0.1,2025-11-24 02:06:42,mysql_database,22309.642766650002
4597,1575,1,44,1,539.99,0.07,2025-11-24 02:06:42,mysql_database,25632.42621665
4598,1575,2,207,2,3999.99,0.1,2025-11-24 02:06:42,mysql_database,189872.86531665002
4599,1575,3,213,1,269.99,0.07,2025-11-24 02:06:42,mysql_database,12815.97576665
4600,1575,4,126,2,469.99,0.05,2025-11-24 02:06:42,mysql_database,22309.642766650002
4601,1575,5,92,2,209.99,0.2,2025-11-24 02:06:42,mysql_database,9967.875666650001
4602,1576,1,69,1,416.99,0.05,2025-11-24 02:06:42,mysql_database,19793.82101165
4603,1576,2,293,1,319.99,0.05,2025-11-24 02:06:42,mysql_database,15189.392516650001
4604,1576,3,202,2,3499.99,0.05,2025-11-24 02:06:42,mysql_database,166138.69781665
4605,1577,1,298,2,279.99,0.05,2025-11-24 02:06:42,mysql_database,13290.659116650002
4606,1577,2,111,2,470.99,0.1,2025-11-24 02:06:42,mysql_database,22357.111101650004
4607,1577,3,300,2,799.99,0.2,2025-11-24 02:06:42,mysql_database,37974.19331665
4608,1577,4,131,2,2599.0,0.07,2025-11-24 02:06:42,mysql_database,123370.202665
4609,1577,5,282,2,279.99,0.05,2025-11-24 02:06:42,mysql_database,13290.659116650002
4610,1578,1,204,2,3599.99,0.07,2025-11-24 02:06:42,mysql_database,170885.53131665
4611,1578,2,310,1,899.99,0.05,2025-11-24 02:06:42,mysql_database,42721.02681665
4612,1578,3,241,2,749.99,0.2,2025-11-24 02:06:42,mysql_database,35600.776566650005
4613,1579,1,49,1,3499.99,0.05,2025-11-24 02:06:42,mysql_database,166138.69781665
4614,1579,2,214,1,899.99,0.1,2025-11-24 02:06:42,mysql_database,42721.02681665
4615,1579,3,286,1,279.99,0.07,2025-11-24 02:06:42,mysql_database,13290.659116650002
4616,1579,4,65,2,346.99,0.1,2025-11-24 02:06:42,mysql_database,16471.037561650002
4617,1580,1,119,2,469.99,0.07,2025-11-24 02:06:42,mysql_database,22309.642766650002
4618,1580,2,86,2,149.99,0.2,2025-11-24 02:06:42,mysql_database,7119.775566650001
4619,1581,1,64,1,489.99,0.1,2025-11-24 02:06:42,mysql_database,23259.00946665
4620,1581,2,272,1,289.99,0.2,2025-11-24 02:06:42,mysql_database,13765.342466650001
4621,1582,1,75,1,599.99,0.07,2025-11-24 02:06:42,mysql_database,28480.52631665
4622,1582,2,133,2,1499.99,0.07,2025-11-24 02:06:42,mysql_database,71202.02781665
4623,1583,1,15,1,529.99,0.05,2025-11-24 02:06:42,mysql_database,25157.74286665
4624,1583,2,265,2,289.99,0.2,2025-11-24 02:06:42,mysql_database,13765.342466650001
4625,1584,1,45,2,869.99,0.1,2025-11-24 02:06:42,mysql_database,41296.976766650005
4626,1584,2,216,2,899.99,0.1,2025-11-24 02:06:42,mysql_database,42721.02681665
4627,1584,3,43,1,5299.99,0.2,2025-11-24 02:06:42,mysql_database,251581.70081665
4628,1584,4,187,1,2799.99,0.1,2025-11-24 02:06:42,mysql_database,132910.86331665
4629,1584,5,147,2,1799.99,0.07,2025-11-24 02:06:42,mysql_database,85442.52831665
4630,1585,1,313,1,449.99,0.1,2025-11-24 02:06:42,mysql_database,21360.276066650003
4631,1585,2,106,2,449.99,0.1,2025-11-24 02:06:42,mysql_database,21360.276066650003
4632,1585,3,207,2,3999.99,0.07,2025-11-24 02:06:42,mysql_database,189872.86531665002
4633,1585,4,95,1,299.99,0.1,2025-11-24 02:06:42,mysql_database,14240.02581665
4634,1585,5,191,1,2799.99,0.1,2025-11-24 02:06:42,mysql_database,132910.86331665
4635,1586,1,22,2,269.99,0.1,2025-11-24 02:06:42,mysql_database,12815.97576665
4636,1586,2,277,1,369.99,0.07,2025-11-24 02:06:42,mysql_database,17562.80926665
4637,1586,3,295,1,319.99,0.05,2025-11-24 02:06:42,mysql_database,15189.392516650001
4638,1586,4,173,1,3199.99,0.2,2025-11-24 02:06:42,mysql_database,151898.19731665
4639,1586,5,36,1,832.99,0.1,2025-11-24 02:06:42,mysql_database,39540.64837165
4640,1587,1,104,1,481.99,0.1,2025-11-24 02:06:42,mysql_database,22879.26278665
4641,1587,2,63,2,3499.99,0.05,2025-11-24 02:06:42,mysql_database,166138.69781665
4642,1587,3,78,2,647.99,0.05,2025-11-24 02:06:42,mysql_database,30759.006396650002
4643,1587,4,300,2,799.99,0.07,2025-11-24 02:06:42,mysql_database,37974.19331665
4644,1588,1,93,2,209.99,0.07,2025-11-24 02:06:42,mysql_database,9967.875666650001
4645,1589,1,246,2,639.99,0.05,2025-11-24 02:06:42,mysql_database,30379.25971665
4646,1589,2,260,1,799.99,0.2,2025-11-24 02:06:42,mysql_database,37974.19331665
4647,1589,3,28,2,2499.99,0.1,2025-11-24 02:06:42,mysql_database,118670.36281665
4648,1590,1,175,2,3199.99,0.07,2025-11-24 02:06:42,mysql_database,151898.19731665
4649,1590,2,248,1,599.99,0.2,2025-11-24 02:06:42,mysql_database,28480.52631665
4650,1590,3,23,1,299.99,0.07,2025-11-24 02:06:42,mysql_database,14240.02581665
4651,1591,1,286,2,279.99,0.2,2025-11-24 02:06:42,mysql_database,13290.659116650002
4652,1591,2,126,2,469.99,0.2,2025-11-24 02:06:42,mysql_database,22309.642766650002
4653,1591,3,97,2,349.99,0.07,2025-11-24 02:06:42,mysql_database,16613.442566650003
4654,1591,4,138,2,2249.99,0.05,2025-11-24 02:06:42,mysql_database,106803.27906665
4655,1591,5,265,1,289.99,0.2,2025-11-24 02:06:42,mysql_database,13765.342466650001
4656,1592,1,211,2,1549.0,0.05,2025-11-24 02:06:42,mysql_database,73528.45091500001
4657,1592,2,159,1,2299.99,0.07,2025-11-24 02:06:42,mysql_database,109176.69581665
4658,1592,3,40,2,4999.99,0.07,2025-11-24 02:06:42,mysql_database,237341.20031665
4659,1592,4,9,1,2999.99,0.2,2025-11-24 02:06:42,mysql_database,142404.53031665
4660,1592,5,271,2,209.99,0.05,2025-11-24 02:06:42,mysql_database,9967.875666650001
4661,1593,1,97,2,349.99,0.2,2025-11-24 02:06:42,mysql_database,16613.442566650003
4662,1593,2,34,1,469.99,0.07,2025-11-24 02:06:42,mysql_database,22309.642766650002
4663,1593,3,190,2,2799.99,0.1,2025-11-24 02:06:42,mysql_database,132910.86331665
4664,1593,4,107,1,416.99,0.05,2025-11-24 02:06:42,mysql_database,19793.82101165
4665,1593,5,169,2,6499.99,0.07,2025-11-24 02:06:42,mysql_database,308543.70281665004
4666,1594,1,79,2,402.99,0.1,2025-11-24 02:06:42,mysql_database,19129.26432165
4667,1594,2,105,1,533.99,0.1,2025-11-24 02:06:42,mysql_database,25347.616206650004
4668,1595,1,112,1,379.99,0.2,2025-11-24 02:06:42,mysql_database,18037.49261665
4669,1596,1,91,1,349.99,0.05,2025-11-24 02:06:42,mysql_database,16613.442566650003
4670,1596,2,18,1,449.0,0.1,2025-11-24 02:06:42,mysql_database,21313.282415
4671,1597,1,176,1,3199.99,0.07,2025-11-24 02:06:42,mysql_database,151898.19731665
4672,1597,2,59,1,2599.99,0.07,2025-11-24 02:06:42,mysql_database,123417.19631664999
4673,1598,1,247,1,599.99,0.2,2025-11-24 02:06:42,mysql_database,28480.52631665
4674,1598,2,49,2,3499.99,0.07,2025-11-24 02:06:42,mysql_database,166138.69781665
4675,1598,3,88,1,189.99,0.2,2025-11-24 02:06:42,mysql_database,9018.50896665
4676,1599,1,104,2,481.99,0.2,2025-11-24 02:06:42,mysql_database,22879.26278665
4677,1600,1,146,1,4999.99,0.1,2025-11-24 02:06:42,mysql_database,237341.20031665
4678,1600,2,295,1,319.99,0.05,2025-11-24 02:06:42,mysql_database,15189.392516650001
4679,1600,3,36,1,832.99,0.2,2025-11-24 02:06:42,mysql_database,39540.64837165
4680,1601,1,114,2,579.99,0.2,2025-11-24 02:06:42,mysql_database,27531.159616650002
4681,1601,2,10,1,1549.0,0.2,2025-11-24 02:06:42,mysql_database,73528.45091500001
4682,1601,3,220,2,269.99,0.07,2025-11-24 02:06:42,mysql_database,12815.97576665
4683,1601,4,7,2,3999.99,0.07,2025-11-24 02:06:42,mysql_database,189872.86531665002
4684,1601,5,180,1,919.99,0.1,2025-11-24 02:06:42,mysql_database,43670.39351665
4685,1602,1,71,2,416.99,0.05,2025-11-24 02:06:42,mysql_database,19793.82101165
4686,1602,2,37,1,379.99,0.07,2025-11-24 02:06:42,mysql_database,18037.49261665
4687,1602,3,275,2,229.99,0.2,2025-11-24 02:06:42,mysql_database,10917.242366650002
4688,1602,4,257,2,899.99,0.05,2025-11-24 02:06:42,mysql_database,42721.02681665
4689,1603,1,275,2,229.99,0.05,2025-11-24 02:06:42,mysql_database,10917.242366650002
4690,1604,1,271,1,209.99,0.1,2025-11-24 02:06:42,mysql_database,9967.875666650001
4691,1605,1,72,1,619.99,0.1,2025-11-24 02:06:42,mysql_database,29429.893016650003
4692,1605,2,186,1,4499.99,0.2,2025-11-24 02:06:42,mysql_database,213607.03281665
4693,1605,3,132,2,1499.99,0.1,2025-11-24 02:06:42,mysql_database,71202.02781665
4694,1605,4,301,1,899.99,0.1,2025-11-24 02:06:42,mysql_database,42721.02681665
4695,1605,5,29,1,999.99,0.07,2025-11-24 02:06:42,mysql_database,47467.86031665
4696,1606,1,245,1,659.99,0.1,2025-11-24 02:06:42,mysql_database,31328.626416650004
4697,1606,2,271,1,209.99,0.1,2025-11-24 02:06:42,mysql_database,9967.875666650001
4698,1607,1,29,1,999.99,0.05,2025-11-24 02:06:42,mysql_database,47467.86031665
4699,1608,1,231,2,529.99,0.05,2025-11-24 02:06:42,mysql_database,25157.74286665
4700,1609,1,96,1,349.99,0.2,2025-11-24 02:06:42,mysql_database,16613.442566650003
4701,1609,2,238,2,749.99,0.2,2025-11-24 02:06:42,mysql_database,35600.776566650005
4702,1609,3,228,2,319.99,0.1,2025-11-24 02:06:42,mysql_database,15189.392516650001
4703,1609,4,105,1,533.99,0.2,2025-11-24 02:06:42,mysql_database,25347.616206650004
4704,1610,1,36,1,832.99,0.07,2025-11-24 02:06:42,mysql_database,39540.64837165
4705,1610,2,173,2,3199.99,0.2,2025-11-24 02:06:42,mysql_database,151898.19731665
4706,1611,1,191,1,2799.99,0.07,2025-11-24 02:06:42,mysql_database,132910.86331665
4707,1611,2,171,2,3199.99,0.1,2025-11-24 02:06:42,mysql_database,151898.19731665
4708,1611,3,236,1,749.99,0.2,2025-11-24 02:06:42,mysql_database,35600.776566650005
4709,1612,1,242,1,699.99,0.1,2025-11-24 02:06:42,mysql_database,33227.35981665
4710,1612,2,289,2,319.99,0.05,2025-11-24 02:06:42,mysql_database,15189.392516650001
4711,1612,3,101,2,339.99,0.2,2025-11-24 02:06:42,mysql_database,16138.759216650002
4712,1612,4,293,2,319.99,0.07,2025-11-24 02:06:42,mysql_database,15189.392516650001
4713,1612,5,60,1,1559.99,0.1,2025-11-24 02:06:42,mysql_database,74050.12791665
4714,1613,1,153,1,4999.99,0.07,2025-11-24 02:06:42,mysql_database,237341.20031665
4715,1613,2,283,2,319.99,0.05,2025-11-24 02:06:42,mysql_database,15189.392516650001
4716,1614,1,124,1,1499.0,0.07,2025-11-24 02:06:42,mysql_database,71155.034165
4717,1614,2,159,2,2299.99,0.07,2025-11-24 02:06:42,mysql_database,109176.69581665
4718,1614,3,213,2,269.99,0.2,2025-11-24 02:06:42,mysql_database,12815.97576665
4719,1615,1,197,2,2299.99,0.2,2025-11-24 02:06:42,mysql_database,109176.69581665
4720,1615,2,214,1,899.99,0.07,2025-11-24 02:06:42,mysql_database,42721.02681665
4721,1615,3,182,1,2499.99,0.2,2025-11-24 02:06:42,mysql_database,118670.36281665
