,order_id,customer_id,order_status,order_date,required_date,shipped_date,store_id,staff_id,extracted_date,data_source,latency_days,Late_Deliveries:,Locality_Flag
0,1,259,4,2016-01-01,2016-01-03,2016-01-03,1,2,2025-11-24 02:06:42,mysql_database,2.0,False,Non local
1,2,1212,4,2016-01-01,2016-01-04,2016-01-03,2,6,2025-11-24 02:06:42,mysql_database,2.0,False,Non local
2,3,523,4,2016-01-02,2016-01-05,2016-01-03,2,7,2025-11-24 02:06:42,mysql_database,1.0,False,Non local
3,4,175,4,2016-01-03,2016-01-04,2016-01-05,1,3,2025-11-24 02:06:42,mysql_database,2.0,True,Non local
4,5,1324,4,2016-01-03,2016-01-06,2016-01-06,2,6,2025-11-24 02:06:42,mysql_database,3.0,False,Non local
5,6,94,4,2016-01-04,2016-01-07,2016-01-05,2,6,2025-11-24 02:06:42,mysql_database,1.0,False,Non local
6,7,324,4,2016-01-04,2016-01-07,2016-01-05,2,6,2025-11-24 02:06:42,mysql_database,1.0,False,Non local
7,8,1204,4,2016-01-04,2016-01-05,2016-01-05,2,7,2025-11-24 02:06:42,mysql_database,1.0,False,Non local
8,9,60,4,2016-01-05,2016-01-08,2016-01-08,1,2,2025-11-24 02:06:42,mysql_database,3.0,False,Non local
9,10,442,4,2016-01-05,2016-01-06,2016-01-06,2,6,2025-11-24 02:06:42,mysql_database,1.0,False,Non local
10,11,1326,4,2016-01-05,2016-01-08,2016-01-07,2,7,2025-11-24 02:06:42,mysql_database,2.0,False,Non local
11,12,91,4,2016-01-06,2016-01-08,2016-01-09,1,2,2025-11-24 02:06:42,mysql_database,3.0,True,Non local
12,13,873,4,2016-01-08,2016-01-11,2016-01-11,2,6,2025-11-24 02:06:42,mysql_database,3.0,False,Non local
13,14,258,4,2016-01-09,2016-01-11,2016-01-12,1,3,2025-11-24 02:06:42,mysql_database,3.0,True,Non local
14,15,450,4,2016-01-09,2016-01-10,2016-01-12,2,7,2025-11-24 02:06:42,mysql_database,3.0,True,Non local
15,16,552,4,2016-01-12,2016-01-15,2016-01-15,1,3,2025-11-24 02:06:42,mysql_database,3.0,False,Non local
16,17,1175,4,2016-01-12,2016-01-14,2016-01-14,1,3,2025-11-24 02:06:42,mysql_database,2.0,False,Non local
17,18,541,4,2016-01-14,2016-01-17,2016-01-15,1,3,2025-11-24 02:06:42,mysql_database,1.0,False,Non local
18,19,696,4,2016-01-14,2016-01-17,2016-01-16,1,2,2025-11-24 02:06:42,mysql_database,2.0,False,Non local
19,20,923,4,2016-01-14,2016-01-16,2016-01-17,1,2,2025-11-24 02:06:42,mysql_database,3.0,True,Non local
20,21,1250,4,2016-01-15,2016-01-16,2016-01-18,2,6,2025-11-24 02:06:42,mysql_database,3.0,True,Non local
21,22,1035,4,2016-01-16,2016-01-18,2016-01-17,1,2,2025-11-24 02:06:42,mysql_database,1.0,False,Non local
22,23,1149,4,2016-01-16,2016-01-19,2016-01-19,1,2,2025-11-24 02:06:42,mysql_database,3.0,False,Non local
23,24,636,4,2016-01-18,2016-01-20,2016-01-19,2,7,2025-11-24 02:06:42,mysql_database,1.0,False,Non local
24,25,657,4,2016-01-18,2016-01-21,2016-01-21,2,6,2025-11-24 02:06:42,mysql_database,3.0,False,local
25,26,1280,4,2016-01-18,2016-01-21,2016-01-19,2,7,2025-11-24 02:06:42,mysql_database,1.0,False,Non local
26,27,57,4,2016-01-19,2016-01-21,2016-01-20,2,7,2025-11-24 02:06:42,mysql_database,1.0,False,Non local
27,28,252,4,2016-01-19,2016-01-20,2016-01-21,2,6,2025-11-24 02:06:42,mysql_database,2.0,True,Non local
28,29,437,4,2016-01-20,2016-01-22,2016-01-21,2,6,2025-11-24 02:06:42,mysql_database,1.0,False,Non local
29,30,1348,4,2016-01-20,2016-01-21,2016-01-21,2,6,2025-11-24 02:06:42,mysql_database,1.0,False,Non local
30,31,1238,4,2016-01-20,2016-01-22,2016-01-22,3,8,2025-11-24 02:06:42,mysql_database,2.0,False,Non local
31,32,1259,4,2016-01-21,2016-01-24,2016-01-22,1,3,2025-11-24 02:06:42,mysql_database,1.0,False,Non local
32,33,236,4,2016-01-21,2016-01-22,2016-01-22,2,6,2025-11-24 02:06:42,mysql_database,1.0,False,Non local
33,34,80,4,2016-01-22,2016-01-25,2016-01-23,2,6,2025-11-24 02:06:42,mysql_database,1.0,False,Non local
34,35,813,4,2016-01-22,2016-01-25,2016-01-24,2,7,2025-11-24 02:06:42,mysql_database,2.0,False,Non local
35,36,1321,4,2016-01-23,2016-01-24,2016-01-24,2,6,2025-11-24 02:06:42,mysql_database,1.0,False,Non local
36,37,164,4,2016-01-25,2016-01-28,2016-01-26,2,6,2025-11-24 02:06:42,mysql_database,1.0,False,Non local
37,38,583,4,2016-01-25,2016-01-27,2016-01-26,2,7,2025-11-24 02:06:42,mysql_database,1.0,False,Non local
38,39,1296,4,2016-01-25,2016-01-26,2016-01-26,2,7,2025-11-24 02:06:42,mysql_database,1.0,False,Non local
39,40,348,4,2016-01-27,2016-01-28,2016-01-29,1,3,2025-11-24 02:06:42,mysql_database,2.0,True,Non local
40,41,979,4,2016-01-27,2016-01-30,2016-01-29,2,6,2025-11-24 02:06:42,mysql_database,2.0,False,Non local
41,42,1095,4,2016-01-27,2016-01-28,2016-01-30,2,7,2025-11-24 02:06:42,mysql_database,3.0,True,Non local
42,43,1434,4,2016-01-27,2016-01-28,2016-01-30,2,7,2025-11-24 02:06:42,mysql_database,3.0,True,Non local
43,44,861,4,2016-01-28,2016-01-31,2016-01-30,2,7,2025-11-24 02:06:42,mysql_database,2.0,False,Non local
44,45,1220,4,2016-01-28,2016-01-31,2016-01-31,2,7,2025-11-24 02:06:42,mysql_database,3.0,False,Non local
45,46,746,4,2016-01-29,2016-01-31,2016-01-31,2,7,2025-11-24 02:06:42,mysql_database,2.0,False,Non local
46,47,1234,4,2016-01-29,2016-01-30,2016-01-31,2,7,2025-11-24 02:06:42,mysql_database,2.0,True,Non local
47,48,1012,4,2016-01-30,2016-02-01,2016-02-02,2,7,2025-11-24 02:06:42,mysql_database,3.0,True,Non local
48,49,608,4,2016-01-31,2016-02-01,2016-02-02,2,6,2025-11-24 02:06:42,mysql_database,2.0,True,Non local
49,50,872,4,2016-01-31,2016-02-03,2016-02-02,3,8,2025-11-24 02:06:42,mysql_database,2.0,False,Non local
50,51,1047,4,2016-02-01,2016-02-02,2016-02-03,2,7,2025-11-24 02:06:42,mysql_database,2.0,True,Non local
51,52,767,4,2016-02-03,2016-02-04,2016-02-05,1,2,2025-11-24 02:06:42,mysql_database,2.0,True,Non local
52,53,965,4,2016-02-03,2016-02-04,2016-02-05,2,6,2025-11-24 02:06:42,mysql_database,2.0,True,Non local
53,54,535,4,2016-02-04,2016-02-07,2016-02-07,2,7,2025-11-24 02:06:42,mysql_database,3.0,False,Non local
54,55,1173,4,2016-02-04,2016-02-07,2016-02-06,2,6,2025-11-24 02:06:42,mysql_database,2.0,False,Non local
55,56,1241,4,2016-02-04,2016-02-06,2016-02-07,2,6,2025-11-24 02:06:42,mysql_database,3.0,True,Non local
56,57,1305,4,2016-02-04,2016-02-06,2016-02-06,2,7,2025-11-24 02:06:42,mysql_database,2.0,False,Non local
57,58,504,4,2016-02-05,2016-02-07,2016-02-07,2,6,2025-11-24 02:06:42,mysql_database,2.0,False,Non local
58,59,563,4,2016-02-05,2016-02-07,2016-02-06,2,7,2025-11-24 02:06:42,mysql_database,1.0,False,Non local
59,60,151,4,2016-02-06,2016-02-08,2016-02-07,1,3,2025-11-24 02:06:42,mysql_database,1.0,False,Non local
60,61,277,4,2016-02-06,2016-02-09,2016-02-09,2,7,2025-11-24 02:06:42,mysql_database,3.0,False,Non local
61,62,208,4,2016-02-07,2016-02-10,2016-02-10,1,2,2025-11-24 02:06:42,mysql_database,3.0,False,Non local
62,63,1075,4,2016-02-07,2016-02-09,2016-02-09,2,7,2025-11-24 02:06:42,mysql_database,2.0,False,Non local
63,64,1185,4,2016-02-07,2016-02-08,2016-02-09,2,6,2025-11-24 02:06:42,mysql_database,2.0,True,Non local
64,65,996,4,2016-02-08,2016-02-09,2016-02-11,2,6,2025-11-24 02:06:42,mysql_database,3.0,True,Non local
65,66,1253,4,2016-02-09,2016-02-12,2016-02-12,2,7,2025-11-24 02:06:42,mysql_database,3.0,False,Non local
66,67,526,4,2016-02-09,2016-02-11,2016-02-10,3,8,2025-11-24 02:06:42,mysql_database,1.0,False,Non local
67,68,381,4,2016-02-10,2016-02-11,2016-02-13,2,6,2025-11-24 02:06:42,mysql_database,3.0,True,Non local
68,69,1413,4,2016-02-10,2016-02-12,2016-02-11,2,7,2025-11-24 02:06:42,mysql_database,1.0,False,Non local
69,70,50,3,2016-02-11,2016-02-11,,3,9,2025-11-24 02:06:42,mysql_database,,False,Non local
70,71,797,4,2016-02-11,2016-02-14,2016-02-12,2,7,2025-11-24 02:06:42,mysql_database,1.0,False,Non local
71,72,1386,4,2016-02-12,2016-02-15,2016-02-13,1,2,2025-11-24 02:06:42,mysql_database,1.0,False,Non local
72,73,612,4,2016-02-12,2016-02-15,2016-02-14,2,7,2025-11-24 02:06:42,mysql_database,2.0,False,Non local
73,74,264,4,2016-02-13,2016-02-15,2016-02-15,2,7,2025-11-24 02:06:42,mysql_database,2.0,False,Non local
74,75,587,4,2016-02-14,2016-02-15,2016-02-17,2,6,2025-11-24 02:06:42,mysql_database,3.0,True,Non local
75,76,9,3,2016-02-16,2016-02-16,,2,6,2025-11-24 02:06:42,mysql_database,,False,Non local
76,77,385,4,2016-02-16,2016-02-19,2016-02-19,1,2,2025-11-24 02:06:42,mysql_database,3.0,False,Non local
77,78,1182,4,2016-02-16,2016-02-18,2016-02-19,2,7,2025-11-24 02:06:42,mysql_database,3.0,True,Non local
78,79,529,4,2016-02-17,2016-02-20,2016-02-20,1,3,2025-11-24 02:06:42,mysql_database,3.0,False,Non local
79,80,397,4,2016-02-17,2016-02-20,2016-02-19,2,6,2025-11-24 02:06:42,mysql_database,2.0,False,Non local
80,81,521,4,2016-02-17,2016-02-19,2016-02-18,2,6,2025-11-24 02:06:42,mysql_database,1.0,False,Non local
81,82,1223,4,2016-02-18,2016-02-21,2016-02-20,2,6,2025-11-24 02:06:42,mysql_database,2.0,False,Non local
82,83,393,4,2016-02-19,2016-02-20,2016-02-20,1,3,2025-11-24 02:06:42,mysql_database,1.0,False,Non local
83,84,317,4,2016-02-20,2016-02-22,2016-02-21,2,7,2025-11-24 02:06:42,mysql_database,1.0,False,Non local
84,85,1174,4,2016-02-20,2016-02-23,2016-02-21,2,7,2025-11-24 02:06:42,mysql_database,1.0,False,Non local
85,86,276,4,2016-02-21,2016-02-22,2016-02-23,2,7,2025-11-24 02:06:42,mysql_database,2.0,True,Non local
86,87,516,4,2016-02-21,2016-02-22,2016-02-23,2,6,2025-11-24 02:06:42,mysql_database,2.0,True,Non local
87,88,1069,4,2016-02-21,2016-02-22,2016-02-23,2,6,2025-11-24 02:06:42,mysql_database,2.0,True,Non local
88,89,668,4,2016-02-21,2016-02-24,2016-02-24,3,8,2025-11-24 02:06:42,mysql_database,3.0,False,Non local
89,90,414,4,2016-02-23,2016-02-25,2016-02-24,2,7,2025-11-24 02:06:42,mysql_database,1.0,False,Non local
90,91,648,4,2016-02-25,2016-02-27,2016-02-28,1,2,2025-11-24 02:06:42,mysql_database,3.0,True,Non local
91,92,1309,4,2016-02-25,2016-02-28,2016-02-28,2,7,2025-11-24 02:06:42,mysql_database,3.0,False,Non local
92,93,1328,4,2016-02-26,2016-02-28,2016-02-27,1,3,2025-11-24 02:06:42,mysql_database,1.0,False,Non local
93,94,929,4,2016-02-27,2016-02-28,2016-02-29,1,2,2025-11-24 02:06:42,mysql_database,2.0,True,Non local
94,95,218,4,2016-02-27,2016-02-29,2016-02-28,2,7,2025-11-24 02:06:42,mysql_database,1.0,False,Non local
95,96,1094,4,2016-02-27,2016-02-29,2016-02-28,2,7,2025-11-24 02:06:42,mysql_database,1.0,False,Non local
96,97,204,4,2016-02-28,2016-02-29,2016-03-01,2,7,2025-11-24 02:06:42,mysql_database,2.0,True,Non local
97,98,1194,4,2016-02-28,2016-02-29,2016-02-29,2,6,2025-11-24 02:06:42,mysql_database,1.0,False,Non local
98,99,1165,4,2016-02-29,2016-03-01,2016-03-03,3,9,2025-11-24 02:06:42,mysql_database,3.0,True,Non local
99,100,1237,4,2016-03-01,2016-03-04,2016-03-03,2,7,2025-11-24 02:06:42,mysql_database,2.0,False,Non local
100,101,271,4,2016-03-01,2016-03-04,2016-03-04,3,8,2025-11-24 02:06:42,mysql_database,3.0,False,Non local
101,102,336,4,2016-03-02,2016-03-05,2016-03-03,2,7,2025-11-24 02:06:42,mysql_database,1.0,False,Non local
102,103,991,4,2016-03-03,2016-03-06,2016-03-05,1,2,2025-11-24 02:06:42,mysql_database,2.0,False,Non local
103,104,7,4,2016-03-03,2016-03-05,2016-03-05,2,7,2025-11-24 02:06:42,mysql_database,2.0,False,Non local
104,105,306,4,2016-03-03,2016-03-05,2016-03-04,2,7,2025-11-24 02:06:42,mysql_database,1.0,False,Non local
105,106,422,4,2016-03-04,2016-03-05,2016-03-05,3,9,2025-11-24 02:06:42,mysql_database,1.0,False,Non local
106,107,633,4,2016-03-06,2016-03-09,2016-03-09,1,2,2025-11-24 02:06:42,mysql_database,3.0,False,Non local
107,108,12,4,2016-03-06,2016-03-09,2016-03-07,2,6,2025-11-24 02:06:42,mysql_database,1.0,False,Non local
108,109,1255,4,2016-03-06,2016-03-09,2016-03-09,2,6,2025-11-24 02:06:42,mysql_database,3.0,False,Non local
109,110,677,4,2016-03-06,2016-03-08,2016-03-09,3,9,2025-11-24 02:06:42,mysql_database,3.0,True,Non local
110,111,630,4,2016-03-07,2016-03-10,2016-03-10,2,6,2025-11-24 02:06:42,mysql_database,3.0,False,Non local
111,112,469,4,2016-03-08,2016-03-11,2016-03-10,2,6,2025-11-24 02:06:42,mysql_database,2.0,False,Non local
112,113,1078,4,2016-03-08,2016-03-11,2016-03-11,2,6,2025-11-24 02:06:42,mysql_database,3.0,False,Non local
113,114,1431,4,2016-03-08,2016-03-10,2016-03-11,2,7,2025-11-24 02:06:42,mysql_database,3.0,True,Non local
114,115,1369,4,2016-03-09,2016-03-11,2016-03-11,2,7,2025-11-24 02:06:42,mysql_database,2.0,False,Non local
115,116,471,4,2016-03-10,2016-03-11,2016-03-11,2,7,2025-11-24 02:06:42,mysql_database,1.0,False,Non local
116,117,740,4,2016-03-10,2016-03-13,2016-03-11,2,6,2025-11-24 02:06:42,mysql_database,1.0,False,Non local
117,118,577,4,2016-03-12,2016-03-14,2016-03-13,1,2,2025-11-24 02:06:42,mysql_database,1.0,False,Non local
118,119,925,4,2016-03-12,2016-03-14,2016-03-14,2,7,2025-11-24 02:06:42,mysql_database,2.0,False,Non local
119,120,327,4,2016-03-14,2016-03-15,2016-03-17,2,7,2025-11-24 02:06:42,mysql_database,3.0,True,Non local
120,121,755,4,2016-03-14,2016-03-15,2016-03-16,2,6,2025-11-24 02:06:42,mysql_database,2.0,True,Non local
121,122,786,4,2016-03-14,2016-03-16,2016-03-15,2,6,2025-11-24 02:06:42,mysql_database,1.0,False,Non local
122,123,766,4,2016-03-15,2016-03-18,2016-03-17,2,6,2025-11-24 02:06:42,mysql_database,2.0,False,Non local
123,124,403,4,2016-03-16,2016-03-18,2016-03-17,1,3,2025-11-24 02:06:42,mysql_database,1.0,False,Non local
124,125,685,4,2016-03-16,2016-03-19,2016-03-17,2,6,2025-11-24 02:06:42,mysql_database,1.0,False,Non local
125,126,1365,4,2016-03-16,2016-03-18,2016-03-18,2,7,2025-11-24 02:06:42,mysql_database,2.0,False,Non local
126,127,484,4,2016-03-17,2016-03-18,2016-03-19,3,8,2025-11-24 02:06:42,mysql_database,2.0,True,Non local
127,128,86,4,2016-03-18,2016-03-20,2016-03-21,2,6,2025-11-24 02:06:42,mysql_database,3.0,True,Non local
128,129,84,4,2016-03-19,2016-03-21,2016-03-21,2,7,2025-11-24 02:06:42,mysql_database,2.0,False,Non local
129,130,1049,4,2016-03-19,2016-03-22,2016-03-20,2,6,2025-11-24 02:06:42,mysql_database,1.0,False,Non local
130,131,316,4,2016-03-19,2016-03-22,2016-03-20,3,8,2025-11-24 02:06:42,mysql_database,1.0,False,Non local
131,132,46,4,2016-03-20,2016-03-22,2016-03-23,1,3,2025-11-24 02:06:42,mysql_database,3.0,True,Non local
132,133,409,4,2016-03-20,2016-03-22,2016-03-21,2,7,2025-11-24 02:06:42,mysql_database,1.0,False,Non local
133,134,679,4,2016-03-20,2016-03-21,2016-03-21,2,7,2025-11-24 02:06:42,mysql_database,1.0,False,Non local
134,135,1354,4,2016-03-21,2016-03-23,2016-03-23,2,7,2025-11-24 02:06:42,mysql_database,2.0,False,Non local
135,136,1192,4,2016-03-21,2016-03-24,2016-03-23,3,8,2025-11-24 02:06:42,mysql_database,2.0,False,Non local
136,137,370,4,2016-03-23,2016-03-26,2016-03-25,2,7,2025-11-24 02:06:42,mysql_database,2.0,False,Non local
137,138,438,4,2016-03-23,2016-03-24,2016-03-25,2,7,2025-11-24 02:06:42,mysql_database,2.0,True,Non local
138,139,710,4,2016-03-23,2016-03-24,2016-03-26,2,7,2025-11-24 02:06:42,mysql_database,3.0,True,Non local
139,140,1264,4,2016-03-23,2016-03-26,2016-03-26,2,7,2025-11-24 02:06:42,mysql_database,3.0,False,Non local
140,141,557,4,2016-03-25,2016-03-27,2016-03-26,2,7,2025-11-24 02:06:42,mysql_database,1.0,False,Non local
141,142,170,4,2016-03-26,2016-03-27,2016-03-27,1,3,2025-11-24 02:06:42,mysql_database,1.0,False,Non local
142,143,693,4,2016-03-26,2016-03-28,2016-03-28,2,7,2025-11-24 02:06:42,mysql_database,2.0,False,Non local
143,144,1124,4,2016-03-26,2016-03-29,2016-03-29,2,7,2025-11-24 02:06:42,mysql_database,3.0,False,Non local
144,145,366,4,2016-03-27,2016-03-29,2016-03-30,2,6,2025-11-24 02:06:42,mysql_database,3.0,True,Non local
145,146,288,4,2016-03-28,2016-03-30,2016-03-30,1,3,2025-11-24 02:06:42,mysql_database,2.0,False,Non local
146,147,55,4,2016-03-28,2016-03-31,2016-03-31,2,7,2025-11-24 02:06:42,mysql_database,3.0,False,Non local
147,148,714,4,2016-03-28,2016-03-30,2016-03-30,2,6,2025-11-24 02:06:42,mysql_database,2.0,False,Non local
148,149,763,4,2016-03-28,2016-03-30,2016-03-29,2,6,2025-11-24 02:06:42,mysql_database,1.0,False,Non local
149,150,332,4,2016-03-29,2016-03-31,2016-04-01,1,2,2025-11-24 02:06:42,mysql_database,3.0,True,Non local
150,151,926,4,2016-03-29,2016-04-01,2016-03-31,1,2,2025-11-24 02:06:42,mysql_database,2.0,False,Non local
151,152,76,4,2016-03-29,2016-03-30,2016-03-30,2,6,2025-11-24 02:06:42,mysql_database,1.0,False,Non local
152,153,498,4,2016-03-30,2016-04-02,2016-04-01,2,6,2025-11-24 02:06:42,mysql_database,2.0,False,Non local
153,154,1286,4,2016-03-31,2016-04-01,2016-04-01,1,2,2025-11-24 02:06:42,mysql_database,1.0,False,Non local
154,155,371,4,2016-04-02,2016-04-03,2016-04-04,2,6,2025-11-24 02:06:42,mysql_database,2.0,True,Non local
155,156,357,4,2016-04-03,2016-04-06,2016-04-05,1,3,2025-11-24 02:06:42,mysql_database,2.0,False,Non local
156,157,43,4,2016-04-03,2016-04-06,2016-04-06,3,8,2025-11-24 02:06:42,mysql_database,3.0,False,Non local
157,158,117,3,2016-04-04,2016-04-04,,3,9,2025-11-24 02:06:42,mysql_database,,False,Non local
158,159,32,4,2016-04-04,2016-04-06,2016-04-06,1,2,2025-11-24 02:06:42,mysql_database,2.0,False,Non local
159,160,205,4,2016-04-04,2016-04-06,2016-04-06,2,7,2025-11-24 02:06:42,mysql_database,2.0,False,Non local
160,161,251,4,2016-04-04,2016-04-07,2016-04-05,2,7,2025-11-24 02:06:42,mysql_database,1.0,False,Non local
161,162,31,4,2016-04-06,2016-04-08,2016-04-07,1,3,2025-11-24 02:06:42,mysql_database,1.0,False,Non local
162,163,1325,4,2016-04-06,2016-04-07,2016-04-07,2,7,2025-11-24 02:06:42,mysql_database,1.0,False,Non local
163,164,610,4,2016-04-07,2016-04-08,2016-04-09,2,7,2025-11-24 02:06:42,mysql_database,2.0,True,Non local
164,165,574,4,2016-04-08,2016-04-10,2016-04-10,1,3,2025-11-24 02:06:42,mysql_database,2.0,False,Non local
165,166,338,4,2016-04-08,2016-04-11,2016-04-11,2,6,2025-11-24 02:06:42,mysql_database,3.0,False,Non local
166,167,1034,4,2016-04-08,2016-04-09,2016-04-11,2,7,2025-11-24 02:06:42,mysql_database,3.0,True,Non local
167,168,1147,4,2016-04-09,2016-04-12,2016-04-11,1,3,2025-11-24 02:06:42,mysql_database,2.0,False,Non local
168,169,99,4,2016-04-10,2016-04-11,2016-04-11,2,7,2025-11-24 02:06:42,mysql_database,1.0,False,Non local
169,170,1200,4,2016-04-10,2016-04-11,2016-04-13,2,7,2025-11-24 02:06:42,mysql_database,3.0,True,Non local
170,171,237,4,2016-04-11,2016-04-14,2016-04-14,1,3,2025-11-24 02:06:42,mysql_database,3.0,False,Non local
171,172,1079,4,2016-04-11,2016-04-12,2016-04-14,2,7,2025-11-24 02:06:42,mysql_database,3.0,True,Non local
172,173,117,4,2016-04-11,2016-04-14,2016-04-13,3,8,2025-11-24 02:06:42,mysql_database,2.0,False,Non local
173,174,1361,4,2016-04-12,2016-04-13,2016-04-15,2,7,2025-11-24 02:06:42,mysql_database,3.0,True,Non local
174,175,951,4,2016-04-13,2016-04-14,2016-04-14,2,6,2025-11-24 02:06:42,mysql_database,1.0,False,Non local
175,176,643,4,2016-04-15,2016-04-16,2016-04-17,2,7,2025-11-24 02:06:42,mysql_database,2.0,True,Non local
176,177,121,4,2016-04-16,2016-04-19,2016-04-19,1,2,2025-11-24 02:06:42,mysql_database,3.0,False,Non local
177,178,756,4,2016-04-16,2016-04-17,2016-04-18,2,6,2025-11-24 02:06:42,mysql_database,2.0,True,Non local
178,179,616,4,2016-04-17,2016-04-19,2016-04-19,2,6,2025-11-24 02:06:42,mysql_database,2.0,False,Non local
179,180,918,4,2016-04-17,2016-04-20,2016-04-19,2,7,2025-11-24 02:06:42,mysql_database,2.0,False,Non local
180,181,459,4,2016-04-18,2016-04-20,2016-04-20,1,3,2025-11-24 02:06:42,mysql_database,2.0,False,Non local
181,182,854,4,2016-04-18,2016-04-19,2016-04-20,2,6,2025-11-24 02:06:42,mysql_database,2.0,True,Non local
182,183,22,4,2016-04-19,2016-04-20,2016-04-20,2,7,2025-11-24 02:06:42,mysql_database,1.0,False,Non local
183,184,134,4,2016-04-19,2016-04-21,2016-04-22,2,7,2025-11-24 02:06:42,mysql_database,3.0,True,Non local
184,185,24,3,2016-04-20,2016-04-20,,1,2,2025-11-24 02:06:42,mysql_database,,False,Non local
185,186,1127,4,2016-04-21,2016-04-22,2016-04-24,2,6,2025-11-24 02:06:42,mysql_database,3.0,True,Non local
186,187,183,4,2016-04-22,2016-04-23,2016-04-24,2,6,2025-11-24 02:06:42,mysql_database,2.0,True,Non local
187,188,390,4,2016-04-22,2016-04-23,2016-04-25,2,6,2025-11-24 02:06:42,mysql_database,3.0,True,Non local
188,189,1288,4,2016-04-23,2016-04-24,2016-04-26,1,2,2025-11-24 02:06:42,mysql_database,3.0,True,Non local
189,190,98,4,2016-04-23,2016-04-25,2016-04-25,2,6,2025-11-24 02:06:42,mysql_database,2.0,False,Non local
190,191,919,4,2016-04-27,2016-04-28,2016-04-28,1,2,2025-11-24 02:06:42,mysql_database,1.0,False,Non local
191,192,728,4,2016-04-27,2016-04-28,2016-04-29,2,7,2025-11-24 02:06:42,mysql_database,2.0,True,Non local
192,193,1366,4,2016-04-28,2016-04-30,2016-04-30,1,3,2025-11-24 02:06:42,mysql_database,2.0,False,Non local
193,194,558,4,2016-04-28,2016-04-30,2016-05-01,2,7,2025-11-24 02:06:42,mysql_database,3.0,True,Non local
194,195,727,4,2016-04-28,2016-05-01,2016-05-01,2,7,2025-11-24 02:06:42,mysql_database,3.0,False,Non local
195,196,1247,4,2016-04-28,2016-04-30,2016-05-01,2,6,2025-11-24 02:06:42,mysql_database,3.0,True,Non local
196,197,127,4,2016-04-30,2016-05-03,2016-05-03,2,7,2025-11-24 02:06:42,mysql_database,3.0,False,Non local
197,198,640,4,2016-05-01,2016-05-04,2016-05-03,2,6,2025-11-24 02:06:42,mysql_database,2.0,False,Non local
198,199,760,4,2016-05-01,2016-05-04,2016-05-04,2,7,2025-11-24 02:06:42,mysql_database,3.0,False,Non local
199,200,1074,4,2016-05-01,2016-05-03,2016-05-03,2,6,2025-11-24 02:06:42,mysql_database,2.0,False,Non local
200,201,280,4,2016-05-01,2016-05-04,2016-05-02,3,9,2025-11-24 02:06:42,mysql_database,1.0,False,Non local
201,202,600,4,2016-05-03,2016-05-05,2016-05-04,1,2,2025-11-24 02:06:42,mysql_database,1.0,False,Non local
202,203,1102,4,2016-05-03,2016-05-05,2016-05-06,3,9,2025-11-24 02:06:42,mysql_database,3.0,True,Non local
203,204,591,4,2016-05-04,2016-05-07,2016-05-06,2,7,2025-11-24 02:06:42,mysql_database,2.0,False,Non local
204,205,635,4,2016-05-04,2016-05-05,2016-05-06,2,6,2025-11-24 02:06:42,mysql_database,2.0,True,Non local
205,206,743,4,2016-05-04,2016-05-06,2016-05-05,3,9,2025-11-24 02:06:42,mysql_database,1.0,False,Non local
206,207,105,4,2016-05-05,2016-05-07,2016-05-07,2,7,2025-11-24 02:06:42,mysql_database,2.0,False,Non local
207,208,815,4,2016-05-06,2016-05-07,2016-05-09,2,7,2025-11-24 02:06:42,mysql_database,3.0,True,Non local
208,209,514,4,2016-05-07,2016-05-08,2016-05-08,2,6,2025-11-24 02:06:42,mysql_database,1.0,False,Non local
209,210,943,4,2016-05-07,2016-05-08,2016-05-09,2,6,2025-11-24 02:06:42,mysql_database,2.0,True,Non local
210,211,1140,4,2016-05-07,2016-05-09,2016-05-08,2,6,2025-11-24 02:06:42,mysql_database,1.0,False,Non local
211,212,1373,4,2016-05-08,2016-05-09,2016-05-11,2,6,2025-11-24 02:06:42,mysql_database,3.0,True,Non local
212,213,788,4,2016-05-08,2016-05-09,2016-05-09,3,8,2025-11-24 02:06:42,mysql_database,1.0,False,Non local
213,214,363,4,2016-05-10,2016-05-12,2016-05-11,2,6,2025-11-24 02:06:42,mysql_database,1.0,False,Non local
214,215,1420,4,2016-05-10,2016-05-13,2016-05-12,2,7,2025-11-24 02:06:42,mysql_database,2.0,False,Non local
215,216,267,4,2016-05-11,2016-05-14,2016-05-13,1,3,2025-11-24 02:06:42,mysql_database,2.0,False,Non local
216,217,716,4,2016-05-11,2016-05-12,2016-05-14,2,7,2025-11-24 02:06:42,mysql_database,3.0,True,Non local
217,218,1179,4,2016-05-12,2016-05-14,2016-05-14,2,7,2025-11-24 02:06:42,mysql_database,2.0,False,Non local
218,219,1338,4,2016-05-12,2016-05-15,2016-05-15,2,6,2025-11-24 02:06:42,mysql_database,3.0,False,Non local
219,220,1358,4,2016-05-12,2016-05-14,2016-05-15,2,6,2025-11-24 02:06:42,mysql_database,3.0,True,Non local
220,221,1218,4,2016-05-13,2016-05-16,2016-05-14,1,2,2025-11-24 02:06:42,mysql_database,1.0,False,Non local
221,222,51,4,2016-05-13,2016-05-16,2016-05-14,2,6,2025-11-24 02:06:42,mysql_database,1.0,False,Non local
222,223,1368,4,2016-05-15,2016-05-16,2016-05-17,2,7,2025-11-24 02:06:42,mysql_database,2.0,True,Non local
223,224,157,4,2016-05-17,2016-05-18,2016-05-19,1,3,2025-11-24 02:06:42,mysql_database,2.0,True,Non local
224,225,307,4,2016-05-17,2016-05-20,2016-05-19,1,3,2025-11-24 02:06:42,mysql_database,2.0,False,Non local
225,226,501,4,2016-05-17,2016-05-19,2016-05-20,1,2,2025-11-24 02:06:42,mysql_database,3.0,True,Non local
226,227,489,4,2016-05-17,2016-05-18,2016-05-20,2,7,2025-11-24 02:06:42,mysql_database,3.0,True,Non local
227,228,615,4,2016-05-17,2016-05-20,2016-05-20,2,7,2025-11-24 02:06:42,mysql_database,3.0,False,Non local
228,229,742,4,2016-05-19,2016-05-21,2016-05-20,2,6,2025-11-24 02:06:42,mysql_database,1.0,False,Non local
229,230,1167,4,2016-05-19,2016-05-20,2016-05-21,2,6,2025-11-24 02:06:42,mysql_database,2.0,True,Non local
230,231,1257,4,2016-05-19,2016-05-22,2016-05-21,2,6,2025-11-24 02:06:42,mysql_database,2.0,False,Non local
231,232,1360,4,2016-05-20,2016-05-23,2016-05-23,1,3,2025-11-24 02:06:42,mysql_database,3.0,False,Non local
232,233,737,4,2016-05-21,2016-05-22,2016-05-24,2,6,2025-11-24 02:06:42,mysql_database,3.0,True,Non local
233,234,1435,4,2016-05-22,2016-05-24,2016-05-24,2,6,2025-11-24 02:06:42,mysql_database,2.0,False,Non local
234,235,649,4,2016-05-24,2016-05-25,2016-05-25,2,6,2025-11-24 02:06:42,mysql_database,1.0,False,Non local
235,236,206,4,2016-05-25,2016-05-27,2016-05-26,2,6,2025-11-24 02:06:42,mysql_database,1.0,False,Non local
236,237,1351,4,2016-05-25,2016-05-26,2016-05-27,2,7,2025-11-24 02:06:42,mysql_database,2.0,True,Non local
237,238,1350,4,2016-05-26,2016-05-29,2016-05-29,2,6,2025-11-24 02:06:42,mysql_database,3.0,False,Non local
238,239,13,3,2016-05-27,2016-05-27,,3,9,2025-11-24 02:06:42,mysql_database,,False,Non local
239,240,65,4,2016-05-27,2016-05-29,2016-05-30,2,6,2025-11-24 02:06:42,mysql_database,3.0,True,Non local
240,241,1082,4,2016-05-27,2016-05-29,2016-05-29,2,7,2025-11-24 02:06:42,mysql_database,2.0,False,Non local
241,242,1168,4,2016-05-27,2016-05-30,2016-05-30,2,7,2025-11-24 02:06:42,mysql_database,3.0,False,Non local
242,243,802,4,2016-05-27,2016-05-30,2016-05-28,3,8,2025-11-24 02:06:42,mysql_database,1.0,False,Non local
243,244,956,4,2016-05-28,2016-05-29,2016-05-29,2,6,2025-11-24 02:06:42,mysql_database,1.0,False,Non local
244,245,223,4,2016-05-29,2016-05-31,2016-05-30,2,7,2025-11-24 02:06:42,mysql_database,1.0,False,Non local
245,246,17,3,2016-05-30,2016-05-30,,2,6,2025-11-24 02:06:42,mysql_database,,False,Non local
246,247,928,4,2016-05-30,2016-06-01,2016-06-01,1,3,2025-11-24 02:06:42,mysql_database,2.0,False,Non local
247,248,1376,4,2016-05-30,2016-06-01,2016-05-31,2,7,2025-11-24 02:06:42,mysql_database,1.0,False,Non local
248,249,145,4,2016-06-01,2016-06-04,2016-06-04,2,6,2025-11-24 02:06:42,mysql_database,3.0,False,Non local
249,250,150,4,2016-06-01,2016-06-02,2016-06-04,2,7,2025-11-24 02:06:42,mysql_database,3.0,True,Non local
250,251,851,4,2016-06-01,2016-06-04,2016-06-04,2,7,2025-11-24 02:06:42,mysql_database,3.0,False,Non local
251,252,66,4,2016-06-01,2016-06-04,2016-06-02,3,8,2025-11-24 02:06:42,mysql_database,1.0,False,Non local
252,253,1267,4,2016-06-02,2016-06-05,2016-06-05,2,6,2025-11-24 02:06:42,mysql_database,3.0,False,Non local
253,254,510,4,2016-06-03,2016-06-06,2016-06-05,2,7,2025-11-24 02:06:42,mysql_database,2.0,False,Non local
254,255,801,4,2016-06-03,2016-06-06,2016-06-05,2,7,2025-11-24 02:06:42,mysql_database,2.0,False,Non local
255,256,26,4,2016-06-04,2016-06-05,2016-06-07,2,7,2025-11-24 02:06:42,mysql_database,3.0,True,Non local
256,257,1314,4,2016-06-05,2016-06-06,2016-06-08,1,3,2025-11-24 02:06:42,mysql_database,3.0,True,Non local
257,258,107,4,2016-06-06,2016-06-07,2016-06-07,2,7,2025-11-24 02:06:42,mysql_database,1.0,False,Non local
258,259,413,4,2016-06-06,2016-06-09,2016-06-09,2,7,2025-11-24 02:06:42,mysql_database,3.0,False,local
259,260,632,4,2016-06-06,2016-06-08,2016-06-08,2,6,2025-11-24 02:06:42,mysql_database,2.0,False,Non local
260,261,1045,4,2016-06-08,2016-06-10,2016-06-09,1,2,2025-11-24 02:06:42,mysql_database,1.0,False,Non local
261,262,579,4,2016-06-08,2016-06-11,2016-06-10,3,9,2025-11-24 02:06:42,mysql_database,2.0,False,Non local
262,263,1322,4,2016-06-09,2016-06-10,2016-06-12,2,6,2025-11-24 02:06:42,mysql_database,3.0,True,Non local
263,264,5,3,2016-06-10,2016-06-10,,1,3,2025-11-24 02:06:42,mysql_database,,False,Non local
264,265,682,4,2016-06-10,2016-06-12,2016-06-11,2,7,2025-11-24 02:06:42,mysql_database,1.0,False,Non local
265,266,933,4,2016-06-10,2016-06-13,2016-06-13,2,7,2025-11-24 02:06:42,mysql_database,3.0,False,Non local
266,267,282,4,2016-06-11,2016-06-14,2016-06-14,1,3,2025-11-24 02:06:42,mysql_database,3.0,False,Non local
267,268,540,4,2016-06-11,2016-06-14,2016-06-12,1,3,2025-11-24 02:06:42,mysql_database,1.0,False,Non local
268,269,764,4,2016-06-12,2016-06-13,2016-06-15,2,6,2025-11-24 02:06:42,mysql_database,3.0,True,Non local
269,270,879,4,2016-06-12,2016-06-15,2016-06-13,2,7,2025-11-24 02:06:42,mysql_database,1.0,False,Non local
270,271,350,4,2016-06-13,2016-06-16,2016-06-14,2,7,2025-11-24 02:06:42,mysql_database,1.0,False,Non local
271,272,497,4,2016-06-15,2016-06-18,2016-06-16,2,7,2025-11-24 02:06:42,mysql_database,1.0,False,Non local
272,273,1340,4,2016-06-16,2016-06-19,2016-06-17,2,7,2025-11-24 02:06:42,mysql_database,1.0,False,Non local
273,274,411,4,2016-06-17,2016-06-20,2016-06-18,2,7,2025-11-24 02:06:42,mysql_database,1.0,False,Non local
274,275,1341,4,2016-06-17,2016-06-19,2016-06-18,2,7,2025-11-24 02:06:42,mysql_database,1.0,False,Non local
275,276,1227,4,2016-06-18,2016-06-19,2016-06-19,2,6,2025-11-24 02:06:42,mysql_database,1.0,False,Non local
276,277,546,4,2016-06-19,2016-06-20,2016-06-20,2,7,2025-11-24 02:06:42,mysql_database,1.0,False,Non local
277,278,1301,4,2016-06-20,2016-06-23,2016-06-21,1,3,2025-11-24 02:06:42,mysql_database,1.0,False,Non local
278,279,378,4,2016-06-21,2016-06-22,2016-06-22,2,6,2025-11-24 02:06:42,mysql_database,1.0,False,Non local
279,280,638,4,2016-06-21,2016-06-22,2016-06-23,2,7,2025-11-24 02:06:42,mysql_database,2.0,True,Non local
280,281,800,4,2016-06-21,2016-06-22,2016-06-23,2,7,2025-11-24 02:06:42,mysql_database,2.0,True,Non local
281,282,159,4,2016-06-22,2016-06-25,2016-06-25,3,9,2025-11-24 02:06:42,mysql_database,3.0,False,Non local
282,283,181,4,2016-06-23,2016-06-26,2016-06-26,1,2,2025-11-24 02:06:42,mysql_database,3.0,False,Non local
283,284,1356,4,2016-06-23,2016-06-25,2016-06-25,2,7,2025-11-24 02:06:42,mysql_database,2.0,False,Non local
284,285,319,4,2016-06-25,2016-06-26,2016-06-27,1,2,2025-11-24 02:06:42,mysql_database,2.0,True,Non local
285,286,59,4,2016-06-25,2016-06-26,2016-06-26,2,6,2025-11-24 02:06:42,mysql_database,1.0,False,Non local
286,287,133,4,2016-06-25,2016-06-26,2016-06-27,2,6,2025-11-24 02:06:42,mysql_database,2.0,True,Non local
287,288,780,4,2016-06-25,2016-06-28,2016-06-28,2,6,2025-11-24 02:06:42,mysql_database,3.0,False,Non local
288,289,849,4,2016-06-27,2016-06-28,2016-06-30,2,6,2025-11-24 02:06:42,mysql_database,3.0,True,Non local
289,290,202,4,2016-06-28,2016-06-29,2016-06-30,2,6,2025-11-24 02:06:42,mysql_database,2.0,True,Non local
290,291,158,4,2016-06-29,2016-06-30,2016-07-01,2,6,2025-11-24 02:06:42,mysql_database,2.0,True,Non local
291,292,360,4,2016-06-29,2016-06-30,2016-07-02,3,9,2025-11-24 02:06:42,mysql_database,3.0,True,Non local
292,293,573,4,2016-06-30,2016-07-03,2016-07-02,2,7,2025-11-24 02:06:42,mysql_database,2.0,False,Non local
293,294,732,4,2016-07-01,2016-07-02,2016-07-02,2,7,2025-11-24 02:06:42,mysql_database,1.0,False,Non local
294,295,1130,4,2016-07-01,2016-07-04,2016-07-04,2,7,2025-11-24 02:06:42,mysql_database,3.0,False,Non local
295,296,1245,4,2016-07-04,2016-07-07,2016-07-06,2,6,2025-11-24 02:06:42,mysql_database,2.0,False,Non local
296,297,1425,4,2016-07-04,2016-07-05,2016-07-06,2,7,2025-11-24 02:06:42,mysql_database,2.0,True,Non local
297,298,885,4,2016-07-04,2016-07-07,2016-07-07,3,9,2025-11-24 02:06:42,mysql_database,3.0,False,Non local
298,299,281,4,2016-07-05,2016-07-06,2016-07-07,2,6,2025-11-24 02:06:42,mysql_database,2.0,True,Non local
299,300,1205,4,2016-07-05,2016-07-08,2016-07-08,2,6,2025-11-24 02:06:42,mysql_database,3.0,False,Non local
300,301,17,4,2016-07-06,2016-07-09,2016-07-08,2,6,2025-11-24 02:06:42,mysql_database,2.0,False,Non local
301,302,1375,4,2016-07-06,2016-07-07,2016-07-09,2,6,2025-11-24 02:06:42,mysql_database,3.0,True,Non local
302,303,36,4,2016-07-07,2016-07-08,2016-07-09,2,7,2025-11-24 02:06:42,mysql_database,2.0,True,Non local
303,304,230,4,2016-07-07,2016-07-08,2016-07-08,2,6,2025-11-24 02:06:42,mysql_database,1.0,False,Non local
304,305,705,4,2016-07-07,2016-07-08,2016-07-08,2,7,2025-11-24 02:06:42,mysql_database,1.0,False,Non local
305,306,424,4,2016-07-09,2016-07-10,2016-07-12,2,7,2025-11-24 02:06:42,mysql_database,3.0,True,Non local
306,307,695,4,2016-07-09,2016-07-11,2016-07-11,2,6,2025-11-24 02:06:42,mysql_database,2.0,False,Non local
307,308,156,4,2016-07-11,2016-07-12,2016-07-14,2,6,2025-11-24 02:06:42,mysql_database,3.0,True,Non local
308,309,211,4,2016-07-11,2016-07-13,2016-07-13,2,6,2025-11-24 02:06:42,mysql_database,2.0,False,Non local
309,310,627,4,2016-07-12,2016-07-13,2016-07-13,1,2,2025-11-24 02:06:42,mysql_database,1.0,False,Non local
310,311,1400,4,2016-07-12,2016-07-14,2016-07-13,2,6,2025-11-24 02:06:42,mysql_database,1.0,False,Non local
311,312,299,4,2016-07-13,2016-07-15,2016-07-16,2,6,2025-11-24 02:06:42,mysql_database,3.0,True,Non local
312,313,565,4,2016-07-14,2016-07-15,2016-07-15,3,9,2025-11-24 02:06:42,mysql_database,1.0,False,Non local
313,314,1019,4,2016-07-15,2016-07-17,2016-07-17,2,7,2025-11-24 02:06:42,mysql_database,2.0,False,Non local
314,315,1263,4,2016-07-16,2016-07-19,2016-07-17,2,6,2025-11-24 02:06:42,mysql_database,1.0,False,Non local
315,316,670,4,2016-07-17,2016-07-20,2016-07-19,2,7,2025-11-24 02:06:42,mysql_database,2.0,False,Non local
316,317,795,4,2016-07-17,2016-07-20,2016-07-19,2,7,2025-11-24 02:06:42,mysql_database,2.0,False,Non local
317,318,1141,4,2016-07-17,2016-07-19,2016-07-20,2,7,2025-11-24 02:06:42,mysql_database,3.0,True,Non local
318,319,941,4,2016-07-18,2016-07-21,2016-07-21,2,6,2025-11-24 02:06:42,mysql_database,3.0,False,Non local
319,320,1428,4,2016-07-19,2016-07-20,2016-07-21,1,2,2025-11-24 02:06:42,mysql_database,2.0,True,local
320,321,568,4,2016-07-19,2016-07-22,2016-07-21,2,6,2025-11-24 02:06:42,mysql_database,2.0,False,Non local
321,322,924,4,2016-07-19,2016-07-22,2016-07-20,2,6,2025-11-24 02:06:42,mysql_database,1.0,False,Non local
322,323,1243,4,2016-07-19,2016-07-22,2016-07-21,2,6,2025-11-24 02:06:42,mysql_database,2.0,False,Non local
323,324,480,4,2016-07-20,2016-07-22,2016-07-23,2,6,2025-11-24 02:06:42,mysql_database,3.0,True,Non local
324,325,848,4,2016-07-20,2016-07-21,2016-07-21,2,6,2025-11-24 02:06:42,mysql_database,1.0,False,Non local
325,326,1337,4,2016-07-20,2016-07-21,2016-07-22,3,9,2025-11-24 02:06:42,mysql_database,2.0,True,Non local
326,327,83,4,2016-07-21,2016-07-24,2016-07-22,2,6,2025-11-24 02:06:42,mysql_database,1.0,False,Non local
327,328,528,4,2016-07-23,2016-07-26,2016-07-25,2,6,2025-11-24 02:06:42,mysql_database,2.0,False,Non local
328,329,274,4,2016-07-24,2016-07-27,2016-07-26,2,6,2025-11-24 02:06:42,mysql_database,2.0,False,Non local
329,330,622,4,2016-07-24,2016-07-27,2016-07-27,2,6,2025-11-24 02:06:42,mysql_database,3.0,False,Non local
330,331,642,4,2016-07-24,2016-07-26,2016-07-25,2,6,2025-11-24 02:06:42,mysql_database,1.0,False,Non local
331,332,659,4,2016-07-24,2016-07-26,2016-07-26,2,7,2025-11-24 02:06:42,mysql_database,2.0,False,Non local
332,333,779,4,2016-07-25,2016-07-27,2016-07-26,2,6,2025-11-24 02:06:42,mysql_database,1.0,False,Non local
333,334,1112,4,2016-07-25,2016-07-28,2016-07-27,2,7,2025-11-24 02:06:42,mysql_database,2.0,False,Non local
334,335,1193,4,2016-07-25,2016-07-27,2016-07-26,2,6,2025-11-24 02:06:42,mysql_database,1.0,False,Non local
335,336,1030,4,2016-07-26,2016-07-29,2016-07-27,2,7,2025-11-24 02:06:42,mysql_database,1.0,False,Non local
336,337,1252,4,2016-07-26,2016-07-27,2016-07-28,2,7,2025-11-24 02:06:42,mysql_database,2.0,True,Non local
337,338,1333,4,2016-07-28,2016-07-29,2016-07-30,1,3,2025-11-24 02:06:42,mysql_database,2.0,True,Non local
338,339,1110,4,2016-07-28,2016-07-31,2016-07-29,2,7,2025-11-24 02:06:42,mysql_database,1.0,False,Non local
339,340,963,4,2016-07-29,2016-07-30,2016-07-31,2,7,2025-11-24 02:06:42,mysql_database,2.0,True,Non local
340,341,1357,4,2016-07-31,2016-08-03,2016-08-01,1,3,2025-11-24 02:06:42,mysql_database,1.0,False,Non local
341,342,806,4,2016-07-31,2016-08-01,2016-08-03,2,7,2025-11-24 02:06:42,mysql_database,3.0,True,Non local
342,343,961,4,2016-07-31,2016-08-02,2016-08-01,2,7,2025-11-24 02:06:42,mysql_database,1.0,False,Non local
343,344,750,4,2016-08-01,2016-08-03,2016-08-02,2,6,2025-11-24 02:06:42,mysql_database,1.0,False,Non local
344,345,1299,4,2016-08-01,2016-08-04,2016-08-03,2,6,2025-11-24 02:06:42,mysql_database,2.0,False,Non local
345,346,584,4,2016-08-01,2016-08-03,2016-08-02,3,9,2025-11-24 02:06:42,mysql_database,1.0,False,Non local
346,347,1004,4,2016-08-02,2016-08-03,2016-08-05,2,6,2025-11-24 02:06:42,mysql_database,3.0,True,Non local
347,348,907,4,2016-08-02,2016-08-05,2016-08-04,3,9,2025-11-24 02:06:42,mysql_database,2.0,False,Non local
348,349,30,3,2016-08-03,2016-08-03,,1,3,2025-11-24 02:06:42,mysql_database,,False,Non local
349,350,31,3,2016-08-03,2016-08-03,,1,3,2025-11-24 02:06:42,mysql_database,,False,Non local
350,351,1307,4,2016-08-03,2016-08-06,2016-08-04,1,2,2025-11-24 02:06:42,mysql_database,1.0,False,Non local
351,352,16,4,2016-08-03,2016-08-04,2016-08-06,2,7,2025-11-24 02:06:42,mysql_database,3.0,True,Non local
352,353,1387,4,2016-08-03,2016-08-06,2016-08-06,2,7,2025-11-24 02:06:42,mysql_database,3.0,False,Non local
353,354,551,4,2016-08-03,2016-08-05,2016-08-06,3,8,2025-11-24 02:06:42,mysql_database,3.0,True,Non local
354,355,1011,4,2016-08-03,2016-08-05,2016-08-05,3,8,2025-11-24 02:06:42,mysql_database,2.0,False,Non local
355,356,1189,4,2016-08-04,2016-08-07,2016-08-06,2,6,2025-11-24 02:06:42,mysql_database,2.0,False,Non local
356,357,14,3,2016-08-05,2016-08-05,,3,8,2025-11-24 02:06:42,mysql_database,,False,Non local
357,358,1042,4,2016-08-05,2016-08-07,2016-08-07,2,7,2025-11-24 02:06:42,mysql_database,2.0,False,Non local
358,359,441,4,2016-08-07,2016-08-10,2016-08-10,2,7,2025-11-24 02:06:42,mysql_database,3.0,False,Non local
359,360,1300,4,2016-08-07,2016-08-09,2016-08-10,2,6,2025-11-24 02:06:42,mysql_database,3.0,True,Non local
360,361,994,4,2016-08-08,2016-08-09,2016-08-11,2,6,2025-11-24 02:06:42,mysql_database,3.0,True,Non local
361,362,187,4,2016-08-09,2016-08-11,2016-08-11,1,2,2025-11-24 02:06:42,mysql_database,2.0,False,Non local
362,363,834,4,2016-08-11,2016-08-12,2016-08-13,3,8,2025-11-24 02:06:42,mysql_database,2.0,True,Non local
363,364,373,4,2016-08-12,2016-08-14,2016-08-13,2,6,2025-11-24 02:06:42,mysql_database,1.0,False,Non local
364,365,981,4,2016-08-13,2016-08-14,2016-08-15,2,6,2025-11-24 02:06:42,mysql_database,2.0,True,Non local
365,366,1054,4,2016-08-13,2016-08-14,2016-08-14,3,9,2025-11-24 02:06:42,mysql_database,1.0,False,Non local
366,367,527,4,2016-08-14,2016-08-15,2016-08-15,2,7,2025-11-24 02:06:42,mysql_database,1.0,False,Non local
367,368,995,4,2016-08-14,2016-08-15,2016-08-17,2,7,2025-11-24 02:06:42,mysql_database,3.0,True,Non local
368,369,1285,4,2016-08-15,2016-08-18,2016-08-18,1,3,2025-11-24 02:06:42,mysql_database,3.0,False,Non local
369,370,758,4,2016-08-15,2016-08-18,2016-08-18,2,7,2025-11-24 02:06:42,mysql_database,3.0,False,Non local
370,371,891,4,2016-08-15,2016-08-16,2016-08-18,2,7,2025-11-24 02:06:42,mysql_database,3.0,True,Non local
371,372,132,4,2016-08-16,2016-08-18,2016-08-18,2,6,2025-11-24 02:06:42,mysql_database,2.0,False,Non local
372,373,337,4,2016-08-16,2016-08-19,2016-08-17,2,7,2025-11-24 02:06:42,mysql_database,1.0,False,Non local
373,374,1313,4,2016-08-17,2016-08-19,2016-08-18,1,2,2025-11-24 02:06:42,mysql_database,1.0,False,Non local
374,375,536,4,2016-08-17,2016-08-20,2016-08-20,2,7,2025-11-24 02:06:42,mysql_database,3.0,False,Non local
375,376,825,4,2016-08-17,2016-08-19,2016-08-18,2,6,2025-11-24 02:06:42,mysql_database,1.0,False,Non local
376,377,1355,4,2016-08-17,2016-08-19,2016-08-20,2,6,2025-11-24 02:06:42,mysql_database,3.0,True,Non local
377,378,475,4,2016-08-17,2016-08-20,2016-08-20,3,9,2025-11-24 02:06:42,mysql_database,3.0,False,Non local
378,379,954,4,2016-08-18,2016-08-21,2016-08-21,2,7,2025-11-24 02:06:42,mysql_database,3.0,False,Non local
379,380,1156,4,2016-08-19,2016-08-20,2016-08-21,2,7,2025-11-24 02:06:42,mysql_database,2.0,True,Non local
380,381,1297,4,2016-08-19,2016-08-21,2016-08-21,2,7,2025-11-24 02:06:42,mysql_database,2.0,False,Non local
381,382,199,4,2016-08-20,2016-08-23,2016-08-23,2,6,2025-11-24 02:06:42,mysql_database,3.0,False,Non local
382,383,331,4,2016-08-20,2016-08-23,2016-08-22,2,7,2025-11-24 02:06:42,mysql_database,2.0,False,Non local
383,384,410,4,2016-08-20,2016-08-22,2016-08-23,2,7,2025-11-24 02:06:42,mysql_database,3.0,True,Non local
384,385,1274,4,2016-08-20,2016-08-23,2016-08-22,2,7,2025-11-24 02:06:42,mysql_database,2.0,False,Non local
385,386,1362,4,2016-08-20,2016-08-23,2016-08-23,2,6,2025-11-24 02:06:42,mysql_database,3.0,False,Non local
386,387,451,4,2016-08-20,2016-08-21,2016-08-21,3,8,2025-11-24 02:06:42,mysql_database,1.0,False,local
387,388,1080,4,2016-08-21,2016-08-24,2016-08-23,3,8,2025-11-24 02:06:42,mysql_database,2.0,False,Non local
388,389,53,4,2016-08-22,2016-08-24,2016-08-25,1,3,2025-11-24 02:06:42,mysql_database,3.0,True,Non local
389,390,576,4,2016-08-22,2016-08-24,2016-08-25,3,9,2025-11-24 02:06:42,mysql_database,3.0,True,Non local
390,391,61,3,2016-08-23,2016-08-23,,3,9,2025-11-24 02:06:42,mysql_database,,False,Non local
391,392,176,4,2016-08-23,2016-08-26,2016-08-24,1,3,2025-11-24 02:06:42,mysql_database,1.0,False,Non local
392,393,368,4,2016-08-25,2016-08-26,2016-08-27,2,6,2025-11-24 02:06:42,mysql_database,2.0,True,Non local
393,394,522,4,2016-08-26,2016-08-28,2016-08-29,1,3,2025-11-24 02:06:42,mysql_database,3.0,True,Non local
394,395,144,4,2016-08-26,2016-08-27,2016-08-29,2,6,2025-11-24 02:06:42,mysql_database,3.0,True,Non local
395,396,542,4,2016-08-27,2016-08-30,2016-08-29,2,6,2025-11-24 02:06:42,mysql_database,2.0,False,Non local
396,397,1437,4,2016-08-28,2016-08-31,2016-08-29,2,7,2025-11-24 02:06:42,mysql_database,1.0,False,Non local
397,398,447,4,2016-08-29,2016-08-30,2016-09-01,1,2,2025-11-24 02:06:42,mysql_database,3.0,True,Non local
398,399,1001,4,2016-08-29,2016-09-01,2016-09-01,2,7,2025-11-24 02:06:42,mysql_database,3.0,False,Non local
399,400,1295,4,2016-08-29,2016-08-30,2016-08-31,2,6,2025-11-24 02:06:42,mysql_database,2.0,True,Non local
400,401,103,4,2016-08-30,2016-09-02,2016-09-01,2,6,2025-11-24 02:06:42,mysql_database,2.0,False,Non local
401,402,1335,4,2016-08-30,2016-09-01,2016-08-31,2,6,2025-11-24 02:06:42,mysql_database,1.0,False,Non local
402,403,578,4,2016-08-31,2016-09-01,2016-09-02,1,3,2025-11-24 02:06:42,mysql_database,2.0,True,Non local
403,404,396,4,2016-08-31,2016-09-03,2016-09-01,2,7,2025-11-24 02:06:42,mysql_database,1.0,False,Non local
404,405,603,4,2016-08-31,2016-09-01,2016-09-01,2,6,2025-11-24 02:06:42,mysql_database,1.0,False,Non local
405,406,1380,4,2016-08-31,2016-09-02,2016-09-01,2,7,2025-11-24 02:06:42,mysql_database,1.0,False,Non local
406,407,77,3,2016-09-01,2016-09-01,,3,8,2025-11-24 02:06:42,mysql_database,,False,Non local
407,408,1071,4,2016-09-01,2016-09-02,2016-09-02,1,2,2025-11-24 02:06:42,mysql_database,1.0,False,Non local
408,409,416,4,2016-09-01,2016-09-04,2016-09-04,2,7,2025-11-24 02:06:42,mysql_database,3.0,False,Non local
409,410,1151,4,2016-09-01,2016-09-03,2016-09-02,2,6,2025-11-24 02:06:42,mysql_database,1.0,False,Non local
410,411,261,4,2016-09-02,2016-09-04,2016-09-04,1,3,2025-11-24 02:06:42,mysql_database,2.0,False,Non local
411,412,1202,4,2016-09-02,2016-09-04,2016-09-04,1,3,2025-11-24 02:06:42,mysql_database,2.0,False,Non local
412,413,717,4,2016-09-02,2016-09-05,2016-09-03,2,6,2025-11-24 02:06:42,mysql_database,1.0,False,Non local
413,414,917,4,2016-09-03,2016-09-06,2016-09-06,2,7,2025-11-24 02:06:42,mysql_database,3.0,False,Non local
414,415,1265,4,2016-09-03,2016-09-06,2016-09-06,2,7,2025-11-24 02:06:42,mysql_database,3.0,False,Non local
415,416,1377,4,2016-09-03,2016-09-04,2016-09-06,2,7,2025-11-24 02:06:42,mysql_database,3.0,True,Non local
416,417,359,4,2016-09-04,2016-09-05,2016-09-06,1,3,2025-11-24 02:06:42,mysql_database,2.0,True,Non local
417,418,88,4,2016-09-04,2016-09-05,2016-09-05,2,6,2025-11-24 02:06:42,mysql_database,1.0,False,Non local
418,419,14,4,2016-09-04,2016-09-07,2016-09-06,3,8,2025-11-24 02:06:42,mysql_database,2.0,False,Non local
419,420,72,4,2016-09-05,2016-09-06,2016-09-07,1,3,2025-11-24 02:06:42,mysql_database,2.0,True,Non local
420,421,240,4,2016-09-05,2016-09-06,2016-09-08,1,3,2025-11-24 02:06:42,mysql_database,3.0,True,Non local
421,422,398,4,2016-09-06,2016-09-07,2016-09-09,2,6,2025-11-24 02:06:42,mysql_database,3.0,True,Non local
422,423,1397,4,2016-09-06,2016-09-09,2016-09-09,2,7,2025-11-24 02:06:42,mysql_database,3.0,False,Non local
423,424,67,4,2016-09-08,2016-09-11,2016-09-11,1,3,2025-11-24 02:06:42,mysql_database,3.0,False,Non local
424,425,843,4,2016-09-08,2016-09-11,2016-09-11,2,6,2025-11-24 02:06:42,mysql_database,3.0,False,Non local
425,426,944,4,2016-09-08,2016-09-10,2016-09-10,2,6,2025-11-24 02:06:42,mysql_database,2.0,False,Non local
426,427,434,4,2016-09-09,2016-09-10,2016-09-11,1,2,2025-11-24 02:06:42,mysql_database,2.0,True,Non local
427,428,1039,4,2016-09-09,2016-09-12,2016-09-10,2,6,2025-11-24 02:06:42,mysql_database,1.0,False,Non local
428,429,153,4,2016-09-10,2016-09-12,2016-09-12,3,8,2025-11-24 02:06:42,mysql_database,2.0,False,Non local
429,430,272,4,2016-09-11,2016-09-13,2016-09-12,2,6,2025-11-24 02:06:42,mysql_database,1.0,False,Non local
430,431,1217,4,2016-09-11,2016-09-12,2016-09-12,2,6,2025-11-24 02:06:42,mysql_database,1.0,False,Non local
431,432,169,4,2016-09-12,2016-09-15,2016-09-14,1,2,2025-11-24 02:06:42,mysql_database,2.0,False,Non local
432,433,1062,4,2016-09-12,2016-09-15,2016-09-13,2,6,2025-11-24 02:06:42,mysql_database,1.0,False,Non local
433,434,726,4,2016-09-13,2016-09-15,2016-09-14,2,6,2025-11-24 02:06:42,mysql_database,1.0,False,Non local
434,435,77,4,2016-09-14,2016-09-15,2016-09-16,3,9,2025-11-24 02:06:42,mysql_database,2.0,True,Non local
435,436,791,4,2016-09-16,2016-09-19,2016-09-19,2,7,2025-11-24 02:06:42,mysql_database,3.0,False,Non local
436,437,1085,4,2016-09-16,2016-09-18,2016-09-18,2,7,2025-11-24 02:06:42,mysql_database,2.0,False,Non local
437,438,314,4,2016-09-16,2016-09-19,2016-09-18,3,8,2025-11-24 02:06:42,mysql_database,2.0,False,local
438,439,149,4,2016-09-17,2016-09-20,2016-09-18,2,6,2025-11-24 02:06:42,mysql_database,1.0,False,Non local
439,440,882,4,2016-09-17,2016-09-18,2016-09-19,2,7,2025-11-24 02:06:42,mysql_database,2.0,True,Non local
440,441,704,4,2016-09-18,2016-09-19,2016-09-19,1,2,2025-11-24 02:06:42,mysql_database,1.0,False,Non local
441,442,667,4,2016-09-18,2016-09-21,2016-09-21,2,7,2025-11-24 02:06:42,mysql_database,3.0,False,Non local
442,443,1371,4,2016-09-18,2016-09-19,2016-09-20,2,6,2025-11-24 02:06:42,mysql_database,2.0,True,Non local
443,444,30,4,2016-09-19,2016-09-20,2016-09-21,1,2,2025-11-24 02:06:42,mysql_database,2.0,True,Non local
444,445,362,4,2016-09-19,2016-09-22,2016-09-22,2,6,2025-11-24 02:06:42,mysql_database,3.0,False,Non local
445,446,399,4,2016-09-19,2016-09-21,2016-09-20,2,7,2025-11-24 02:06:42,mysql_database,1.0,False,Non local
446,447,808,4,2016-09-20,2016-09-23,2016-09-22,3,8,2025-11-24 02:06:42,mysql_database,2.0,False,local
447,448,101,4,2016-09-21,2016-09-22,2016-09-24,2,6,2025-11-24 02:06:42,mysql_database,3.0,True,Non local
448,449,492,4,2016-09-21,2016-09-24,2016-09-22,2,7,2025-11-24 02:06:42,mysql_database,1.0,False,Non local
449,450,575,4,2016-09-21,2016-09-24,2016-09-23,2,7,2025-11-24 02:06:42,mysql_database,2.0,False,Non local
450,451,1146,4,2016-09-21,2016-09-23,2016-09-22,2,7,2025-11-24 02:06:42,mysql_database,1.0,False,Non local
451,452,997,4,2016-09-22,2016-09-23,2016-09-24,2,7,2025-11-24 02:06:42,mysql_database,2.0,True,local
452,453,1028,4,2016-09-22,2016-09-24,2016-09-25,2,7,2025-11-24 02:06:42,mysql_database,3.0,True,Non local
453,454,988,4,2016-09-23,2016-09-25,2016-09-26,2,6,2025-11-24 02:06:42,mysql_database,3.0,True,Non local
454,455,1055,4,2016-09-23,2016-09-24,2016-09-24,2,7,2025-11-24 02:06:42,mysql_database,1.0,False,Non local
455,456,1061,4,2016-09-23,2016-09-26,2016-09-25,3,9,2025-11-24 02:06:42,mysql_database,2.0,False,Non local
456,457,1349,4,2016-09-24,2016-09-27,2016-09-27,1,3,2025-11-24 02:06:42,mysql_database,3.0,False,Non local
457,458,197,4,2016-09-25,2016-09-28,2016-09-26,2,6,2025-11-24 02:06:42,mysql_database,1.0,False,Non local
458,459,874,4,2016-09-25,2016-09-28,2016-09-26,2,6,2025-11-24 02:06:42,mysql_database,1.0,False,Non local
459,460,691,4,2016-09-25,2016-09-27,2016-09-26,3,8,2025-11-24 02:06:42,mysql_database,1.0,False,Non local
460,461,853,4,2016-09-26,2016-09-27,2016-09-27,2,7,2025-11-24 02:06:42,mysql_database,1.0,False,Non local
461,462,852,4,2016-09-27,2016-09-28,2016-09-29,2,6,2025-11-24 02:06:42,mysql_database,2.0,True,Non local
462,463,964,4,2016-09-27,2016-09-28,2016-09-28,3,8,2025-11-24 02:06:42,mysql_database,1.0,False,Non local
463,464,74,4,2016-09-28,2016-09-30,2016-09-29,2,7,2025-11-24 02:06:42,mysql_database,1.0,False,Non local
464,465,1198,4,2016-09-28,2016-10-01,2016-10-01,2,6,2025-11-24 02:06:42,mysql_database,3.0,False,Non local
465,466,1440,4,2016-09-28,2016-09-29,2016-10-01,2,7,2025-11-24 02:06:42,mysql_database,3.0,True,Non local
466,467,555,4,2016-09-28,2016-09-30,2016-09-30,3,8,2025-11-24 02:06:42,mysql_database,2.0,False,Non local
467,468,1261,4,2016-09-29,2016-10-02,2016-09-30,1,3,2025-11-24 02:06:42,mysql_database,1.0,False,Non local
468,469,1089,4,2016-09-29,2016-10-02,2016-10-02,2,7,2025-11-24 02:06:42,mysql_database,3.0,False,Non local
469,470,641,4,2016-09-30,2016-10-02,2016-10-02,1,3,2025-11-24 02:06:42,mysql_database,2.0,False,Non local
470,471,697,4,2016-09-30,2016-10-02,2016-10-01,1,3,2025-11-24 02:06:42,mysql_database,1.0,False,Non local
471,472,468,4,2016-09-30,2016-10-01,2016-10-01,2,7,2025-11-24 02:06:42,mysql_database,1.0,False,Non local
472,473,549,4,2016-09-30,2016-10-02,2016-10-03,2,7,2025-11-24 02:06:42,mysql_database,3.0,True,Non local
473,474,553,4,2016-10-01,2016-10-04,2016-10-04,1,3,2025-11-24 02:06:42,mysql_database,3.0,False,Non local
474,475,241,4,2016-10-01,2016-10-04,2016-10-03,2,7,2025-11-24 02:06:42,mysql_database,2.0,False,Non local
475,476,559,4,2016-10-01,2016-10-04,2016-10-02,2,6,2025-11-24 02:06:42,mysql_database,1.0,False,Non local
476,477,449,4,2016-10-02,2016-10-05,2016-10-04,1,2,2025-11-24 02:06:42,mysql_database,2.0,False,Non local
477,478,304,4,2016-10-02,2016-10-05,2016-10-03,2,7,2025-11-24 02:06:42,mysql_database,1.0,False,Non local
478,479,984,4,2016-10-03,2016-10-04,2016-10-04,2,6,2025-11-24 02:06:42,mysql_database,1.0,False,Non local
479,480,686,4,2016-10-04,2016-10-07,2016-10-05,1,3,2025-11-24 02:06:42,mysql_database,1.0,False,Non local
480,481,481,4,2016-10-04,2016-10-07,2016-10-06,3,9,2025-11-24 02:06:42,mysql_database,2.0,False,Non local
481,482,513,4,2016-10-05,2016-10-06,2016-10-06,2,6,2025-11-24 02:06:42,mysql_database,1.0,False,Non local
482,483,703,4,2016-10-06,2016-10-07,2016-10-09,1,2,2025-11-24 02:06:42,mysql_database,3.0,True,Non local
483,484,421,4,2016-10-06,2016-10-09,2016-10-07,2,7,2025-11-24 02:06:42,mysql_database,1.0,False,Non local
484,485,465,4,2016-10-06,2016-10-08,2016-10-07,2,7,2025-11-24 02:06:42,mysql_database,1.0,False,Non local
485,486,709,4,2016-10-06,2016-10-08,2016-10-09,2,7,2025-11-24 02:06:42,mysql_database,3.0,True,Non local
486,487,827,4,2016-10-06,2016-10-09,2016-10-09,2,6,2025-11-24 02:06:42,mysql_database,3.0,False,Non local
487,488,921,4,2016-10-06,2016-10-09,2016-10-08,2,6,2025-11-24 02:06:42,mysql_database,2.0,False,Non local
488,489,899,4,2016-10-06,2016-10-08,2016-10-08,3,8,2025-11-24 02:06:42,mysql_database,2.0,False,Non local
489,490,876,4,2016-10-07,2016-10-10,2016-10-09,2,6,2025-11-24 02:06:42,mysql_database,2.0,False,Non local
490,491,1048,4,2016-10-08,2016-10-10,2016-10-11,1,2,2025-11-24 02:06:42,mysql_database,3.0,True,Non local
491,492,191,4,2016-10-09,2016-10-10,2016-10-12,1,2,2025-11-24 02:06:42,mysql_database,3.0,True,Non local
492,493,796,4,2016-10-09,2016-10-12,2016-10-11,1,3,2025-11-24 02:06:42,mysql_database,2.0,False,Non local
493,494,875,4,2016-10-09,2016-10-10,2016-10-11,2,6,2025-11-24 02:06:42,mysql_database,2.0,True,Non local
494,495,712,4,2016-10-10,2016-10-12,2016-10-13,1,3,2025-11-24 02:06:42,mysql_database,3.0,True,local
495,496,193,4,2016-10-10,2016-10-12,2016-10-11,2,6,2025-11-24 02:06:42,mysql_database,1.0,False,Non local
496,497,785,4,2016-10-10,2016-10-11,2016-10-11,2,6,2025-11-24 02:06:42,mysql_database,1.0,False,Non local
497,498,1331,4,2016-10-10,2016-10-12,2016-10-11,2,6,2025-11-24 02:06:42,mysql_database,1.0,False,Non local
498,499,260,4,2016-10-11,2016-10-14,2016-10-13,1,2,2025-11-24 02:06:42,mysql_database,2.0,False,Non local
499,500,148,4,2016-10-11,2016-10-12,2016-10-13,2,6,2025-11-24 02:06:42,mysql_database,2.0,True,Non local
500,501,977,4,2016-10-11,2016-10-12,2016-10-13,2,7,2025-11-24 02:06:42,mysql_database,2.0,True,Non local
501,502,401,4,2016-10-12,2016-10-13,2016-10-13,3,9,2025-11-24 02:06:42,mysql_database,1.0,False,Non local
502,503,932,4,2016-10-13,2016-10-16,2016-10-14,2,6,2025-11-24 02:06:42,mysql_database,1.0,False,Non local
503,504,1381,4,2016-10-14,2016-10-15,2016-10-15,1,2,2025-11-24 02:06:42,mysql_database,1.0,False,Non local
504,505,721,4,2016-10-14,2016-10-16,2016-10-17,2,6,2025-11-24 02:06:42,mysql_database,3.0,True,Non local
505,506,831,4,2016-10-14,2016-10-16,2016-10-16,2,6,2025-11-24 02:06:42,mysql_database,2.0,False,Non local
506,507,1378,4,2016-10-15,2016-10-17,2016-10-17,1,3,2025-11-24 02:06:42,mysql_database,2.0,False,Non local
507,508,1359,4,2016-10-15,2016-10-18,2016-10-18,2,6,2025-11-24 02:06:42,mysql_database,3.0,False,Non local
508,509,235,4,2016-10-16,2016-10-17,2016-10-17,2,7,2025-11-24 02:06:42,mysql_database,1.0,False,Non local
509,510,586,4,2016-10-17,2016-10-18,2016-10-18,2,7,2025-11-24 02:06:42,mysql_database,1.0,False,Non local
510,511,377,4,2016-10-18,2016-10-20,2016-10-19,2,7,2025-11-24 02:06:42,mysql_database,1.0,False,Non local
511,512,8,4,2016-10-19,2016-10-22,2016-10-20,2,7,2025-11-24 02:06:42,mysql_database,1.0,False,Non local
512,513,155,4,2016-10-19,2016-10-21,2016-10-21,2,6,2025-11-24 02:06:42,mysql_database,2.0,False,Non local
513,514,927,4,2016-10-19,2016-10-21,2016-10-20,2,7,2025-11-24 02:06:42,mysql_database,1.0,False,Non local
514,515,986,4,2016-10-19,2016-10-20,2016-10-22,2,6,2025-11-24 02:06:42,mysql_database,3.0,True,Non local
515,516,111,4,2016-10-21,2016-10-23,2016-10-24,2,6,2025-11-24 02:06:42,mysql_database,3.0,True,Non local
516,517,613,4,2016-10-21,2016-10-22,2016-10-24,2,6,2025-11-24 02:06:42,mysql_database,3.0,True,Non local
517,518,1374,4,2016-10-22,2016-10-24,2016-10-25,1,2,2025-11-24 02:06:42,mysql_database,3.0,True,Non local
518,519,54,4,2016-10-22,2016-10-23,2016-10-24,2,7,2025-11-24 02:06:42,mysql_database,2.0,True,Non local
519,520,639,4,2016-10-23,2016-10-26,2016-10-24,2,7,2025-11-24 02:06:42,mysql_database,1.0,False,Non local
520,521,664,4,2016-10-23,2016-10-25,2016-10-25,2,6,2025-11-24 02:06:42,mysql_database,2.0,False,Non local
521,522,724,4,2016-10-23,2016-10-24,2016-10-24,2,7,2025-11-24 02:06:42,mysql_database,1.0,False,Non local
522,523,1056,4,2016-10-24,2016-10-26,2016-10-27,2,6,2025-11-24 02:06:42,mysql_database,3.0,True,Non local
523,524,569,4,2016-10-25,2016-10-26,2016-10-27,1,2,2025-11-24 02:06:42,mysql_database,2.0,True,Non local
524,525,1315,4,2016-10-26,2016-10-28,2016-10-29,1,3,2025-11-24 02:06:42,mysql_database,3.0,True,Non local
525,526,1096,4,2016-10-26,2016-10-28,2016-10-28,2,6,2025-11-24 02:06:42,mysql_database,2.0,False,Non local
526,527,506,4,2016-10-27,2016-10-29,2016-10-28,1,2,2025-11-24 02:06:42,mysql_database,1.0,False,Non local
527,528,676,4,2016-10-28,2016-10-31,2016-10-31,2,7,2025-11-24 02:06:42,mysql_database,3.0,False,Non local
528,529,753,4,2016-10-28,2016-10-30,2016-10-31,2,7,2025-11-24 02:06:42,mysql_database,3.0,True,Non local
529,530,773,4,2016-10-28,2016-10-31,2016-10-31,2,6,2025-11-24 02:06:42,mysql_database,3.0,False,Non local
530,531,116,4,2016-10-28,2016-10-29,2016-10-30,3,8,2025-11-24 02:06:42,mysql_database,2.0,True,Non local
531,532,817,4,2016-10-29,2016-10-31,2016-10-30,2,7,2025-11-24 02:06:42,mysql_database,1.0,False,Non local
532,533,1334,4,2016-10-29,2016-11-01,2016-11-01,2,6,2025-11-24 02:06:42,mysql_database,3.0,False,Non local
533,534,1406,4,2016-10-29,2016-10-30,2016-10-31,2,7,2025-11-24 02:06:42,mysql_database,2.0,True,Non local
534,535,835,4,2016-10-29,2016-10-31,2016-11-01,3,9,2025-11-24 02:06:42,mysql_database,3.0,True,Non local
535,536,759,4,2016-10-31,2016-11-02,2016-11-01,1,3,2025-11-24 02:06:42,mysql_database,1.0,False,Non local
536,537,1353,4,2016-10-31,2016-11-01,2016-11-03,1,2,2025-11-24 02:06:42,mysql_database,3.0,True,Non local
537,538,341,4,2016-11-02,2016-11-05,2016-11-05,2,6,2025-11-24 02:06:42,mysql_database,3.0,False,Non local
538,539,1144,4,2016-11-02,2016-11-04,2016-11-03,2,7,2025-11-24 02:06:42,mysql_database,1.0,False,Non local
539,540,1429,4,2016-11-03,2016-11-05,2016-11-06,1,3,2025-11-24 02:06:42,mysql_database,3.0,True,Non local
540,541,1228,4,2016-11-04,2016-11-07,2016-11-07,1,3,2025-11-24 02:06:42,mysql_database,3.0,False,Non local
541,542,313,4,2016-11-04,2016-11-06,2016-11-05,2,7,2025-11-24 02:06:42,mysql_database,1.0,False,Non local
542,543,62,4,2016-11-06,2016-11-09,2016-11-08,2,6,2025-11-24 02:06:42,mysql_database,2.0,False,Non local
543,544,321,4,2016-11-06,2016-11-07,2016-11-08,2,7,2025-11-24 02:06:42,mysql_database,2.0,True,Non local
544,545,1108,4,2016-11-08,2016-11-10,2016-11-09,3,9,2025-11-24 02:06:42,mysql_database,1.0,False,Non local
545,546,470,4,2016-11-09,2016-11-12,2016-11-10,2,7,2025-11-24 02:06:42,mysql_database,1.0,False,Non local
546,547,20,4,2016-11-09,2016-11-11,2016-11-10,3,8,2025-11-24 02:06:42,mysql_database,1.0,False,Non local
547,548,739,4,2016-11-11,2016-11-13,2016-11-13,2,7,2025-11-24 02:06:42,mysql_database,2.0,False,Non local
548,549,64,3,2016-11-12,2016-11-12,,3,9,2025-11-24 02:06:42,mysql_database,,False,Non local
549,550,892,4,2016-11-12,2016-11-14,2016-11-15,2,7,2025-11-24 02:06:42,mysql_database,3.0,True,Non local
550,551,1169,4,2016-11-12,2016-11-13,2016-11-13,2,6,2025-11-24 02:06:42,mysql_database,1.0,False,Non local
551,552,1282,4,2016-11-12,2016-11-15,2016-11-13,2,7,2025-11-24 02:06:42,mysql_database,1.0,False,Non local
552,553,913,4,2016-11-12,2016-11-13,2016-11-15,3,9,2025-11-24 02:06:42,mysql_database,3.0,True,Non local
553,554,104,4,2016-11-13,2016-11-14,2016-11-16,1,3,2025-11-24 02:06:42,mysql_database,3.0,True,Non local
554,555,212,4,2016-11-13,2016-11-14,2016-11-16,2,7,2025-11-24 02:06:42,mysql_database,3.0,True,Non local
555,556,61,4,2016-11-13,2016-11-14,2016-11-15,3,9,2025-11-24 02:06:42,mysql_database,2.0,True,Non local
556,557,1248,4,2016-11-14,2016-11-17,2016-11-15,2,6,2025-11-24 02:06:42,mysql_database,1.0,False,Non local
557,558,1443,4,2016-11-15,2016-11-16,2016-11-17,2,7,2025-11-24 02:06:42,mysql_database,2.0,True,Non local
558,559,959,4,2016-11-16,2016-11-17,2016-11-17,1,2,2025-11-24 02:06:42,mysql_database,1.0,False,Non local
559,560,1405,4,2016-11-18,2016-11-19,2016-11-21,2,6,2025-11-24 02:06:42,mysql_database,3.0,True,Non local
560,561,90,4,2016-11-19,2016-11-22,2016-11-22,2,6,2025-11-24 02:06:42,mysql_database,3.0,False,Non local
561,562,942,4,2016-11-19,2016-11-20,2016-11-22,2,7,2025-11-24 02:06:42,mysql_database,3.0,True,Non local
562,563,365,4,2016-11-20,2016-11-22,2016-11-21,2,6,2025-11-24 02:06:42,mysql_database,1.0,False,Non local
563,564,1058,4,2016-11-20,2016-11-23,2016-11-22,2,7,2025-11-24 02:06:42,mysql_database,2.0,False,Non local
564,565,894,4,2016-11-21,2016-11-22,2016-11-22,2,7,2025-11-24 02:06:42,mysql_database,1.0,False,Non local
565,566,298,4,2016-11-22,2016-11-25,2016-11-23,1,3,2025-11-24 02:06:42,mysql_database,1.0,False,Non local
566,567,1430,4,2016-11-22,2016-11-23,2016-11-23,1,2,2025-11-24 02:06:42,mysql_database,1.0,False,Non local
567,568,1275,4,2016-11-23,2016-11-25,2016-11-24,1,3,2025-11-24 02:06:42,mysql_database,1.0,False,Non local
568,569,707,4,2016-11-23,2016-11-24,2016-11-25,2,6,2025-11-24 02:06:42,mysql_database,2.0,True,Non local
569,570,989,4,2016-11-23,2016-11-24,2016-11-25,2,6,2025-11-24 02:06:42,mysql_database,2.0,True,Non local
570,571,5,4,2016-11-24,2016-11-25,2016-11-27,1,2,2025-11-24 02:06:42,mysql_database,3.0,True,Non local
571,572,178,4,2016-11-24,2016-11-26,2016-11-26,2,6,2025-11-24 02:06:42,mysql_database,2.0,False,Non local
572,573,423,4,2016-11-24,2016-11-26,2016-11-27,2,6,2025-11-24 02:06:42,mysql_database,3.0,True,Non local
573,574,833,4,2016-11-26,2016-11-27,2016-11-29,2,7,2025-11-24 02:06:42,mysql_database,3.0,True,Non local
574,575,33,4,2016-11-27,2016-11-28,2016-11-30,1,3,2025-11-24 02:06:42,mysql_database,3.0,True,Non local
575,576,1272,4,2016-11-27,2016-11-30,2016-11-28,1,3,2025-11-24 02:06:42,mysql_database,1.0,False,Non local
576,577,445,4,2016-11-27,2016-11-30,2016-11-29,2,6,2025-11-24 02:06:42,mysql_database,2.0,False,Non local
577,578,819,4,2016-11-27,2016-11-28,2016-11-29,2,7,2025-11-24 02:06:42,mysql_database,2.0,True,Non local
578,579,160,4,2016-11-27,2016-11-30,2016-11-29,3,8,2025-11-24 02:06:42,mysql_database,2.0,False,local
579,580,581,4,2016-11-30,2016-12-02,2016-12-02,1,3,2025-11-24 02:06:42,mysql_database,2.0,False,Non local
580,581,688,4,2016-12-03,2016-12-05,2016-12-06,1,3,2025-11-24 02:06:42,mysql_database,3.0,True,Non local
581,582,32,3,2016-12-04,2016-12-04,,1,2,2025-11-24 02:06:42,mysql_database,,False,Non local
582,583,792,4,2016-12-04,2016-12-05,2016-12-07,2,7,2025-11-24 02:06:42,mysql_database,3.0,True,Non local
583,584,1209,4,2016-12-04,2016-12-05,2016-12-05,2,7,2025-11-24 02:06:42,mysql_database,1.0,False,Non local
584,585,1219,4,2016-12-04,2016-12-05,2016-12-05,2,7,2025-11-24 02:06:42,mysql_database,1.0,False,Non local
585,586,1306,4,2016-12-04,2016-12-06,2016-12-05,2,6,2025-11-24 02:06:42,mysql_database,1.0,False,Non local
586,587,487,4,2016-12-06,2016-12-08,2016-12-08,1,2,2025-11-24 02:06:42,mysql_database,2.0,False,Non local
587,588,102,4,2016-12-06,2016-12-07,2016-12-07,2,7,2025-11-24 02:06:42,mysql_database,1.0,False,Non local
588,589,719,4,2016-12-06,2016-12-07,2016-12-07,2,7,2025-11-24 02:06:42,mysql_database,1.0,False,Non local
589,590,990,4,2016-12-06,2016-12-09,2016-12-07,2,7,2025-11-24 02:06:42,mysql_database,1.0,False,Non local
590,591,1211,4,2016-12-06,2016-12-09,2016-12-09,2,7,2025-11-24 02:06:42,mysql_database,3.0,False,Non local
591,592,1232,4,2016-12-06,2016-12-08,2016-12-08,2,7,2025-11-24 02:06:42,mysql_database,2.0,False,Non local
592,593,50,4,2016-12-07,2016-12-10,2016-12-08,3,8,2025-11-24 02:06:42,mysql_database,1.0,False,Non local
593,594,1318,4,2016-12-07,2016-12-08,2016-12-08,3,8,2025-11-24 02:06:42,mysql_database,1.0,False,Non local
594,595,538,4,2016-12-08,2016-12-09,2016-12-11,1,2,2025-11-24 02:06:42,mysql_database,3.0,True,Non local
595,596,952,4,2016-12-08,2016-12-09,2016-12-09,1,3,2025-11-24 02:06:42,mysql_database,1.0,False,Non local
596,597,1121,4,2016-12-08,2016-12-09,2016-12-10,2,6,2025-11-24 02:06:42,mysql_database,2.0,True,Non local
597,598,40,3,2016-12-09,2016-12-09,,1,3,2025-11-24 02:06:42,mysql_database,,False,Non local
598,599,1,4,2016-12-09,2016-12-10,2016-12-12,2,6,2025-11-24 02:06:42,mysql_database,3.0,True,Non local
599,600,624,4,2016-12-09,2016-12-12,2016-12-11,2,7,2025-11-24 02:06:42,mysql_database,2.0,False,Non local
600,601,683,4,2016-12-09,2016-12-10,2016-12-10,2,6,2025-11-24 02:06:42,mysql_database,1.0,False,Non local
601,602,823,4,2016-12-09,2016-12-10,2016-12-11,2,6,2025-11-24 02:06:42,mysql_database,2.0,True,Non local
602,603,1032,4,2016-12-09,2016-12-10,2016-12-10,2,7,2025-11-24 02:06:42,mysql_database,1.0,False,Non local
603,604,96,4,2016-12-10,2016-12-13,2016-12-12,2,7,2025-11-24 02:06:42,mysql_database,2.0,False,Non local
604,605,1208,4,2016-12-10,2016-12-11,2016-12-12,2,6,2025-11-24 02:06:42,mysql_database,2.0,True,Non local
605,606,18,4,2016-12-11,2016-12-12,2016-12-13,2,7,2025-11-24 02:06:42,mysql_database,2.0,True,Non local
606,607,309,4,2016-12-11,2016-12-14,2016-12-13,2,6,2025-11-24 02:06:42,mysql_database,2.0,False,Non local
607,608,1103,4,2016-12-12,2016-12-15,2016-12-14,1,3,2025-11-24 02:06:42,mysql_database,2.0,False,Non local
608,609,896,4,2016-12-12,2016-12-13,2016-12-14,2,7,2025-11-24 02:06:42,mysql_database,2.0,True,Non local
609,610,711,4,2016-12-13,2016-12-15,2016-12-14,2,6,2025-11-24 02:06:42,mysql_database,1.0,False,Non local
610,611,1073,4,2016-12-15,2016-12-17,2016-12-18,2,7,2025-11-24 02:06:42,mysql_database,3.0,True,Non local
611,612,634,4,2016-12-16,2016-12-17,2016-12-17,2,7,2025-11-24 02:06:42,mysql_database,1.0,False,Non local
612,613,1159,4,2016-12-17,2016-12-19,2016-12-19,2,7,2025-11-24 02:06:42,mysql_database,2.0,False,Non local
613,614,654,4,2016-12-18,2016-12-21,2016-12-21,1,2,2025-11-24 02:06:42,mysql_database,3.0,False,Non local
614,615,560,4,2016-12-19,2016-12-22,2016-12-21,3,9,2025-11-24 02:06:42,mysql_database,2.0,False,Non local
615,616,1444,4,2016-12-20,2016-12-23,2016-12-23,2,6,2025-11-24 02:06:42,mysql_database,3.0,False,Non local
616,617,118,4,2016-12-21,2016-12-23,2016-12-23,2,7,2025-11-24 02:06:42,mysql_database,2.0,False,Non local
617,618,131,4,2016-12-21,2016-12-22,2016-12-22,2,6,2025-11-24 02:06:42,mysql_database,1.0,False,Non local
618,619,454,4,2016-12-22,2016-12-25,2016-12-25,2,7,2025-11-24 02:06:42,mysql_database,3.0,False,Non local
619,620,466,4,2016-12-22,2016-12-24,2016-12-24,2,6,2025-11-24 02:06:42,mysql_database,2.0,False,Non local
620,621,1157,4,2016-12-23,2016-12-25,2016-12-24,2,6,2025-11-24 02:06:42,mysql_database,1.0,False,Non local
621,622,1398,4,2016-12-23,2016-12-26,2016-12-25,2,7,2025-11-24 02:06:42,mysql_database,2.0,False,Non local
622,623,678,4,2016-12-24,2016-12-26,2016-12-27,2,6,2025-11-24 02:06:42,mysql_database,3.0,True,Non local
623,624,814,4,2016-12-24,2016-12-25,2016-12-27,2,6,2025-11-24 02:06:42,mysql_database,3.0,True,Non local
624,625,1163,4,2016-12-25,2016-12-28,2016-12-26,1,2,2025-11-24 02:06:42,mysql_database,1.0,False,Non local
625,626,130,4,2016-12-25,2016-12-28,2016-12-27,2,7,2025-11-24 02:06:42,mysql_database,2.0,False,Non local
626,627,1119,4,2016-12-25,2016-12-26,2016-12-28,2,6,2025-11-24 02:06:42,mysql_database,3.0,True,Non local
627,628,561,4,2016-12-26,2016-12-29,2016-12-27,1,3,2025-11-24 02:06:42,mysql_database,1.0,False,Non local
628,629,973,4,2016-12-26,2016-12-27,2016-12-29,1,2,2025-11-24 02:06:42,mysql_database,3.0,True,Non local
629,630,1404,4,2016-12-26,2016-12-27,2016-12-28,2,6,2025-11-24 02:06:42,mysql_database,2.0,True,Non local
630,631,855,4,2016-12-27,2016-12-29,2016-12-29,1,3,2025-11-24 02:06:42,mysql_database,2.0,False,Non local
631,632,163,4,2016-12-27,2016-12-29,2016-12-29,2,7,2025-11-24 02:06:42,mysql_database,2.0,False,Non local
632,633,1040,4,2016-12-28,2016-12-31,2016-12-30,3,8,2025-11-24 02:06:42,mysql_database,2.0,False,Non local
633,634,27,4,2016-12-29,2017-01-01,2016-12-30,2,6,2025-11-24 02:06:42,mysql_database,1.0,False,Non local
634,635,520,4,2016-12-30,2017-01-02,2016-12-31,2,6,2025-11-24 02:06:42,mysql_database,1.0,False,Non local
635,636,532,4,2017-01-03,2017-01-04,2017-01-05,1,2,2025-11-24 02:06:42,mysql_database,2.0,True,Non local
636,637,512,4,2017-01-03,2017-01-05,2017-01-05,2,6,2025-11-24 02:06:42,mysql_database,2.0,False,Non local
637,638,1302,4,2017-01-04,2017-01-05,2017-01-06,2,7,2025-11-24 02:06:42,mysql_database,2.0,True,Non local
638,639,550,4,2017-01-06,2017-01-07,2017-01-07,2,6,2025-11-24 02:06:42,mysql_database,1.0,False,Non local
639,640,1093,4,2017-01-06,2017-01-08,2017-01-07,2,6,2025-11-24 02:06:42,mysql_database,1.0,False,Non local
640,641,673,4,2017-01-07,2017-01-10,2017-01-08,1,3,2025-11-24 02:06:42,mysql_database,1.0,False,Non local
641,642,847,4,2017-01-07,2017-01-09,2017-01-10,2,7,2025-11-24 02:06:42,mysql_database,3.0,True,Non local
642,643,901,4,2017-01-08,2017-01-09,2017-01-11,1,3,2025-11-24 02:06:42,mysql_database,3.0,True,Non local
643,644,439,4,2017-01-08,2017-01-11,2017-01-10,2,6,2025-11-24 02:06:42,mysql_database,2.0,False,Non local
644,645,1199,4,2017-01-08,2017-01-11,2017-01-10,2,6,2025-11-24 02:06:42,mysql_database,2.0,False,Non local
645,646,975,4,2017-01-09,2017-01-12,2017-01-11,1,2,2025-11-24 02:06:42,mysql_database,2.0,False,Non local
646,647,283,4,2017-01-09,2017-01-10,2017-01-11,2,7,2025-11-24 02:06:42,mysql_database,2.0,True,Non local
647,648,684,4,2017-01-09,2017-01-11,2017-01-11,2,6,2025-11-24 02:06:42,mysql_database,2.0,False,Non local
648,649,1153,4,2017-01-10,2017-01-11,2017-01-13,1,3,2025-11-24 02:06:42,mysql_database,3.0,True,Non local
649,650,729,4,2017-01-11,2017-01-14,2017-01-12,1,2,2025-11-24 02:06:42,mysql_database,1.0,False,Non local
650,651,190,4,2017-01-11,2017-01-13,2017-01-13,2,7,2025-11-24 02:06:42,mysql_database,2.0,False,Non local
651,652,985,4,2017-01-12,2017-01-15,2017-01-13,3,9,2025-11-24 02:06:42,mysql_database,1.0,False,Non local
652,653,1249,4,2017-01-14,2017-01-17,2017-01-15,1,2,2025-11-24 02:06:42,mysql_database,1.0,False,Non local
653,654,1129,4,2017-01-14,2017-01-15,2017-01-17,2,7,2025-11-24 02:06:42,mysql_database,3.0,True,Non local
654,655,347,4,2017-01-16,2017-01-17,2017-01-18,1,3,2025-11-24 02:06:42,mysql_database,2.0,True,Non local
655,656,949,4,2017-01-16,2017-01-17,2017-01-18,2,7,2025-11-24 02:06:42,mysql_database,2.0,True,Non local
656,657,349,4,2017-01-17,2017-01-19,2017-01-20,1,2,2025-11-24 02:06:42,mysql_database,3.0,True,Non local
657,658,1051,4,2017-01-17,2017-01-18,2017-01-18,2,7,2025-11-24 02:06:42,mysql_database,1.0,False,Non local
658,659,1391,4,2017-01-17,2017-01-19,2017-01-18,2,7,2025-11-24 02:06:42,mysql_database,1.0,False,Non local
659,660,383,4,2017-01-18,2017-01-19,2017-01-19,2,7,2025-11-24 02:06:42,mysql_database,1.0,False,Non local
660,661,626,4,2017-01-18,2017-01-19,2017-01-20,2,6,2025-11-24 02:06:42,mysql_database,2.0,True,Non local
661,662,1125,4,2017-01-19,2017-01-20,2017-01-20,1,3,2025-11-24 02:06:42,mysql_database,1.0,False,Non local
662,663,344,4,2017-01-20,2017-01-22,2017-01-23,1,3,2025-11-24 02:06:42,mysql_database,3.0,True,Non local
663,664,681,4,2017-01-20,2017-01-23,2017-01-22,2,7,2025-11-24 02:06:42,mysql_database,2.0,False,Non local
664,665,29,4,2017-01-21,2017-01-22,2017-01-23,2,6,2025-11-24 02:06:42,mysql_database,2.0,True,Non local
665,666,770,4,2017-01-21,2017-01-22,2017-01-24,2,7,2025-11-24 02:06:42,mysql_database,3.0,True,Non local
666,667,858,4,2017-01-22,2017-01-24,2017-01-25,2,7,2025-11-24 02:06:42,mysql_database,3.0,True,Non local
667,668,297,4,2017-01-22,2017-01-23,2017-01-24,3,8,2025-11-24 02:06:42,mysql_database,2.0,True,Non local
668,669,745,4,2017-01-23,2017-01-24,2017-01-26,2,7,2025-11-24 02:06:42,mysql_database,3.0,True,Non local
669,670,361,4,2017-01-24,2017-01-25,2017-01-25,2,6,2025-11-24 02:06:42,mysql_database,1.0,False,Non local
670,671,922,4,2017-01-25,2017-01-28,2017-01-26,2,7,2025-11-24 02:06:42,mysql_database,1.0,False,Non local
671,672,908,4,2017-01-26,2017-01-29,2017-01-29,2,6,2025-11-24 02:06:42,mysql_database,3.0,False,Non local
672,673,64,4,2017-01-26,2017-01-28,2017-01-27,3,9,2025-11-24 02:06:42,mysql_database,1.0,False,Non local
673,674,733,4,2017-01-27,2017-01-28,2017-01-29,2,6,2025-11-24 02:06:42,mysql_database,2.0,True,Non local
674,675,291,4,2017-01-28,2017-01-31,2017-01-30,2,7,2025-11-24 02:06:42,mysql_database,2.0,False,Non local
675,676,790,4,2017-01-28,2017-01-30,2017-01-31,2,7,2025-11-24 02:06:42,mysql_database,3.0,True,Non local
676,677,809,4,2017-01-28,2017-01-31,2017-01-30,2,7,2025-11-24 02:06:42,mysql_database,2.0,False,Non local
677,678,250,4,2017-01-28,2017-01-29,2017-01-31,3,9,2025-11-24 02:06:42,mysql_database,3.0,True,Non local
678,679,81,4,2017-01-29,2017-01-30,2017-01-30,1,3,2025-11-24 02:06:42,mysql_database,1.0,False,Non local
679,680,245,4,2017-01-29,2017-02-01,2017-01-30,1,3,2025-11-24 02:06:42,mysql_database,1.0,False,Non local
680,681,499,4,2017-01-29,2017-02-01,2017-01-31,2,7,2025-11-24 02:06:42,mysql_database,2.0,False,Non local
681,682,614,4,2017-01-29,2017-01-30,2017-01-30,2,6,2025-11-24 02:06:42,mysql_database,1.0,False,Non local
682,683,741,4,2017-01-29,2017-01-31,2017-02-01,2,6,2025-11-24 02:06:42,mysql_database,3.0,True,Non local
683,684,762,4,2017-01-31,2017-02-01,2017-02-02,2,6,2025-11-24 02:06:42,mysql_database,2.0,True,Non local
684,685,976,4,2017-01-31,2017-02-03,2017-02-02,2,7,2025-11-24 02:06:42,mysql_database,2.0,False,Non local
685,686,380,4,2017-02-01,2017-02-03,2017-02-04,2,7,2025-11-24 02:06:42,mysql_database,3.0,True,Non local
686,687,530,4,2017-02-02,2017-02-05,2017-02-04,1,3,2025-11-24 02:06:42,mysql_database,2.0,False,Non local
687,688,343,4,2017-02-02,2017-02-03,2017-02-05,2,7,2025-11-24 02:06:42,mysql_database,3.0,True,Non local
688,689,884,4,2017-02-02,2017-02-03,2017-02-05,2,7,2025-11-24 02:06:42,mysql_database,3.0,True,Non local
689,690,1097,4,2017-02-03,2017-02-04,2017-02-06,1,2,2025-11-24 02:06:42,mysql_database,3.0,True,Non local
690,691,1081,4,2017-02-04,2017-02-06,2017-02-06,2,7,2025-11-24 02:06:42,mysql_database,2.0,False,Non local
691,692,2,3,2017-02-05,2017-02-05,,1,3,2025-11-24 02:06:42,mysql_database,,False,Non local
692,693,1233,4,2017-02-05,2017-02-07,2017-02-06,1,3,2025-11-24 02:06:42,mysql_database,1.0,False,Non local
693,694,58,4,2017-02-05,2017-02-06,2017-02-08,2,7,2025-11-24 02:06:42,mysql_database,3.0,True,Non local
694,695,606,4,2017-02-05,2017-02-08,2017-02-07,2,7,2025-11-24 02:06:42,mysql_database,2.0,False,Non local
695,696,1242,4,2017-02-05,2017-02-08,2017-02-08,2,7,2025-11-24 02:06:42,mysql_database,3.0,False,Non local
696,697,562,4,2017-02-06,2017-02-08,2017-02-09,1,2,2025-11-24 02:06:42,mysql_database,3.0,True,Non local
697,698,543,4,2017-02-06,2017-02-08,2017-02-09,3,8,2025-11-24 02:06:42,mysql_database,3.0,True,Non local
698,699,958,4,2017-02-06,2017-02-08,2017-02-09,3,9,2025-11-24 02:06:42,mysql_database,3.0,True,Non local
699,700,4,4,2017-02-07,2017-02-10,2017-02-08,2,6,2025-11-24 02:06:42,mysql_database,1.0,False,Non local
700,701,850,4,2017-02-07,2017-02-08,2017-02-09,3,9,2025-11-24 02:06:42,mysql_database,2.0,True,local
701,702,1352,4,2017-02-08,2017-02-09,2017-02-11,1,3,2025-11-24 02:06:42,mysql_database,3.0,True,Non local
702,703,417,4,2017-02-08,2017-02-09,2017-02-09,2,7,2025-11-24 02:06:42,mysql_database,1.0,False,Non local
703,704,1137,4,2017-02-08,2017-02-09,2017-02-11,2,6,2025-11-24 02:06:42,mysql_database,3.0,True,Non local
704,705,1196,4,2017-02-08,2017-02-11,2017-02-11,2,7,2025-11-24 02:06:42,mysql_database,3.0,False,Non local
705,706,1271,4,2017-02-09,2017-02-12,2017-02-10,1,2,2025-11-24 02:06:42,mysql_database,1.0,False,Non local
706,707,79,4,2017-02-09,2017-02-11,2017-02-11,2,7,2025-11-24 02:06:42,mysql_database,2.0,False,local
707,708,660,4,2017-02-10,2017-02-12,2017-02-11,1,2,2025-11-24 02:06:42,mysql_database,1.0,False,Non local
708,709,1162,4,2017-02-11,2017-02-13,2017-02-12,2,6,2025-11-24 02:06:42,mysql_database,1.0,False,Non local
709,710,295,4,2017-02-13,2017-02-15,2017-02-16,2,6,2025-11-24 02:06:42,mysql_database,3.0,True,Non local
710,711,1246,4,2017-02-13,2017-02-16,2017-02-14,2,6,2025-11-24 02:06:42,mysql_database,1.0,False,Non local
711,712,173,4,2017-02-13,2017-02-14,2017-02-16,3,9,2025-11-24 02:06:42,mysql_database,3.0,True,Non local
712,713,207,4,2017-02-13,2017-02-14,2017-02-15,3,8,2025-11-24 02:06:42,mysql_database,2.0,True,Non local
713,714,805,4,2017-02-14,2017-02-17,2017-02-15,2,7,2025-11-24 02:06:42,mysql_database,1.0,False,Non local
714,715,12,3,2017-02-15,2017-02-15,,2,6,2025-11-24 02:06:42,mysql_database,,False,Non local
715,716,672,4,2017-02-15,2017-02-17,2017-02-18,2,6,2025-11-24 02:06:42,mysql_database,3.0,True,Non local
716,717,1312,4,2017-02-15,2017-02-18,2017-02-17,2,6,2025-11-24 02:06:42,mysql_database,2.0,False,Non local
717,718,38,4,2017-02-16,2017-02-17,2017-02-17,2,7,2025-11-24 02:06:42,mysql_database,1.0,False,Non local
718,719,200,4,2017-02-16,2017-02-19,2017-02-18,2,6,2025-11-24 02:06:42,mysql_database,2.0,False,Non local
719,720,382,4,2017-02-16,2017-02-19,2017-02-19,2,6,2025-11-24 02:06:42,mysql_database,3.0,False,Non local
720,721,625,4,2017-02-16,2017-02-19,2017-02-17,2,7,2025-11-24 02:06:42,mysql_database,1.0,False,Non local
721,722,1399,4,2017-02-18,2017-02-20,2017-02-21,2,7,2025-11-24 02:06:42,mysql_database,3.0,True,Non local
722,723,845,4,2017-02-19,2017-02-21,2017-02-22,2,6,2025-11-24 02:06:42,mysql_database,3.0,True,Non local
723,724,864,4,2017-02-19,2017-02-22,2017-02-21,2,6,2025-11-24 02:06:42,mysql_database,2.0,False,Non local
724,725,870,4,2017-02-19,2017-02-22,2017-02-22,2,7,2025-11-24 02:06:42,mysql_database,3.0,False,Non local
725,726,969,4,2017-02-19,2017-02-22,2017-02-20,2,6,2025-11-24 02:06:42,mysql_database,1.0,False,Non local
726,727,962,4,2017-02-19,2017-02-22,2017-02-21,3,9,2025-11-24 02:06:42,mysql_database,2.0,False,Non local
727,728,1138,4,2017-02-20,2017-02-21,2017-02-23,1,3,2025-11-24 02:06:42,mysql_database,3.0,True,Non local
728,729,897,4,2017-02-20,2017-02-22,2017-02-21,2,7,2025-11-24 02:06:42,mysql_database,1.0,False,Non local
729,730,500,4,2017-02-21,2017-02-24,2017-02-22,2,6,2025-11-24 02:06:42,mysql_database,1.0,False,Non local
730,731,910,4,2017-02-25,2017-02-27,2017-02-27,3,9,2025-11-24 02:06:42,mysql_database,2.0,False,Non local
731,732,147,4,2017-02-26,2017-02-27,2017-03-01,2,7,2025-11-24 02:06:42,mysql_database,3.0,True,Non local
732,733,832,4,2017-02-26,2017-03-01,2017-02-27,2,7,2025-11-24 02:06:42,mysql_database,1.0,False,Non local
733,734,939,4,2017-02-26,2017-02-28,2017-03-01,3,9,2025-11-24 02:06:42,mysql_database,3.0,True,Non local
734,735,20,3,2017-02-27,2017-02-27,,3,9,2025-11-24 02:06:42,mysql_database,,False,Non local
735,736,184,4,2017-02-27,2017-02-28,2017-02-28,2,7,2025-11-24 02:06:42,mysql_database,1.0,False,Non local
736,737,694,4,2017-02-27,2017-03-01,2017-02-28,2,6,2025-11-24 02:06:42,mysql_database,1.0,False,Non local
737,738,124,4,2017-02-28,2017-03-01,2017-03-03,1,2,2025-11-24 02:06:42,mysql_database,3.0,True,Non local
738,739,49,4,2017-02-28,2017-03-01,2017-03-02,2,6,2025-11-24 02:06:42,mysql_database,2.0,True,Non local
739,740,1113,4,2017-02-28,2017-03-01,2017-03-02,2,6,2025-11-24 02:06:42,mysql_database,2.0,True,Non local
740,741,119,4,2017-02-28,2017-03-01,2017-03-01,3,8,2025-11-24 02:06:42,mysql_database,1.0,False,Non local
741,742,433,4,2017-02-28,2017-03-01,2017-03-01,3,9,2025-11-24 02:06:42,mysql_database,1.0,False,Non local
742,743,137,4,2017-03-01,2017-03-04,2017-03-04,2,6,2025-11-24 02:06:42,mysql_database,3.0,False,Non local
743,744,166,4,2017-03-01,2017-03-02,2017-03-02,2,7,2025-11-24 02:06:42,mysql_database,1.0,False,Non local
744,745,698,4,2017-03-01,2017-03-03,2017-03-03,2,7,2025-11-24 02:06:42,mysql_database,2.0,False,Non local
745,746,391,4,2017-03-02,2017-03-04,2017-03-05,1,3,2025-11-24 02:06:42,mysql_database,3.0,True,Non local
746,747,87,4,2017-03-03,2017-03-04,2017-03-05,1,3,2025-11-24 02:06:42,mysql_database,2.0,True,Non local
747,748,1072,4,2017-03-03,2017-03-05,2017-03-04,3,8,2025-11-24 02:06:42,mysql_database,1.0,False,Non local
748,749,255,4,2017-03-04,2017-03-07,2017-03-05,2,7,2025-11-24 02:06:42,mysql_database,1.0,False,Non local
749,750,232,4,2017-03-04,2017-03-07,2017-03-05,3,8,2025-11-24 02:06:42,mysql_database,1.0,False,Non local
750,751,731,4,2017-03-05,2017-03-08,2017-03-07,1,3,2025-11-24 02:06:42,mysql_database,2.0,False,Non local
751,752,335,4,2017-03-05,2017-03-06,2017-03-07,2,6,2025-11-24 02:06:42,mysql_database,2.0,True,Non local
752,753,1201,4,2017-03-05,2017-03-08,2017-03-08,2,7,2025-11-24 02:06:42,mysql_database,3.0,False,Non local
753,754,646,4,2017-03-06,2017-03-07,2017-03-08,1,2,2025-11-24 02:06:42,mysql_database,2.0,True,Non local
754,755,531,4,2017-03-06,2017-03-07,2017-03-07,2,6,2025-11-24 02:06:42,mysql_database,1.0,False,Non local
755,756,1143,4,2017-03-06,2017-03-07,2017-03-09,2,6,2025-11-24 02:06:42,mysql_database,3.0,True,Non local
756,757,1336,4,2017-03-06,2017-03-08,2017-03-09,2,7,2025-11-24 02:06:42,mysql_database,3.0,True,Non local
757,758,953,4,2017-03-06,2017-03-08,2017-03-07,3,9,2025-11-24 02:06:42,mysql_database,1.0,False,Non local
758,759,284,4,2017-03-07,2017-03-09,2017-03-08,2,7,2025-11-24 02:06:42,mysql_database,1.0,False,Non local
759,760,1104,4,2017-03-07,2017-03-10,2017-03-10,2,6,2025-11-24 02:06:42,mysql_database,3.0,False,Non local
760,761,1291,4,2017-03-07,2017-03-08,2017-03-10,2,7,2025-11-24 02:06:42,mysql_database,3.0,True,Non local
761,762,572,4,2017-03-08,2017-03-09,2017-03-09,2,6,2025-11-24 02:06:42,mysql_database,1.0,False,Non local
762,763,842,4,2017-03-08,2017-03-10,2017-03-09,3,9,2025-11-24 02:06:42,mysql_database,1.0,False,Non local
763,764,701,4,2017-03-09,2017-03-10,2017-03-12,1,2,2025-11-24 02:06:42,mysql_database,3.0,True,Non local
764,765,1152,4,2017-03-09,2017-03-11,2017-03-12,1,2,2025-11-24 02:06:42,mysql_database,3.0,True,Non local
765,766,141,4,2017-03-09,2017-03-11,2017-03-12,2,6,2025-11-24 02:06:42,mysql_database,3.0,True,Non local
766,767,564,4,2017-03-09,2017-03-10,2017-03-11,2,7,2025-11-24 02:06:42,mysql_database,2.0,True,Non local
767,768,841,4,2017-03-09,2017-03-12,2017-03-10,2,7,2025-11-24 02:06:42,mysql_database,1.0,False,Non local
768,769,946,4,2017-03-09,2017-03-11,2017-03-11,2,6,2025-11-24 02:06:42,mysql_database,2.0,False,Non local
769,770,135,4,2017-03-09,2017-03-11,2017-03-11,3,9,2025-11-24 02:06:42,mysql_database,2.0,False,Non local
770,771,671,4,2017-03-11,2017-03-14,2017-03-12,1,3,2025-11-24 02:06:42,mysql_database,1.0,False,Non local
771,772,448,4,2017-03-11,2017-03-12,2017-03-13,2,7,2025-11-24 02:06:42,mysql_database,2.0,True,Non local
772,773,1385,4,2017-03-11,2017-03-12,2017-03-12,2,6,2025-11-24 02:06:42,mysql_database,1.0,False,Non local
773,774,690,4,2017-03-12,2017-03-14,2017-03-14,2,6,2025-11-24 02:06:42,mysql_database,2.0,False,Non local
774,775,968,4,2017-03-12,2017-03-13,2017-03-13,2,6,2025-11-24 02:06:42,mysql_database,1.0,False,Non local
775,776,490,4,2017-03-13,2017-03-15,2017-03-16,2,6,2025-11-24 02:06:42,mysql_database,3.0,True,Non local
776,777,496,4,2017-03-13,2017-03-16,2017-03-16,2,6,2025-11-24 02:06:42,mysql_database,3.0,False,Non local
777,778,56,3,2017-03-15,2017-03-15,,3,9,2025-11-24 02:06:42,mysql_database,,False,Non local
778,779,367,4,2017-03-15,2017-03-16,2017-03-18,2,6,2025-11-24 02:06:42,mysql_database,3.0,True,Non local
779,780,592,4,2017-03-15,2017-03-17,2017-03-17,2,6,2025-11-24 02:06:42,mysql_database,2.0,False,Non local
780,781,1018,4,2017-03-15,2017-03-16,2017-03-17,2,6,2025-11-24 02:06:42,mysql_database,2.0,True,Non local
781,782,1298,4,2017-03-15,2017-03-16,2017-03-18,2,7,2025-11-24 02:06:42,mysql_database,3.0,True,Non local
782,783,1343,4,2017-03-16,2017-03-19,2017-03-17,1,2,2025-11-24 02:06:42,mysql_database,1.0,False,Non local
783,784,430,4,2017-03-16,2017-03-19,2017-03-19,2,7,2025-11-24 02:06:42,mysql_database,3.0,False,Non local
784,785,794,4,2017-03-18,2017-03-19,2017-03-20,1,2,2025-11-24 02:06:42,mysql_database,2.0,True,Non local
785,786,249,4,2017-03-18,2017-03-20,2017-03-19,2,6,2025-11-24 02:06:42,mysql_database,1.0,False,Non local
786,787,700,4,2017-03-18,2017-03-20,2017-03-19,3,9,2025-11-24 02:06:42,mysql_database,1.0,False,Non local
787,788,1363,4,2017-03-18,2017-03-20,2017-03-20,3,9,2025-11-24 02:06:42,mysql_database,2.0,False,Non local
788,789,772,4,2017-03-19,2017-03-20,2017-03-20,2,6,2025-11-24 02:06:42,mysql_database,1.0,False,Non local
789,790,1015,4,2017-03-19,2017-03-21,2017-03-22,2,7,2025-11-24 02:06:42,mysql_database,3.0,True,Non local
790,791,432,4,2017-03-20,2017-03-22,2017-03-23,2,6,2025-11-24 02:06:42,mysql_database,3.0,True,Non local
791,792,479,4,2017-03-22,2017-03-23,2017-03-24,2,6,2025-11-24 02:06:42,mysql_database,2.0,True,Non local
792,793,653,4,2017-03-23,2017-03-24,2017-03-24,2,6,2025-11-24 02:06:42,mysql_database,1.0,False,Non local
793,794,863,4,2017-03-23,2017-03-25,2017-03-24,2,7,2025-11-24 02:06:42,mysql_database,1.0,False,Non local
794,795,992,4,2017-03-23,2017-03-25,2017-03-26,2,7,2025-11-24 02:06:42,mysql_database,3.0,True,Non local
795,796,154,4,2017-03-23,2017-03-26,2017-03-25,3,9,2025-11-24 02:06:42,mysql_database,2.0,False,Non local
796,797,374,4,2017-03-24,2017-03-26,2017-03-26,2,7,2025-11-24 02:06:42,mysql_database,2.0,False,Non local
797,798,619,4,2017-03-26,2017-03-28,2017-03-29,1,3,2025-11-24 02:06:42,mysql_database,3.0,True,Non local
798,799,607,4,2017-03-27,2017-03-28,2017-03-29,1,3,2025-11-24 02:06:42,mysql_database,2.0,True,Non local
799,800,1057,4,2017-03-27,2017-03-29,2017-03-28,2,6,2025-11-24 02:06:42,mysql_database,1.0,False,Non local
800,801,78,4,2017-03-28,2017-03-29,2017-03-30,1,2,2025-11-24 02:06:42,mysql_database,2.0,True,Non local
801,802,340,4,2017-03-28,2017-03-29,2017-03-30,2,6,2025-11-24 02:06:42,mysql_database,2.0,True,Non local
802,803,1105,4,2017-03-28,2017-03-31,2017-03-30,3,8,2025-11-24 02:06:42,mysql_database,2.0,False,Non local
803,804,95,4,2017-03-29,2017-03-31,2017-03-30,2,6,2025-11-24 02:06:42,mysql_database,1.0,False,Non local
804,805,420,4,2017-03-29,2017-03-30,2017-04-01,2,6,2025-11-24 02:06:42,mysql_database,3.0,True,Non local
805,806,234,4,2017-03-30,2017-03-31,2017-03-31,2,7,2025-11-24 02:06:42,mysql_database,1.0,False,Non local
806,807,1148,4,2017-03-30,2017-04-01,2017-04-02,2,6,2025-11-24 02:06:42,mysql_database,3.0,True,Non local
807,808,315,4,2017-03-31,2017-04-02,2017-04-02,2,6,2025-11-24 02:06:42,mysql_database,2.0,False,local
808,809,1222,4,2017-03-31,2017-04-03,2017-04-03,2,7,2025-11-24 02:06:42,mysql_database,3.0,False,Non local
809,810,153,3,2017-04-01,2017-04-01,,3,8,2025-11-24 02:06:42,mysql_database,,False,Non local
810,811,524,4,2017-04-01,2017-04-04,2017-04-04,2,7,2025-11-24 02:06:42,mysql_database,3.0,False,Non local
811,812,1164,4,2017-04-01,2017-04-02,2017-04-03,2,7,2025-11-24 02:06:42,mysql_database,2.0,True,Non local
812,813,1203,4,2017-04-01,2017-04-03,2017-04-02,3,9,2025-11-24 02:06:42,mysql_database,1.0,False,Non local
813,814,629,4,2017-04-02,2017-04-05,2017-04-03,2,7,2025-11-24 02:06:42,mysql_database,1.0,False,Non local
814,815,1251,4,2017-04-03,2017-04-05,2017-04-04,1,3,2025-11-24 02:06:42,mysql_database,1.0,False,Non local
815,816,811,4,2017-04-03,2017-04-05,2017-04-05,2,6,2025-11-24 02:06:42,mysql_database,2.0,False,Non local
816,817,301,4,2017-04-04,2017-04-05,2017-04-07,2,7,2025-11-24 02:06:42,mysql_database,3.0,True,Non local
817,818,1319,4,2017-04-04,2017-04-07,2017-04-07,2,6,2025-11-24 02:06:42,mysql_database,3.0,False,Non local
818,819,221,4,2017-04-04,2017-04-07,2017-04-05,3,9,2025-11-24 02:06:42,mysql_database,1.0,False,Non local
819,820,725,4,2017-04-05,2017-04-08,2017-04-07,2,7,2025-11-24 02:06:42,mysql_database,2.0,False,Non local
820,821,1181,4,2017-04-05,2017-04-07,2017-04-08,2,7,2025-11-24 02:06:42,mysql_database,3.0,True,Non local
821,822,294,4,2017-04-06,2017-04-08,2017-04-09,2,7,2025-11-24 02:06:42,mysql_database,3.0,True,Non local
822,823,415,4,2017-04-06,2017-04-07,2017-04-08,3,8,2025-11-24 02:06:42,mysql_database,2.0,True,Non local
823,824,993,4,2017-04-07,2017-04-09,2017-04-10,1,2,2025-11-24 02:06:42,mysql_database,3.0,True,Non local
824,825,10,4,2017-04-07,2017-04-08,2017-04-09,2,7,2025-11-24 02:06:42,mysql_database,2.0,True,Non local
825,826,45,4,2017-04-07,2017-04-10,2017-04-10,2,6,2025-11-24 02:06:42,mysql_database,3.0,False,Non local
826,827,666,4,2017-04-07,2017-04-10,2017-04-10,2,7,2025-11-24 02:06:42,mysql_database,3.0,False,Non local
827,828,246,4,2017-04-09,2017-04-10,2017-04-12,2,6,2025-11-24 02:06:42,mysql_database,3.0,True,Non local
828,829,674,4,2017-04-09,2017-04-10,2017-04-10,2,7,2025-11-24 02:06:42,mysql_database,1.0,False,Non local
829,830,431,4,2017-04-11,2017-04-14,2017-04-12,2,6,2025-11-24 02:06:42,mysql_database,1.0,False,Non local
830,831,1000,4,2017-04-11,2017-04-12,2017-04-12,2,7,2025-11-24 02:06:42,mysql_database,1.0,False,Non local
831,832,1215,4,2017-04-11,2017-04-12,2017-04-12,2,7,2025-11-24 02:06:42,mysql_database,1.0,False,Non local
832,833,406,4,2017-04-12,2017-04-14,2017-04-15,2,7,2025-11-24 02:06:42,mysql_database,3.0,True,Non local
833,834,890,4,2017-04-12,2017-04-13,2017-04-15,2,6,2025-11-24 02:06:42,mysql_database,3.0,True,Non local
834,835,940,4,2017-04-13,2017-04-15,2017-04-14,1,2,2025-11-24 02:06:42,mysql_database,1.0,False,Non local
835,836,455,4,2017-04-13,2017-04-16,2017-04-14,2,6,2025-11-24 02:06:42,mysql_database,1.0,False,Non local
836,837,948,4,2017-04-13,2017-04-16,2017-04-14,2,7,2025-11-24 02:06:42,mysql_database,1.0,False,Non local
837,838,1395,4,2017-04-14,2017-04-17,2017-04-15,2,7,2025-11-24 02:06:42,mysql_database,1.0,False,Non local
838,839,1332,4,2017-04-15,2017-04-18,2017-04-16,1,3,2025-11-24 02:06:42,mysql_database,1.0,False,Non local
839,840,372,4,2017-04-15,2017-04-16,2017-04-16,2,6,2025-11-24 02:06:42,mysql_database,1.0,False,Non local
840,841,428,4,2017-04-15,2017-04-18,2017-04-17,2,7,2025-11-24 02:06:42,mysql_database,2.0,False,Non local
841,842,1133,4,2017-04-15,2017-04-18,2017-04-16,2,6,2025-11-24 02:06:42,mysql_database,1.0,False,Non local
842,843,1059,4,2017-04-16,2017-04-17,2017-04-19,2,7,2025-11-24 02:06:42,mysql_database,3.0,True,Non local
843,844,1436,4,2017-04-16,2017-04-17,2017-04-18,2,6,2025-11-24 02:06:42,mysql_database,2.0,True,Non local
844,845,662,4,2017-04-17,2017-04-18,2017-04-18,2,7,2025-11-24 02:06:42,mysql_database,1.0,False,Non local
845,846,715,4,2017-04-17,2017-04-19,2017-04-19,2,6,2025-11-24 02:06:42,mysql_database,2.0,False,Non local
846,847,329,4,2017-04-18,2017-04-19,2017-04-19,2,7,2025-11-24 02:06:42,mysql_database,1.0,False,Non local
847,848,597,4,2017-04-18,2017-04-20,2017-04-20,2,7,2025-11-24 02:06:42,mysql_database,2.0,False,Non local
848,849,776,4,2017-04-19,2017-04-20,2017-04-21,1,2,2025-11-24 02:06:42,mysql_database,2.0,True,Non local
849,850,1346,4,2017-04-19,2017-04-22,2017-04-22,1,3,2025-11-24 02:06:42,mysql_database,3.0,False,Non local
850,851,1139,4,2017-04-20,2017-04-21,2017-04-22,2,6,2025-11-24 02:06:42,mysql_database,2.0,True,Non local
851,852,13,4,2017-04-21,2017-04-23,2017-04-22,3,9,2025-11-24 02:06:42,mysql_database,1.0,False,Non local
852,853,883,4,2017-04-21,2017-04-24,2017-04-24,3,8,2025-11-24 02:06:42,mysql_database,3.0,False,Non local
853,854,177,4,2017-04-22,2017-04-25,2017-04-23,2,6,2025-11-24 02:06:42,mysql_database,1.0,False,Non local
854,855,775,4,2017-04-22,2017-04-23,2017-04-25,2,6,2025-11-24 02:06:42,mysql_database,3.0,True,Non local
855,856,477,4,2017-04-23,2017-04-25,2017-04-26,2,6,2025-11-24 02:06:42,mysql_database,3.0,True,Non local
856,857,1402,4,2017-04-24,2017-04-25,2017-04-26,2,7,2025-11-24 02:06:42,mysql_database,2.0,True,Non local
857,858,162,4,2017-04-25,2017-04-27,2017-04-28,2,6,2025-11-24 02:06:42,mysql_database,3.0,True,Non local
858,859,644,4,2017-04-25,2017-04-26,2017-04-26,2,6,2025-11-24 02:06:42,mysql_database,1.0,False,Non local
859,860,473,4,2017-04-27,2017-04-29,2017-04-28,2,7,2025-11-24 02:06:42,mysql_database,1.0,False,local
860,861,1177,4,2017-04-27,2017-04-29,2017-04-30,2,7,2025-11-24 02:06:42,mysql_database,3.0,True,Non local
861,862,1230,4,2017-04-27,2017-04-30,2017-04-29,3,8,2025-11-24 02:06:42,mysql_database,2.0,False,Non local
862,863,446,4,2017-04-28,2017-04-30,2017-05-01,2,7,2025-11-24 02:06:42,mysql_database,3.0,True,Non local
863,864,902,4,2017-04-28,2017-04-30,2017-04-29,2,6,2025-11-24 02:06:42,mysql_database,1.0,False,Non local
864,865,974,4,2017-04-29,2017-05-02,2017-05-01,2,6,2025-11-24 02:06:42,mysql_database,2.0,False,Non local
865,866,1410,4,2017-04-29,2017-04-30,2017-05-01,2,6,2025-11-24 02:06:42,mysql_database,2.0,True,Non local
866,867,97,4,2017-05-01,2017-05-03,2017-05-02,1,3,2025-11-24 02:06:42,mysql_database,1.0,False,Non local
867,868,868,4,2017-05-01,2017-05-04,2017-05-02,1,3,2025-11-24 02:06:42,mysql_database,1.0,False,Non local
868,869,844,4,2017-05-01,2017-05-04,2017-05-02,2,7,2025-11-24 02:06:42,mysql_database,1.0,False,Non local
869,870,1416,4,2017-05-01,2017-05-04,2017-05-02,2,6,2025-11-24 02:06:42,mysql_database,1.0,False,Non local
870,871,358,4,2017-05-02,2017-05-04,2017-05-03,2,7,2025-11-24 02:06:42,mysql_database,1.0,False,Non local
871,872,394,4,2017-05-03,2017-05-06,2017-05-06,1,3,2025-11-24 02:06:42,mysql_database,3.0,False,Non local
872,873,829,4,2017-05-03,2017-05-05,2017-05-05,2,7,2025-11-24 02:06:42,mysql_database,2.0,False,Non local
873,874,661,4,2017-05-04,2017-05-05,2017-05-06,2,7,2025-11-24 02:06:42,mysql_database,2.0,True,Non local
874,875,386,4,2017-05-05,2017-05-06,2017-05-08,1,3,2025-11-24 02:06:42,mysql_database,3.0,True,Non local
875,876,1046,4,2017-05-05,2017-05-08,2017-05-06,2,7,2025-11-24 02:06:42,mysql_database,1.0,False,Non local
876,877,784,4,2017-05-06,2017-05-07,2017-05-08,2,6,2025-11-24 02:06:42,mysql_database,2.0,True,Non local
877,878,224,4,2017-05-07,2017-05-10,2017-05-09,1,3,2025-11-24 02:06:42,mysql_database,2.0,False,Non local
878,879,214,4,2017-05-08,2017-05-09,2017-05-09,2,7,2025-11-24 02:06:42,mysql_database,1.0,False,Non local
879,880,1206,4,2017-05-08,2017-05-11,2017-05-10,2,6,2025-11-24 02:06:42,mysql_database,2.0,False,Non local
880,881,1024,4,2017-05-08,2017-05-11,2017-05-11,3,9,2025-11-24 02:06:42,mysql_database,3.0,False,Non local
881,882,196,4,2017-05-09,2017-05-12,2017-05-10,2,6,2025-11-24 02:06:42,mysql_database,1.0,False,Non local
882,883,507,4,2017-05-11,2017-05-13,2017-05-14,2,6,2025-11-24 02:06:42,mysql_database,3.0,True,Non local
883,884,871,4,2017-05-11,2017-05-13,2017-05-12,2,7,2025-11-24 02:06:42,mysql_database,1.0,False,Non local
884,885,66,3,2017-05-13,2017-05-13,,3,8,2025-11-24 02:06:42,mysql_database,,False,Non local
885,886,1396,4,2017-05-13,2017-05-14,2017-05-15,1,2,2025-11-24 02:06:42,mysql_database,2.0,True,Non local
886,887,1195,4,2017-05-13,2017-05-15,2017-05-15,2,6,2025-11-24 02:06:42,mysql_database,2.0,False,Non local
887,888,1038,4,2017-05-14,2017-05-16,2017-05-16,2,7,2025-11-24 02:06:42,mysql_database,2.0,False,Non local
888,889,830,4,2017-05-14,2017-05-17,2017-05-15,3,8,2025-11-24 02:06:42,mysql_database,1.0,False,Non local
889,890,171,4,2017-05-15,2017-05-18,2017-05-18,2,6,2025-11-24 02:06:42,mysql_database,3.0,False,Non local
890,891,384,4,2017-05-15,2017-05-18,2017-05-16,2,6,2025-11-24 02:06:42,mysql_database,1.0,False,Non local
891,892,651,4,2017-05-15,2017-05-18,2017-05-17,2,7,2025-11-24 02:06:42,mysql_database,2.0,False,Non local
892,893,1293,4,2017-05-16,2017-05-19,2017-05-19,2,7,2025-11-24 02:06:42,mysql_database,3.0,False,Non local
893,894,1320,4,2017-05-16,2017-05-19,2017-05-19,2,6,2025-11-24 02:06:42,mysql_database,3.0,False,Non local
894,895,857,4,2017-05-18,2017-05-21,2017-05-19,2,6,2025-11-24 02:06:42,mysql_database,1.0,False,Non local
895,896,376,4,2017-05-19,2017-05-22,2017-05-21,3,9,2025-11-24 02:06:42,mysql_database,2.0,False,Non local
896,897,47,4,2017-05-20,2017-05-21,2017-05-21,1,2,2025-11-24 02:06:42,mysql_database,1.0,False,Non local
897,898,352,4,2017-05-20,2017-05-21,2017-05-22,2,6,2025-11-24 02:06:42,mysql_database,2.0,True,Non local
898,899,605,4,2017-05-20,2017-05-21,2017-05-21,2,7,2025-11-24 02:06:42,mysql_database,1.0,False,Non local
899,900,971,4,2017-05-20,2017-05-21,2017-05-22,2,6,2025-11-24 02:06:42,mysql_database,2.0,True,Non local
900,901,345,4,2017-05-21,2017-05-22,2017-05-24,2,7,2025-11-24 02:06:42,mysql_database,3.0,True,Non local
901,902,1278,4,2017-05-21,2017-05-24,2017-05-22,2,6,2025-11-24 02:06:42,mysql_database,1.0,False,Non local
902,903,179,4,2017-05-22,2017-05-23,2017-05-24,2,7,2025-11-24 02:06:42,mysql_database,2.0,True,Non local
903,904,1020,4,2017-05-23,2017-05-26,2017-05-24,1,2,2025-11-24 02:06:42,mysql_database,1.0,False,Non local
904,905,609,4,2017-05-23,2017-05-26,2017-05-24,2,6,2025-11-24 02:06:42,mysql_database,1.0,False,Non local
905,906,877,4,2017-05-23,2017-05-26,2017-05-26,2,7,2025-11-24 02:06:42,mysql_database,3.0,False,Non local
906,907,120,4,2017-05-24,2017-05-26,2017-05-27,1,2,2025-11-24 02:06:42,mysql_database,3.0,True,Non local
907,908,402,4,2017-05-25,2017-05-28,2017-05-27,2,7,2025-11-24 02:06:42,mysql_database,2.0,False,Non local
908,909,188,4,2017-05-26,2017-05-27,2017-05-28,1,2,2025-11-24 02:06:42,mysql_database,2.0,True,Non local
909,910,342,4,2017-05-26,2017-05-28,2017-05-28,2,7,2025-11-24 02:06:42,mysql_database,2.0,False,Non local
910,911,887,4,2017-05-26,2017-05-29,2017-05-29,2,6,2025-11-24 02:06:42,mysql_database,3.0,False,Non local
911,912,519,4,2017-05-27,2017-05-29,2017-05-29,1,2,2025-11-24 02:06:42,mysql_database,2.0,False,Non local
912,913,699,4,2017-05-27,2017-05-29,2017-05-29,2,6,2025-11-24 02:06:42,mysql_database,2.0,False,Non local
913,914,1068,4,2017-05-28,2017-05-31,2017-05-31,1,2,2025-11-24 02:06:42,mysql_database,3.0,False,Non local
914,915,215,4,2017-05-28,2017-05-30,2017-05-30,2,6,2025-11-24 02:06:42,mysql_database,2.0,False,Non local
915,916,718,4,2017-05-28,2017-05-29,2017-05-29,2,6,2025-11-24 02:06:42,mysql_database,1.0,False,Non local
916,917,881,4,2017-05-29,2017-05-31,2017-06-01,1,2,2025-11-24 02:06:42,mysql_database,3.0,True,Non local
917,918,242,4,2017-05-30,2017-05-31,2017-05-31,1,3,2025-11-24 02:06:42,mysql_database,1.0,False,Non local
918,919,781,4,2017-05-30,2017-05-31,2017-05-31,2,7,2025-11-24 02:06:42,mysql_database,1.0,False,Non local
919,920,966,4,2017-05-30,2017-06-01,2017-06-02,2,7,2025-11-24 02:06:42,mysql_database,3.0,True,Non local
920,921,628,4,2017-05-31,2017-06-02,2017-06-02,2,6,2025-11-24 02:06:42,mysql_database,2.0,False,Non local
921,922,656,4,2017-05-31,2017-06-01,2017-06-03,2,6,2025-11-24 02:06:42,mysql_database,3.0,True,Non local
922,923,769,4,2017-05-31,2017-06-03,2017-06-02,2,7,2025-11-24 02:06:42,mysql_database,2.0,False,Non local
923,924,68,3,2017-06-02,2017-06-02,,3,8,2025-11-24 02:06:42,mysql_database,,False,local
924,925,1316,4,2017-06-02,2017-06-05,2017-06-03,2,7,2025-11-24 02:06:42,mysql_database,1.0,False,Non local
925,926,233,4,2017-06-03,2017-06-05,2017-06-06,1,2,2025-11-24 02:06:42,mysql_database,3.0,True,Non local
926,927,1438,4,2017-06-03,2017-06-05,2017-06-06,1,2,2025-11-24 02:06:42,mysql_database,3.0,True,Non local
927,928,957,4,2017-06-05,2017-06-06,2017-06-06,1,3,2025-11-24 02:06:42,mysql_database,1.0,False,Non local
928,929,472,4,2017-06-05,2017-06-06,2017-06-08,2,6,2025-11-24 02:06:42,mysql_database,3.0,True,Non local
929,930,1224,4,2017-06-05,2017-06-06,2017-06-06,3,9,2025-11-24 02:06:42,mysql_database,1.0,False,Non local
930,931,631,4,2017-06-07,2017-06-08,2017-06-08,2,6,2025-11-24 02:06:42,mysql_database,1.0,False,Non local
931,932,804,4,2017-06-07,2017-06-08,2017-06-09,2,6,2025-11-24 02:06:42,mysql_database,2.0,True,Non local
932,933,909,4,2017-06-07,2017-06-10,2017-06-08,2,6,2025-11-24 02:06:42,mysql_database,1.0,False,Non local
933,934,93,4,2017-06-09,2017-06-10,2017-06-12,2,7,2025-11-24 02:06:42,mysql_database,3.0,True,Non local
934,935,43,3,2017-06-10,2017-06-10,,3,8,2025-11-24 02:06:42,mysql_database,,False,Non local
935,936,265,4,2017-06-10,2017-06-13,2017-06-12,2,6,2025-11-24 02:06:42,mysql_database,2.0,False,Non local
936,937,73,4,2017-06-11,2017-06-14,2017-06-13,2,7,2025-11-24 02:06:42,mysql_database,2.0,False,Non local
937,938,129,4,2017-06-11,2017-06-12,2017-06-12,2,6,2025-11-24 02:06:42,mysql_database,1.0,False,Non local
938,939,1407,4,2017-06-11,2017-06-12,2017-06-14,2,6,2025-11-24 02:06:42,mysql_database,3.0,True,Non local
939,940,585,4,2017-06-12,2017-06-14,2017-06-13,1,2,2025-11-24 02:06:42,mysql_database,1.0,False,Non local
940,941,736,4,2017-06-12,2017-06-14,2017-06-14,1,2,2025-11-24 02:06:42,mysql_database,2.0,False,Non local
941,942,537,4,2017-06-13,2017-06-16,2017-06-15,2,6,2025-11-24 02:06:42,mysql_database,2.0,False,Non local
942,943,1025,4,2017-06-13,2017-06-15,2017-06-15,2,6,2025-11-24 02:06:42,mysql_database,2.0,False,Non local
943,944,138,4,2017-06-14,2017-06-15,2017-06-17,1,3,2025-11-24 02:06:42,mysql_database,3.0,True,Non local
944,945,167,4,2017-06-14,2017-06-15,2017-06-16,2,7,2025-11-24 02:06:42,mysql_database,2.0,True,Non local
945,946,525,4,2017-06-14,2017-06-16,2017-06-15,2,6,2025-11-24 02:06:42,mysql_database,1.0,False,Non local
946,947,278,4,2017-06-15,2017-06-18,2017-06-17,1,3,2025-11-24 02:06:42,mysql_database,2.0,False,Non local
947,948,618,4,2017-06-15,2017-06-17,2017-06-17,2,6,2025-11-24 02:06:42,mysql_database,2.0,False,Non local
948,949,867,4,2017-06-16,2017-06-18,2017-06-17,1,3,2025-11-24 02:06:42,mysql_database,1.0,False,Non local
949,950,142,4,2017-06-16,2017-06-19,2017-06-18,2,6,2025-11-24 02:06:42,mysql_database,2.0,False,Non local
950,951,339,4,2017-06-16,2017-06-19,2017-06-19,2,7,2025-11-24 02:06:42,mysql_database,3.0,False,Non local
951,952,355,4,2017-06-16,2017-06-18,2017-06-18,2,7,2025-11-24 02:06:42,mysql_database,2.0,False,Non local
952,953,658,4,2017-06-16,2017-06-18,2017-06-17,2,7,2025-11-24 02:06:42,mysql_database,1.0,False,Non local
953,954,611,4,2017-06-17,2017-06-20,2017-06-20,2,6,2025-11-24 02:06:42,mysql_database,3.0,False,Non local
954,955,880,4,2017-06-17,2017-06-19,2017-06-18,2,6,2025-11-24 02:06:42,mysql_database,1.0,False,Non local
955,956,1184,4,2017-06-17,2017-06-19,2017-06-20,2,6,2025-11-24 02:06:42,mysql_database,3.0,True,Non local
956,957,722,4,2017-06-17,2017-06-20,2017-06-20,3,9,2025-11-24 02:06:42,mysql_database,3.0,False,Non local
957,958,1276,4,2017-06-18,2017-06-20,2017-06-19,1,2,2025-11-24 02:06:42,mysql_database,1.0,False,Non local
958,959,650,4,2017-06-18,2017-06-21,2017-06-21,2,7,2025-11-24 02:06:42,mysql_database,3.0,False,Non local
959,960,1390,4,2017-06-18,2017-06-19,2017-06-19,2,7,2025-11-24 02:06:42,mysql_database,1.0,False,Non local
960,961,82,4,2017-06-19,2017-06-21,2017-06-22,1,2,2025-11-24 02:06:42,mysql_database,3.0,True,Non local
961,962,570,4,2017-06-19,2017-06-22,2017-06-20,2,7,2025-11-24 02:06:42,mysql_database,1.0,False,Non local
962,963,1432,4,2017-06-19,2017-06-21,2017-06-21,2,6,2025-11-24 02:06:42,mysql_database,2.0,False,Non local
963,964,404,4,2017-06-20,2017-06-22,2017-06-22,2,7,2025-11-24 02:06:42,mysql_database,2.0,False,Non local
964,965,457,4,2017-06-20,2017-06-22,2017-06-23,2,6,2025-11-24 02:06:42,mysql_database,3.0,True,Non local
965,966,389,4,2017-06-20,2017-06-22,2017-06-22,3,8,2025-11-24 02:06:42,mysql_database,2.0,False,Non local
966,967,1323,4,2017-06-21,2017-06-24,2017-06-24,2,6,2025-11-24 02:06:42,mysql_database,3.0,False,Non local
967,968,1403,4,2017-06-21,2017-06-23,2017-06-23,2,6,2025-11-24 02:06:42,mysql_database,2.0,False,Non local
968,969,248,4,2017-06-21,2017-06-24,2017-06-22,3,9,2025-11-24 02:06:42,mysql_database,1.0,False,Non local
969,970,836,4,2017-06-22,2017-06-25,2017-06-23,2,7,2025-11-24 02:06:42,mysql_database,1.0,False,Non local
970,971,1426,4,2017-06-22,2017-06-23,2017-06-24,3,8,2025-11-24 02:06:42,mysql_database,2.0,True,Non local
971,972,270,4,2017-06-23,2017-06-24,2017-06-25,2,7,2025-11-24 02:06:42,mysql_database,2.0,True,Non local
972,973,238,4,2017-06-24,2017-06-27,2017-06-27,2,6,2025-11-24 02:06:42,mysql_database,3.0,False,Non local
973,974,511,4,2017-06-24,2017-06-27,2017-06-27,3,8,2025-11-24 02:06:42,mysql_database,3.0,False,Non local
974,975,1092,4,2017-06-25,2017-06-27,2017-06-28,2,6,2025-11-24 02:06:42,mysql_database,3.0,True,Non local
975,976,1266,4,2017-06-25,2017-06-28,2017-06-27,3,9,2025-11-24 02:06:42,mysql_database,2.0,False,Non local
976,977,400,4,2017-06-26,2017-06-28,2017-06-27,2,7,2025-11-24 02:06:42,mysql_database,1.0,False,Non local
977,978,1123,4,2017-06-26,2017-06-28,2017-06-27,2,6,2025-11-24 02:06:42,mysql_database,1.0,False,Non local
978,979,1190,4,2017-06-26,2017-06-29,2017-06-27,2,6,2025-11-24 02:06:42,mysql_database,1.0,False,Non local
979,980,328,4,2017-06-26,2017-06-28,2017-06-27,3,9,2025-11-24 02:06:42,mysql_database,1.0,False,Non local
980,981,687,4,2017-06-26,2017-06-29,2017-06-28,3,8,2025-11-24 02:06:42,mysql_database,2.0,False,Non local
981,982,1423,4,2017-06-26,2017-06-29,2017-06-28,3,9,2025-11-24 02:06:42,mysql_database,2.0,False,Non local
982,983,1158,4,2017-06-27,2017-06-28,2017-06-29,2,6,2025-11-24 02:06:42,mysql_database,2.0,True,Non local
983,984,1287,4,2017-06-27,2017-06-28,2017-06-29,2,7,2025-11-24 02:06:42,mysql_database,2.0,True,Non local
984,985,461,4,2017-06-30,2017-07-02,2017-07-01,2,6,2025-11-24 02:06:42,mysql_database,1.0,False,Non local
985,986,556,4,2017-06-30,2017-07-03,2017-07-01,2,7,2025-11-24 02:06:42,mysql_database,1.0,False,Non local
986,987,172,4,2017-07-02,2017-07-04,2017-07-04,1,2,2025-11-24 02:06:42,mysql_database,2.0,False,Non local
987,988,436,4,2017-07-02,2017-07-04,2017-07-05,2,6,2025-11-24 02:06:42,mysql_database,3.0,True,Non local
988,989,1145,4,2017-07-02,2017-07-04,2017-07-03,2,6,2025-11-24 02:06:42,mysql_database,1.0,False,Non local
989,990,706,4,2017-07-04,2017-07-07,2017-07-07,2,7,2025-11-24 02:06:42,mysql_database,3.0,False,Non local
990,991,751,4,2017-07-06,2017-07-07,2017-07-09,1,2,2025-11-24 02:06:42,mysql_database,3.0,True,Non local
991,992,723,4,2017-07-07,2017-07-10,2017-07-09,2,7,2025-11-24 02:06:42,mysql_database,2.0,False,Non local
992,993,1415,4,2017-07-09,2017-07-11,2017-07-11,1,3,2025-11-24 02:06:42,mysql_database,2.0,False,local
993,994,419,4,2017-07-09,2017-07-11,2017-07-11,2,7,2025-11-24 02:06:42,mysql_database,2.0,False,Non local
994,995,621,4,2017-07-11,2017-07-13,2017-07-14,1,2,2025-11-24 02:06:42,mysql_database,3.0,True,Non local
995,996,915,4,2017-07-11,2017-07-12,2017-07-12,1,2,2025-11-24 02:06:42,mysql_database,1.0,False,Non local
996,997,485,4,2017-07-11,2017-07-13,2017-07-14,2,7,2025-11-24 02:06:42,mysql_database,3.0,True,Non local
997,998,219,4,2017-07-12,2017-07-13,2017-07-14,2,7,2025-11-24 02:06:42,mysql_database,2.0,True,Non local
998,999,590,4,2017-07-12,2017-07-13,2017-07-14,2,6,2025-11-24 02:06:42,mysql_database,2.0,True,local
999,1000,645,4,2017-07-12,2017-07-14,2017-07-15,2,7,2025-11-24 02:06:42,mysql_database,3.0,True,Non local
1000,1001,354,4,2017-07-13,2017-07-16,2017-07-15,2,6,2025-11-24 02:06:42,mysql_database,2.0,False,Non local
1001,1002,1418,4,2017-07-14,2017-07-16,2017-07-16,1,3,2025-11-24 02:06:42,mysql_database,2.0,False,Non local
1002,1003,503,4,2017-07-14,2017-07-16,2017-07-16,2,7,2025-11-24 02:06:42,mysql_database,2.0,False,Non local
1003,1004,1389,4,2017-07-14,2017-07-17,2017-07-16,2,6,2025-11-24 02:06:42,mysql_database,2.0,False,Non local
1004,1005,266,4,2017-07-15,2017-07-17,2017-07-16,2,7,2025-11-24 02:06:42,mysql_database,1.0,False,Non local
1005,1006,1070,4,2017-07-15,2017-07-18,2017-07-17,2,7,2025-11-24 02:06:42,mysql_database,2.0,False,Non local
1006,1007,1115,4,2017-07-16,2017-07-17,2017-07-17,2,6,2025-11-24 02:06:42,mysql_database,1.0,False,Non local
1007,1008,1345,4,2017-07-16,2017-07-18,2017-07-18,2,6,2025-11-24 02:06:42,mysql_database,2.0,False,Non local
1008,1009,1064,4,2017-07-16,2017-07-19,2017-07-19,3,8,2025-11-24 02:06:42,mysql_database,3.0,False,local
1009,1010,8,3,2017-07-18,2017-07-18,,2,7,2025-11-24 02:06:42,mysql_database,,False,Non local
1010,1011,495,4,2017-07-18,2017-07-21,2017-07-21,1,3,2025-11-24 02:06:42,mysql_database,3.0,False,Non local
1011,1012,620,4,2017-07-18,2017-07-20,2017-07-20,2,7,2025-11-24 02:06:42,mysql_database,2.0,False,Non local
1012,1013,174,4,2017-07-19,2017-07-22,2017-07-21,2,6,2025-11-24 02:06:42,mysql_database,2.0,False,Non local
1013,1014,748,4,2017-07-19,2017-07-21,2017-07-21,2,6,2025-11-24 02:06:42,mysql_database,2.0,False,Non local
1014,1015,799,4,2017-07-19,2017-07-22,2017-07-21,2,7,2025-11-24 02:06:42,mysql_database,2.0,False,Non local
1015,1016,1417,4,2017-07-19,2017-07-20,2017-07-21,3,9,2025-11-24 02:06:42,mysql_database,2.0,True,Non local
1016,1017,168,4,2017-07-20,2017-07-21,2017-07-23,2,6,2025-11-24 02:06:42,mysql_database,3.0,True,Non local
1017,1018,290,4,2017-07-22,2017-07-23,2017-07-23,2,6,2025-11-24 02:06:42,mysql_database,1.0,False,Non local
1018,1019,408,4,2017-07-22,2017-07-23,2017-07-24,2,7,2025-11-24 02:06:42,mysql_database,2.0,True,Non local
1019,1020,16,3,2017-07-23,2017-07-23,,2,6,2025-11-24 02:06:42,mysql_database,,False,Non local
1020,1021,125,4,2017-07-23,2017-07-24,2017-07-26,2,6,2025-11-24 02:06:42,mysql_database,3.0,True,Non local
1021,1022,353,4,2017-07-23,2017-07-26,2017-07-24,2,7,2025-11-24 02:06:42,mysql_database,1.0,False,Non local
1022,1023,356,4,2017-07-23,2017-07-26,2017-07-25,2,6,2025-11-24 02:06:42,mysql_database,2.0,False,Non local
1023,1024,837,4,2017-07-23,2017-07-25,2017-07-26,2,7,2025-11-24 02:06:42,mysql_database,3.0,True,Non local
1024,1025,1304,4,2017-07-23,2017-07-26,2017-07-26,2,6,2025-11-24 02:06:42,mysql_database,3.0,False,Non local
1025,1026,1370,4,2017-07-26,2017-07-28,2017-07-29,1,2,2025-11-24 02:06:42,mysql_database,3.0,True,Non local
1026,1027,588,4,2017-07-26,2017-07-28,2017-07-28,2,6,2025-11-24 02:06:42,mysql_database,2.0,False,Non local
1027,1028,1273,4,2017-07-27,2017-07-28,2017-07-30,2,7,2025-11-24 02:06:42,mysql_database,3.0,True,Non local
1028,1029,407,4,2017-07-29,2017-07-30,2017-08-01,1,3,2025-11-24 02:06:42,mysql_database,3.0,True,Non local
1029,1030,161,4,2017-07-29,2017-07-30,2017-07-31,2,6,2025-11-24 02:06:42,mysql_database,2.0,True,Non local
1030,1031,1308,4,2017-07-30,2017-08-01,2017-08-02,1,2,2025-11-24 02:06:42,mysql_database,3.0,True,Non local
1031,1032,429,4,2017-07-30,2017-08-02,2017-08-01,2,6,2025-11-24 02:06:42,mysql_database,2.0,False,Non local
1032,1033,582,4,2017-07-30,2017-07-31,2017-08-02,2,7,2025-11-24 02:06:42,mysql_database,3.0,True,Non local
1033,1034,895,4,2017-07-30,2017-07-31,2017-07-31,2,7,2025-11-24 02:06:42,mysql_database,1.0,False,Non local
1034,1035,1283,4,2017-07-30,2017-08-02,2017-08-02,2,6,2025-11-24 02:06:42,mysql_database,3.0,False,Non local
1035,1036,1442,4,2017-07-30,2017-08-01,2017-07-31,2,6,2025-11-24 02:06:42,mysql_database,1.0,False,Non local
1036,1037,1229,4,2017-07-31,2017-08-02,2017-08-03,2,6,2025-11-24 02:06:42,mysql_database,3.0,True,Non local
1037,1038,1281,4,2017-07-31,2017-08-01,2017-08-03,2,7,2025-11-24 02:06:42,mysql_database,3.0,True,Non local
1038,1039,1077,4,2017-08-02,2017-08-04,2017-08-03,2,7,2025-11-24 02:06:42,mysql_database,1.0,False,Non local
1039,1040,1225,4,2017-08-04,2017-08-07,2017-08-05,1,2,2025-11-24 02:06:42,mysql_database,1.0,False,Non local
1040,1041,70,4,2017-08-04,2017-08-06,2017-08-05,2,7,2025-11-24 02:06:42,mysql_database,1.0,False,Non local
1041,1042,539,4,2017-08-06,2017-08-07,2017-08-07,2,7,2025-11-24 02:06:42,mysql_database,1.0,False,Non local
1042,1043,1235,4,2017-08-06,2017-08-09,2017-08-08,2,6,2025-11-24 02:06:42,mysql_database,2.0,False,Non local
1043,1044,1270,4,2017-08-07,2017-08-10,2017-08-08,2,7,2025-11-24 02:06:42,mysql_database,1.0,False,Non local
1044,1045,185,4,2017-08-07,2017-08-09,2017-08-10,3,9,2025-11-24 02:06:42,mysql_database,3.0,True,Non local
1045,1046,1134,4,2017-08-07,2017-08-09,2017-08-08,3,8,2025-11-24 02:06:42,mysql_database,1.0,False,Non local
1046,1047,116,3,2017-08-08,2017-08-08,,3,8,2025-11-24 02:06:42,mysql_database,,False,Non local
1047,1048,777,4,2017-08-08,2017-08-10,2017-08-09,2,7,2025-11-24 02:06:42,mysql_database,1.0,False,Non local
1048,1049,194,4,2017-08-09,2017-08-11,2017-08-10,1,2,2025-11-24 02:06:42,mysql_database,1.0,False,local
1049,1050,239,4,2017-08-09,2017-08-12,2017-08-12,1,3,2025-11-24 02:06:42,mysql_database,3.0,False,Non local
1050,1051,209,4,2017-08-10,2017-08-11,2017-08-11,2,7,2025-11-24 02:06:42,mysql_database,1.0,False,Non local
1051,1052,460,4,2017-08-10,2017-08-12,2017-08-13,2,6,2025-11-24 02:06:42,mysql_database,3.0,True,Non local
1052,1053,1439,4,2017-08-10,2017-08-11,2017-08-12,2,6,2025-11-24 02:06:42,mysql_database,2.0,True,Non local
1053,1054,189,4,2017-08-11,2017-08-12,2017-08-12,2,7,2025-11-24 02:06:42,mysql_database,1.0,False,Non local
1054,1055,140,4,2017-08-12,2017-08-15,2017-08-15,2,6,2025-11-24 02:06:42,mysql_database,3.0,False,Non local
1055,1056,325,4,2017-08-12,2017-08-15,2017-08-13,2,7,2025-11-24 02:06:42,mysql_database,1.0,False,Non local
1056,1057,456,4,2017-08-12,2017-08-15,2017-08-13,2,7,2025-11-24 02:06:42,mysql_database,1.0,False,Non local
1057,1058,782,4,2017-08-13,2017-08-16,2017-08-14,2,6,2025-11-24 02:06:42,mysql_database,1.0,False,Non local
1058,1059,6,4,2017-08-14,2017-08-17,2017-08-17,2,7,2025-11-24 02:06:42,mysql_database,3.0,False,Non local
1059,1060,182,4,2017-08-15,2017-08-18,2017-08-17,2,6,2025-11-24 02:06:42,mysql_database,2.0,False,Non local
1060,1061,655,4,2017-08-15,2017-08-18,2017-08-18,2,7,2025-11-24 02:06:42,mysql_database,3.0,False,Non local
1061,1062,1210,4,2017-08-15,2017-08-17,2017-08-18,2,6,2025-11-24 02:06:42,mysql_database,3.0,True,Non local
1062,1063,198,4,2017-08-16,2017-08-19,2017-08-19,3,8,2025-11-24 02:06:42,mysql_database,3.0,False,Non local
1063,1064,898,4,2017-08-16,2017-08-18,2017-08-19,3,9,2025-11-24 02:06:42,mysql_database,3.0,True,Non local
1064,1065,25,4,2017-08-17,2017-08-19,2017-08-19,2,7,2025-11-24 02:06:42,mysql_database,2.0,False,Non local
1065,1066,106,4,2017-08-17,2017-08-20,2017-08-19,2,7,2025-11-24 02:06:42,mysql_database,2.0,False,Non local
1066,1067,225,4,2017-08-17,2017-08-19,2017-08-19,2,7,2025-11-24 02:06:42,mysql_database,2.0,False,Non local
1067,1068,453,4,2017-08-17,2017-08-20,2017-08-19,2,7,2025-11-24 02:06:42,mysql_database,2.0,False,Non local
1068,1069,493,4,2017-08-17,2017-08-19,2017-08-18,2,6,2025-11-24 02:06:42,mysql_database,1.0,False,Non local
1069,1070,596,4,2017-08-17,2017-08-20,2017-08-18,2,7,2025-11-24 02:06:42,mysql_database,1.0,False,Non local
1070,1071,602,4,2017-08-17,2017-08-20,2017-08-18,3,8,2025-11-24 02:06:42,mysql_database,1.0,False,Non local
1071,1072,47,3,2017-08-18,2017-08-18,,1,3,2025-11-24 02:06:42,mysql_database,,False,Non local
1072,1073,911,4,2017-08-18,2017-08-19,2017-08-21,2,7,2025-11-24 02:06:42,mysql_database,3.0,True,Non local
1073,1074,11,3,2017-08-19,2017-08-19,,2,6,2025-11-24 02:06:42,mysql_database,,False,Non local
1074,1075,1003,4,2017-08-19,2017-08-21,2017-08-22,1,3,2025-11-24 02:06:42,mysql_database,3.0,True,Non local
1075,1076,42,4,2017-08-19,2017-08-22,2017-08-22,2,6,2025-11-24 02:06:42,mysql_database,3.0,False,Non local
1076,1077,412,4,2017-08-19,2017-08-20,2017-08-21,2,6,2025-11-24 02:06:42,mysql_database,2.0,True,Non local
1077,1078,793,4,2017-08-19,2017-08-21,2017-08-20,2,6,2025-11-24 02:06:42,mysql_database,1.0,False,Non local
1078,1079,812,4,2017-08-19,2017-08-20,2017-08-20,2,7,2025-11-24 02:06:42,mysql_database,1.0,False,Non local
1079,1080,1086,4,2017-08-19,2017-08-20,2017-08-20,2,7,2025-11-24 02:06:42,mysql_database,1.0,False,Non local
1080,1081,1106,4,2017-08-19,2017-08-22,2017-08-22,2,6,2025-11-24 02:06:42,mysql_database,3.0,False,Non local
1081,1082,1327,4,2017-08-20,2017-08-22,2017-08-21,2,6,2025-11-24 02:06:42,mysql_database,1.0,False,Non local
1082,1083,1372,4,2017-08-20,2017-08-23,2017-08-23,2,6,2025-11-24 02:06:42,mysql_database,3.0,False,Non local
1083,1084,2,4,2017-08-21,2017-08-24,2017-08-23,1,2,2025-11-24 02:06:42,mysql_database,2.0,False,Non local
1084,1085,305,4,2017-08-21,2017-08-23,2017-08-23,1,3,2025-11-24 02:06:42,mysql_database,2.0,False,Non local
1085,1086,220,4,2017-08-21,2017-08-23,2017-08-24,2,7,2025-11-24 02:06:42,mysql_database,3.0,True,Non local
1086,1087,675,4,2017-08-22,2017-08-23,2017-08-25,3,8,2025-11-24 02:06:42,mysql_database,3.0,True,Non local
1087,1088,1160,4,2017-08-22,2017-08-23,2017-08-23,3,8,2025-11-24 02:06:42,mysql_database,1.0,False,Non local
1088,1089,46,3,2017-08-23,2017-08-23,,1,2,2025-11-24 02:06:42,mysql_database,,False,Non local
1089,1090,1427,4,2017-08-24,2017-08-26,2017-08-26,1,2,2025-11-24 02:06:42,mysql_database,2.0,False,Non local
1090,1091,1260,4,2017-08-24,2017-08-25,2017-08-25,2,7,2025-11-24 02:06:42,mysql_database,1.0,False,Non local
1091,1092,40,4,2017-08-25,2017-08-28,2017-08-27,1,2,2025-11-24 02:06:42,mysql_database,2.0,False,Non local
1092,1093,326,4,2017-08-25,2017-08-28,2017-08-26,1,3,2025-11-24 02:06:42,mysql_database,1.0,False,Non local
1093,1094,828,4,2017-08-25,2017-08-27,2017-08-28,2,6,2025-11-24 02:06:42,mysql_database,3.0,True,Non local
1094,1095,1382,4,2017-08-26,2017-08-28,2017-08-27,3,9,2025-11-24 02:06:42,mysql_database,1.0,False,Non local
1095,1096,589,4,2017-08-27,2017-08-29,2017-08-29,1,2,2025-11-24 02:06:42,mysql_database,2.0,False,Non local
1096,1097,1311,4,2017-08-27,2017-08-30,2017-08-28,2,6,2025-11-24 02:06:42,mysql_database,1.0,False,Non local
1097,1098,752,4,2017-08-28,2017-08-30,2017-08-30,1,2,2025-11-24 02:06:42,mysql_database,2.0,False,Non local
1098,1099,1128,4,2017-08-28,2017-08-29,2017-08-30,2,6,2025-11-24 02:06:42,mysql_database,2.0,True,Non local
1099,1100,1392,4,2017-08-28,2017-08-29,2017-08-29,2,7,2025-11-24 02:06:42,mysql_database,1.0,False,Non local
1100,1101,379,4,2017-08-29,2017-08-30,2017-08-30,2,7,2025-11-24 02:06:42,mysql_database,1.0,False,Non local
1101,1102,1317,4,2017-08-29,2017-08-31,2017-08-31,2,6,2025-11-24 02:06:42,mysql_database,2.0,False,Non local
1102,1103,1394,4,2017-08-31,2017-09-02,2017-09-02,2,7,2025-11-24 02:06:42,mysql_database,2.0,False,Non local
1103,1104,268,4,2017-09-01,2017-09-04,2017-09-03,2,6,2025-11-24 02:06:42,mysql_database,2.0,False,Non local
1104,1105,747,4,2017-09-01,2017-09-04,2017-09-03,3,8,2025-11-24 02:06:42,mysql_database,2.0,False,Non local
1105,1106,1009,4,2017-09-02,2017-09-04,2017-09-04,2,6,2025-11-24 02:06:42,mysql_database,2.0,False,Non local
1106,1107,1424,4,2017-09-02,2017-09-05,2017-09-05,2,7,2025-11-24 02:06:42,mysql_database,3.0,False,Non local
1107,1108,735,4,2017-09-03,2017-09-05,2017-09-04,1,3,2025-11-24 02:06:42,mysql_database,1.0,False,Non local
1108,1109,23,4,2017-09-03,2017-09-04,2017-09-04,2,6,2025-11-24 02:06:42,mysql_database,1.0,False,Non local
1109,1110,912,4,2017-09-04,2017-09-07,2017-09-07,2,6,2025-11-24 02:06:42,mysql_database,3.0,False,Non local
1110,1111,930,4,2017-09-04,2017-09-06,2017-09-05,2,6,2025-11-24 02:06:42,mysql_database,1.0,False,Non local
1111,1112,798,4,2017-09-05,2017-09-08,2017-09-07,2,7,2025-11-24 02:06:42,mysql_database,2.0,False,Non local
1112,1113,388,4,2017-09-06,2017-09-08,2017-09-07,2,7,2025-11-24 02:06:42,mysql_database,1.0,False,Non local
1113,1114,1036,4,2017-09-06,2017-09-08,2017-09-08,2,6,2025-11-24 02:06:42,mysql_database,2.0,False,Non local
1114,1115,1100,4,2017-09-07,2017-09-09,2017-09-09,2,6,2025-11-24 02:06:42,mysql_database,2.0,False,Non local
1115,1116,52,4,2017-09-08,2017-09-10,2017-09-10,2,7,2025-11-24 02:06:42,mysql_database,2.0,False,Non local
1116,1117,334,4,2017-09-08,2017-09-10,2017-09-10,2,6,2025-11-24 02:06:42,mysql_database,2.0,False,Non local
1117,1118,1023,4,2017-09-08,2017-09-11,2017-09-11,2,6,2025-11-24 02:06:42,mysql_database,3.0,False,Non local
1118,1119,749,4,2017-09-10,2017-09-12,2017-09-13,1,2,2025-11-24 02:06:42,mysql_database,3.0,True,Non local
1119,1120,1269,4,2017-09-10,2017-09-12,2017-09-13,2,7,2025-11-24 02:06:42,mysql_database,3.0,True,Non local
1120,1121,143,4,2017-09-11,2017-09-13,2017-09-12,2,7,2025-11-24 02:06:42,mysql_database,1.0,False,Non local
1121,1122,1132,4,2017-09-12,2017-09-14,2017-09-14,2,6,2025-11-24 02:06:42,mysql_database,2.0,False,Non local
1122,1123,598,4,2017-09-13,2017-09-14,2017-09-14,2,7,2025-11-24 02:06:42,mysql_database,1.0,False,Non local
1123,1124,275,4,2017-09-13,2017-09-14,2017-09-16,3,9,2025-11-24 02:06:42,mysql_database,3.0,True,Non local
1124,1125,945,4,2017-09-14,2017-09-15,2017-09-15,2,7,2025-11-24 02:06:42,mysql_database,1.0,False,Non local
1125,1126,1213,4,2017-09-14,2017-09-16,2017-09-15,3,8,2025-11-24 02:06:42,mysql_database,1.0,False,Non local
1126,1127,494,4,2017-09-15,2017-09-16,2017-09-16,2,7,2025-11-24 02:06:42,mysql_database,1.0,False,Non local
1127,1128,936,4,2017-09-15,2017-09-17,2017-09-16,2,6,2025-11-24 02:06:42,mysql_database,1.0,False,Non local
1128,1129,663,4,2017-09-17,2017-09-18,2017-09-20,2,6,2025-11-24 02:06:42,mysql_database,3.0,True,Non local
1129,1130,69,4,2017-09-18,2017-09-20,2017-09-20,1,3,2025-11-24 02:06:42,mysql_database,2.0,False,Non local
1130,1131,1178,4,2017-09-18,2017-09-20,2017-09-19,1,3,2025-11-24 02:06:42,mysql_database,1.0,False,Non local
1131,1132,351,4,2017-09-19,2017-09-20,2017-09-20,2,6,2025-11-24 02:06:42,mysql_database,1.0,False,Non local
1132,1133,517,4,2017-09-19,2017-09-21,2017-09-21,2,7,2025-11-24 02:06:42,mysql_database,2.0,False,Non local
1133,1134,978,4,2017-09-19,2017-09-22,2017-09-20,2,6,2025-11-24 02:06:42,mysql_database,1.0,False,Non local
1134,1135,1347,4,2017-09-19,2017-09-21,2017-09-20,2,6,2025-11-24 02:06:42,mysql_database,1.0,False,Non local
1135,1136,1050,4,2017-09-20,2017-09-21,2017-09-21,2,6,2025-11-24 02:06:42,mysql_database,1.0,False,Non local
1136,1137,810,4,2017-09-20,2017-09-23,2017-09-23,3,8,2025-11-24 02:06:42,mysql_database,3.0,False,Non local
1137,1138,254,4,2017-09-21,2017-09-23,2017-09-22,1,2,2025-11-24 02:06:42,mysql_database,1.0,False,Non local
1138,1139,1006,4,2017-09-21,2017-09-22,2017-09-23,1,2,2025-11-24 02:06:42,mysql_database,2.0,True,Non local
1139,1140,1063,4,2017-09-21,2017-09-22,2017-09-22,3,8,2025-11-24 02:06:42,mysql_database,1.0,False,Non local
1140,1141,1076,4,2017-09-22,2017-09-23,2017-09-24,1,2,2025-11-24 02:06:42,mysql_database,2.0,True,Non local
1141,1142,554,4,2017-09-23,2017-09-26,2017-09-26,1,3,2025-11-24 02:06:42,mysql_database,3.0,False,Non local
1142,1143,1087,4,2017-09-24,2017-09-26,2017-09-27,1,2,2025-11-24 02:06:42,mysql_database,3.0,True,Non local
1143,1144,1414,4,2017-09-24,2017-09-27,2017-09-27,2,7,2025-11-24 02:06:42,mysql_database,3.0,False,Non local
1144,1145,617,4,2017-09-25,2017-09-27,2017-09-26,2,6,2025-11-24 02:06:42,mysql_database,1.0,False,Non local
1145,1146,757,4,2017-09-25,2017-09-26,2017-09-28,2,7,2025-11-24 02:06:42,mysql_database,3.0,True,Non local
1146,1147,1344,4,2017-09-25,2017-09-26,2017-09-27,2,6,2025-11-24 02:06:42,mysql_database,2.0,True,Non local
1147,1148,1379,4,2017-09-25,2017-09-26,2017-09-27,2,7,2025-11-24 02:06:42,mysql_database,2.0,True,Non local
1148,1149,787,4,2017-09-27,2017-09-30,2017-09-30,2,7,2025-11-24 02:06:42,mysql_database,3.0,False,Non local
1149,1150,1183,4,2017-09-28,2017-10-01,2017-09-30,2,7,2025-11-24 02:06:42,mysql_database,2.0,False,Non local
1150,1151,708,4,2017-09-29,2017-09-30,2017-09-30,1,3,2025-11-24 02:06:42,mysql_database,1.0,False,Non local
1151,1152,1244,4,2017-09-29,2017-10-02,2017-10-01,2,6,2025-11-24 02:06:42,mysql_database,2.0,False,Non local
1152,1153,720,4,2017-09-30,2017-10-03,2017-10-03,2,7,2025-11-24 02:06:42,mysql_database,3.0,False,Non local
1153,1154,789,4,2017-09-30,2017-10-03,2017-10-03,2,7,2025-11-24 02:06:42,mysql_database,3.0,False,Non local
1154,1155,865,4,2017-09-30,2017-10-01,2017-10-01,2,7,2025-11-24 02:06:42,mysql_database,1.0,False,Non local
1155,1156,869,4,2017-09-30,2017-10-03,2017-10-03,2,7,2025-11-24 02:06:42,mysql_database,3.0,False,Non local
1156,1157,24,4,2017-10-01,2017-10-03,2017-10-04,1,3,2025-11-24 02:06:42,mysql_database,3.0,True,Non local
1157,1158,889,4,2017-10-01,2017-10-03,2017-10-02,1,2,2025-11-24 02:06:42,mysql_database,1.0,False,Non local
1158,1159,1221,4,2017-10-01,2017-10-02,2017-10-03,1,3,2025-11-24 02:06:42,mysql_database,2.0,True,Non local
1159,1160,1262,4,2017-10-01,2017-10-02,2017-10-04,1,2,2025-11-24 02:06:42,mysql_database,3.0,True,Non local
1160,1161,41,4,2017-10-01,2017-10-04,2017-10-02,2,7,2025-11-24 02:06:42,mysql_database,1.0,False,Non local
1161,1162,888,4,2017-10-01,2017-10-03,2017-10-03,2,6,2025-11-24 02:06:42,mysql_database,2.0,False,Non local
1162,1163,934,4,2017-10-01,2017-10-02,2017-10-02,2,6,2025-11-24 02:06:42,mysql_database,1.0,False,Non local
1163,1164,1067,4,2017-10-01,2017-10-02,2017-10-03,2,6,2025-11-24 02:06:42,mysql_database,2.0,True,Non local
1164,1165,652,4,2017-10-02,2017-10-03,2017-10-05,2,7,2025-11-24 02:06:42,mysql_database,3.0,True,Non local
1165,1166,286,4,2017-10-03,2017-10-04,2017-10-04,2,7,2025-11-24 02:06:42,mysql_database,1.0,False,Non local
1166,1167,900,4,2017-10-04,2017-10-07,2017-10-06,1,2,2025-11-24 02:06:42,mysql_database,2.0,False,Non local
1167,1168,1031,4,2017-10-04,2017-10-05,2017-10-06,2,6,2025-11-24 02:06:42,mysql_database,2.0,True,Non local
1168,1169,1421,4,2017-10-04,2017-10-06,2017-10-07,2,7,2025-11-24 02:06:42,mysql_database,3.0,True,Non local
1169,1170,534,4,2017-10-05,2017-10-07,2017-10-06,2,6,2025-11-24 02:06:42,mysql_database,1.0,False,Non local
1170,1171,826,4,2017-10-05,2017-10-06,2017-10-08,2,6,2025-11-24 02:06:42,mysql_database,3.0,True,Non local
1171,1172,1339,4,2017-10-07,2017-10-10,2017-10-09,2,7,2025-11-24 02:06:42,mysql_database,2.0,False,Non local
1172,1173,548,4,2017-10-08,2017-10-10,2017-10-09,2,7,2025-11-24 02:06:42,mysql_database,1.0,False,Non local
1173,1174,1109,4,2017-10-08,2017-10-10,2017-10-11,2,6,2025-11-24 02:06:42,mysql_database,3.0,True,Non local
1174,1175,292,4,2017-10-09,2017-10-11,2017-10-12,2,6,2025-11-24 02:06:42,mysql_database,3.0,True,Non local
1175,1176,1111,4,2017-10-10,2017-10-13,2017-10-11,3,9,2025-11-24 02:06:42,mysql_database,1.0,False,Non local
1176,1177,21,3,2017-10-12,2017-10-12,,3,9,2025-11-24 02:06:42,mysql_database,,False,Non local
1177,1178,771,4,2017-10-12,2017-10-15,2017-10-13,2,6,2025-11-24 02:06:42,mysql_database,1.0,False,Non local
1178,1179,1150,4,2017-10-12,2017-10-15,2017-10-15,3,9,2025-11-24 02:06:42,mysql_database,3.0,False,Non local
1179,1180,1065,4,2017-10-13,2017-10-16,2017-10-16,1,3,2025-11-24 02:06:42,mysql_database,3.0,False,Non local
1180,1181,1022,4,2017-10-13,2017-10-16,2017-10-15,2,7,2025-11-24 02:06:42,mysql_database,2.0,False,Non local
1181,1182,1422,4,2017-10-13,2017-10-14,2017-10-16,2,7,2025-11-24 02:06:42,mysql_database,3.0,True,Non local
1182,1183,216,4,2017-10-14,2017-10-17,2017-10-17,2,6,2025-11-24 02:06:42,mysql_database,3.0,False,Non local
1183,1184,369,4,2017-10-14,2017-10-15,2017-10-16,2,6,2025-11-24 02:06:42,mysql_database,2.0,True,Non local
1184,1185,960,4,2017-10-14,2017-10-16,2017-10-17,2,6,2025-11-24 02:06:42,mysql_database,3.0,True,Non local
1185,1186,1120,4,2017-10-14,2017-10-16,2017-10-15,2,6,2025-11-24 02:06:42,mysql_database,1.0,False,Non local
1186,1187,486,4,2017-10-15,2017-10-18,2017-10-16,2,6,2025-11-24 02:06:42,mysql_database,1.0,False,Non local
1187,1188,647,4,2017-10-15,2017-10-18,2017-10-17,2,7,2025-11-24 02:06:42,mysql_database,2.0,False,Non local
1188,1189,1090,4,2017-10-15,2017-10-17,2017-10-18,2,6,2025-11-24 02:06:42,mysql_database,3.0,True,Non local
1189,1190,34,4,2017-10-16,2017-10-19,2017-10-17,2,6,2025-11-24 02:06:42,mysql_database,1.0,False,Non local
1190,1191,186,4,2017-10-17,2017-10-18,2017-10-18,2,6,2025-11-24 02:06:42,mysql_database,1.0,False,Non local
1191,1192,1114,4,2017-10-17,2017-10-19,2017-10-18,2,6,2025-11-24 02:06:42,mysql_database,1.0,False,Non local
1192,1193,1412,4,2017-10-17,2017-10-19,2017-10-19,2,7,2025-11-24 02:06:42,mysql_database,2.0,False,Non local
1193,1194,192,4,2017-10-19,2017-10-22,2017-10-22,1,2,2025-11-24 02:06:42,mysql_database,3.0,False,Non local
1194,1195,229,4,2017-10-19,2017-10-21,2017-10-21,2,7,2025-11-24 02:06:42,mysql_database,2.0,False,Non local
1195,1196,508,4,2017-10-19,2017-10-21,2017-10-20,2,6,2025-11-24 02:06:42,mysql_database,1.0,False,Non local
1196,1197,269,4,2017-10-21,2017-10-23,2017-10-23,2,6,2025-11-24 02:06:42,mysql_database,2.0,False,Non local
1197,1198,1289,4,2017-10-22,2017-10-24,2017-10-24,2,7,2025-11-24 02:06:42,mysql_database,2.0,False,Non local
1198,1199,318,4,2017-10-23,2017-10-24,2017-10-26,1,2,2025-11-24 02:06:42,mysql_database,3.0,True,Non local
1199,1200,48,4,2017-10-23,2017-10-25,2017-10-26,2,6,2025-11-24 02:06:42,mysql_database,3.0,True,Non local
1200,1201,201,4,2017-10-23,2017-10-24,2017-10-24,2,6,2025-11-24 02:06:42,mysql_database,1.0,False,Non local
1201,1202,593,4,2017-10-24,2017-10-25,2017-10-25,2,6,2025-11-24 02:06:42,mysql_database,1.0,False,Non local
1202,1203,1191,4,2017-10-25,2017-10-27,2017-10-26,2,7,2025-11-24 02:06:42,mysql_database,1.0,False,Non local
1203,1204,1277,4,2017-10-25,2017-10-28,2017-10-28,2,6,2025-11-24 02:06:42,mysql_database,3.0,False,Non local
1204,1205,1091,4,2017-10-26,2017-10-28,2017-10-28,1,2,2025-11-24 02:06:42,mysql_database,2.0,False,Non local
1205,1206,222,4,2017-10-26,2017-10-29,2017-10-29,2,6,2025-11-24 02:06:42,mysql_database,3.0,False,Non local
1206,1207,1002,4,2017-10-26,2017-10-28,2017-10-27,2,6,2025-11-24 02:06:42,mysql_database,1.0,False,Non local
1207,1208,1226,4,2017-10-26,2017-10-28,2017-10-27,2,7,2025-11-24 02:06:42,mysql_database,1.0,False,Non local
1208,1209,1342,4,2017-10-26,2017-10-27,2017-10-29,2,7,2025-11-24 02:06:42,mysql_database,3.0,True,Non local
1209,1210,730,4,2017-10-26,2017-10-27,2017-10-29,3,8,2025-11-24 02:06:42,mysql_database,3.0,True,Non local
1210,1211,19,4,2017-10-27,2017-10-28,2017-10-29,2,7,2025-11-24 02:06:42,mysql_database,2.0,True,Non local
1211,1212,213,4,2017-10-27,2017-10-30,2017-10-29,2,6,2025-11-24 02:06:42,mysql_database,2.0,False,Non local
1212,1213,669,4,2017-10-27,2017-10-29,2017-10-29,3,9,2025-11-24 02:06:42,mysql_database,2.0,False,Non local
1213,1214,783,4,2017-10-28,2017-10-29,2017-10-29,2,6,2025-11-24 02:06:42,mysql_database,1.0,False,Non local
1214,1215,807,4,2017-10-28,2017-10-31,2017-10-30,2,7,2025-11-24 02:06:42,mysql_database,2.0,False,Non local
1215,1216,886,4,2017-10-28,2017-10-30,2017-10-29,2,7,2025-11-24 02:06:42,mysql_database,1.0,False,Non local
1216,1217,1155,4,2017-10-28,2017-10-31,2017-10-30,2,7,2025-11-24 02:06:42,mysql_database,2.0,False,Non local
1217,1218,1017,4,2017-10-30,2017-11-01,2017-10-31,1,2,2025-11-24 02:06:42,mysql_database,1.0,False,Non local
1218,1219,840,4,2017-10-30,2017-11-02,2017-11-02,2,7,2025-11-24 02:06:42,mysql_database,3.0,False,Non local
1219,1220,803,4,2017-10-31,2017-11-03,2017-11-03,2,6,2025-11-24 02:06:42,mysql_database,3.0,False,Non local
1220,1221,1290,4,2017-10-31,2017-11-02,2017-11-01,2,7,2025-11-24 02:06:42,mysql_database,1.0,False,Non local
1221,1222,482,4,2017-11-01,2017-11-04,2017-11-03,3,9,2025-11-24 02:06:42,mysql_database,2.0,False,Non local
1222,1223,1207,4,2017-11-02,2017-11-03,2017-11-03,2,6,2025-11-24 02:06:42,mysql_database,1.0,False,Non local
1223,1224,544,4,2017-11-03,2017-11-04,2017-11-04,2,6,2025-11-24 02:06:42,mysql_database,1.0,False,Non local
1224,1225,768,4,2017-11-04,2017-11-05,2017-11-07,1,2,2025-11-24 02:06:42,mysql_database,3.0,True,Non local
1225,1226,226,4,2017-11-04,2017-11-07,2017-11-06,2,7,2025-11-24 02:06:42,mysql_database,2.0,False,Non local
1226,1227,702,4,2017-11-04,2017-11-07,2017-11-06,2,6,2025-11-24 02:06:42,mysql_database,2.0,False,Non local
1227,1228,1041,4,2017-11-04,2017-11-06,2017-11-06,2,6,2025-11-24 02:06:42,mysql_database,2.0,False,Non local
1228,1229,89,4,2017-11-05,2017-11-08,2017-11-06,1,3,2025-11-24 02:06:42,mysql_database,1.0,False,Non local
1229,1230,1107,4,2017-11-05,2017-11-06,2017-11-07,2,6,2025-11-24 02:06:42,mysql_database,2.0,True,Non local
1230,1231,1180,4,2017-11-05,2017-11-07,2017-11-06,2,6,2025-11-24 02:06:42,mysql_database,1.0,False,Non local
1231,1232,665,4,2017-11-06,2017-11-07,2017-11-09,1,3,2025-11-24 02:06:42,mysql_database,3.0,True,Non local
1232,1233,462,4,2017-11-06,2017-11-07,2017-11-08,2,6,2025-11-24 02:06:42,mysql_database,2.0,True,Non local
1233,1234,19,3,2017-11-07,2017-11-07,,2,6,2025-11-24 02:06:42,mysql_database,,False,Non local
1234,1235,210,4,2017-11-07,2017-11-08,2017-11-09,2,6,2025-11-24 02:06:42,mysql_database,2.0,True,Non local
1235,1236,243,4,2017-11-08,2017-11-11,2017-11-09,2,7,2025-11-24 02:06:42,mysql_database,1.0,False,Non local
1236,1237,571,4,2017-11-09,2017-11-12,2017-11-11,1,2,2025-11-24 02:06:42,mysql_database,2.0,False,Non local
1237,1238,998,4,2017-11-09,2017-11-10,2017-11-11,2,6,2025-11-24 02:06:42,mysql_database,2.0,True,Non local
1238,1239,1197,4,2017-11-09,2017-11-10,2017-11-11,2,7,2025-11-24 02:06:42,mysql_database,2.0,True,Non local
1239,1240,903,4,2017-11-10,2017-11-11,2017-11-11,2,7,2025-11-24 02:06:42,mysql_database,1.0,False,Non local
1240,1241,1170,4,2017-11-10,2017-11-12,2017-11-11,2,7,2025-11-24 02:06:42,mysql_database,1.0,False,Non local
1241,1242,303,4,2017-11-11,2017-11-12,2017-11-12,2,6,2025-11-24 02:06:42,mysql_database,1.0,False,Non local
1242,1243,346,4,2017-11-11,2017-11-13,2017-11-14,2,6,2025-11-24 02:06:42,mysql_database,3.0,True,Non local
1243,1244,333,4,2017-11-12,2017-11-14,2017-11-13,2,6,2025-11-24 02:06:42,mysql_database,1.0,False,Non local
1244,1245,1166,4,2017-11-13,2017-11-16,2017-11-14,2,7,2025-11-24 02:06:42,mysql_database,1.0,False,Non local
1245,1246,1329,4,2017-11-13,2017-11-16,2017-11-16,2,7,2025-11-24 02:06:42,mysql_database,3.0,False,Non local
1246,1247,426,4,2017-11-16,2017-11-18,2017-11-17,1,2,2025-11-24 02:06:42,mysql_database,1.0,False,Non local
1247,1248,1367,4,2017-11-16,2017-11-17,2017-11-18,1,3,2025-11-24 02:06:42,mysql_database,2.0,True,Non local
1248,1249,545,4,2017-11-17,2017-11-18,2017-11-20,2,6,2025-11-24 02:06:42,mysql_database,3.0,True,Non local
1249,1250,1188,4,2017-11-17,2017-11-19,2017-11-18,2,6,2025-11-24 02:06:42,mysql_database,1.0,False,Non local
1250,1251,289,4,2017-11-17,2017-11-19,2017-11-19,3,9,2025-11-24 02:06:42,mysql_database,2.0,False,Non local
1251,1252,110,4,2017-11-18,2017-11-20,2017-11-21,1,3,2025-11-24 02:06:42,mysql_database,3.0,True,Non local
1252,1253,44,4,2017-11-18,2017-11-21,2017-11-21,2,6,2025-11-24 02:06:42,mysql_database,3.0,False,Non local
1253,1254,1098,4,2017-11-18,2017-11-19,2017-11-19,2,7,2025-11-24 02:06:42,mysql_database,1.0,False,Non local
1254,1255,375,4,2017-11-19,2017-11-20,2017-11-21,2,6,2025-11-24 02:06:42,mysql_database,2.0,True,Non local
1255,1256,458,4,2017-11-19,2017-11-20,2017-11-22,2,6,2025-11-24 02:06:42,mysql_database,3.0,True,Non local
1256,1257,1136,4,2017-11-19,2017-11-22,2017-11-20,2,7,2025-11-24 02:06:42,mysql_database,1.0,False,Non local
1257,1258,1099,4,2017-11-20,2017-11-21,2017-11-22,2,7,2025-11-24 02:06:42,mysql_database,2.0,True,Non local
1258,1259,4,3,2017-11-21,2017-11-21,,2,7,2025-11-24 02:06:42,mysql_database,,False,Non local
1259,1260,1117,4,2017-11-22,2017-11-23,2017-11-24,2,6,2025-11-24 02:06:42,mysql_database,2.0,True,Non local
1260,1261,435,4,2017-11-23,2017-11-25,2017-11-24,2,7,2025-11-24 02:06:42,mysql_database,1.0,False,Non local
1261,1262,509,4,2017-11-23,2017-11-26,2017-11-26,2,6,2025-11-24 02:06:42,mysql_database,3.0,False,Non local
1262,1263,1408,4,2017-11-23,2017-11-26,2017-11-26,2,6,2025-11-24 02:06:42,mysql_database,3.0,False,Non local
1263,1264,113,4,2017-11-24,2017-11-27,2017-11-25,2,6,2025-11-24 02:06:42,mysql_database,1.0,False,Non local
1264,1265,950,4,2017-11-24,2017-11-27,2017-11-27,2,7,2025-11-24 02:06:42,mysql_database,3.0,False,Non local
1265,1266,387,4,2017-11-25,2017-11-28,2017-11-27,2,6,2025-11-24 02:06:42,mysql_database,2.0,False,Non local
1266,1267,467,4,2017-11-25,2017-11-26,2017-11-26,2,6,2025-11-24 02:06:42,mysql_database,1.0,False,Non local
1267,1268,774,4,2017-11-26,2017-11-28,2017-11-29,1,3,2025-11-24 02:06:42,mysql_database,3.0,True,Non local
1268,1269,1236,4,2017-11-26,2017-11-29,2017-11-29,2,6,2025-11-24 02:06:42,mysql_database,3.0,False,Non local
1269,1270,1388,4,2017-11-26,2017-11-29,2017-11-29,2,6,2025-11-24 02:06:42,mysql_database,3.0,False,Non local
1270,1271,734,4,2017-11-27,2017-11-30,2017-11-30,2,6,2025-11-24 02:06:42,mysql_database,3.0,False,Non local
1271,1272,935,4,2017-11-27,2017-11-29,2017-11-30,2,6,2025-11-24 02:06:42,mysql_database,3.0,True,Non local
1272,1273,1268,4,2017-11-27,2017-11-29,2017-11-29,2,6,2025-11-24 02:06:42,mysql_database,2.0,False,Non local
1273,1274,1364,4,2017-11-28,2017-11-29,2017-12-01,2,7,2025-11-24 02:06:42,mysql_database,3.0,True,Non local
1274,1275,165,4,2017-11-29,2017-12-01,2017-11-30,1,2,2025-11-24 02:06:42,mysql_database,1.0,False,Non local
1275,1276,893,4,2017-11-30,2017-12-03,2017-12-02,2,6,2025-11-24 02:06:42,mysql_database,2.0,False,Non local
1276,1277,227,4,2017-12-01,2017-12-04,2017-12-02,2,6,2025-11-24 02:06:42,mysql_database,1.0,False,Non local
1277,1278,980,4,2017-12-01,2017-12-02,2017-12-04,2,7,2025-11-24 02:06:42,mysql_database,3.0,True,Non local
1278,1279,1014,4,2017-12-01,2017-12-04,2017-12-03,2,6,2025-11-24 02:06:42,mysql_database,2.0,False,Non local
1279,1280,123,4,2017-12-01,2017-12-03,2017-12-03,3,9,2025-11-24 02:06:42,mysql_database,2.0,False,Non local
1280,1281,1060,4,2017-12-02,2017-12-05,2017-12-05,2,6,2025-11-24 02:06:42,mysql_database,3.0,False,Non local
1281,1282,320,4,2017-12-03,2017-12-05,2017-12-05,2,6,2025-11-24 02:06:42,mysql_database,2.0,False,Non local
1282,1283,85,4,2017-12-04,2017-12-07,2017-12-07,2,7,2025-11-24 02:06:42,mysql_database,3.0,False,Non local
1283,1284,128,4,2017-12-04,2017-12-06,2017-12-07,2,7,2025-11-24 02:06:42,mysql_database,3.0,True,Non local
1284,1285,262,4,2017-12-04,2017-12-07,2017-12-07,2,7,2025-11-24 02:06:42,mysql_database,3.0,False,Non local
1285,1286,1033,4,2017-12-04,2017-12-07,2017-12-06,2,7,2025-11-24 02:06:42,mysql_database,2.0,False,Non local
1286,1287,279,4,2017-12-07,2017-12-10,2017-12-09,1,3,2025-11-24 02:06:42,mysql_database,2.0,False,Non local
1287,1288,778,4,2017-12-07,2017-12-10,2017-12-09,3,9,2025-11-24 02:06:42,mysql_database,2.0,False,Non local
1288,1289,1292,4,2017-12-08,2017-12-11,2017-12-10,1,3,2025-11-24 02:06:42,mysql_database,2.0,False,Non local
1289,1290,967,4,2017-12-08,2017-12-10,2017-12-10,2,6,2025-11-24 02:06:42,mysql_database,2.0,False,Non local
1290,1291,1284,4,2017-12-09,2017-12-11,2017-12-12,2,6,2025-11-24 02:06:42,mysql_database,3.0,True,Non local
1291,1292,285,4,2017-12-10,2017-12-13,2017-12-11,2,6,2025-11-24 02:06:42,mysql_database,1.0,False,Non local
1292,1293,1401,4,2017-12-10,2017-12-12,2017-12-11,2,7,2025-11-24 02:06:42,mysql_database,1.0,False,Non local
1293,1294,947,4,2017-12-11,2017-12-13,2017-12-14,1,2,2025-11-24 02:06:42,mysql_database,3.0,True,Non local
1294,1295,37,4,2017-12-11,2017-12-12,2017-12-14,2,7,2025-11-24 02:06:42,mysql_database,3.0,True,Non local
1295,1296,231,4,2017-12-14,2017-12-17,2017-12-15,1,3,2025-11-24 02:06:42,mysql_database,1.0,False,Non local
1296,1297,108,4,2017-12-14,2017-12-17,2017-12-16,2,6,2025-11-24 02:06:42,mysql_database,2.0,False,Non local
1297,1298,533,4,2017-12-14,2017-12-17,2017-12-16,3,9,2025-11-24 02:06:42,mysql_database,2.0,False,Non local
1298,1299,1216,4,2017-12-15,2017-12-18,2017-12-16,1,2,2025-11-24 02:06:42,mysql_database,1.0,False,Non local
1299,1300,824,4,2017-12-15,2017-12-17,2017-12-17,2,6,2025-11-24 02:06:42,mysql_database,2.0,False,Non local
1300,1301,1088,4,2017-12-16,2017-12-19,2017-12-19,1,3,2025-11-24 02:06:42,mysql_database,3.0,False,Non local
1301,1302,322,4,2017-12-16,2017-12-18,2017-12-19,2,7,2025-11-24 02:06:42,mysql_database,3.0,True,Non local
1302,1303,878,4,2017-12-16,2017-12-19,2017-12-18,2,7,2025-11-24 02:06:42,mysql_database,2.0,False,Non local
1303,1304,1409,4,2017-12-16,2017-12-17,2017-12-17,2,6,2025-11-24 02:06:42,mysql_database,1.0,False,Non local
1304,1305,257,4,2017-12-17,2017-12-19,2017-12-18,2,7,2025-11-24 02:06:42,mysql_database,1.0,False,Non local
1305,1306,28,4,2017-12-20,2017-12-21,2017-12-22,2,6,2025-11-24 02:06:42,mysql_database,2.0,True,Non local
1306,1307,1384,4,2017-12-22,2017-12-23,2017-12-25,1,2,2025-11-24 02:06:42,mysql_database,3.0,True,Non local
1307,1308,713,4,2017-12-22,2017-12-24,2017-12-24,2,7,2025-11-24 02:06:42,mysql_database,2.0,False,Non local
1308,1309,821,4,2017-12-22,2017-12-25,2017-12-24,2,6,2025-11-24 02:06:42,mysql_database,2.0,False,Non local
1309,1310,444,4,2017-12-24,2017-12-25,2017-12-26,1,3,2025-11-24 02:06:42,mysql_database,2.0,True,Non local
1310,1311,1021,4,2017-12-24,2017-12-26,2017-12-27,2,6,2025-11-24 02:06:42,mysql_database,3.0,True,Non local
1311,1312,311,4,2017-12-25,2017-12-28,2017-12-26,1,3,2025-11-24 02:06:42,mysql_database,1.0,False,Non local
1312,1313,1294,4,2017-12-25,2017-12-27,2017-12-27,1,3,2025-11-24 02:06:42,mysql_database,2.0,False,Non local
1313,1314,1027,4,2017-12-25,2017-12-26,2017-12-28,2,7,2025-11-24 02:06:42,mysql_database,3.0,True,Non local
1314,1315,931,4,2017-12-25,2017-12-27,2017-12-28,3,9,2025-11-24 02:06:42,mysql_database,3.0,True,Non local
1315,1316,846,4,2017-12-26,2017-12-29,2017-12-27,1,3,2025-11-24 02:06:42,mysql_database,1.0,False,Non local
1316,1317,418,4,2017-12-27,2017-12-28,2017-12-29,1,3,2025-11-24 02:06:42,mysql_database,2.0,True,Non local
1317,1318,75,4,2017-12-27,2017-12-30,2017-12-29,2,6,2025-11-24 02:06:42,mysql_database,2.0,False,Non local
1318,1319,604,4,2017-12-27,2017-12-30,2017-12-30,2,6,2025-11-24 02:06:42,mysql_database,3.0,False,Non local
1319,1320,244,4,2017-12-28,2017-12-30,2017-12-29,1,3,2025-11-24 02:06:42,mysql_database,1.0,False,Non local
1320,1321,217,4,2017-12-30,2017-12-31,2017-12-31,1,3,2025-11-24 02:06:42,mysql_database,1.0,False,Non local
1321,1322,39,4,2017-12-31,2018-01-03,2018-01-02,2,7,2025-11-24 02:06:42,mysql_database,2.0,False,Non local
1322,1323,273,4,2017-12-31,2018-01-01,2018-01-01,2,6,2025-11-24 02:06:42,mysql_database,1.0,False,Non local
1323,1324,862,4,2018-01-01,2018-01-04,2018-01-03,2,6,2025-11-24 02:06:42,mysql_database,2.0,False,Non local
1324,1325,68,4,2018-01-01,2018-01-02,2018-01-03,3,8,2025-11-24 02:06:42,mysql_database,2.0,True,local
1325,1326,567,4,2018-01-01,2018-01-03,2018-01-02,3,9,2025-11-24 02:06:42,mysql_database,1.0,False,Non local
1326,1327,1026,4,2018-01-02,2018-01-03,2018-01-05,2,6,2025-11-24 02:06:42,mysql_database,3.0,True,Non local
1327,1328,1083,4,2018-01-02,2018-01-03,2018-01-03,2,6,2025-11-24 02:06:42,mysql_database,1.0,False,Non local
1328,1329,443,4,2018-01-04,2018-01-05,2018-01-06,1,3,2025-11-24 02:06:42,mysql_database,2.0,True,Non local
1329,1330,761,4,2018-01-04,2018-01-05,2018-01-07,2,7,2025-11-24 02:06:42,mysql_database,3.0,True,Non local
1330,1331,1122,4,2018-01-05,2018-01-06,2018-01-08,2,6,2025-11-24 02:06:42,mysql_database,3.0,True,Non local
1331,1332,256,4,2018-01-06,2018-01-07,2018-01-09,2,7,2025-11-24 02:06:42,mysql_database,3.0,True,Non local
1332,1333,203,4,2018-01-06,2018-01-07,2018-01-07,3,8,2025-11-24 02:06:42,mysql_database,1.0,False,Non local
1333,1334,425,4,2018-01-07,2018-01-09,2018-01-10,2,6,2025-11-24 02:06:42,mysql_database,3.0,True,Non local
1334,1335,955,4,2018-01-07,2018-01-08,2018-01-08,2,7,2025-11-24 02:06:42,mysql_database,1.0,False,Non local
1335,1336,904,4,2018-01-09,2018-01-10,2018-01-12,1,2,2025-11-24 02:06:42,mysql_database,3.0,True,Non local
1336,1337,970,4,2018-01-09,2018-01-12,2018-01-12,2,7,2025-11-24 02:06:42,mysql_database,3.0,False,Non local
1337,1338,905,4,2018-01-10,2018-01-11,2018-01-13,2,6,2025-11-24 02:06:42,mysql_database,3.0,True,Non local
1338,1339,580,4,2018-01-11,2018-01-14,2018-01-13,1,3,2025-11-24 02:06:42,mysql_database,2.0,False,Non local
1339,1340,1066,4,2018-01-12,2018-01-13,2018-01-13,1,3,2025-11-24 02:06:42,mysql_database,1.0,False,Non local
1340,1341,1258,4,2018-01-12,2018-01-13,2018-01-14,2,7,2025-11-24 02:06:42,mysql_database,2.0,True,Non local
1341,1342,1393,4,2018-01-12,2018-01-13,2018-01-15,2,7,2025-11-24 02:06:42,mysql_database,3.0,True,Non local
1342,1343,594,4,2018-01-13,2018-01-15,2018-01-14,2,6,2025-11-24 02:06:42,mysql_database,1.0,False,Non local
1343,1344,916,4,2018-01-13,2018-01-16,2018-01-15,2,6,2025-11-24 02:06:42,mysql_database,2.0,False,Non local
1344,1345,1037,4,2018-01-14,2018-01-15,2018-01-15,2,6,2025-11-24 02:06:42,mysql_database,1.0,False,Non local
1345,1346,136,4,2018-01-14,2018-01-15,2018-01-15,3,8,2025-11-24 02:06:42,mysql_database,1.0,False,Non local
1346,1347,247,4,2018-01-15,2018-01-18,2018-01-18,1,2,2025-11-24 02:06:42,mysql_database,3.0,False,Non local
1347,1348,1214,4,2018-01-15,2018-01-17,2018-01-17,1,2,2025-11-24 02:06:42,mysql_database,2.0,False,Non local
1348,1349,464,4,2018-01-15,2018-01-17,2018-01-16,2,6,2025-11-24 02:06:42,mysql_database,1.0,False,Non local
1349,1350,637,4,2018-01-15,2018-01-18,2018-01-17,2,7,2025-11-24 02:06:42,mysql_database,2.0,False,Non local
1350,1351,1016,4,2018-01-16,2018-01-19,2018-01-19,2,7,2025-11-24 02:06:42,mysql_database,3.0,False,Non local
1351,1352,1433,4,2018-01-16,2018-01-18,2018-01-18,2,6,2025-11-24 02:06:42,mysql_database,2.0,False,Non local
1352,1353,502,4,2018-01-17,2018-01-19,2018-01-18,2,6,2025-11-24 02:06:42,mysql_database,1.0,False,Non local
1353,1354,476,4,2018-01-19,2018-01-20,2018-01-21,1,3,2025-11-24 02:06:42,mysql_database,2.0,True,local
1354,1355,1010,4,2018-01-19,2018-01-21,2018-01-20,2,7,2025-11-24 02:06:42,mysql_database,1.0,False,Non local
1355,1356,1161,4,2018-01-19,2018-01-21,2018-01-22,2,6,2025-11-24 02:06:42,mysql_database,3.0,True,Non local
1356,1357,440,4,2018-01-20,2018-01-23,2018-01-21,2,6,2025-11-24 02:06:42,mysql_database,1.0,False,Non local
1357,1358,253,4,2018-01-21,2018-01-23,2018-01-24,1,2,2025-11-24 02:06:42,mysql_database,3.0,True,Non local
1358,1359,1008,4,2018-01-21,2018-01-22,2018-01-22,3,9,2025-11-24 02:06:42,mysql_database,1.0,False,Non local
1359,1360,71,4,2018-01-22,2018-01-25,2018-01-24,2,6,2025-11-24 02:06:42,mysql_database,2.0,False,Non local
1360,1361,1084,4,2018-01-22,2018-01-24,2018-01-23,2,7,2025-11-24 02:06:42,mysql_database,1.0,False,Non local
1361,1362,310,4,2018-01-23,2018-01-24,2018-01-25,2,6,2025-11-24 02:06:42,mysql_database,2.0,True,Non local
1362,1363,860,4,2018-01-24,2018-01-25,2018-01-25,2,6,2025-11-24 02:06:42,mysql_database,1.0,False,Non local
1363,1364,122,4,2018-01-25,2018-01-28,2018-01-28,2,6,2025-11-24 02:06:42,mysql_database,3.0,False,Non local
1364,1365,689,4,2018-01-25,2018-01-28,2018-01-27,2,7,2025-11-24 02:06:42,mysql_database,2.0,False,Non local
1365,1366,1441,4,2018-01-26,2018-01-27,2018-01-28,2,6,2025-11-24 02:06:42,mysql_database,2.0,True,Non local
1366,1367,1118,4,2018-01-27,2018-01-28,2018-01-28,1,3,2025-11-24 02:06:42,mysql_database,1.0,False,Non local
1367,1368,765,4,2018-01-27,2018-01-28,2018-01-29,2,6,2025-11-24 02:06:42,mysql_database,2.0,True,Non local
1368,1369,92,4,2018-01-28,2018-01-30,2018-01-30,2,6,2025-11-24 02:06:42,mysql_database,2.0,False,Non local
1369,1370,115,4,2018-01-28,2018-01-29,2018-01-29,2,7,2025-11-24 02:06:42,mysql_database,1.0,False,Non local
1370,1371,937,4,2018-01-29,2018-01-30,2018-02-01,2,7,2025-11-24 02:06:42,mysql_database,3.0,True,Non local
1371,1372,1013,4,2018-01-29,2018-02-01,2018-01-30,2,6,2025-11-24 02:06:42,mysql_database,1.0,False,Non local
1372,1373,427,4,2018-01-29,2018-01-31,2018-01-31,3,9,2025-11-24 02:06:42,mysql_database,2.0,False,Non local
1373,1374,1330,4,2018-01-30,2018-02-01,2018-02-01,1,3,2025-11-24 02:06:42,mysql_database,2.0,False,Non local
1374,1375,312,4,2018-01-30,2018-02-01,2018-02-01,3,8,2025-11-24 02:06:42,mysql_database,2.0,False,Non local
1375,1376,1186,4,2018-02-01,2018-02-02,2018-02-03,1,2,2025-11-24 02:06:42,mysql_database,2.0,True,Non local
1376,1377,1007,4,2018-02-01,2018-02-03,2018-02-03,2,7,2025-11-24 02:06:42,mysql_database,2.0,False,Non local
1377,1378,983,4,2018-02-02,2018-02-05,2018-02-04,1,2,2025-11-24 02:06:42,mysql_database,2.0,False,Non local
1378,1379,1256,4,2018-02-02,2018-02-05,2018-02-05,2,6,2025-11-24 02:06:42,mysql_database,3.0,False,Non local
1379,1380,818,4,2018-02-05,2018-02-08,2018-02-08,1,3,2025-11-24 02:06:42,mysql_database,3.0,False,Non local
1380,1381,680,4,2018-02-05,2018-02-06,2018-02-08,2,7,2025-11-24 02:06:42,mysql_database,3.0,True,Non local
1381,1382,1303,4,2018-02-06,2018-02-09,2018-02-08,2,6,2025-11-24 02:06:42,mysql_database,2.0,False,Non local
1382,1383,488,4,2018-02-07,2018-02-08,2018-02-08,1,3,2025-11-24 02:06:42,mysql_database,1.0,False,Non local
1383,1384,1126,4,2018-02-08,2018-02-10,2018-02-09,2,7,2025-11-24 02:06:42,mysql_database,1.0,False,Non local
1384,1385,866,4,2018-02-08,2018-02-11,2018-02-09,3,9,2025-11-24 02:06:42,mysql_database,1.0,False,Non local
1385,1386,1254,4,2018-02-09,2018-02-10,2018-02-11,1,2,2025-11-24 02:06:42,mysql_database,2.0,True,Non local
1386,1387,11,4,2018-02-09,2018-02-11,2018-02-11,2,7,2025-11-24 02:06:42,mysql_database,2.0,False,Non local
1387,1388,323,4,2018-02-09,2018-02-12,2018-02-12,2,7,2025-11-24 02:06:42,mysql_database,3.0,False,Non local
1388,1389,491,4,2018-02-11,2018-02-12,2018-02-14,2,7,2025-11-24 02:06:42,mysql_database,3.0,True,Non local
1389,1390,63,4,2018-02-12,2018-02-13,2018-02-13,2,7,2025-11-24 02:06:42,mysql_database,1.0,False,Non local
1390,1391,914,4,2018-02-13,2018-02-14,2018-02-14,2,7,2025-11-24 02:06:42,mysql_database,1.0,False,Non local
1391,1392,1187,4,2018-02-13,2018-02-14,2018-02-14,2,6,2025-11-24 02:06:42,mysql_database,1.0,False,Non local
1392,1393,547,4,2018-02-14,2018-02-15,2018-02-15,2,7,2025-11-24 02:06:42,mysql_database,1.0,False,Non local
1393,1394,906,4,2018-02-14,2018-02-16,2018-02-16,3,8,2025-11-24 02:06:42,mysql_database,2.0,False,Non local
1394,1395,1052,4,2018-02-15,2018-02-18,2018-02-16,1,3,2025-11-24 02:06:42,mysql_database,1.0,False,Non local
1395,1396,856,4,2018-02-15,2018-02-18,2018-02-16,2,7,2025-11-24 02:06:42,mysql_database,1.0,False,Non local
1396,1397,920,4,2018-02-15,2018-02-17,2018-02-16,2,6,2025-11-24 02:06:42,mysql_database,1.0,False,Non local
1397,1398,1383,4,2018-02-16,2018-02-19,2018-02-19,1,3,2025-11-24 02:06:42,mysql_database,3.0,False,Non local
1398,1399,146,4,2018-02-16,2018-02-18,2018-02-18,2,6,2025-11-24 02:06:42,mysql_database,2.0,False,Non local
1399,1400,987,4,2018-02-17,2018-02-18,2018-02-18,2,6,2025-11-24 02:06:42,mysql_database,1.0,False,Non local
1400,1401,15,4,2018-02-18,2018-02-19,2018-02-20,2,7,2025-11-24 02:06:42,mysql_database,2.0,True,Non local
1401,1402,1171,4,2018-02-19,2018-02-21,2018-02-21,2,6,2025-11-24 02:06:42,mysql_database,2.0,False,Non local
1402,1403,452,4,2018-02-21,2018-02-22,2018-02-22,2,7,2025-11-24 02:06:42,mysql_database,1.0,False,Non local
1403,1404,1240,4,2018-02-23,2018-02-26,2018-02-24,1,3,2025-11-24 02:06:42,mysql_database,1.0,False,Non local
1404,1405,100,4,2018-02-25,2018-02-28,2018-02-27,2,6,2025-11-24 02:06:42,mysql_database,2.0,False,Non local
1405,1406,1053,4,2018-02-25,2018-02-27,2018-02-27,2,7,2025-11-24 02:06:42,mysql_database,2.0,False,Non local
1406,1407,18,3,2018-02-26,2018-02-26,,2,6,2025-11-24 02:06:42,mysql_database,,False,Non local
1407,1408,1172,4,2018-02-26,2018-02-27,2018-03-01,2,6,2025-11-24 02:06:42,mysql_database,3.0,True,Non local
1408,1409,21,4,2018-02-26,2018-02-28,2018-02-28,3,8,2025-11-24 02:06:42,mysql_database,2.0,False,Non local
1409,1410,1005,4,2018-02-27,2018-02-28,2018-02-28,2,7,2025-11-24 02:06:42,mysql_database,1.0,False,Non local
1410,1411,109,4,2018-03-01,2018-03-02,2018-03-02,1,2,2025-11-24 02:06:42,mysql_database,1.0,False,Non local
1411,1412,1043,4,2018-03-01,2018-03-02,2018-03-04,2,7,2025-11-24 02:06:42,mysql_database,3.0,True,Non local
1412,1413,56,4,2018-03-01,2018-03-03,2018-03-04,3,8,2025-11-24 02:06:42,mysql_database,3.0,True,Non local
1413,1414,293,4,2018-03-03,2018-03-05,2018-03-06,2,7,2025-11-24 02:06:42,mysql_database,3.0,True,Non local
1414,1415,839,4,2018-03-03,2018-03-04,2018-03-05,2,7,2025-11-24 02:06:42,mysql_database,2.0,True,Non local
1415,1416,566,4,2018-03-03,2018-03-04,2018-03-06,3,8,2025-11-24 02:06:42,mysql_database,3.0,True,Non local
1416,1417,300,4,2018-03-04,2018-03-06,2018-03-07,1,2,2025-11-24 02:06:42,mysql_database,3.0,True,Non local
1417,1418,364,4,2018-03-04,2018-03-05,2018-03-07,2,6,2025-11-24 02:06:42,mysql_database,3.0,True,Non local
1418,1419,474,4,2018-03-04,2018-03-07,2018-03-07,2,6,2025-11-24 02:06:42,mysql_database,3.0,False,Non local
1419,1420,838,4,2018-03-04,2018-03-05,2018-03-07,2,7,2025-11-24 02:06:42,mysql_database,3.0,True,Non local
1420,1421,1176,4,2018-03-05,2018-03-07,2018-03-07,2,7,2025-11-24 02:06:42,mysql_database,2.0,False,Non local
1421,1422,599,4,2018-03-05,2018-03-06,2018-03-08,3,8,2025-11-24 02:06:42,mysql_database,3.0,True,Non local
1422,1423,1231,4,2018-03-06,2018-03-07,2018-03-07,1,2,2025-11-24 02:06:42,mysql_database,1.0,False,Non local
1423,1424,1445,4,2018-03-07,2018-03-10,2018-03-10,1,2,2025-11-24 02:06:42,mysql_database,3.0,False,Non local
1424,1425,126,4,2018-03-07,2018-03-09,2018-03-09,2,6,2025-11-24 02:06:42,mysql_database,2.0,False,Non local
1425,1426,938,4,2018-03-07,2018-03-08,2018-03-10,2,6,2025-11-24 02:06:42,mysql_database,3.0,True,Non local
1426,1427,999,4,2018-03-07,2018-03-08,2018-03-08,2,6,2025-11-24 02:06:42,mysql_database,1.0,False,Non local
1427,1428,195,4,2018-03-08,2018-03-10,2018-03-11,2,7,2025-11-24 02:06:42,mysql_database,3.0,True,Non local
1428,1429,1116,4,2018-03-08,2018-03-09,2018-03-09,2,6,2025-11-24 02:06:42,mysql_database,1.0,False,Non local
1429,1430,1239,4,2018-03-10,2018-03-13,2018-03-11,2,7,2025-11-24 02:06:42,mysql_database,1.0,False,Non local
1430,1431,308,4,2018-03-11,2018-03-12,2018-03-14,2,6,2025-11-24 02:06:42,mysql_database,3.0,True,Non local
1431,1432,483,4,2018-03-11,2018-03-12,2018-03-14,2,6,2025-11-24 02:06:42,mysql_database,3.0,True,Non local
1432,1433,1142,4,2018-03-11,2018-03-13,2018-03-12,2,7,2025-11-24 02:06:42,mysql_database,1.0,False,Non local
1433,1434,595,4,2018-03-14,2018-03-16,2018-03-16,2,6,2025-11-24 02:06:42,mysql_database,2.0,False,Non local
1434,1435,744,4,2018-03-14,2018-03-15,2018-03-16,2,6,2025-11-24 02:06:42,mysql_database,2.0,True,Non local
1435,1436,1044,4,2018-03-14,2018-03-17,2018-03-16,2,6,2025-11-24 02:06:42,mysql_database,2.0,False,Non local
1436,1437,518,4,2018-03-15,2018-03-16,2018-03-16,1,2,2025-11-24 02:06:42,mysql_database,1.0,False,Non local
1437,1438,263,4,2018-03-15,2018-03-17,2018-03-16,2,6,2025-11-24 02:06:42,mysql_database,1.0,False,Non local
1438,1439,463,4,2018-03-15,2018-03-16,2018-03-17,2,7,2025-11-24 02:06:42,mysql_database,2.0,True,Non local
1439,1440,859,4,2018-03-15,2018-03-18,2018-03-16,3,8,2025-11-24 02:06:42,mysql_database,1.0,False,Non local
1440,1441,982,4,2018-03-15,2018-03-16,2018-03-18,3,8,2025-11-24 02:06:42,mysql_database,3.0,True,Non local
1441,1442,478,4,2018-03-16,2018-03-17,2018-03-17,2,7,2025-11-24 02:06:42,mysql_database,1.0,False,Non local
1442,1443,972,4,2018-03-16,2018-03-17,2018-03-17,2,7,2025-11-24 02:06:42,mysql_database,1.0,False,Non local
1443,1444,1154,4,2018-03-16,2018-03-17,2018-03-19,2,6,2025-11-24 02:06:42,mysql_database,3.0,True,Non local
1444,1445,515,4,2018-03-17,2018-03-18,2018-03-20,2,7,2025-11-24 02:06:42,mysql_database,3.0,True,Non local
1445,1446,820,4,2018-03-17,2018-03-18,2018-03-18,2,6,2025-11-24 02:06:42,mysql_database,1.0,False,Non local
1446,1447,1419,4,2018-03-18,2018-03-20,2018-03-20,1,3,2025-11-24 02:06:42,mysql_database,2.0,False,Non local
1447,1448,228,4,2018-03-18,2018-03-19,2018-03-21,2,6,2025-11-24 02:06:42,mysql_database,3.0,True,Non local
1448,1449,330,4,2018-03-18,2018-03-19,2018-03-20,2,7,2025-11-24 02:06:42,mysql_database,2.0,True,Non local
1449,1450,296,4,2018-03-19,2018-03-20,2018-03-22,2,7,2025-11-24 02:06:42,mysql_database,3.0,True,Non local
1450,1451,822,4,2018-03-19,2018-03-22,2018-03-20,2,6,2025-11-24 02:06:42,mysql_database,1.0,False,Non local
1451,1452,287,4,2018-03-20,2018-03-23,2018-03-23,1,3,2025-11-24 02:06:42,mysql_database,3.0,False,Non local
1452,1453,601,4,2018-03-20,2018-03-23,2018-03-22,1,3,2025-11-24 02:06:42,mysql_database,2.0,False,Non local
1453,1454,395,4,2018-03-20,2018-03-21,2018-03-22,2,6,2025-11-24 02:06:42,mysql_database,2.0,True,Non local
1454,1455,405,4,2018-03-20,2018-03-22,2018-03-21,2,6,2025-11-24 02:06:42,mysql_database,1.0,False,Non local
1455,1456,754,4,2018-03-20,2018-03-21,2018-03-23,2,7,2025-11-24 02:06:42,mysql_database,3.0,True,Non local
1456,1457,1411,4,2018-03-20,2018-03-23,2018-03-23,2,6,2025-11-24 02:06:42,mysql_database,3.0,False,Non local
1457,1458,1029,4,2018-03-20,2018-03-22,2018-03-21,3,8,2025-11-24 02:06:42,mysql_database,1.0,False,local
1458,1459,9,4,2018-03-21,2018-03-22,2018-03-22,2,7,2025-11-24 02:06:42,mysql_database,1.0,False,Non local
1459,1460,1131,4,2018-03-21,2018-03-23,2018-03-23,2,7,2025-11-24 02:06:42,mysql_database,2.0,False,Non local
1460,1461,139,4,2018-03-22,2018-03-25,2018-03-23,2,6,2025-11-24 02:06:42,mysql_database,1.0,False,Non local
1461,1462,1101,4,2018-03-22,2018-03-24,2018-03-24,2,6,2025-11-24 02:06:42,mysql_database,2.0,False,Non local
1462,1463,692,4,2018-03-23,2018-03-24,2018-03-24,2,7,2025-11-24 02:06:42,mysql_database,1.0,False,Non local
1463,1464,1279,4,2018-03-24,2018-03-25,2018-03-25,2,7,2025-11-24 02:06:42,mysql_database,1.0,False,Non local
1464,1465,623,4,2018-03-25,2018-03-28,2018-03-28,2,7,2025-11-24 02:06:42,mysql_database,3.0,False,Non local
1465,1466,738,4,2018-03-26,2018-03-29,2018-03-28,1,3,2025-11-24 02:06:42,mysql_database,2.0,False,Non local
1466,1467,152,4,2018-03-26,2018-03-27,2018-03-29,2,7,2025-11-24 02:06:42,mysql_database,3.0,True,Non local
1467,1468,3,4,2018-03-27,2018-03-30,2018-03-29,1,2,2025-11-24 02:06:42,mysql_database,2.0,False,Non local
1468,1469,1135,4,2018-03-27,2018-03-28,2018-03-30,3,8,2025-11-24 02:06:42,mysql_database,3.0,True,Non local
1469,1470,505,4,2018-03-28,2018-03-31,2018-03-31,2,7,2025-11-24 02:06:42,mysql_database,3.0,False,Non local
1470,1471,1310,4,2018-03-28,2018-03-30,2018-03-29,2,7,2025-11-24 02:06:42,mysql_database,1.0,False,Non local
1471,1472,114,4,2018-03-29,2018-03-30,2018-03-31,2,6,2025-11-24 02:06:42,mysql_database,2.0,True,Non local
1472,1473,302,4,2018-03-30,2018-04-01,2018-04-02,1,2,2025-11-24 02:06:42,mysql_database,3.0,True,Non local
1473,1474,816,4,2018-03-30,2018-04-01,2018-04-02,1,3,2025-11-24 02:06:42,mysql_database,3.0,True,Non local
1474,1475,112,4,2018-03-30,2018-04-01,2018-03-31,2,6,2025-11-24 02:06:42,mysql_database,1.0,False,Non local
1475,1476,35,4,2018-03-31,2018-04-01,2018-04-01,2,7,2025-11-24 02:06:42,mysql_database,1.0,False,Non local
1476,1477,180,4,2018-03-31,2018-04-03,2018-04-01,2,6,2025-11-24 02:06:42,mysql_database,1.0,False,Non local
1477,1478,392,4,2018-03-31,2018-04-02,2018-04-02,2,6,2025-11-24 02:06:42,mysql_database,2.0,False,Non local
1478,1479,23,2,2018-04-01,2018-04-01,,2,7,2025-11-24 02:06:42,mysql_database,,False,Non local
1479,1480,27,2,2018-04-01,2018-04-01,,2,7,2025-11-24 02:06:42,mysql_database,,False,Non local
1480,1481,62,1,2018-04-01,2018-04-01,,2,6,2025-11-24 02:06:42,mysql_database,,False,Non local
1481,1482,94,1,2018-04-01,2018-04-01,,2,7,2025-11-24 02:06:42,mysql_database,,False,Non local
1482,1483,15,1,2018-04-02,2018-04-02,,2,7,2025-11-24 02:06:42,mysql_database,,False,Non local
1483,1484,35,2,2018-04-02,2018-04-02,,2,6,2025-11-24 02:06:42,mysql_database,,False,Non local
1484,1485,51,2,2018-04-02,2018-04-02,,2,7,2025-11-24 02:06:42,mysql_database,,False,Non local
1485,1486,84,2,2018-04-02,2018-04-02,,2,7,2025-11-24 02:06:42,mysql_database,,False,Non local
1486,1487,33,1,2018-04-03,2018-04-03,,1,3,2025-11-24 02:06:42,mysql_database,,False,Non local
1487,1488,181,2,2018-04-03,2018-04-03,,1,3,2025-11-24 02:06:42,mysql_database,,False,Non local
1488,1489,194,1,2018-04-03,2018-04-03,,1,3,2025-11-24 02:06:42,mysql_database,,False,local
1489,1490,217,2,2018-04-03,2018-04-03,,1,3,2025-11-24 02:06:42,mysql_database,,False,Non local
1490,1491,82,1,2018-04-04,2018-04-04,,1,3,2025-11-24 02:06:42,mysql_database,,False,Non local
1491,1492,41,1,2018-04-04,2018-04-04,,2,7,2025-11-24 02:06:42,mysql_database,,False,Non local
1492,1493,64,2,2018-04-04,2018-04-04,,3,8,2025-11-24 02:06:42,mysql_database,,False,Non local
1493,1494,69,2,2018-04-05,2018-04-05,,1,3,2025-11-24 02:06:42,mysql_database,,False,Non local
1494,1495,86,2,2018-04-05,2018-04-05,,2,7,2025-11-24 02:06:42,mysql_database,,False,Non local
1495,1496,3,1,2018-04-06,2018-04-06,,1,3,2025-11-24 02:06:42,mysql_database,,False,Non local
1496,1497,31,2,2018-04-06,2018-04-06,,1,2,2025-11-24 02:06:42,mysql_database,,False,Non local
1497,1498,81,1,2018-04-06,2018-04-06,,1,2,2025-11-24 02:06:42,mysql_database,,False,Non local
1498,1499,120,2,2018-04-06,2018-04-06,,1,2,2025-11-24 02:06:42,mysql_database,,False,Non local
1499,1500,151,2,2018-04-06,2018-04-06,,1,3,2025-11-24 02:06:42,mysql_database,,False,Non local
1500,1501,52,1,2018-04-06,2018-04-06,,2,6,2025-11-24 02:06:42,mysql_database,,False,Non local
1501,1502,83,2,2018-04-06,2018-04-06,,2,6,2025-11-24 02:06:42,mysql_database,,False,Non local
1502,1503,208,2,2018-04-07,2018-04-07,,1,3,2025-11-24 02:06:42,mysql_database,,False,Non local
1503,1504,237,2,2018-04-08,2018-04-08,,1,2,2025-11-24 02:06:42,mysql_database,,False,Non local
1504,1505,22,1,2018-04-08,2018-04-08,,2,7,2025-11-24 02:06:42,mysql_database,,False,Non local
1505,1506,75,1,2018-04-08,2018-04-08,,2,7,2025-11-24 02:06:42,mysql_database,,False,Non local
1506,1507,85,2,2018-04-08,2018-04-08,,2,6,2025-11-24 02:06:42,mysql_database,,False,Non local
1507,1508,92,2,2018-04-08,2018-04-08,,2,6,2025-11-24 02:06:42,mysql_database,,False,Non local
1508,1509,2,1,2018-04-09,2018-04-09,,1,3,2025-11-24 02:06:42,mysql_database,,False,Non local
1509,1510,16,2,2018-04-09,2018-04-09,,2,6,2025-11-24 02:06:42,mysql_database,,False,Non local
1510,1511,25,1,2018-04-09,2018-04-09,,2,6,2025-11-24 02:06:42,mysql_database,,False,Non local
1511,1512,68,1,2018-04-09,2018-04-09,,3,9,2025-11-24 02:06:42,mysql_database,,False,local
1512,1513,32,2,2018-04-10,2018-04-10,,1,2,2025-11-24 02:06:42,mysql_database,,False,Non local
1513,1514,87,2,2018-04-10,2018-04-10,,1,3,2025-11-24 02:06:42,mysql_database,,False,Non local
1514,1515,61,1,2018-04-10,2018-04-10,,3,9,2025-11-24 02:06:42,mysql_database,,False,Non local
1515,1516,47,2,2018-04-11,2018-04-11,,1,3,2025-11-24 02:06:42,mysql_database,,False,Non local
1516,1517,97,1,2018-04-11,2018-04-11,,1,2,2025-11-24 02:06:42,mysql_database,,False,Non local
1517,1518,175,1,2018-04-11,2018-04-11,,1,2,2025-11-24 02:06:42,mysql_database,,False,Non local
1518,1519,26,2,2018-04-11,2018-04-11,,2,7,2025-11-24 02:06:42,mysql_database,,False,Non local
1519,1520,66,2,2018-04-11,2018-04-11,,3,8,2025-11-24 02:06:42,mysql_database,,False,Non local
1520,1521,53,1,2018-04-12,2018-04-12,,1,3,2025-11-24 02:06:42,mysql_database,,False,Non local
1521,1522,78,1,2018-04-12,2018-04-12,,1,3,2025-11-24 02:06:42,mysql_database,,False,Non local
1522,1523,8,1,2018-04-12,2018-04-12,,2,7,2025-11-24 02:06:42,mysql_database,,False,Non local
1523,1524,37,1,2018-04-12,2018-04-12,,2,6,2025-11-24 02:06:42,mysql_database,,False,Non local
1524,1525,38,2,2018-04-12,2018-04-12,,2,7,2025-11-24 02:06:42,mysql_database,,False,Non local
1525,1526,59,2,2018-04-12,2018-04-12,,2,7,2025-11-24 02:06:42,mysql_database,,False,Non local
1526,1527,13,2,2018-04-12,2018-04-12,,3,9,2025-11-24 02:06:42,mysql_database,,False,Non local
1527,1528,20,1,2018-04-12,2018-04-12,,3,8,2025-11-24 02:06:42,mysql_database,,False,Non local
1528,1529,50,1,2018-04-12,2018-04-12,,3,8,2025-11-24 02:06:42,mysql_database,,False,Non local
1529,1530,110,1,2018-04-13,2018-04-13,,1,2,2025-11-24 02:06:42,mysql_database,,False,Non local
1530,1531,233,1,2018-04-13,2018-04-13,,1,2,2025-11-24 02:06:42,mysql_database,,False,Non local
1531,1532,7,2,2018-04-13,2018-04-13,,2,7,2025-11-24 02:06:42,mysql_database,,False,Non local
1532,1533,28,2,2018-04-13,2018-04-13,,2,6,2025-11-24 02:06:42,mysql_database,,False,Non local
1533,1534,18,2,2018-04-14,2018-04-14,,2,7,2025-11-24 02:06:42,mysql_database,,False,Non local
1534,1535,19,2,2018-04-14,2018-04-14,,2,7,2025-11-24 02:06:42,mysql_database,,False,Non local
1535,1536,34,2,2018-04-14,2018-04-14,,2,7,2025-11-24 02:06:42,mysql_database,,False,Non local
1536,1537,36,1,2018-04-15,2018-04-15,,2,6,2025-11-24 02:06:42,mysql_database,,False,Non local
1537,1538,79,2,2018-04-15,2018-04-15,,2,6,2025-11-24 02:06:42,mysql_database,,False,local
1538,1539,116,1,2018-04-15,2018-04-15,,3,9,2025-11-24 02:06:42,mysql_database,,False,Non local
1539,1540,187,1,2018-04-16,2018-04-16,,1,2,2025-11-24 02:06:42,mysql_database,,False,Non local
1540,1541,10,2,2018-04-16,2018-04-16,,2,7,2025-11-24 02:06:42,mysql_database,,False,Non local
1541,1542,58,2,2018-04-16,2018-04-16,,2,6,2025-11-24 02:06:42,mysql_database,,False,Non local
1542,1543,76,1,2018-04-16,2018-04-16,,2,6,2025-11-24 02:06:42,mysql_database,,False,Non local
1543,1544,5,1,2018-04-17,2018-04-17,,1,2,2025-11-24 02:06:42,mysql_database,,False,Non local
1544,1545,67,1,2018-04-17,2018-04-17,,1,3,2025-11-24 02:06:42,mysql_database,,False,Non local
1545,1546,91,2,2018-04-17,2018-04-17,,1,3,2025-11-24 02:06:42,mysql_database,,False,Non local
1546,1547,169,1,2018-04-17,2018-04-17,,1,3,2025-11-24 02:06:42,mysql_database,,False,Non local
1547,1548,170,1,2018-04-17,2018-04-17,,1,2,2025-11-24 02:06:42,mysql_database,,False,Non local
1548,1549,17,1,2018-04-17,2018-04-17,,2,7,2025-11-24 02:06:42,mysql_database,,False,Non local
1549,1550,39,1,2018-04-17,2018-04-17,,2,6,2025-11-24 02:06:42,mysql_database,,False,Non local
1550,1551,70,1,2018-04-17,2018-04-17,,2,7,2025-11-24 02:06:42,mysql_database,,False,Non local
1551,1552,73,1,2018-04-17,2018-04-17,,2,7,2025-11-24 02:06:42,mysql_database,,False,Non local
1552,1553,30,2,2018-04-18,2018-04-18,,1,3,2025-11-24 02:06:42,mysql_database,,False,Non local
1553,1554,172,1,2018-04-18,2018-04-18,,1,3,2025-11-24 02:06:42,mysql_database,,False,Non local
1554,1555,1,1,2018-04-18,2018-04-18,,2,7,2025-11-24 02:06:42,mysql_database,,False,Non local
1555,1556,4,2,2018-04-18,2018-04-18,,2,6,2025-11-24 02:06:42,mysql_database,,False,Non local
1556,1557,121,2,2018-04-19,2018-04-19,,1,3,2025-11-24 02:06:42,mysql_database,,False,Non local
1557,1558,63,1,2018-04-19,2018-04-19,,2,6,2025-11-24 02:06:42,mysql_database,,False,Non local
1558,1559,42,2,2018-04-20,2018-04-20,,2,6,2025-11-24 02:06:42,mysql_database,,False,Non local
1559,1560,57,1,2018-04-20,2018-04-20,,2,7,2025-11-24 02:06:42,mysql_database,,False,Non local
1560,1561,65,2,2018-04-20,2018-04-20,,2,7,2025-11-24 02:06:42,mysql_database,,False,Non local
1561,1562,88,1,2018-04-20,2018-04-20,,2,7,2025-11-24 02:06:42,mysql_database,,False,Non local
1562,1563,77,2,2018-04-20,2018-04-20,,3,9,2025-11-24 02:06:42,mysql_database,,False,Non local
1563,1564,46,1,2018-04-21,2018-04-21,,1,3,2025-11-24 02:06:42,mysql_database,,False,Non local
1564,1565,60,2,2018-04-21,2018-04-21,,1,2,2025-11-24 02:06:42,mysql_database,,False,Non local
1565,1566,72,1,2018-04-21,2018-04-21,,1,3,2025-11-24 02:06:42,mysql_database,,False,Non local
1566,1567,89,2,2018-04-21,2018-04-21,,1,2,2025-11-24 02:06:42,mysql_database,,False,Non local
1567,1568,192,2,2018-04-21,2018-04-21,,1,3,2025-11-24 02:06:42,mysql_database,,False,Non local
1568,1569,29,2,2018-04-22,2018-04-22,,2,7,2025-11-24 02:06:42,mysql_database,,False,Non local
1569,1570,54,2,2018-04-22,2018-04-22,,2,7,2025-11-24 02:06:42,mysql_database,,False,Non local
1570,1571,80,1,2018-04-22,2018-04-22,,2,7,2025-11-24 02:06:42,mysql_database,,False,Non local
1571,1572,14,1,2018-04-22,2018-04-22,,3,9,2025-11-24 02:06:42,mysql_database,,False,Non local
1572,1573,24,2,2018-04-23,2018-04-23,,1,2,2025-11-24 02:06:42,mysql_database,,False,Non local
1573,1574,124,1,2018-04-23,2018-04-23,,1,2,2025-11-24 02:06:42,mysql_database,,False,Non local
1574,1575,224,2,2018-04-23,2018-04-23,,1,3,2025-11-24 02:06:42,mysql_database,,False,Non local
1575,1576,12,2,2018-04-23,2018-04-23,,2,7,2025-11-24 02:06:42,mysql_database,,False,Non local
1576,1577,48,1,2018-04-23,2018-04-23,,2,7,2025-11-24 02:06:42,mysql_database,,False,Non local
1577,1578,93,2,2018-04-23,2018-04-23,,2,7,2025-11-24 02:06:42,mysql_database,,False,Non local
1578,1579,104,2,2018-04-24,2018-04-24,,1,2,2025-11-24 02:06:42,mysql_database,,False,Non local
1579,1580,191,2,2018-04-24,2018-04-24,,1,2,2025-11-24 02:06:42,mysql_database,,False,Non local
1580,1581,188,2,2018-04-25,2018-04-25,,1,2,2025-11-24 02:06:42,mysql_database,,False,Non local
1581,1582,240,1,2018-04-25,2018-04-25,,1,3,2025-11-24 02:06:42,mysql_database,,False,Non local
1582,1583,44,1,2018-04-25,2018-04-25,,2,6,2025-11-24 02:06:42,mysql_database,,False,Non local
1583,1584,109,2,2018-04-26,2018-04-26,,1,3,2025-11-24 02:06:42,mysql_database,,False,Non local
1584,1585,157,1,2018-04-26,2018-04-26,,1,3,2025-11-24 02:06:42,mysql_database,,False,Non local
1585,1586,176,1,2018-04-26,2018-04-26,,1,2,2025-11-24 02:06:42,mysql_database,,False,Non local
1586,1587,231,2,2018-04-26,2018-04-26,,1,2,2025-11-24 02:06:42,mysql_database,,False,Non local
1587,1588,11,1,2018-04-26,2018-04-26,,2,6,2025-11-24 02:06:42,mysql_database,,False,Non local
1588,1589,40,2,2018-04-27,2018-04-27,,1,3,2025-11-24 02:06:42,mysql_database,,False,Non local
1589,1590,138,1,2018-04-27,2018-04-27,,1,3,2025-11-24 02:06:42,mysql_database,,False,Non local
1590,1591,165,2,2018-04-27,2018-04-27,,1,2,2025-11-24 02:06:42,mysql_database,,False,Non local
1591,1592,6,2,2018-04-27,2018-04-27,,2,7,2025-11-24 02:06:42,mysql_database,,False,Non local
1592,1593,9,1,2018-04-27,2018-04-27,,2,6,2025-11-24 02:06:42,mysql_database,,False,Non local
1593,1594,45,1,2018-04-28,2018-04-28,,2,7,2025-11-24 02:06:42,mysql_database,,False,Non local
1594,1595,71,2,2018-04-28,2018-04-28,,2,7,2025-11-24 02:06:42,mysql_database,,False,Non local
1595,1596,21,2,2018-04-28,2018-04-28,,3,8,2025-11-24 02:06:42,mysql_database,,False,Non local
1596,1597,56,1,2018-04-28,2018-04-28,,3,9,2025-11-24 02:06:42,mysql_database,,False,Non local
1597,1598,239,2,2018-04-29,2018-04-29,,1,3,2025-11-24 02:06:42,mysql_database,,False,Non local
1598,1599,49,1,2018-04-29,2018-04-29,,2,7,2025-11-24 02:06:42,mysql_database,,False,Non local
1599,1600,90,1,2018-04-29,2018-04-29,,2,6,2025-11-24 02:06:42,mysql_database,,False,Non local
1600,1601,43,1,2018-04-29,2018-04-29,,3,8,2025-11-24 02:06:42,mysql_database,,False,Non local
1601,1602,55,1,2018-04-30,2018-04-30,,2,6,2025-11-24 02:06:42,mysql_database,,False,Non local
1602,1603,74,2,2018-04-30,2018-04-30,,2,6,2025-11-24 02:06:42,mysql_database,,False,Non local
1603,1604,7,3,2018-06-17,2018-06-17,,2,7,2025-11-24 02:06:42,mysql_database,,False,Non local
1604,1605,123,3,2018-07-01,2018-07-01,,3,8,2025-11-24 02:06:42,mysql_database,,False,Non local
1605,1606,119,3,2018-07-10,2018-07-10,,3,8,2025-11-24 02:06:42,mysql_database,,False,Non local
1606,1607,33,3,2018-07-11,2018-07-11,,1,2,2025-11-24 02:06:42,mysql_database,,False,Non local
1607,1608,53,3,2018-07-12,2018-07-12,,1,2,2025-11-24 02:06:42,mysql_database,,False,Non local
1608,1609,10,3,2018-08-23,2018-08-23,,2,7,2025-11-24 02:06:42,mysql_database,,False,Non local
1609,1610,15,3,2018-08-25,2018-08-25,,2,7,2025-11-24 02:06:42,mysql_database,,False,Non local
1610,1611,6,3,2018-09-06,2018-09-06,,2,7,2025-11-24 02:06:42,mysql_database,,False,Non local
1611,1612,3,3,2018-10-21,2018-10-21,,1,3,2025-11-24 02:06:42,mysql_database,,False,Non local
1612,1613,1,3,2018-11-18,2018-11-18,,2,6,2025-11-24 02:06:42,mysql_database,,False,Non local
1613,1614,135,3,2018-11-28,2018-11-28,,3,8,2025-11-24 02:06:42,mysql_database,,False,Non local
1614,1615,136,3,2018-12-28,2018-12-28,,3,8,2025-11-24 02:06:42,mysql_database,,False,Non local
