order_item_id,order_id,item_id,order_status,brand_id,customer_id,category_id,store_id,staff_id,product_id,required_date,shipped_date,order_date,region_id,latency_days,Late_Deliveries,Locality_Flag,quantity,list_price,local_price,discount,total_amount_US,total_amount_EG
1,1,1,4,1,259,3,1,2,20,20160103,20160103.0,20160101,137,2.0,0,Non local,1,599.99,28480.53,0.2,120.0,5696.11
2,1,2,4,9,259,6,1,2,8,20160103,20160103.0,20160101,137,2.0,0,Non local,2,1799.99,85442.53,0.07,252.0,11961.95
3,1,3,4,8,259,4,1,2,10,20160103,20160103.0,20160101,137,2.0,0,Non local,2,1549.0,73528.45,0.05,154.9,7352.85
4,1,4,4,1,259,3,1,2,16,20160103,20160103.0,20160101,137,2.0,0,Non local,2,599.99,28480.53,0.05,60.0,2848.05
5,1,5,4,9,259,6,1,2,4,20160103,20160103.0,20160101,137,2.0,0,Non local,1,2899.99,137657.7,0.2,580.0,27531.54
6,2,1,4,1,1212,3,2,6,20,20160104,20160103.0,20160101,66,2.0,0,Non local,1,599.99,28480.53,0.07,42.0,1993.64
7,2,2,4,1,1212,3,2,6,16,20160104,20160103.0,20160101,66,2.0,0,Non local,2,599.99,28480.53,0.05,60.0,2848.05
8,3,1,4,8,523,6,2,7,3,20160105,20160103.0,20160102,126,1.0,0,Non local,1,999.99,47467.86,0.05,50.0,2373.39
9,3,2,4,1,523,3,2,7,20,20160105,20160103.0,20160102,126,1.0,0,Non local,1,599.99,28480.53,0.05,30.0,1424.03
10,4,1,4,5,175,6,1,3,2,20160104,20160105.0,20160103,68,2.0,1,Non local,2,749.99,35600.78,0.1,150.0,7120.16
11,5,1,4,8,1324,4,2,6,10,20160106,20160106.0,20160103,47,3.0,0,Non local,2,1549.0,73528.45,0.05,154.9,7352.85
12,5,2,4,4,1324,3,2,6,17,20160106,20160106.0,20160103,47,3.0,0,Non local,1,429.0,20363.92,0.07,30.03,1425.47
13,5,3,4,1,1324,2,2,6,26,20160106,20160106.0,20160103,47,3.0,0,Non local,1,599.99,28480.53,0.07,42.0,1993.64
14,6,1,4,4,94,3,2,6,18,20160107,20160105.0,20160104,32,1.0,0,Non local,1,449.0,21313.28,0.07,31.43,1491.93
15,6,2,4,1,94,3,2,6,12,20160107,20160105.0,20160104,32,1.0,0,Non local,2,549.99,26107.11,0.05,55.0,2610.71
16,6,3,4,1,94,3,2,6,20,20160107,20160105.0,20160104,32,1.0,0,Non local,1,599.99,28480.53,0.1,60.0,2848.05
17,6,4,4,8,94,6,2,6,3,20160107,20160105.0,20160104,32,1.0,0,Non local,2,999.99,47467.86,0.07,140.0,6645.5
18,6,5,4,9,94,5,2,6,9,20160107,20160105.0,20160104,32,1.0,0,Non local,2,2999.99,142404.53,0.07,420.0,19936.63
19,7,1,4,1,324,3,2,6,15,20160107,20160105.0,20160104,139,1.0,0,Non local,1,529.99,25157.74,0.07,37.1,1761.04
20,7,2,4,8,324,6,2,6,3,20160107,20160105.0,20160104,139,1.0,0,Non local,1,999.99,47467.86,0.1,100.0,4746.79
21,7,3,4,4,324,3,2,6,17,20160107,20160105.0,20160104,139,1.0,0,Non local,2,429.0,20363.92,0.1,85.8,4072.78
22,8,1,4,1,1204,1,2,7,22,20160105,20160105.0,20160104,74,1.0,0,Non local,1,269.99,12815.98,0.05,13.5,640.8
23,8,2,4,1,1204,3,2,7,20,20160105,20160105.0,20160104,74,1.0,0,Non local,2,599.99,28480.53,0.07,84.0,3987.27
24,9,1,4,9,60,6,1,2,7,20160108,20160108.0,20160105,51,3.0,0,Non local,2,3999.99,189872.87,0.1,800.0,37974.57
25,10,1,4,1,442,3,2,6,14,20160106,20160106.0,20160105,166,1.0,0,Non local,1,269.99,12815.98,0.1,27.0,1281.6
26,11,1,4,9,1326,6,2,7,8,20160108,20160107.0,20160105,181,2.0,0,Non local,1,1799.99,85442.53,0.05,90.0,4272.13
27,11,2,4,1,1326,1,2,7,22,20160108,20160107.0,20160105,181,2.0,0,Non local,2,269.99,12815.98,0.1,54.0,2563.2
28,11,3,4,1,1326,3,2,7,16,20160108,20160107.0,20160105,181,2.0,0,Non local,2,599.99,28480.53,0.2,240.0,11392.21
29,12,1,4,9,91,6,1,2,4,20160108,20160109.0,20160106,71,3.0,1,Non local,2,2899.99,137657.7,0.1,580.0,27531.54
30,12,2,4,8,91,4,1,2,11,20160108,20160109.0,20160106,71,3.0,1,Non local,1,1680.99,79793.8,0.05,84.05,3989.69
31,13,1,4,1,873,3,2,6,13,20160111,20160111.0,20160108,134,3.0,0,Non local,1,269.99,12815.98,0.1,27.0,1281.6
32,13,2,4,4,873,3,2,6,17,20160111,20160111.0,20160108,134,3.0,0,Non local,2,429.0,20363.92,0.05,42.9,2036.39
33,13,3,4,1,873,3,2,6,20,20160111,20160111.0,20160108,134,3.0,0,Non local,2,599.99,28480.53,0.1,120.0,5696.11
34,13,4,4,1,873,3,2,6,16,20160111,20160111.0,20160108,134,3.0,0,Non local,2,599.99,28480.53,0.05,60.0,2848.05
35,14,1,4,8,258,6,1,3,6,20160111,20160112.0,20160109,28,3.0,1,Non local,1,469.99,22309.64,0.07,32.9,1561.67
36,15,1,4,1,450,3,2,7,12,20160110,20160112.0,20160109,163,3.0,1,Non local,2,549.99,26107.11,0.07,77.0,3655.0
37,15,2,4,9,450,6,2,7,8,20160110,20160112.0,20160109,163,3.0,1,Non local,1,1799.99,85442.53,0.07,126.0,5980.98
38,15,3,4,4,450,3,2,7,18,20160110,20160112.0,20160109,163,3.0,1,Non local,2,449.0,21313.28,0.05,44.9,2131.33
39,15,4,4,1,450,1,2,7,23,20160110,20160112.0,20160109,163,3.0,1,Non local,2,299.99,14240.03,0.2,120.0,5696.01
40,16,1,4,9,552,6,1,3,8,20160115,20160115.0,20160112,105,3.0,0,Non local,1,1799.99,85442.53,0.2,360.0,17088.51
41,16,2,4,1,552,1,1,3,21,20160115,20160115.0,20160112,105,3.0,0,Non local,1,269.99,12815.98,0.05,13.5,640.8
42,16,3,4,1,552,3,1,3,13,20160115,20160115.0,20160112,105,3.0,0,Non local,2,269.99,12815.98,0.07,37.8,1794.24
43,16,4,4,1,552,3,1,3,14,20160115,20160115.0,20160112,105,3.0,0,Non local,1,269.99,12815.98,0.07,18.9,897.12
44,17,1,4,9,1175,6,1,3,8,20160114,20160114.0,20160112,154,2.0,0,Non local,1,1799.99,85442.53,0.07,126.0,5980.98
45,17,2,4,1,1175,1,1,3,23,20160114,20160114.0,20160112,154,2.0,0,Non local,1,299.99,14240.03,0.1,30.0,1424.0
46,17,3,4,3,1175,6,1,3,5,20160114,20160114.0,20160112,154,2.0,0,Non local,1,1320.99,62705.2,0.1,132.1,6270.52
47,17,4,4,1,1175,3,1,3,20,20160114,20160114.0,20160112,154,2.0,0,Non local,2,599.99,28480.53,0.2,240.0,11392.21
48,18,1,4,5,541,6,1,3,2,20160117,20160115.0,20160114,64,1.0,0,Non local,2,749.99,35600.78,0.2,300.0,14240.31
49,18,2,4,1,541,1,1,3,22,20160117,20160115.0,20160114,64,1.0,0,Non local,1,269.99,12815.98,0.05,13.5,640.8
50,18,3,4,9,541,6,1,3,7,20160117,20160115.0,20160114,64,1.0,0,Non local,1,3999.99,189872.87,0.1,400.0,18987.29
51,18,4,4,1,541,2,1,3,25,20160117,20160115.0,20160114,64,1.0,0,Non local,2,499.99,23733.69,0.05,50.0,2373.37
52,18,5,4,9,541,5,1,3,9,20160117,20160115.0,20160114,64,1.0,0,Non local,2,2999.99,142404.53,0.1,600.0,28480.91
53,19,1,4,8,696,4,1,2,10,20160117,20160116.0,20160114,37,2.0,0,Non local,1,1549.0,73528.45,0.07,108.43,5146.99
54,19,2,4,9,696,5,1,2,9,20160117,20160116.0,20160114,37,2.0,0,Non local,2,2999.99,142404.53,0.2,1200.0,56961.81
55,20,1,4,9,923,5,1,2,9,20160116,20160117.0,20160114,132,3.0,1,Non local,1,2999.99,142404.53,0.07,210.0,9968.32
56,20,2,4,8,923,4,1,2,10,20160116,20160117.0,20160114,132,3.0,1,Non local,2,1549.0,73528.45,0.07,216.86,10293.98
57,21,1,4,1,1250,3,2,6,14,20160116,20160118.0,20160115,152,3.0,1,Non local,1,269.99,12815.98,0.05,13.5,640.8
58,21,2,4,4,1250,3,2,6,17,20160116,20160118.0,20160115,152,3.0,1,Non local,1,429.0,20363.92,0.1,42.9,2036.39
59,21,3,4,8,1250,4,2,6,10,20160116,20160118.0,20160115,152,3.0,1,Non local,1,1549.0,73528.45,0.07,108.43,5146.99
60,22,1,4,1,1035,3,1,2,15,20160118,20160117.0,20160116,2,1.0,0,Non local,2,529.99,25157.74,0.2,212.0,10063.1
61,22,2,4,1,1035,1,1,2,22,20160118,20160117.0,20160116,2,1.0,0,Non local,1,269.99,12815.98,0.05,13.5,640.8
62,23,1,4,9,1149,6,1,2,4,20160119,20160119.0,20160116,109,3.0,0,Non local,2,2899.99,137657.7,0.05,290.0,13765.77
63,23,2,4,1,1149,1,1,2,23,20160119,20160119.0,20160116,109,3.0,0,Non local,2,299.99,14240.03,0.1,60.0,2848.01
64,23,3,4,1,1149,3,1,2,13,20160119,20160119.0,20160116,109,3.0,0,Non local,1,269.99,12815.98,0.2,54.0,2563.2
65,24,1,4,8,636,6,2,7,3,20160120,20160119.0,20160118,81,1.0,0,Non local,2,999.99,47467.86,0.1,200.0,9493.57
66,24,2,4,4,636,3,2,7,18,20160120,20160119.0,20160118,81,1.0,0,Non local,2,449.0,21313.28,0.07,62.86,2983.86
67,25,1,4,1,657,1,2,6,23,20160121,20160121.0,20160118,63,3.0,0,local,2,299.99,14240.03,0.2,120.0,5696.01
68,25,2,4,8,657,4,2,6,10,20160121,20160121.0,20160118,63,3.0,0,local,2,1549.0,73528.45,0.2,619.6,29411.38
69,25,3,4,1,657,1,2,6,22,20160121,20160121.0,20160118,63,3.0,0,local,1,269.99,12815.98,0.2,54.0,2563.2
70,25,4,4,1,657,3,2,6,14,20160121,20160121.0,20160118,63,3.0,0,local,1,269.99,12815.98,0.2,54.0,2563.2
71,25,5,4,1,657,1,2,6,21,20160121,20160121.0,20160118,63,3.0,0,local,1,269.99,12815.98,0.1,27.0,1281.6
72,26,1,4,9,1280,6,2,7,7,20160121,20160119.0,20160118,158,1.0,0,Non local,1,3999.99,189872.87,0.05,200.0,9493.64
73,26,2,4,5,1280,6,2,7,2,20160121,20160119.0,20160118,158,1.0,0,Non local,1,749.99,35600.78,0.2,150.0,7120.16
74,26,3,4,1,1280,3,2,7,12,20160121,20160119.0,20160118,158,1.0,0,Non local,1,549.99,26107.11,0.2,110.0,5221.42
75,26,4,4,1,1280,1,2,7,21,20160121,20160119.0,20160118,158,1.0,0,Non local,2,269.99,12815.98,0.07,37.8,1794.24
76,27,1,4,3,57,6,2,7,5,20160121,20160120.0,20160119,48,1.0,0,Non local,1,1320.99,62705.2,0.2,264.2,12541.04
77,27,2,4,4,57,3,2,7,19,20160121,20160120.0,20160119,48,1.0,0,Non local,1,449.0,21313.28,0.2,89.8,4262.66
78,27,3,4,1,57,2,2,7,26,20160121,20160120.0,20160119,48,1.0,0,Non local,2,599.99,28480.53,0.07,84.0,3987.27
79,27,4,4,9,57,6,2,7,8,20160121,20160120.0,20160119,48,1.0,0,Non local,1,1799.99,85442.53,0.07,126.0,5980.98
80,28,1,4,3,252,6,2,6,5,20160120,20160121.0,20160119,39,2.0,1,Non local,1,1320.99,62705.2,0.05,66.05,3135.26
81,28,2,4,9,252,6,2,6,7,20160120,20160121.0,20160119,39,2.0,1,Non local,2,3999.99,189872.87,0.2,1600.0,75949.15
82,28,3,4,1,252,3,2,6,14,20160120,20160121.0,20160119,39,2.0,1,Non local,2,269.99,12815.98,0.1,54.0,2563.2
83,28,4,4,8,252,6,2,6,6,20160120,20160121.0,20160119,39,2.0,1,Non local,1,469.99,22309.64,0.05,23.5,1115.48
84,29,1,4,1,437,2,2,6,24,20160122,20160121.0,20160120,1,1.0,0,Non local,2,549.99,26107.11,0.05,55.0,2610.71
85,29,2,4,8,437,6,2,6,6,20160122,20160121.0,20160120,1,1.0,0,Non local,1,469.99,22309.64,0.2,94.0,4461.93
86,29,3,4,1,437,1,2,6,21,20160122,20160121.0,20160120,1,1.0,0,Non local,2,269.99,12815.98,0.1,54.0,2563.2
87,29,4,4,9,437,6,2,6,8,20160122,20160121.0,20160120,1,1.0,0,Non local,1,1799.99,85442.53,0.2,360.0,17088.51
88,29,5,4,1,437,3,2,6,14,20160122,20160121.0,20160120,1,1.0,0,Non local,2,269.99,12815.98,0.05,27.0,1281.6
89,30,1,4,1,1348,2,2,6,26,20160121,20160121.0,20160120,44,1.0,0,Non local,1,599.99,28480.53,0.05,30.0,1424.03
90,30,2,4,4,1348,3,2,6,17,20160121,20160121.0,20160120,44,1.0,0,Non local,1,429.0,20363.92,0.07,30.03,1425.47
91,30,3,4,4,1348,3,2,6,19,20160121,20160121.0,20160120,44,1.0,0,Non local,1,449.0,21313.28,0.1,44.9,2131.33
92,30,4,4,9,1348,6,2,6,4,20160121,20160121.0,20160120,44,1.0,0,Non local,1,2899.99,137657.7,0.1,290.0,13765.77
93,30,5,4,9,1348,6,2,6,7,20160121,20160121.0,20160120,44,1.0,0,Non local,2,3999.99,189872.87,0.1,800.0,37974.57
94,31,1,4,8,1238,4,3,8,11,20160122,20160122.0,20160120,164,2.0,0,Non local,2,1680.99,79793.8,0.05,168.1,7979.38
95,31,2,4,9,1238,5,3,8,9,20160122,20160122.0,20160120,164,2.0,0,Non local,2,2999.99,142404.53,0.2,1200.0,56961.81
96,32,1,4,9,1259,6,1,3,8,20160124,20160122.0,20160121,51,1.0,0,Non local,2,1799.99,85442.53,0.07,252.0,11961.95
97,32,2,4,1,1259,3,1,3,12,20160124,20160122.0,20160121,51,1.0,0,Non local,2,549.99,26107.11,0.07,77.0,3655.0
98,32,3,4,1,1259,2,1,3,25,20160124,20160122.0,20160121,51,1.0,0,Non local,2,499.99,23733.69,0.1,100.0,4746.74
99,33,1,4,1,236,1,2,6,23,20160122,20160122.0,20160121,121,1.0,0,Non local,2,299.99,14240.03,0.07,42.0,1993.6
100,33,2,4,9,236,6,2,6,7,20160122,20160122.0,20160121,121,1.0,0,Non local,1,3999.99,189872.87,0.1,400.0,18987.29
101,34,1,4,9,80,6,2,6,8,20160125,20160123.0,20160122,7,1.0,0,Non local,2,1799.99,85442.53,0.07,252.0,11961.95
102,34,2,4,8,80,4,2,6,10,20160125,20160123.0,20160122,7,1.0,0,Non local,2,1549.0,73528.45,0.1,309.8,14705.69
103,34,3,4,4,80,3,2,6,17,20160125,20160123.0,20160122,7,1.0,0,Non local,2,429.0,20363.92,0.2,171.6,8145.57
104,35,1,4,4,813,3,2,7,18,20160125,20160124.0,20160122,84,2.0,0,Non local,1,449.0,21313.28,0.05,22.45,1065.66
105,35,2,4,1,813,3,2,7,20,20160125,20160124.0,20160122,84,2.0,0,Non local,2,599.99,28480.53,0.05,60.0,2848.05
106,35,3,4,3,813,6,2,7,5,20160125,20160124.0,20160122,84,2.0,0,Non local,1,1320.99,62705.2,0.2,264.2,12541.04
107,35,4,4,1,813,1,2,7,21,20160125,20160124.0,20160122,84,2.0,0,Non local,2,269.99,12815.98,0.07,37.8,1794.24
108,35,5,4,1,813,1,2,7,22,20160125,20160124.0,20160122,84,2.0,0,Non local,1,269.99,12815.98,0.07,18.9,897.12
109,36,1,4,9,1321,5,2,6,9,20160124,20160124.0,20160123,104,1.0,0,Non local,1,2999.99,142404.53,0.07,210.0,9968.32
110,36,2,4,3,1321,6,2,6,5,20160124,20160124.0,20160123,104,1.0,0,Non local,1,1320.99,62705.2,0.05,66.05,3135.26
111,36,3,4,8,1321,6,2,6,3,20160124,20160124.0,20160123,104,1.0,0,Non local,2,999.99,47467.86,0.2,400.0,18987.14
112,37,1,4,1,164,3,2,6,16,20160128,20160126.0,20160125,106,1.0,0,Non local,2,599.99,28480.53,0.05,60.0,2848.05
113,38,1,4,9,583,6,2,7,7,20160127,20160126.0,20160125,25,1.0,0,Non local,2,3999.99,189872.87,0.05,400.0,18987.29
114,38,2,4,1,583,1,2,7,23,20160127,20160126.0,20160125,25,1.0,0,Non local,1,299.99,14240.03,0.07,21.0,996.8
115,38,3,4,1,583,2,2,7,25,20160127,20160126.0,20160125,25,1.0,0,Non local,1,499.99,23733.69,0.2,100.0,4746.74
116,38,4,4,8,583,4,2,7,10,20160127,20160126.0,20160125,25,1.0,0,Non local,2,1549.0,73528.45,0.1,309.8,14705.69
117,38,5,4,1,583,2,2,7,24,20160127,20160126.0,20160125,25,1.0,0,Non local,1,549.99,26107.11,0.07,38.5,1827.5
118,39,1,4,1,1296,1,2,7,22,20160126,20160126.0,20160125,96,1.0,0,Non local,2,269.99,12815.98,0.2,108.0,5126.39
119,39,2,4,1,1296,3,2,7,16,20160126,20160126.0,20160125,96,1.0,0,Non local,2,599.99,28480.53,0.2,240.0,11392.21
120,39,3,4,8,1296,6,2,7,3,20160126,20160126.0,20160125,96,1.0,0,Non local,2,999.99,47467.86,0.05,100.0,4746.79
121,39,4,4,1,1296,3,2,7,15,20160126,20160126.0,20160125,96,1.0,0,Non local,1,529.99,25157.74,0.1,53.0,2515.77
122,40,1,4,4,348,3,1,3,17,20160128,20160129.0,20160127,64,2.0,1,Non local,1,429.0,20363.92,0.2,85.8,4072.78
123,40,2,4,9,348,6,1,3,8,20160128,20160129.0,20160127,64,2.0,1,Non local,2,1799.99,85442.53,0.2,720.0,34177.01
124,41,1,4,3,979,6,2,6,5,20160130,20160129.0,20160127,156,2.0,0,Non local,1,1320.99,62705.2,0.1,132.1,6270.52
125,41,2,4,4,979,3,2,6,19,20160130,20160129.0,20160127,156,2.0,0,Non local,2,449.0,21313.28,0.2,179.6,8525.31
126,41,3,4,1,979,2,2,6,26,20160130,20160129.0,20160127,156,2.0,0,Non local,2,599.99,28480.53,0.2,240.0,11392.21
127,42,1,4,4,1095,3,2,7,19,20160128,20160130.0,20160127,114,3.0,1,Non local,1,449.0,21313.28,0.05,22.45,1065.66
128,43,1,4,1,1434,3,2,7,13,20160128,20160130.0,20160127,33,3.0,1,Non local,2,269.99,12815.98,0.1,54.0,2563.2
129,43,2,4,1,1434,3,2,7,12,20160128,20160130.0,20160127,33,3.0,1,Non local,2,549.99,26107.11,0.05,55.0,2610.71
130,44,1,4,9,861,6,2,7,7,20160131,20160130.0,20160128,142,2.0,0,Non local,1,3999.99,189872.87,0.1,400.0,18987.29
131,44,2,4,1,861,3,2,7,16,20160131,20160130.0,20160128,142,2.0,0,Non local,1,599.99,28480.53,0.05,30.0,1424.03
132,45,1,4,9,1220,6,2,7,4,20160131,20160131.0,20160128,66,3.0,0,Non local,2,2899.99,137657.7,0.2,1160.0,55063.08
133,45,2,4,1,1220,1,2,7,22,20160131,20160131.0,20160128,66,3.0,0,Non local,1,269.99,12815.98,0.07,18.9,897.12
134,45,3,4,1,1220,1,2,7,21,20160131,20160131.0,20160128,66,3.0,0,Non local,2,269.99,12815.98,0.05,27.0,1281.6
135,46,1,4,4,746,3,2,7,17,20160131,20160131.0,20160129,49,2.0,0,Non local,1,429.0,20363.92,0.1,42.9,2036.39
136,47,1,4,8,1234,6,2,7,6,20160130,20160131.0,20160129,27,2.0,1,Non local,1,469.99,22309.64,0.05,23.5,1115.48
137,47,2,4,1,1234,3,2,7,15,20160130,20160131.0,20160129,27,2.0,1,Non local,1,529.99,25157.74,0.1,53.0,2515.77
138,47,3,4,1,1234,2,2,7,25,20160130,20160131.0,20160129,27,2.0,1,Non local,2,499.99,23733.69,0.07,70.0,3322.72
139,47,4,4,1,1234,3,2,7,13,20160130,20160131.0,20160129,27,2.0,1,Non local,1,269.99,12815.98,0.2,54.0,2563.2
140,48,1,4,8,1012,4,2,7,11,20160201,20160202.0,20160130,32,3.0,1,Non local,1,1680.99,79793.8,0.1,168.1,7979.38
141,48,2,4,9,1012,6,2,7,4,20160201,20160202.0,20160130,32,3.0,1,Non local,1,2899.99,137657.7,0.2,580.0,27531.54
142,48,3,4,3,1012,6,2,7,5,20160201,20160202.0,20160130,32,3.0,1,Non local,2,1320.99,62705.2,0.1,264.2,12541.04
143,48,4,4,1,1012,3,2,7,14,20160201,20160202.0,20160130,32,3.0,1,Non local,2,269.99,12815.98,0.07,37.8,1794.24
144,49,1,4,1,608,3,2,6,13,20160201,20160202.0,20160131,162,2.0,1,Non local,2,269.99,12815.98,0.07,37.8,1794.24
145,50,1,4,8,872,6,3,8,3,20160203,20160202.0,20160131,89,2.0,0,Non local,1,999.99,47467.86,0.05,50.0,2373.39
146,50,2,4,1,872,2,3,8,26,20160203,20160202.0,20160131,89,2.0,0,Non local,2,599.99,28480.53,0.07,84.0,3987.27
147,50,3,4,1,872,3,3,8,13,20160203,20160202.0,20160131,89,2.0,0,Non local,2,269.99,12815.98,0.2,108.0,5126.39
148,51,1,4,1,1047,3,2,7,13,20160202,20160203.0,20160201,80,2.0,1,Non local,1,269.99,12815.98,0.05,13.5,640.8
149,51,2,4,1,1047,3,2,7,20,20160202,20160203.0,20160201,80,2.0,1,Non local,1,599.99,28480.53,0.05,30.0,1424.03
150,51,3,4,1,1047,2,2,7,26,20160202,20160203.0,20160201,80,2.0,1,Non local,2,599.99,28480.53,0.2,240.0,11392.21
151,52,1,4,1,767,2,1,2,25,20160204,20160205.0,20160203,83,2.0,1,Non local,1,499.99,23733.69,0.07,35.0,1661.36
152,53,1,4,9,965,6,2,6,8,20160204,20160205.0,20160203,101,2.0,1,Non local,2,1799.99,85442.53,0.2,720.0,34177.01
153,53,2,4,1,965,1,2,6,23,20160204,20160205.0,20160203,101,2.0,1,Non local,2,299.99,14240.03,0.05,30.0,1424.0
154,53,3,4,1,965,3,2,6,14,20160204,20160205.0,20160203,101,2.0,1,Non local,2,269.99,12815.98,0.2,108.0,5126.39
155,53,4,4,1,965,2,2,6,25,20160204,20160205.0,20160203,101,2.0,1,Non local,2,499.99,23733.69,0.1,100.0,4746.74
156,54,1,4,1,535,2,2,7,26,20160207,20160207.0,20160204,25,3.0,0,Non local,2,599.99,28480.53,0.2,240.0,11392.21
157,54,2,4,8,535,6,2,7,3,20160207,20160207.0,20160204,25,3.0,0,Non local,1,999.99,47467.86,0.2,200.0,9493.57
158,55,1,4,1,1173,1,2,6,21,20160207,20160206.0,20160204,138,2.0,0,Non local,1,269.99,12815.98,0.05,13.5,640.8
159,55,2,4,1,1173,2,2,6,25,20160207,20160206.0,20160204,138,2.0,0,Non local,2,499.99,23733.69,0.2,200.0,9493.48
160,55,3,4,1,1173,3,2,6,15,20160207,20160206.0,20160204,138,2.0,0,Non local,2,529.99,25157.74,0.2,212.0,10063.1
161,56,1,4,1,1241,3,2,6,20,20160206,20160207.0,20160204,55,3.0,1,Non local,2,599.99,28480.53,0.07,84.0,3987.27
162,57,1,4,1,1305,1,2,7,23,20160206,20160206.0,20160204,169,2.0,0,Non local,2,299.99,14240.03,0.1,60.0,2848.01
163,57,2,4,4,1305,3,2,7,19,20160206,20160206.0,20160204,169,2.0,0,Non local,2,449.0,21313.28,0.2,179.6,8525.31
164,57,3,4,1,1305,3,2,7,13,20160206,20160206.0,20160204,169,2.0,0,Non local,1,269.99,12815.98,0.07,18.9,897.12
165,58,1,4,1,504,3,2,6,14,20160207,20160207.0,20160205,70,2.0,0,Non local,2,269.99,12815.98,0.05,27.0,1281.6
166,58,2,4,4,504,3,2,6,18,20160207,20160207.0,20160205,70,2.0,0,Non local,1,449.0,21313.28,0.07,31.43,1491.93
167,58,3,4,1,504,1,2,6,23,20160207,20160207.0,20160205,70,2.0,0,Non local,1,299.99,14240.03,0.1,30.0,1424.0
168,59,1,4,1,563,1,2,7,21,20160207,20160206.0,20160205,39,1.0,0,Non local,1,269.99,12815.98,0.05,13.5,640.8
169,59,2,4,5,563,6,2,7,2,20160207,20160206.0,20160205,39,1.0,0,Non local,1,749.99,35600.78,0.1,75.0,3560.08
170,59,3,4,4,563,3,2,7,17,20160207,20160206.0,20160205,39,1.0,0,Non local,2,429.0,20363.92,0.1,85.8,4072.78
171,60,1,4,1,151,3,1,3,14,20160208,20160207.0,20160206,23,1.0,0,Non local,2,269.99,12815.98,0.05,27.0,1281.6
172,60,2,4,9,151,6,1,3,4,20160208,20160207.0,20160206,23,1.0,0,Non local,1,2899.99,137657.7,0.1,290.0,13765.77
173,60,3,4,1,151,3,1,3,15,20160208,20160207.0,20160206,23,1.0,0,Non local,1,529.99,25157.74,0.07,37.1,1761.04
174,60,4,4,1,151,1,1,3,22,20160208,20160207.0,20160206,23,1.0,0,Non local,1,269.99,12815.98,0.2,54.0,2563.2
175,61,1,4,1,277,2,2,7,25,20160209,20160209.0,20160206,10,3.0,0,Non local,1,499.99,23733.69,0.1,50.0,2373.37
176,61,2,4,1,277,3,2,7,15,20160209,20160209.0,20160206,10,3.0,0,Non local,2,529.99,25157.74,0.05,53.0,2515.77
177,61,3,4,3,277,6,2,7,5,20160209,20160209.0,20160206,10,3.0,0,Non local,2,1320.99,62705.2,0.2,528.4,25082.08
178,62,1,4,1,208,3,1,2,14,20160210,20160210.0,20160207,120,3.0,0,Non local,1,269.99,12815.98,0.07,18.9,897.12
179,62,2,4,9,208,6,1,2,8,20160210,20160210.0,20160207,120,3.0,0,Non local,2,1799.99,85442.53,0.1,360.0,17088.51
180,62,3,4,1,208,1,1,2,22,20160210,20160210.0,20160207,120,3.0,0,Non local,2,269.99,12815.98,0.1,54.0,2563.2
181,63,1,4,1,1075,2,2,7,25,20160209,20160209.0,20160207,66,2.0,0,Non local,2,499.99,23733.69,0.1,100.0,4746.74
182,63,2,4,4,1075,3,2,7,19,20160209,20160209.0,20160207,66,2.0,0,Non local,2,449.0,21313.28,0.05,44.9,2131.33
183,63,3,4,8,1075,6,2,7,3,20160209,20160209.0,20160207,66,2.0,0,Non local,1,999.99,47467.86,0.1,100.0,4746.79
184,64,1,4,1,1185,2,2,6,25,20160208,20160209.0,20160207,186,2.0,1,Non local,2,499.99,23733.69,0.1,100.0,4746.74
185,64,2,4,1,1185,1,2,6,22,20160208,20160209.0,20160207,186,2.0,1,Non local,2,269.99,12815.98,0.2,108.0,5126.39
186,64,3,4,1,1185,1,2,6,23,20160208,20160209.0,20160207,186,2.0,1,Non local,2,299.99,14240.03,0.2,120.0,5696.01
187,64,4,4,1,1185,2,2,6,24,20160208,20160209.0,20160207,186,2.0,1,Non local,2,549.99,26107.11,0.1,110.0,5221.42
188,65,1,4,1,996,3,2,6,12,20160209,20160211.0,20160208,162,3.0,1,Non local,1,549.99,26107.11,0.1,55.0,2610.71
189,66,1,4,5,1253,6,2,7,2,20160212,20160212.0,20160209,194,3.0,0,Non local,1,749.99,35600.78,0.2,150.0,7120.16
190,66,2,4,1,1253,1,2,7,23,20160212,20160212.0,20160209,194,3.0,0,Non local,1,299.99,14240.03,0.07,21.0,996.8
191,66,3,4,1,1253,3,2,7,12,20160212,20160212.0,20160209,194,3.0,0,Non local,1,549.99,26107.11,0.07,38.5,1827.5
192,67,1,4,1,526,1,3,8,23,20160211,20160210.0,20160209,19,1.0,0,Non local,2,299.99,14240.03,0.2,120.0,5696.01
193,67,2,4,1,526,3,3,8,12,20160211,20160210.0,20160209,19,1.0,0,Non local,2,549.99,26107.11,0.1,110.0,5221.42
194,67,3,4,1,526,1,3,8,21,20160211,20160210.0,20160209,19,1.0,0,Non local,1,269.99,12815.98,0.2,54.0,2563.2
195,67,4,4,3,526,6,3,8,5,20160211,20160210.0,20160209,19,1.0,0,Non local,2,1320.99,62705.2,0.1,264.2,12541.04
196,67,5,4,4,526,3,3,8,19,20160211,20160210.0,20160209,19,1.0,0,Non local,1,449.0,21313.28,0.2,89.8,4262.66
197,68,1,4,1,381,3,2,6,13,20160211,20160213.0,20160210,48,3.0,1,Non local,2,269.99,12815.98,0.07,37.8,1794.24
198,68,2,4,4,381,3,2,6,17,20160211,20160213.0,20160210,48,3.0,1,Non local,1,429.0,20363.92,0.1,42.9,2036.39
199,69,1,4,1,1413,1,2,7,22,20160212,20160211.0,20160210,116,1.0,0,Non local,2,269.99,12815.98,0.1,54.0,2563.2
200,69,2,4,3,1413,6,2,7,5,20160212,20160211.0,20160210,116,1.0,0,Non local,1,1320.99,62705.2,0.2,264.2,12541.04
201,69,3,4,8,1413,4,2,7,10,20160212,20160211.0,20160210,116,1.0,0,Non local,1,1549.0,73528.45,0.05,77.45,3676.42
202,70,1,3,8,50,6,3,9,3,20160211,,20160211,19,,0,Non local,2,999.99,47467.86,0.05,100.0,4746.79
203,70,2,3,4,50,3,3,9,18,20160211,,20160211,19,,0,Non local,1,449.0,21313.28,0.2,89.8,4262.66
204,70,3,3,1,50,3,3,9,20,20160211,,20160211,19,,0,Non local,1,599.99,28480.53,0.05,30.0,1424.03
205,71,1,4,1,797,2,2,7,26,20160214,20160212.0,20160211,75,1.0,0,Non local,2,599.99,28480.53,0.05,60.0,2848.05
206,71,2,4,1,797,2,2,7,24,20160214,20160212.0,20160211,75,1.0,0,Non local,1,549.99,26107.11,0.2,110.0,5221.42
207,71,3,4,4,797,3,2,7,18,20160214,20160212.0,20160211,75,1.0,0,Non local,1,449.0,21313.28,0.1,44.9,2131.33
208,72,1,4,4,1386,3,1,2,17,20160215,20160213.0,20160212,71,1.0,0,Non local,2,429.0,20363.92,0.07,60.06,2850.95
209,72,2,4,1,1386,3,1,2,12,20160215,20160213.0,20160212,71,1.0,0,Non local,1,549.99,26107.11,0.05,27.5,1305.36
210,72,3,4,1,1386,3,1,2,13,20160215,20160213.0,20160212,71,1.0,0,Non local,2,269.99,12815.98,0.1,54.0,2563.2
211,73,1,4,1,612,1,2,7,22,20160215,20160214.0,20160212,117,2.0,0,Non local,1,269.99,12815.98,0.07,18.9,897.12
212,73,2,4,1,612,2,2,7,26,20160215,20160214.0,20160212,117,2.0,0,Non local,2,599.99,28480.53,0.05,60.0,2848.05
213,73,3,4,8,612,6,2,7,3,20160215,20160214.0,20160212,117,2.0,0,Non local,2,999.99,47467.86,0.07,140.0,6645.5
214,73,4,4,1,612,2,2,7,25,20160215,20160214.0,20160212,117,2.0,0,Non local,1,499.99,23733.69,0.07,35.0,1661.36
215,73,5,4,1,612,1,2,7,23,20160215,20160214.0,20160212,117,2.0,0,Non local,2,299.99,14240.03,0.2,120.0,5696.01
216,74,1,4,1,264,3,2,7,16,20160215,20160215.0,20160213,138,2.0,0,Non local,2,599.99,28480.53,0.05,60.0,2848.05
217,74,2,4,8,264,6,2,7,6,20160215,20160215.0,20160213,138,2.0,0,Non local,1,469.99,22309.64,0.07,32.9,1561.67
218,75,1,4,8,587,6,2,6,3,20160215,20160217.0,20160214,163,3.0,1,Non local,1,999.99,47467.86,0.1,100.0,4746.79
219,75,2,4,9,587,6,2,6,7,20160215,20160217.0,20160214,163,3.0,1,Non local,2,3999.99,189872.87,0.07,560.0,26582.2
220,75,3,4,1,587,3,2,6,15,20160215,20160217.0,20160214,163,3.0,1,Non local,1,529.99,25157.74,0.2,106.0,5031.55
221,76,1,3,1,9,3,2,6,12,20160216,,20160216,9,,0,Non local,1,549.99,26107.11,0.05,27.5,1305.36
222,76,2,3,8,9,4,2,6,11,20160216,,20160216,9,,0,Non local,2,1680.99,79793.8,0.1,336.2,15958.76
223,76,3,3,3,9,6,2,6,5,20160216,,20160216,9,,0,Non local,1,1320.99,62705.2,0.07,92.47,4389.36
224,77,1,4,1,385,3,1,2,20,20160219,20160219.0,20160216,46,3.0,0,Non local,1,599.99,28480.53,0.07,42.0,1993.64
225,77,2,4,1,385,2,1,2,24,20160219,20160219.0,20160216,46,3.0,0,Non local,2,549.99,26107.11,0.1,110.0,5221.42
226,77,3,4,1,385,2,1,2,26,20160219,20160219.0,20160216,46,3.0,0,Non local,1,599.99,28480.53,0.2,120.0,5696.11
227,77,4,4,1,385,2,1,2,25,20160219,20160219.0,20160216,46,3.0,0,Non local,1,499.99,23733.69,0.2,100.0,4746.74
228,78,1,4,4,1182,3,2,7,17,20160218,20160219.0,20160216,143,3.0,1,Non local,1,429.0,20363.92,0.07,30.03,1425.47
229,78,2,4,4,1182,3,2,7,19,20160218,20160219.0,20160216,143,3.0,1,Non local,1,449.0,21313.28,0.2,89.8,4262.66
230,78,3,4,4,1182,3,2,7,18,20160218,20160219.0,20160216,143,3.0,1,Non local,2,449.0,21313.28,0.1,89.8,4262.66
231,78,4,4,1,1182,3,2,7,14,20160218,20160219.0,20160216,143,3.0,1,Non local,2,269.99,12815.98,0.1,54.0,2563.2
232,79,1,4,9,529,5,1,3,9,20160220,20160220.0,20160217,179,3.0,0,Non local,2,2999.99,142404.53,0.1,600.0,28480.91
233,79,2,4,4,529,3,1,3,17,20160220,20160220.0,20160217,179,3.0,0,Non local,2,429.0,20363.92,0.05,42.9,2036.39
234,79,3,4,8,529,6,1,3,6,20160220,20160220.0,20160217,179,3.0,0,Non local,1,469.99,22309.64,0.1,47.0,2230.96
235,79,4,4,1,529,2,1,3,25,20160220,20160220.0,20160217,179,3.0,0,Non local,2,499.99,23733.69,0.07,70.0,3322.72
236,80,1,4,1,397,2,2,6,26,20160220,20160219.0,20160217,70,2.0,0,Non local,1,599.99,28480.53,0.1,60.0,2848.05
237,80,2,4,1,397,2,2,6,24,20160220,20160219.0,20160217,70,2.0,0,Non local,1,549.99,26107.11,0.1,55.0,2610.71
238,80,3,4,4,397,3,2,6,17,20160220,20160219.0,20160217,70,2.0,0,Non local,1,429.0,20363.92,0.2,85.8,4072.78
239,81,1,4,8,521,4,2,6,10,20160219,20160218.0,20160217,177,1.0,0,Non local,2,1549.0,73528.45,0.2,619.6,29411.38
240,81,2,4,1,521,1,2,6,23,20160219,20160218.0,20160217,177,1.0,0,Non local,2,299.99,14240.03,0.05,30.0,1424.0
241,81,3,4,1,521,2,2,6,25,20160219,20160218.0,20160217,177,1.0,0,Non local,2,499.99,23733.69,0.05,50.0,2373.37
242,82,1,4,1,1223,2,2,6,25,20160221,20160220.0,20160218,116,2.0,0,Non local,2,499.99,23733.69,0.1,100.0,4746.74
243,82,2,4,8,1223,4,2,6,11,20160221,20160220.0,20160218,116,2.0,0,Non local,2,1680.99,79793.8,0.2,672.4,31917.52
244,83,1,4,1,393,3,1,3,20,20160220,20160220.0,20160219,69,1.0,0,Non local,1,599.99,28480.53,0.2,120.0,5696.11
245,83,2,4,8,393,6,1,3,3,20160220,20160220.0,20160219,69,1.0,0,Non local,2,999.99,47467.86,0.05,100.0,4746.79
246,84,1,4,1,317,1,2,7,23,20160222,20160221.0,20160220,106,1.0,0,Non local,2,299.99,14240.03,0.07,42.0,1993.6
247,84,2,4,1,317,3,2,7,15,20160222,20160221.0,20160220,106,1.0,0,Non local,2,529.99,25157.74,0.07,74.2,3522.08
248,85,1,4,9,1174,6,2,7,4,20160223,20160221.0,20160220,166,1.0,0,Non local,2,2899.99,137657.7,0.05,290.0,13765.77
249,85,2,4,4,1174,3,2,7,18,20160223,20160221.0,20160220,166,1.0,0,Non local,1,449.0,21313.28,0.07,31.43,1491.93
250,86,1,4,9,276,5,2,7,9,20160222,20160223.0,20160221,143,2.0,1,Non local,2,2999.99,142404.53,0.1,600.0,28480.91
251,86,2,4,1,276,1,2,7,23,20160222,20160223.0,20160221,143,2.0,1,Non local,2,299.99,14240.03,0.07,42.0,1993.6
252,86,3,4,1,276,1,2,7,21,20160222,20160223.0,20160221,143,2.0,1,Non local,2,269.99,12815.98,0.2,108.0,5126.39
253,86,4,4,1,276,3,2,7,15,20160222,20160223.0,20160221,143,2.0,1,Non local,1,529.99,25157.74,0.1,53.0,2515.77
254,87,1,4,1,516,3,2,6,20,20160222,20160223.0,20160221,119,2.0,1,Non local,2,599.99,28480.53,0.2,240.0,11392.21
255,87,2,4,1,516,1,2,6,23,20160222,20160223.0,20160221,119,2.0,1,Non local,2,299.99,14240.03,0.1,60.0,2848.01
256,88,1,4,8,1069,4,2,6,10,20160222,20160223.0,20160221,162,2.0,1,Non local,1,1549.0,73528.45,0.07,108.43,5146.99
257,88,2,4,9,1069,6,2,6,8,20160222,20160223.0,20160221,162,2.0,1,Non local,2,1799.99,85442.53,0.1,360.0,17088.51
258,88,3,4,9,1069,6,2,6,7,20160222,20160223.0,20160221,162,2.0,1,Non local,1,3999.99,189872.87,0.1,400.0,18987.29
259,89,1,4,3,668,6,3,8,5,20160224,20160224.0,20160221,173,3.0,0,Non local,1,1320.99,62705.2,0.05,66.05,3135.26
260,89,2,4,8,668,6,3,8,6,20160224,20160224.0,20160221,173,3.0,0,Non local,2,469.99,22309.64,0.1,94.0,4461.93
261,90,1,4,8,414,6,2,7,3,20160225,20160224.0,20160223,156,1.0,0,Non local,1,999.99,47467.86,0.1,100.0,4746.79
262,90,2,4,8,414,6,2,7,6,20160225,20160224.0,20160223,156,1.0,0,Non local,1,469.99,22309.64,0.07,32.9,1561.67
263,91,1,4,8,648,4,1,2,11,20160227,20160228.0,20160225,133,3.0,1,Non local,1,1680.99,79793.8,0.1,168.1,7979.38
264,91,2,4,1,648,2,1,2,25,20160227,20160228.0,20160225,133,3.0,1,Non local,1,499.99,23733.69,0.05,25.0,1186.68
265,91,3,4,1,648,3,1,2,15,20160227,20160228.0,20160225,133,3.0,1,Non local,2,529.99,25157.74,0.07,74.2,3522.08
266,91,4,4,1,648,3,1,2,13,20160227,20160228.0,20160225,133,3.0,1,Non local,2,269.99,12815.98,0.07,37.8,1794.24
267,92,1,4,9,1309,6,2,7,8,20160228,20160228.0,20160225,146,3.0,0,Non local,1,1799.99,85442.53,0.1,180.0,8544.25
268,93,1,4,1,1328,1,1,3,22,20160228,20160227.0,20160226,127,1.0,0,Non local,2,269.99,12815.98,0.07,37.8,1794.24
269,93,2,4,4,1328,3,1,3,17,20160228,20160227.0,20160226,127,1.0,0,Non local,1,429.0,20363.92,0.05,21.45,1018.2
270,93,3,4,1,1328,1,1,3,21,20160228,20160227.0,20160226,127,1.0,0,Non local,1,269.99,12815.98,0.1,27.0,1281.6
271,93,4,4,5,1328,6,1,3,2,20160228,20160227.0,20160226,127,1.0,0,Non local,1,749.99,35600.78,0.2,150.0,7120.16
272,93,5,4,8,1328,4,1,3,10,20160228,20160227.0,20160226,127,1.0,0,Non local,2,1549.0,73528.45,0.07,216.86,10293.98
273,94,1,4,1,929,3,1,2,12,20160228,20160229.0,20160227,137,2.0,1,Non local,1,549.99,26107.11,0.05,27.5,1305.36
274,94,2,4,9,929,6,1,2,4,20160228,20160229.0,20160227,137,2.0,1,Non local,1,2899.99,137657.7,0.2,580.0,27531.54
275,94,3,4,8,929,4,1,2,11,20160228,20160229.0,20160227,137,2.0,1,Non local,1,1680.99,79793.8,0.2,336.2,15958.76
276,94,4,4,1,929,1,1,2,21,20160228,20160229.0,20160227,137,2.0,1,Non local,2,269.99,12815.98,0.07,37.8,1794.24
277,95,1,4,8,218,4,2,7,10,20160229,20160228.0,20160227,9,1.0,0,Non local,2,1549.0,73528.45,0.2,619.6,29411.38
278,95,2,4,4,218,3,2,7,19,20160229,20160228.0,20160227,9,1.0,0,Non local,1,449.0,21313.28,0.1,44.9,2131.33
279,95,3,4,9,218,6,2,7,8,20160229,20160228.0,20160227,9,1.0,0,Non local,2,1799.99,85442.53,0.2,720.0,34177.01
280,95,4,4,1,218,3,2,7,20,20160229,20160228.0,20160227,9,1.0,0,Non local,2,599.99,28480.53,0.05,60.0,2848.05
281,96,1,4,1,1094,2,2,7,26,20160229,20160228.0,20160227,65,1.0,0,Non local,1,599.99,28480.53,0.1,60.0,2848.05
282,96,2,4,1,1094,1,2,7,23,20160229,20160228.0,20160227,65,1.0,0,Non local,1,299.99,14240.03,0.05,15.0,712.0
283,97,1,4,1,204,3,2,7,20,20160229,20160301.0,20160228,50,2.0,1,Non local,2,599.99,28480.53,0.2,240.0,11392.21
284,97,2,4,5,204,6,2,7,2,20160229,20160301.0,20160228,50,2.0,1,Non local,1,749.99,35600.78,0.07,52.5,2492.05
285,97,3,4,8,204,6,2,7,6,20160229,20160301.0,20160228,50,2.0,1,Non local,2,469.99,22309.64,0.2,188.0,8923.86
286,97,4,4,4,204,3,2,7,19,20160229,20160301.0,20160228,50,2.0,1,Non local,1,449.0,21313.28,0.1,44.9,2131.33
287,98,1,4,4,1194,3,2,6,19,20160229,20160229.0,20160228,86,1.0,0,Non local,1,449.0,21313.28,0.07,31.43,1491.93
288,98,2,4,1,1194,1,2,6,21,20160229,20160229.0,20160228,86,1.0,0,Non local,1,269.99,12815.98,0.1,27.0,1281.6
289,98,3,4,5,1194,6,2,6,2,20160229,20160229.0,20160228,86,1.0,0,Non local,1,749.99,35600.78,0.2,150.0,7120.16
290,98,4,4,1,1194,1,2,6,22,20160229,20160229.0,20160228,86,1.0,0,Non local,2,269.99,12815.98,0.2,108.0,5126.39
291,99,1,4,1,1165,3,3,9,13,20160301,20160303.0,20160229,176,3.0,1,Non local,1,269.99,12815.98,0.2,54.0,2563.2
292,99,2,4,1,1165,1,3,9,21,20160301,20160303.0,20160229,176,3.0,1,Non local,1,269.99,12815.98,0.2,54.0,2563.2
293,99,3,4,1,1165,2,3,9,25,20160301,20160303.0,20160229,176,3.0,1,Non local,2,499.99,23733.69,0.05,50.0,2373.37
294,99,4,4,9,1165,6,3,9,7,20160301,20160303.0,20160229,176,3.0,1,Non local,2,3999.99,189872.87,0.07,560.0,26582.2
295,99,5,4,1,1165,1,3,9,23,20160301,20160303.0,20160229,176,3.0,1,Non local,2,299.99,14240.03,0.2,120.0,5696.01
296,100,1,4,1,1237,3,2,7,12,20160304,20160303.0,20160301,42,2.0,0,Non local,2,549.99,26107.11,0.05,55.0,2610.71
297,100,2,4,8,1237,4,2,7,11,20160304,20160303.0,20160301,42,2.0,0,Non local,2,1680.99,79793.8,0.1,336.2,15958.76
298,100,3,4,9,1237,6,2,7,7,20160304,20160303.0,20160301,42,2.0,0,Non local,2,3999.99,189872.87,0.2,1600.0,75949.15
299,100,4,4,1,1237,3,2,7,16,20160304,20160303.0,20160301,42,2.0,0,Non local,2,599.99,28480.53,0.2,240.0,11392.21
300,100,5,4,1,1237,2,2,7,24,20160304,20160303.0,20160301,42,2.0,0,Non local,2,549.99,26107.11,0.1,110.0,5221.42
301,101,1,4,1,271,3,3,8,12,20160304,20160304.0,20160301,13,3.0,0,Non local,2,549.99,26107.11,0.2,220.0,10442.84
302,102,1,4,1,336,3,2,7,15,20160305,20160303.0,20160302,36,1.0,0,Non local,1,529.99,25157.74,0.05,26.5,1257.89
303,102,2,4,1,336,1,2,7,22,20160305,20160303.0,20160302,36,1.0,0,Non local,1,269.99,12815.98,0.07,18.9,897.12
304,103,1,4,4,991,3,1,2,17,20160306,20160305.0,20160303,132,2.0,0,Non local,1,429.0,20363.92,0.07,30.03,1425.47
305,103,2,4,8,991,6,1,2,3,20160306,20160305.0,20160303,132,2.0,0,Non local,1,999.99,47467.86,0.05,50.0,2373.39
306,103,3,4,4,991,3,1,2,18,20160306,20160305.0,20160303,132,2.0,0,Non local,1,449.0,21313.28,0.2,89.8,4262.66
307,103,4,4,1,991,3,1,2,15,20160306,20160305.0,20160303,132,2.0,0,Non local,2,529.99,25157.74,0.1,106.0,5031.55
308,103,5,4,9,991,5,1,2,9,20160306,20160305.0,20160303,132,2.0,0,Non local,2,2999.99,142404.53,0.1,600.0,28480.91
309,104,1,4,4,7,3,2,7,19,20160305,20160305.0,20160303,7,2.0,0,Non local,2,449.0,21313.28,0.1,89.8,4262.66
310,104,2,4,1,7,2,2,7,26,20160305,20160305.0,20160303,7,2.0,0,Non local,1,599.99,28480.53,0.05,30.0,1424.03
311,105,1,4,8,306,4,2,7,11,20160305,20160304.0,20160303,140,1.0,0,Non local,2,1680.99,79793.8,0.2,672.4,31917.52
312,105,2,4,8,306,6,2,7,3,20160305,20160304.0,20160303,140,1.0,0,Non local,1,999.99,47467.86,0.05,50.0,2373.39
313,105,3,4,9,306,5,2,7,9,20160305,20160304.0,20160303,140,1.0,0,Non local,1,2999.99,142404.53,0.05,150.0,7120.23
314,106,1,4,4,422,3,3,9,17,20160305,20160305.0,20160304,20,1.0,0,Non local,1,429.0,20363.92,0.1,42.9,2036.39
315,106,2,4,1,422,3,3,9,13,20160305,20160305.0,20160304,20,1.0,0,Non local,2,269.99,12815.98,0.1,54.0,2563.2
316,107,1,4,4,633,3,1,2,19,20160309,20160309.0,20160306,83,3.0,0,Non local,1,449.0,21313.28,0.2,89.8,4262.66
317,107,2,4,1,633,3,1,2,13,20160309,20160309.0,20160306,83,3.0,0,Non local,2,269.99,12815.98,0.1,54.0,2563.2
318,108,1,4,8,12,4,2,6,11,20160309,20160307.0,20160306,12,1.0,0,Non local,1,1680.99,79793.8,0.1,168.1,7979.38
319,108,2,4,1,12,1,2,6,22,20160309,20160307.0,20160306,12,1.0,0,Non local,2,269.99,12815.98,0.07,37.8,1794.24
320,108,3,4,1,12,3,2,6,16,20160309,20160307.0,20160306,12,1.0,0,Non local,2,599.99,28480.53,0.05,60.0,2848.05
321,109,1,4,1,1255,1,2,6,22,20160309,20160309.0,20160306,156,3.0,0,Non local,2,269.99,12815.98,0.1,54.0,2563.2
322,109,2,4,8,1255,6,2,6,6,20160309,20160309.0,20160306,156,3.0,0,Non local,1,469.99,22309.64,0.07,32.9,1561.67
323,110,1,4,1,677,3,3,9,14,20160308,20160309.0,20160306,102,3.0,1,Non local,1,269.99,12815.98,0.1,27.0,1281.6
324,111,1,4,1,630,3,2,6,14,20160310,20160310.0,20160307,167,3.0,0,Non local,1,269.99,12815.98,0.1,27.0,1281.6
325,111,2,4,1,630,3,2,6,12,20160310,20160310.0,20160307,167,3.0,0,Non local,2,549.99,26107.11,0.07,77.0,3655.0
326,112,1,4,1,469,1,2,6,23,20160311,20160310.0,20160308,39,2.0,0,Non local,2,299.99,14240.03,0.2,120.0,5696.01
327,112,2,4,1,469,2,2,6,25,20160311,20160310.0,20160308,39,2.0,0,Non local,2,499.99,23733.69,0.07,70.0,3322.72
328,112,3,4,1,469,2,2,6,24,20160311,20160310.0,20160308,39,2.0,0,Non local,2,549.99,26107.11,0.05,55.0,2610.71
329,112,4,4,3,469,6,2,6,5,20160311,20160310.0,20160308,39,2.0,0,Non local,1,1320.99,62705.2,0.2,264.2,12541.04
330,113,1,4,1,1078,3,2,6,12,20160311,20160311.0,20160308,151,3.0,0,Non local,2,549.99,26107.11,0.07,77.0,3655.0
331,113,2,4,1,1078,2,2,6,24,20160311,20160311.0,20160308,151,3.0,0,Non local,2,549.99,26107.11,0.1,110.0,5221.42
332,113,3,4,8,1078,6,2,6,6,20160311,20160311.0,20160308,151,3.0,0,Non local,1,469.99,22309.64,0.07,32.9,1561.67
333,113,4,4,1,1078,1,2,6,23,20160311,20160311.0,20160308,151,3.0,0,Non local,1,299.99,14240.03,0.2,60.0,2848.01
334,113,5,4,3,1078,6,2,6,5,20160311,20160311.0,20160308,151,3.0,0,Non local,2,1320.99,62705.2,0.2,528.4,25082.08
335,114,1,4,1,1431,3,2,7,12,20160310,20160311.0,20160308,45,3.0,1,Non local,1,549.99,26107.11,0.05,27.5,1305.36
336,114,2,4,5,1431,6,2,7,2,20160310,20160311.0,20160308,45,3.0,1,Non local,1,749.99,35600.78,0.07,52.5,2492.05
337,114,3,4,1,1431,3,2,7,13,20160310,20160311.0,20160308,45,3.0,1,Non local,2,269.99,12815.98,0.1,54.0,2563.2
338,115,1,4,1,1369,1,2,7,22,20160311,20160311.0,20160309,162,2.0,0,Non local,1,269.99,12815.98,0.2,54.0,2563.2
339,115,2,4,4,1369,3,2,7,19,20160311,20160311.0,20160309,162,2.0,0,Non local,1,449.0,21313.28,0.1,44.9,2131.33
340,116,1,4,1,471,2,2,7,26,20160311,20160311.0,20160310,172,1.0,0,Non local,1,599.99,28480.53,0.05,30.0,1424.03
341,117,1,4,1,740,1,2,6,22,20160313,20160311.0,20160310,146,1.0,0,Non local,2,269.99,12815.98,0.2,108.0,5126.39
342,117,2,4,1,740,2,2,6,26,20160313,20160311.0,20160310,146,1.0,0,Non local,1,599.99,28480.53,0.05,30.0,1424.03
343,117,3,4,1,740,3,2,6,14,20160313,20160311.0,20160310,146,1.0,0,Non local,1,269.99,12815.98,0.2,54.0,2563.2
344,117,4,4,4,740,3,2,6,19,20160313,20160311.0,20160310,146,1.0,0,Non local,1,449.0,21313.28,0.05,22.45,1065.66
345,118,1,4,4,577,3,1,2,18,20160314,20160313.0,20160312,58,1.0,0,Non local,1,449.0,21313.28,0.07,31.43,1491.93
346,118,2,4,9,577,6,1,2,4,20160314,20160313.0,20160312,58,1.0,0,Non local,1,2899.99,137657.7,0.07,203.0,9636.04
347,118,3,4,8,577,6,1,2,6,20160314,20160313.0,20160312,58,1.0,0,Non local,1,469.99,22309.64,0.07,32.9,1561.67
348,118,4,4,8,577,6,1,2,3,20160314,20160313.0,20160312,58,1.0,0,Non local,2,999.99,47467.86,0.1,200.0,9493.57
349,118,5,4,1,577,1,1,2,23,20160314,20160313.0,20160312,58,1.0,0,Non local,2,299.99,14240.03,0.07,42.0,1993.6
350,119,1,4,1,925,2,2,7,25,20160314,20160314.0,20160312,140,2.0,0,Non local,1,499.99,23733.69,0.05,25.0,1186.68
351,120,1,4,1,327,3,2,7,13,20160315,20160317.0,20160314,16,3.0,1,Non local,2,269.99,12815.98,0.05,27.0,1281.6
352,120,2,4,8,327,6,2,7,6,20160315,20160317.0,20160314,16,3.0,1,Non local,2,469.99,22309.64,0.05,47.0,2230.96
353,120,3,4,8,327,4,2,7,10,20160315,20160317.0,20160314,16,3.0,1,Non local,2,1549.0,73528.45,0.05,154.9,7352.85
354,120,4,4,4,327,3,2,7,17,20160315,20160317.0,20160314,16,3.0,1,Non local,1,429.0,20363.92,0.05,21.45,1018.2
355,120,5,4,1,327,3,2,7,16,20160315,20160317.0,20160314,16,3.0,1,Non local,2,599.99,28480.53,0.2,240.0,11392.21
356,121,1,4,3,755,6,2,6,5,20160315,20160316.0,20160314,183,2.0,1,Non local,1,1320.99,62705.2,0.2,264.2,12541.04
357,121,2,4,1,755,3,2,6,14,20160315,20160316.0,20160314,183,2.0,1,Non local,2,269.99,12815.98,0.1,54.0,2563.2
358,121,3,4,9,755,6,2,6,4,20160315,20160316.0,20160314,183,2.0,1,Non local,2,2899.99,137657.7,0.1,580.0,27531.54
359,121,4,4,1,755,2,2,6,24,20160315,20160316.0,20160314,183,2.0,1,Non local,2,549.99,26107.11,0.07,77.0,3655.0
360,121,5,4,5,755,6,2,6,2,20160315,20160316.0,20160314,183,2.0,1,Non local,2,749.99,35600.78,0.05,75.0,3560.08
361,122,1,4,1,786,3,2,6,16,20160316,20160315.0,20160314,175,1.0,0,Non local,1,599.99,28480.53,0.1,60.0,2848.05
362,123,1,4,1,766,3,2,6,12,20160318,20160317.0,20160315,150,2.0,0,Non local,2,549.99,26107.11,0.1,110.0,5221.42
363,124,1,4,1,403,3,1,3,16,20160318,20160317.0,20160316,132,1.0,0,Non local,1,599.99,28480.53,0.05,30.0,1424.03
364,124,2,4,9,403,6,1,3,4,20160318,20160317.0,20160316,132,1.0,0,Non local,1,2899.99,137657.7,0.07,203.0,9636.04
365,124,3,4,9,403,6,1,3,7,20160318,20160317.0,20160316,132,1.0,0,Non local,2,3999.99,189872.87,0.05,400.0,18987.29
366,125,1,4,4,685,3,2,6,17,20160319,20160317.0,20160316,151,1.0,0,Non local,1,429.0,20363.92,0.1,42.9,2036.39
367,126,1,4,9,1365,5,2,7,9,20160318,20160318.0,20160316,38,2.0,0,Non local,2,2999.99,142404.53,0.05,300.0,14240.45
368,127,1,4,4,484,3,3,8,17,20160318,20160319.0,20160317,85,2.0,1,Non local,1,429.0,20363.92,0.07,30.03,1425.47
369,127,2,4,1,484,3,3,8,20,20160318,20160319.0,20160317,85,2.0,1,Non local,1,599.99,28480.53,0.1,60.0,2848.05
370,127,3,4,9,484,6,3,8,4,20160318,20160319.0,20160317,85,2.0,1,Non local,2,2899.99,137657.7,0.07,406.0,19272.08
371,128,1,4,1,86,2,2,6,24,20160320,20160321.0,20160318,67,3.0,1,Non local,2,549.99,26107.11,0.1,110.0,5221.42
372,128,2,4,1,86,3,2,6,16,20160320,20160321.0,20160318,67,3.0,1,Non local,2,599.99,28480.53,0.1,120.0,5696.11
373,128,3,4,9,86,6,2,6,4,20160320,20160321.0,20160318,67,3.0,1,Non local,2,2899.99,137657.7,0.2,1160.0,55063.08
374,128,4,4,8,86,6,2,6,3,20160320,20160321.0,20160318,67,3.0,1,Non local,2,999.99,47467.86,0.2,400.0,18987.14
375,129,1,4,4,84,3,2,7,18,20160321,20160321.0,20160319,65,2.0,0,Non local,1,449.0,21313.28,0.1,44.9,2131.33
376,129,2,4,9,84,5,2,7,9,20160321,20160321.0,20160319,65,2.0,0,Non local,1,2999.99,142404.53,0.1,300.0,14240.45
377,130,1,4,1,1049,2,2,6,26,20160322,20160320.0,20160319,186,1.0,0,Non local,1,599.99,28480.53,0.05,30.0,1424.03
378,130,2,4,3,1049,6,2,6,5,20160322,20160320.0,20160319,186,1.0,0,Non local,2,1320.99,62705.2,0.07,184.94,8778.73
379,131,1,4,1,316,1,3,8,22,20160322,20160320.0,20160319,85,1.0,0,Non local,2,269.99,12815.98,0.2,108.0,5126.39
380,131,2,4,9,316,6,3,8,4,20160322,20160320.0,20160319,85,1.0,0,Non local,2,2899.99,137657.7,0.07,406.0,19272.08
381,131,3,4,1,316,2,3,8,24,20160322,20160320.0,20160319,85,1.0,0,Non local,2,549.99,26107.11,0.1,110.0,5221.42
382,132,1,4,5,46,6,1,3,2,20160322,20160323.0,20160320,37,3.0,1,Non local,2,749.99,35600.78,0.05,75.0,3560.08
383,132,2,4,1,46,3,1,3,20,20160322,20160323.0,20160320,37,3.0,1,Non local,1,599.99,28480.53,0.05,30.0,1424.03
384,132,3,4,9,46,5,1,3,9,20160322,20160323.0,20160320,37,3.0,1,Non local,1,2999.99,142404.53,0.1,300.0,14240.45
385,133,1,4,1,409,3,2,7,13,20160322,20160321.0,20160320,163,1.0,0,Non local,2,269.99,12815.98,0.05,27.0,1281.6
386,133,2,4,1,409,1,2,7,22,20160322,20160321.0,20160320,163,1.0,0,Non local,1,269.99,12815.98,0.2,54.0,2563.2
387,134,1,4,4,679,3,2,7,19,20160321,20160321.0,20160320,188,1.0,0,Non local,2,449.0,21313.28,0.1,89.8,4262.66
388,134,2,4,5,679,6,2,7,2,20160321,20160321.0,20160320,188,1.0,0,Non local,2,749.99,35600.78,0.07,105.0,4984.11
389,134,3,4,4,679,3,2,7,18,20160321,20160321.0,20160320,188,1.0,0,Non local,2,449.0,21313.28,0.07,62.86,2983.86
390,135,1,4,3,1354,6,2,7,5,20160323,20160323.0,20160321,150,2.0,0,Non local,2,1320.99,62705.2,0.05,132.1,6270.52
391,135,2,4,4,1354,3,2,7,18,20160323,20160323.0,20160321,150,2.0,0,Non local,2,449.0,21313.28,0.05,44.9,2131.33
392,135,3,4,1,1354,2,2,7,25,20160323,20160323.0,20160321,150,2.0,0,Non local,1,499.99,23733.69,0.2,100.0,4746.74
393,135,4,4,5,1354,6,2,7,2,20160323,20160323.0,20160321,150,2.0,0,Non local,1,749.99,35600.78,0.05,37.5,1780.04
394,136,1,4,9,1192,6,3,8,7,20160324,20160323.0,20160321,54,2.0,0,Non local,2,3999.99,189872.87,0.2,1600.0,75949.15
395,136,2,4,8,1192,6,3,8,3,20160324,20160323.0,20160321,54,2.0,0,Non local,2,999.99,47467.86,0.05,100.0,4746.79
396,137,1,4,1,370,1,2,7,23,20160326,20160325.0,20160323,88,2.0,0,Non local,1,299.99,14240.03,0.07,21.0,996.8
397,137,2,4,1,370,1,2,7,22,20160326,20160325.0,20160323,88,2.0,0,Non local,1,269.99,12815.98,0.1,27.0,1281.6
398,138,1,4,1,438,3,2,7,16,20160324,20160325.0,20160323,38,2.0,1,Non local,2,599.99,28480.53,0.1,120.0,5696.11
399,138,2,4,8,438,6,2,7,6,20160324,20160325.0,20160323,38,2.0,1,Non local,1,469.99,22309.64,0.2,94.0,4461.93
400,139,1,4,4,710,3,2,7,19,20160324,20160326.0,20160323,116,3.0,1,Non local,2,449.0,21313.28,0.07,62.86,2983.86
401,139,2,4,8,710,6,2,7,3,20160324,20160326.0,20160323,116,3.0,1,Non local,1,999.99,47467.86,0.07,70.0,3322.75
402,140,1,4,1,1264,3,2,7,15,20160326,20160326.0,20160323,128,3.0,0,Non local,1,529.99,25157.74,0.2,106.0,5031.55
403,140,2,4,1,1264,1,2,7,21,20160326,20160326.0,20160323,128,3.0,0,Non local,1,269.99,12815.98,0.2,54.0,2563.2
404,140,3,4,1,1264,3,2,7,12,20160326,20160326.0,20160323,128,3.0,0,Non local,2,549.99,26107.11,0.2,220.0,10442.84
405,140,4,4,8,1264,6,2,7,3,20160326,20160326.0,20160323,128,3.0,0,Non local,1,999.99,47467.86,0.05,50.0,2373.39
406,141,1,4,4,557,3,2,7,18,20160327,20160326.0,20160325,152,1.0,0,Non local,1,449.0,21313.28,0.2,89.8,4262.66
407,142,1,4,1,170,3,1,3,16,20160327,20160327.0,20160326,108,1.0,0,Non local,2,599.99,28480.53,0.1,120.0,5696.11
408,142,2,4,8,170,4,1,3,11,20160327,20160327.0,20160326,108,1.0,0,Non local,2,1680.99,79793.8,0.1,336.2,15958.76
409,142,3,4,4,170,3,1,3,19,20160327,20160327.0,20160326,108,1.0,0,Non local,1,449.0,21313.28,0.07,31.43,1491.93
410,143,1,4,8,693,6,2,7,6,20160328,20160328.0,20160326,12,2.0,0,Non local,1,469.99,22309.64,0.2,94.0,4461.93
411,144,1,4,9,1124,6,2,7,8,20160329,20160329.0,20160326,53,3.0,0,Non local,2,1799.99,85442.53,0.05,180.0,8544.25
412,145,1,4,8,366,4,2,6,11,20160329,20160330.0,20160327,81,3.0,1,Non local,1,1680.99,79793.8,0.2,336.2,15958.76
413,145,2,4,9,366,5,2,6,9,20160329,20160330.0,20160327,81,3.0,1,Non local,2,2999.99,142404.53,0.1,600.0,28480.91
414,146,1,4,8,288,6,1,3,3,20160330,20160330.0,20160328,105,2.0,0,Non local,2,999.99,47467.86,0.2,400.0,18987.14
415,146,2,4,1,288,3,1,3,12,20160330,20160330.0,20160328,105,2.0,0,Non local,1,549.99,26107.11,0.1,55.0,2610.71
416,146,3,4,1,288,3,1,3,20,20160330,20160330.0,20160328,105,2.0,0,Non local,2,599.99,28480.53,0.1,120.0,5696.11
417,146,4,4,8,288,6,1,3,6,20160330,20160330.0,20160328,105,2.0,0,Non local,2,469.99,22309.64,0.05,47.0,2230.96
418,146,5,4,5,288,6,1,3,2,20160330,20160330.0,20160328,105,2.0,0,Non local,1,749.99,35600.78,0.07,52.5,2492.05
419,147,1,4,1,55,2,2,7,26,20160331,20160331.0,20160328,44,3.0,0,Non local,2,599.99,28480.53,0.2,240.0,11392.21
420,148,1,4,1,714,3,2,6,14,20160330,20160330.0,20160328,48,2.0,0,Non local,1,269.99,12815.98,0.05,13.5,640.8
421,149,1,4,1,763,3,2,6,12,20160330,20160329.0,20160328,80,1.0,0,Non local,2,549.99,26107.11,0.07,77.0,3655.0
422,149,2,4,1,763,1,2,6,21,20160330,20160329.0,20160328,80,1.0,0,Non local,2,269.99,12815.98,0.07,37.8,1794.24
423,150,1,4,9,332,6,1,2,7,20160331,20160401.0,20160329,132,3.0,1,Non local,1,3999.99,189872.87,0.1,400.0,18987.29
424,150,2,4,8,332,6,1,2,3,20160331,20160401.0,20160329,132,3.0,1,Non local,1,999.99,47467.86,0.2,200.0,9493.57
425,150,3,4,4,332,3,1,2,17,20160331,20160401.0,20160329,132,3.0,1,Non local,1,429.0,20363.92,0.07,30.03,1425.47
426,150,4,4,1,332,2,1,2,25,20160331,20160401.0,20160329,132,3.0,1,Non local,2,499.99,23733.69,0.07,70.0,3322.72
427,151,1,4,4,926,3,1,2,17,20160401,20160331.0,20160329,170,2.0,0,Non local,1,429.0,20363.92,0.1,42.9,2036.39
428,151,2,4,1,926,2,1,2,26,20160401,20160331.0,20160329,170,2.0,0,Non local,1,599.99,28480.53,0.1,60.0,2848.05
429,152,1,4,8,76,6,2,6,6,20160330,20160330.0,20160329,61,1.0,0,Non local,2,469.99,22309.64,0.2,188.0,8923.86
430,152,2,4,1,76,1,2,6,22,20160330,20160330.0,20160329,61,1.0,0,Non local,2,269.99,12815.98,0.2,108.0,5126.39
431,152,3,4,1,76,3,2,6,16,20160330,20160330.0,20160329,61,1.0,0,Non local,2,599.99,28480.53,0.07,84.0,3987.27
432,153,1,4,1,498,3,2,6,16,20160402,20160401.0,20160330,60,2.0,0,Non local,1,599.99,28480.53,0.07,42.0,1993.64
433,153,2,4,9,498,6,2,6,8,20160402,20160401.0,20160330,60,2.0,0,Non local,1,1799.99,85442.53,0.07,126.0,5980.98
434,153,3,4,1,498,3,2,6,15,20160402,20160401.0,20160330,60,2.0,0,Non local,2,529.99,25157.74,0.05,53.0,2515.77
435,154,1,4,1,1286,3,1,2,12,20160401,20160401.0,20160331,137,1.0,0,Non local,1,549.99,26107.11,0.1,55.0,2610.71
436,155,1,4,9,371,6,2,6,8,20160403,20160404.0,20160402,157,2.0,1,Non local,1,1799.99,85442.53,0.1,180.0,8544.25
437,156,1,4,4,357,3,1,3,18,20160406,20160405.0,20160403,82,2.0,0,Non local,2,449.0,21313.28,0.2,179.6,8525.31
438,156,2,4,4,357,3,1,3,17,20160406,20160405.0,20160403,82,2.0,0,Non local,2,429.0,20363.92,0.05,42.9,2036.39
439,156,3,4,8,357,6,1,3,6,20160406,20160405.0,20160403,82,2.0,0,Non local,1,469.99,22309.64,0.07,32.9,1561.67
440,157,1,4,9,43,6,3,8,4,20160406,20160406.0,20160403,40,3.0,0,Non local,1,2899.99,137657.7,0.1,290.0,13765.77
441,157,2,4,9,43,6,3,8,7,20160406,20160406.0,20160403,40,3.0,0,Non local,2,3999.99,189872.87,0.07,560.0,26582.2
442,158,1,3,1,117,2,3,9,24,20160404,,20160404,19,,0,Non local,1,549.99,26107.11,0.1,55.0,2610.71
443,159,1,4,1,32,3,1,2,13,20160406,20160406.0,20160404,30,2.0,0,Non local,1,269.99,12815.98,0.2,54.0,2563.2
444,160,1,4,1,205,1,2,7,21,20160406,20160406.0,20160404,118,2.0,0,Non local,1,269.99,12815.98,0.07,18.9,897.12
445,160,2,4,1,205,3,2,7,15,20160406,20160406.0,20160404,118,2.0,0,Non local,2,529.99,25157.74,0.07,74.2,3522.08
446,160,3,4,4,205,3,2,7,18,20160406,20160406.0,20160404,118,2.0,0,Non local,2,449.0,21313.28,0.1,89.8,4262.66
447,160,4,4,8,205,4,2,7,11,20160406,20160406.0,20160404,118,2.0,0,Non local,1,1680.99,79793.8,0.05,84.05,3989.69
448,161,1,4,1,251,2,2,7,24,20160407,20160405.0,20160404,117,1.0,0,Non local,2,549.99,26107.11,0.07,77.0,3655.0
449,161,2,4,1,251,1,2,7,22,20160407,20160405.0,20160404,117,1.0,0,Non local,1,269.99,12815.98,0.05,13.5,640.8
450,161,3,4,9,251,6,2,7,7,20160407,20160405.0,20160404,117,1.0,0,Non local,2,3999.99,189872.87,0.05,400.0,18987.29
451,162,1,4,4,31,3,1,3,18,20160408,20160407.0,20160406,29,1.0,0,Non local,1,449.0,21313.28,0.07,31.43,1491.93
452,162,2,4,1,31,1,1,3,21,20160408,20160407.0,20160406,29,1.0,0,Non local,2,269.99,12815.98,0.07,37.8,1794.24
453,162,3,4,8,31,6,1,3,3,20160408,20160407.0,20160406,29,1.0,0,Non local,2,999.99,47467.86,0.1,200.0,9493.57
454,163,1,4,1,1325,3,2,7,12,20160407,20160407.0,20160406,67,1.0,0,Non local,1,549.99,26107.11,0.1,55.0,2610.71
455,163,2,4,4,1325,3,2,7,18,20160407,20160407.0,20160406,67,1.0,0,Non local,1,449.0,21313.28,0.2,89.8,4262.66
456,164,1,4,9,610,6,2,7,4,20160408,20160409.0,20160407,8,2.0,1,Non local,2,2899.99,137657.7,0.05,290.0,13765.77
457,164,2,4,8,610,4,2,7,10,20160408,20160409.0,20160407,8,2.0,1,Non local,2,1549.0,73528.45,0.05,154.9,7352.85
458,164,3,4,1,610,3,2,7,14,20160408,20160409.0,20160407,8,2.0,1,Non local,1,269.99,12815.98,0.1,27.0,1281.6
459,165,1,4,9,574,6,1,3,4,20160410,20160410.0,20160408,37,2.0,0,Non local,2,2899.99,137657.7,0.05,290.0,13765.77
460,165,2,4,1,574,1,1,3,23,20160410,20160410.0,20160408,37,2.0,0,Non local,1,299.99,14240.03,0.2,60.0,2848.01
461,165,3,4,5,574,6,1,3,2,20160410,20160410.0,20160408,37,2.0,0,Non local,1,749.99,35600.78,0.05,37.5,1780.04
462,166,1,4,8,338,4,2,6,10,20160411,20160411.0,20160408,151,3.0,0,Non local,2,1549.0,73528.45,0.1,309.8,14705.69
463,166,2,4,8,338,4,2,6,11,20160411,20160411.0,20160408,151,3.0,0,Non local,1,1680.99,79793.8,0.2,336.2,15958.76
464,167,1,4,1,1034,3,2,7,12,20160409,20160411.0,20160408,146,3.0,1,Non local,1,549.99,26107.11,0.05,27.5,1305.36
465,167,2,4,8,1034,4,2,7,10,20160409,20160411.0,20160408,146,3.0,1,Non local,1,1549.0,73528.45,0.2,309.8,14705.69
466,167,3,4,1,1034,3,2,7,13,20160409,20160411.0,20160408,146,3.0,1,Non local,2,269.99,12815.98,0.05,27.0,1281.6
467,167,4,4,9,1034,6,2,7,7,20160409,20160411.0,20160408,146,3.0,1,Non local,2,3999.99,189872.87,0.05,400.0,18987.29
468,168,1,4,8,1147,6,1,3,6,20160412,20160411.0,20160409,179,2.0,0,Non local,1,469.99,22309.64,0.1,47.0,2230.96
469,168,2,4,8,1147,4,1,3,11,20160412,20160411.0,20160409,179,2.0,0,Non local,2,1680.99,79793.8,0.07,235.34,11171.13
470,168,3,4,1,1147,3,1,3,12,20160412,20160411.0,20160409,179,2.0,0,Non local,2,549.99,26107.11,0.07,77.0,3655.0
471,168,4,4,1,1147,1,1,3,22,20160412,20160411.0,20160409,179,2.0,0,Non local,2,269.99,12815.98,0.2,108.0,5126.39
472,169,1,4,1,99,3,2,7,20,20160411,20160411.0,20160410,10,1.0,0,Non local,2,599.99,28480.53,0.1,120.0,5696.11
473,169,2,4,3,99,6,2,7,5,20160411,20160411.0,20160410,10,1.0,0,Non local,1,1320.99,62705.2,0.05,66.05,3135.26
474,169,3,4,8,99,4,2,7,10,20160411,20160411.0,20160410,10,1.0,0,Non local,1,1549.0,73528.45,0.2,309.8,14705.69
475,169,4,4,8,99,4,2,7,11,20160411,20160411.0,20160410,10,1.0,0,Non local,1,1680.99,79793.8,0.2,336.2,15958.76
476,169,5,4,1,99,3,2,7,14,20160411,20160411.0,20160410,10,1.0,0,Non local,2,269.99,12815.98,0.05,27.0,1281.6
477,170,1,4,1,1200,3,2,7,12,20160411,20160413.0,20160410,9,3.0,1,Non local,2,549.99,26107.11,0.1,110.0,5221.42
478,170,2,4,1,1200,2,2,7,24,20160411,20160413.0,20160410,9,3.0,1,Non local,1,549.99,26107.11,0.05,27.5,1305.36
479,170,3,4,9,1200,6,2,7,7,20160411,20160413.0,20160410,9,3.0,1,Non local,1,3999.99,189872.87,0.2,800.0,37974.57
480,170,4,4,4,1200,3,2,7,18,20160411,20160413.0,20160410,9,3.0,1,Non local,2,449.0,21313.28,0.05,44.9,2131.33
481,171,1,4,9,237,6,1,3,8,20160414,20160414.0,20160411,105,3.0,0,Non local,1,1799.99,85442.53,0.05,90.0,4272.13
482,172,1,4,1,1079,1,2,7,23,20160412,20160414.0,20160411,81,3.0,1,Non local,1,299.99,14240.03,0.07,21.0,996.8
483,172,2,4,1,1079,3,2,7,16,20160412,20160414.0,20160411,81,3.0,1,Non local,1,599.99,28480.53,0.2,120.0,5696.11
484,173,1,4,1,117,3,3,8,14,20160414,20160413.0,20160411,19,2.0,0,Non local,1,269.99,12815.98,0.05,13.5,640.8
485,173,2,4,1,117,3,3,8,16,20160414,20160413.0,20160411,19,2.0,0,Non local,1,599.99,28480.53,0.2,120.0,5696.11
486,173,3,4,1,117,3,3,8,20,20160414,20160413.0,20160411,19,2.0,0,Non local,2,599.99,28480.53,0.05,60.0,2848.05
487,174,1,4,1,1361,1,2,7,22,20160413,20160415.0,20160412,195,3.0,1,Non local,2,269.99,12815.98,0.2,108.0,5126.39
488,174,2,4,4,1361,3,2,7,19,20160413,20160415.0,20160412,195,3.0,1,Non local,2,449.0,21313.28,0.1,89.8,4262.66
489,175,1,4,3,951,6,2,6,5,20160414,20160414.0,20160413,17,1.0,0,Non local,1,1320.99,62705.2,0.1,132.1,6270.52
490,175,2,4,5,951,6,2,6,2,20160414,20160414.0,20160413,17,1.0,0,Non local,2,749.99,35600.78,0.2,300.0,14240.31
491,175,3,4,1,951,1,2,6,21,20160414,20160414.0,20160413,17,1.0,0,Non local,2,269.99,12815.98,0.1,54.0,2563.2
492,175,4,4,4,951,3,2,6,19,20160414,20160414.0,20160413,17,1.0,0,Non local,1,449.0,21313.28,0.07,31.43,1491.93
493,176,1,4,5,643,6,2,7,2,20160416,20160417.0,20160415,81,2.0,1,Non local,2,749.99,35600.78,0.07,105.0,4984.11
494,176,2,4,8,643,4,2,7,11,20160416,20160417.0,20160415,81,2.0,1,Non local,2,1680.99,79793.8,0.2,672.4,31917.52
495,176,3,4,1,643,3,2,7,16,20160416,20160417.0,20160415,81,2.0,1,Non local,2,599.99,28480.53,0.05,60.0,2848.05
496,177,1,4,1,121,3,1,2,20,20160419,20160419.0,20160416,31,3.0,0,Non local,2,599.99,28480.53,0.1,120.0,5696.11
497,178,1,4,8,756,4,2,6,10,20160417,20160418.0,20160416,188,2.0,1,Non local,2,1549.0,73528.45,0.2,619.6,29411.38
498,178,2,4,1,756,3,2,6,12,20160417,20160418.0,20160416,188,2.0,1,Non local,1,549.99,26107.11,0.05,27.5,1305.36
499,178,3,4,8,756,6,2,6,3,20160417,20160418.0,20160416,188,2.0,1,Non local,1,999.99,47467.86,0.1,100.0,4746.79
500,178,4,4,4,756,3,2,6,18,20160417,20160418.0,20160416,188,2.0,1,Non local,1,449.0,21313.28,0.07,31.43,1491.93
501,179,1,4,1,616,3,2,6,13,20160419,20160419.0,20160417,74,2.0,0,Non local,2,269.99,12815.98,0.05,27.0,1281.6
502,179,2,4,1,616,2,2,6,26,20160419,20160419.0,20160417,74,2.0,0,Non local,1,599.99,28480.53,0.1,60.0,2848.05
503,179,3,4,4,616,3,2,6,18,20160419,20160419.0,20160417,74,2.0,0,Non local,1,449.0,21313.28,0.2,89.8,4262.66
504,179,4,4,1,616,3,2,6,12,20160419,20160419.0,20160417,74,2.0,0,Non local,2,549.99,26107.11,0.2,220.0,10442.84
505,179,5,4,1,616,3,2,6,20,20160419,20160419.0,20160417,74,2.0,0,Non local,2,599.99,28480.53,0.1,120.0,5696.11
506,180,1,4,1,918,3,2,7,16,20160420,20160419.0,20160417,99,2.0,0,Non local,1,599.99,28480.53,0.07,42.0,1993.64
507,181,1,4,8,459,4,1,3,10,20160420,20160420.0,20160418,170,2.0,0,Non local,1,1549.0,73528.45,0.05,77.45,3676.42
508,181,2,4,8,459,4,1,3,11,20160420,20160420.0,20160418,170,2.0,0,Non local,1,1680.99,79793.8,0.1,168.1,7979.38
509,181,3,4,1,459,3,1,3,15,20160420,20160420.0,20160418,170,2.0,0,Non local,2,529.99,25157.74,0.2,212.0,10063.1
510,181,4,4,1,459,2,1,3,24,20160420,20160420.0,20160418,170,2.0,0,Non local,2,549.99,26107.11,0.05,55.0,2610.71
511,182,1,4,1,854,2,2,6,25,20160419,20160420.0,20160418,16,2.0,1,Non local,2,499.99,23733.69,0.05,50.0,2373.37
512,182,2,4,1,854,2,2,6,24,20160419,20160420.0,20160418,16,2.0,1,Non local,2,549.99,26107.11,0.07,77.0,3655.0
513,183,1,4,8,22,4,2,7,11,20160420,20160420.0,20160419,21,1.0,0,Non local,2,1680.99,79793.8,0.2,672.4,31917.52
514,183,2,4,1,22,3,2,7,12,20160420,20160420.0,20160419,21,1.0,0,Non local,2,549.99,26107.11,0.05,55.0,2610.71
515,183,3,4,4,22,3,2,7,19,20160420,20160420.0,20160419,21,1.0,0,Non local,1,449.0,21313.28,0.07,31.43,1491.93
516,183,4,4,4,22,3,2,7,17,20160420,20160420.0,20160419,21,1.0,0,Non local,1,429.0,20363.92,0.07,30.03,1425.47
517,184,1,4,9,134,6,2,7,4,20160421,20160422.0,20160419,12,3.0,1,Non local,1,2899.99,137657.7,0.2,580.0,27531.54
518,184,2,4,3,134,6,2,7,5,20160421,20160422.0,20160419,12,3.0,1,Non local,1,1320.99,62705.2,0.1,132.1,6270.52
519,184,3,4,1,134,3,2,7,14,20160421,20160422.0,20160419,12,3.0,1,Non local,1,269.99,12815.98,0.1,27.0,1281.6
520,185,1,3,1,24,3,1,2,20,20160420,,20160420,23,,0,Non local,1,599.99,28480.53,0.1,60.0,2848.05
521,185,2,3,9,24,6,1,2,8,20160420,,20160420,23,,0,Non local,1,1799.99,85442.53,0.05,90.0,4272.13
522,186,1,4,9,1127,6,2,6,4,20160422,20160424.0,20160421,38,3.0,1,Non local,1,2899.99,137657.7,0.1,290.0,13765.77
523,186,2,4,8,1127,6,2,6,6,20160422,20160424.0,20160421,38,3.0,1,Non local,1,469.99,22309.64,0.1,47.0,2230.96
524,187,1,4,3,183,6,2,6,5,20160423,20160424.0,20160422,81,2.0,1,Non local,1,1320.99,62705.2,0.05,66.05,3135.26
525,188,1,4,9,390,6,2,6,7,20160423,20160425.0,20160422,143,3.0,1,Non local,2,3999.99,189872.87,0.07,560.0,26582.2
526,189,1,4,1,1288,3,1,2,16,20160424,20160426.0,20160423,127,3.0,1,Non local,2,599.99,28480.53,0.2,240.0,11392.21
527,190,1,4,1,98,2,2,6,24,20160425,20160425.0,20160423,15,2.0,0,Non local,1,549.99,26107.11,0.05,27.5,1305.36
528,190,2,4,1,98,3,2,6,15,20160425,20160425.0,20160423,15,2.0,0,Non local,1,529.99,25157.74,0.2,106.0,5031.55
529,190,3,4,8,98,6,2,6,3,20160425,20160425.0,20160423,15,2.0,0,Non local,2,999.99,47467.86,0.2,400.0,18987.14
530,191,1,4,1,919,2,1,2,25,20160428,20160428.0,20160427,28,1.0,0,Non local,1,499.99,23733.69,0.05,25.0,1186.68
531,191,2,4,1,919,3,1,2,12,20160428,20160428.0,20160427,28,1.0,0,Non local,2,549.99,26107.11,0.2,220.0,10442.84
532,191,3,4,8,919,6,1,2,3,20160428,20160428.0,20160427,28,1.0,0,Non local,1,999.99,47467.86,0.07,70.0,3322.75
533,191,4,4,9,919,6,1,2,8,20160428,20160428.0,20160427,28,1.0,0,Non local,2,1799.99,85442.53,0.05,180.0,8544.25
534,191,5,4,1,919,1,1,2,23,20160428,20160428.0,20160427,28,1.0,0,Non local,1,299.99,14240.03,0.05,15.0,712.0
535,192,1,4,9,728,6,2,7,8,20160428,20160429.0,20160427,1,2.0,1,Non local,2,1799.99,85442.53,0.1,360.0,17088.51
536,192,2,4,1,728,2,2,7,25,20160428,20160429.0,20160427,1,2.0,1,Non local,1,499.99,23733.69,0.07,35.0,1661.36
537,192,3,4,5,728,6,2,7,2,20160428,20160429.0,20160427,1,2.0,1,Non local,1,749.99,35600.78,0.05,37.5,1780.04
538,192,4,4,1,728,2,2,7,24,20160428,20160429.0,20160427,1,2.0,1,Non local,2,549.99,26107.11,0.07,77.0,3655.0
539,192,5,4,8,728,4,2,7,10,20160428,20160429.0,20160427,1,2.0,1,Non local,2,1549.0,73528.45,0.2,619.6,29411.38
540,193,1,4,1,1366,3,1,3,12,20160430,20160430.0,20160428,2,2.0,0,Non local,2,549.99,26107.11,0.1,110.0,5221.42
541,194,1,4,1,558,1,2,7,21,20160430,20160501.0,20160428,10,3.0,1,Non local,2,269.99,12815.98,0.2,108.0,5126.39
542,195,1,4,4,727,3,2,7,18,20160501,20160501.0,20160428,17,3.0,0,Non local,1,449.0,21313.28,0.2,89.8,4262.66
543,195,2,4,1,727,3,2,7,14,20160501,20160501.0,20160428,17,3.0,0,Non local,1,269.99,12815.98,0.05,13.5,640.8
544,195,3,4,3,727,6,2,7,5,20160501,20160501.0,20160428,17,3.0,0,Non local,2,1320.99,62705.2,0.2,528.4,25082.08
545,195,4,4,9,727,6,2,7,4,20160501,20160501.0,20160428,17,3.0,0,Non local,2,2899.99,137657.7,0.2,1160.0,55063.08
546,195,5,4,1,727,1,2,7,21,20160501,20160501.0,20160428,17,3.0,0,Non local,2,269.99,12815.98,0.1,54.0,2563.2
547,196,1,4,8,1247,6,2,6,6,20160430,20160501.0,20160428,94,3.0,1,Non local,1,469.99,22309.64,0.05,23.5,1115.48
548,196,2,4,8,1247,6,2,6,3,20160430,20160501.0,20160428,94,3.0,1,Non local,2,999.99,47467.86,0.07,140.0,6645.5
549,196,3,4,8,1247,4,2,6,10,20160430,20160501.0,20160428,94,3.0,1,Non local,2,1549.0,73528.45,0.07,216.86,10293.98
550,196,4,4,1,1247,3,2,6,12,20160430,20160501.0,20160428,94,3.0,1,Non local,1,549.99,26107.11,0.07,38.5,1827.5
551,196,5,4,1,1247,3,2,6,20,20160430,20160501.0,20160428,94,3.0,1,Non local,1,599.99,28480.53,0.1,60.0,2848.05
552,197,1,4,9,127,6,2,7,4,20160503,20160503.0,20160430,34,3.0,0,Non local,2,2899.99,137657.7,0.2,1160.0,55063.08
553,197,2,4,5,127,6,2,7,2,20160503,20160503.0,20160430,34,3.0,0,Non local,2,749.99,35600.78,0.07,105.0,4984.11
554,198,1,4,8,640,6,2,6,6,20160504,20160503.0,20160501,178,2.0,0,Non local,2,469.99,22309.64,0.05,47.0,2230.96
555,198,2,4,1,640,3,2,6,20,20160504,20160503.0,20160501,178,2.0,0,Non local,2,599.99,28480.53,0.07,84.0,3987.27
556,198,3,4,9,640,6,2,6,8,20160504,20160503.0,20160501,178,2.0,0,Non local,2,1799.99,85442.53,0.2,720.0,34177.01
557,198,4,4,1,640,3,2,6,13,20160504,20160503.0,20160501,178,2.0,0,Non local,2,269.99,12815.98,0.05,27.0,1281.6
558,198,5,4,4,640,3,2,6,17,20160504,20160503.0,20160501,178,2.0,0,Non local,1,429.0,20363.92,0.05,21.45,1018.2
559,199,1,4,1,760,2,2,7,25,20160504,20160504.0,20160501,53,3.0,0,Non local,2,499.99,23733.69,0.05,50.0,2373.37
560,199,2,4,4,760,3,2,7,18,20160504,20160504.0,20160501,53,3.0,0,Non local,2,449.0,21313.28,0.07,62.86,2983.86
561,199,3,4,9,760,6,2,7,4,20160504,20160504.0,20160501,53,3.0,0,Non local,1,2899.99,137657.7,0.2,580.0,27531.54
562,200,1,4,1,1074,1,2,6,23,20160503,20160503.0,20160501,81,2.0,0,Non local,2,299.99,14240.03,0.05,30.0,1424.0
563,200,2,4,1,1074,1,2,6,22,20160503,20160503.0,20160501,81,2.0,0,Non local,2,269.99,12815.98,0.07,37.8,1794.24
564,201,1,4,1,280,2,3,9,24,20160504,20160502.0,20160501,52,1.0,0,Non local,1,549.99,26107.11,0.05,27.5,1305.36
565,201,2,4,9,280,6,3,9,7,20160504,20160502.0,20160501,52,1.0,0,Non local,1,3999.99,189872.87,0.2,800.0,37974.57
566,201,3,4,1,280,3,3,9,14,20160504,20160502.0,20160501,52,1.0,0,Non local,2,269.99,12815.98,0.1,54.0,2563.2
567,201,4,4,4,280,3,3,9,17,20160504,20160502.0,20160501,52,1.0,0,Non local,1,429.0,20363.92,0.05,21.45,1018.2
568,202,1,4,9,600,6,1,2,8,20160505,20160504.0,20160503,71,1.0,0,Non local,1,1799.99,85442.53,0.07,126.0,5980.98
569,202,2,4,4,600,3,1,2,17,20160505,20160504.0,20160503,71,1.0,0,Non local,1,429.0,20363.92,0.05,21.45,1018.2
570,202,3,4,1,600,3,1,2,15,20160505,20160504.0,20160503,71,1.0,0,Non local,2,529.99,25157.74,0.05,53.0,2515.77
571,202,4,4,1,600,2,1,2,25,20160505,20160504.0,20160503,71,1.0,0,Non local,2,499.99,23733.69,0.05,50.0,2373.37
572,203,1,4,1,1102,2,3,9,26,20160505,20160506.0,20160503,176,3.0,1,Non local,1,599.99,28480.53,0.05,30.0,1424.03
573,203,2,4,8,1102,6,3,9,3,20160505,20160506.0,20160503,176,3.0,1,Non local,2,999.99,47467.86,0.1,200.0,9493.57
574,203,3,4,4,1102,3,3,9,17,20160505,20160506.0,20160503,176,3.0,1,Non local,2,429.0,20363.92,0.2,171.6,8145.57
575,203,4,4,4,1102,3,3,9,19,20160505,20160506.0,20160503,176,3.0,1,Non local,2,449.0,21313.28,0.07,62.86,2983.86
576,204,1,4,8,591,6,2,7,6,20160507,20160506.0,20160504,112,2.0,0,Non local,2,469.99,22309.64,0.07,65.8,3123.35
577,204,2,4,4,591,3,2,7,17,20160507,20160506.0,20160504,112,2.0,0,Non local,2,429.0,20363.92,0.1,85.8,4072.78
578,205,1,4,1,635,1,2,6,22,20160505,20160506.0,20160504,44,2.0,1,Non local,2,269.99,12815.98,0.05,27.0,1281.6
579,205,2,4,1,635,2,2,6,24,20160505,20160506.0,20160504,44,2.0,1,Non local,2,549.99,26107.11,0.1,110.0,5221.42
580,206,1,4,1,743,2,3,9,25,20160506,20160505.0,20160504,13,1.0,0,Non local,1,499.99,23733.69,0.05,25.0,1186.68
581,206,2,4,1,743,3,3,9,20,20160506,20160505.0,20160504,13,1.0,0,Non local,1,599.99,28480.53,0.2,120.0,5696.11
582,207,1,4,1,105,3,2,7,12,20160507,20160507.0,20160505,79,2.0,0,Non local,2,549.99,26107.11,0.2,220.0,10442.84
583,207,2,4,3,105,6,2,7,5,20160507,20160507.0,20160505,79,2.0,0,Non local,1,1320.99,62705.2,0.05,66.05,3135.26
584,207,3,4,8,105,4,2,7,11,20160507,20160507.0,20160505,79,2.0,0,Non local,2,1680.99,79793.8,0.07,235.34,11171.13
585,207,4,4,9,105,6,2,7,7,20160507,20160507.0,20160505,79,2.0,0,Non local,2,3999.99,189872.87,0.1,800.0,37974.57
586,208,1,4,8,815,6,2,7,6,20160507,20160509.0,20160506,112,3.0,1,Non local,2,469.99,22309.64,0.05,47.0,2230.96
587,208,2,4,9,815,6,2,7,4,20160507,20160509.0,20160506,112,3.0,1,Non local,2,2899.99,137657.7,0.07,406.0,19272.08
588,208,3,4,8,815,6,2,7,3,20160507,20160509.0,20160506,112,3.0,1,Non local,1,999.99,47467.86,0.05,50.0,2373.39
589,208,4,4,1,815,3,2,7,12,20160507,20160509.0,20160506,112,3.0,1,Non local,1,549.99,26107.11,0.2,110.0,5221.42
590,208,5,4,8,815,4,2,7,10,20160507,20160509.0,20160506,112,3.0,1,Non local,2,1549.0,73528.45,0.05,154.9,7352.85
591,209,1,4,1,514,3,2,6,13,20160508,20160508.0,20160507,22,1.0,0,Non local,1,269.99,12815.98,0.1,27.0,1281.6
592,210,1,4,1,943,3,2,6,14,20160508,20160509.0,20160507,17,2.0,1,Non local,1,269.99,12815.98,0.07,18.9,897.12
593,210,2,4,1,943,3,2,6,13,20160508,20160509.0,20160507,17,2.0,1,Non local,2,269.99,12815.98,0.2,108.0,5126.39
594,211,1,4,8,1140,4,2,6,10,20160509,20160508.0,20160507,33,1.0,0,Non local,1,1549.0,73528.45,0.07,108.43,5146.99
595,211,2,4,5,1140,6,2,6,2,20160509,20160508.0,20160507,33,1.0,0,Non local,2,749.99,35600.78,0.07,105.0,4984.11
596,212,1,4,1,1373,3,2,6,16,20160509,20160511.0,20160508,188,3.0,1,Non local,2,599.99,28480.53,0.07,84.0,3987.27
597,212,2,4,1,1373,3,2,6,12,20160509,20160511.0,20160508,188,3.0,1,Non local,2,549.99,26107.11,0.2,220.0,10442.84
598,212,3,4,4,1373,3,2,6,19,20160509,20160511.0,20160508,188,3.0,1,Non local,1,449.0,21313.28,0.1,44.9,2131.33
599,212,4,4,9,1373,6,2,6,7,20160509,20160511.0,20160508,188,3.0,1,Non local,1,3999.99,189872.87,0.2,800.0,37974.57
600,213,1,4,1,788,3,3,8,13,20160509,20160509.0,20160508,191,1.0,0,Non local,1,269.99,12815.98,0.1,27.0,1281.6
601,214,1,4,1,363,1,2,6,21,20160512,20160511.0,20160510,117,1.0,0,Non local,1,269.99,12815.98,0.1,27.0,1281.6
602,215,1,4,4,1420,3,2,7,19,20160513,20160512.0,20160510,152,2.0,0,Non local,1,449.0,21313.28,0.07,31.43,1491.93
603,215,2,4,1,1420,3,2,7,12,20160513,20160512.0,20160510,152,2.0,0,Non local,2,549.99,26107.11,0.1,110.0,5221.42
604,216,1,4,1,267,1,1,3,22,20160514,20160513.0,20160511,111,2.0,0,Non local,2,269.99,12815.98,0.1,54.0,2563.2
605,216,2,4,1,267,3,1,3,16,20160514,20160513.0,20160511,111,2.0,0,Non local,2,599.99,28480.53,0.05,60.0,2848.05
606,217,1,4,4,716,3,2,7,18,20160512,20160514.0,20160511,93,3.0,1,Non local,1,449.0,21313.28,0.1,44.9,2131.33
607,217,2,4,8,716,4,2,7,10,20160512,20160514.0,20160511,93,3.0,1,Non local,2,1549.0,73528.45,0.1,309.8,14705.69
608,217,3,4,4,716,3,2,7,17,20160512,20160514.0,20160511,93,3.0,1,Non local,1,429.0,20363.92,0.07,30.03,1425.47
609,218,1,4,5,1179,6,2,7,2,20160514,20160514.0,20160512,119,2.0,0,Non local,2,749.99,35600.78,0.1,150.0,7120.16
610,218,2,4,1,1179,3,2,7,13,20160514,20160514.0,20160512,119,2.0,0,Non local,1,269.99,12815.98,0.07,18.9,897.12
611,218,3,4,1,1179,3,2,7,12,20160514,20160514.0,20160512,119,2.0,0,Non local,1,549.99,26107.11,0.05,27.5,1305.36
612,219,1,4,1,1338,2,2,6,26,20160515,20160515.0,20160512,143,3.0,0,Non local,1,599.99,28480.53,0.05,30.0,1424.03
613,219,2,4,3,1338,6,2,6,5,20160515,20160515.0,20160512,143,3.0,0,Non local,1,1320.99,62705.2,0.2,264.2,12541.04
614,220,1,4,8,1358,6,2,6,6,20160514,20160515.0,20160512,1,3.0,1,Non local,2,469.99,22309.64,0.05,47.0,2230.96
615,220,2,4,1,1358,2,2,6,25,20160514,20160515.0,20160512,1,3.0,1,Non local,1,499.99,23733.69,0.07,35.0,1661.36
616,220,3,4,1,1358,1,2,6,22,20160514,20160515.0,20160512,1,3.0,1,Non local,2,269.99,12815.98,0.1,54.0,2563.2
617,220,4,4,8,1358,6,2,6,3,20160514,20160515.0,20160512,1,3.0,1,Non local,2,999.99,47467.86,0.2,400.0,18987.14
618,221,1,4,8,1218,4,1,2,11,20160516,20160514.0,20160513,29,1.0,0,Non local,2,1680.99,79793.8,0.07,235.34,11171.13
619,222,1,4,8,51,4,2,6,10,20160516,20160514.0,20160513,44,1.0,0,Non local,1,1549.0,73528.45,0.1,154.9,7352.85
620,222,2,4,5,51,6,2,6,2,20160516,20160514.0,20160513,44,1.0,0,Non local,2,749.99,35600.78,0.1,150.0,7120.16
621,223,1,4,9,1368,6,2,7,7,20160516,20160517.0,20160515,117,2.0,1,Non local,2,3999.99,189872.87,0.05,400.0,18987.29
622,223,2,4,3,1368,6,2,7,5,20160516,20160517.0,20160515,117,2.0,1,Non local,1,1320.99,62705.2,0.2,264.2,12541.04
623,223,3,4,1,1368,1,2,7,21,20160516,20160517.0,20160515,117,2.0,1,Non local,2,269.99,12815.98,0.1,54.0,2563.2
624,223,4,4,1,1368,3,2,7,20,20160516,20160517.0,20160515,117,2.0,1,Non local,1,599.99,28480.53,0.05,30.0,1424.03
625,223,5,4,1,1368,3,2,7,15,20160516,20160517.0,20160515,117,2.0,1,Non local,1,529.99,25157.74,0.05,26.5,1257.89
626,224,1,4,8,157,6,1,3,6,20160518,20160519.0,20160517,105,2.0,1,Non local,1,469.99,22309.64,0.07,32.9,1561.67
627,224,2,4,8,157,4,1,3,11,20160518,20160519.0,20160517,105,2.0,1,Non local,2,1680.99,79793.8,0.1,336.2,15958.76
628,224,3,4,8,157,4,1,3,10,20160518,20160519.0,20160517,105,2.0,1,Non local,2,1549.0,73528.45,0.2,619.6,29411.38
629,224,4,4,1,157,2,1,3,25,20160518,20160519.0,20160517,105,2.0,1,Non local,1,499.99,23733.69,0.05,25.0,1186.68
630,225,1,4,1,307,1,1,3,21,20160520,20160519.0,20160517,46,2.0,0,Non local,1,269.99,12815.98,0.1,27.0,1281.6
631,225,2,4,9,307,5,1,3,9,20160520,20160519.0,20160517,46,2.0,0,Non local,1,2999.99,142404.53,0.1,300.0,14240.45
632,226,1,4,5,501,6,1,2,2,20160519,20160520.0,20160517,83,3.0,1,Non local,1,749.99,35600.78,0.05,37.5,1780.04
633,227,1,4,8,489,6,2,7,3,20160518,20160520.0,20160517,74,3.0,1,Non local,2,999.99,47467.86,0.05,100.0,4746.79
634,227,2,4,1,489,3,2,7,15,20160518,20160520.0,20160517,74,3.0,1,Non local,2,529.99,25157.74,0.1,106.0,5031.55
635,228,1,4,1,615,2,2,7,25,20160520,20160520.0,20160517,184,3.0,0,Non local,1,499.99,23733.69,0.2,100.0,4746.74
636,228,2,4,5,615,6,2,7,2,20160520,20160520.0,20160517,184,3.0,0,Non local,2,749.99,35600.78,0.07,105.0,4984.11
637,228,3,4,1,615,1,2,7,23,20160520,20160520.0,20160517,184,3.0,0,Non local,2,299.99,14240.03,0.1,60.0,2848.01
638,228,4,4,9,615,6,2,7,4,20160520,20160520.0,20160517,184,3.0,0,Non local,1,2899.99,137657.7,0.2,580.0,27531.54
639,228,5,4,1,615,1,2,7,22,20160520,20160520.0,20160517,184,3.0,0,Non local,1,269.99,12815.98,0.05,13.5,640.8
640,229,1,4,1,742,2,2,6,25,20160521,20160520.0,20160519,152,1.0,0,Non local,2,499.99,23733.69,0.2,200.0,9493.48
641,229,2,4,3,742,6,2,6,5,20160521,20160520.0,20160519,152,1.0,0,Non local,2,1320.99,62705.2,0.1,264.2,12541.04
642,229,3,4,9,742,6,2,6,8,20160521,20160520.0,20160519,152,1.0,0,Non local,1,1799.99,85442.53,0.2,360.0,17088.51
643,230,1,4,8,1167,4,2,6,11,20160520,20160521.0,20160519,171,2.0,1,Non local,2,1680.99,79793.8,0.07,235.34,11171.13
644,231,1,4,9,1257,6,2,6,8,20160522,20160521.0,20160519,110,2.0,0,Non local,2,1799.99,85442.53,0.07,252.0,11961.95
645,231,2,4,1,1257,3,2,6,14,20160522,20160521.0,20160519,110,2.0,0,Non local,2,269.99,12815.98,0.2,108.0,5126.39
646,231,3,4,3,1257,6,2,6,5,20160522,20160521.0,20160519,110,2.0,0,Non local,2,1320.99,62705.2,0.2,528.4,25082.08
647,232,1,4,4,1360,3,1,3,18,20160523,20160523.0,20160520,69,3.0,0,Non local,1,449.0,21313.28,0.07,31.43,1491.93
648,232,2,4,8,1360,4,1,3,11,20160523,20160523.0,20160520,69,3.0,0,Non local,2,1680.99,79793.8,0.05,168.1,7979.38
649,232,3,4,1,1360,2,1,3,26,20160523,20160523.0,20160520,69,3.0,0,Non local,2,599.99,28480.53,0.07,84.0,3987.27
650,232,4,4,9,1360,6,1,3,8,20160523,20160523.0,20160520,69,3.0,0,Non local,2,1799.99,85442.53,0.1,360.0,17088.51
651,233,1,4,1,737,3,2,6,14,20160522,20160524.0,20160521,181,3.0,1,Non local,1,269.99,12815.98,0.1,27.0,1281.6
652,233,2,4,1,737,3,2,6,16,20160522,20160524.0,20160521,181,3.0,1,Non local,2,599.99,28480.53,0.1,120.0,5696.11
653,233,3,4,1,737,3,2,6,12,20160522,20160524.0,20160521,181,3.0,1,Non local,1,549.99,26107.11,0.2,110.0,5221.42
654,233,4,4,1,737,3,2,6,15,20160522,20160524.0,20160521,181,3.0,1,Non local,2,529.99,25157.74,0.07,74.2,3522.08
655,234,1,4,8,1435,4,2,6,11,20160524,20160524.0,20160522,17,2.0,0,Non local,2,1680.99,79793.8,0.2,672.4,31917.52
656,234,2,4,4,1435,3,2,6,17,20160524,20160524.0,20160522,17,2.0,0,Non local,2,429.0,20363.92,0.05,42.9,2036.39
657,234,3,4,1,1435,3,2,6,12,20160524,20160524.0,20160522,17,2.0,0,Non local,1,549.99,26107.11,0.1,55.0,2610.71
658,234,4,4,9,1435,6,2,6,7,20160524,20160524.0,20160522,17,2.0,0,Non local,1,3999.99,189872.87,0.05,200.0,9493.64
659,234,5,4,1,1435,1,2,6,23,20160524,20160524.0,20160522,17,2.0,0,Non local,1,299.99,14240.03,0.1,30.0,1424.0
660,235,1,4,8,649,6,2,6,6,20160525,20160525.0,20160524,143,1.0,0,Non local,1,469.99,22309.64,0.07,32.9,1561.67
661,235,2,4,1,649,3,2,6,13,20160525,20160525.0,20160524,143,1.0,0,Non local,2,269.99,12815.98,0.05,27.0,1281.6
662,235,3,4,9,649,6,2,6,7,20160525,20160525.0,20160524,143,1.0,0,Non local,2,3999.99,189872.87,0.05,400.0,18987.29
663,236,1,4,8,206,6,2,6,3,20160527,20160526.0,20160525,119,1.0,0,Non local,2,999.99,47467.86,0.07,140.0,6645.5
664,236,2,4,5,206,6,2,6,2,20160527,20160526.0,20160525,119,1.0,0,Non local,2,749.99,35600.78,0.1,150.0,7120.16
665,236,3,4,9,206,6,2,6,4,20160527,20160526.0,20160525,119,1.0,0,Non local,2,2899.99,137657.7,0.1,580.0,27531.54
666,237,1,4,1,1351,3,2,7,15,20160526,20160527.0,20160525,187,2.0,1,Non local,1,529.99,25157.74,0.2,106.0,5031.55
667,237,2,4,1,1351,2,2,7,24,20160526,20160527.0,20160525,187,2.0,1,Non local,1,549.99,26107.11,0.07,38.5,1827.5
668,237,3,4,1,1351,3,2,7,20,20160526,20160527.0,20160525,187,2.0,1,Non local,2,599.99,28480.53,0.2,240.0,11392.21
669,237,4,4,1,1351,2,2,7,26,20160526,20160527.0,20160525,187,2.0,1,Non local,1,599.99,28480.53,0.05,30.0,1424.03
670,238,1,4,1,1350,3,2,6,20,20160529,20160529.0,20160526,157,3.0,0,Non local,2,599.99,28480.53,0.2,240.0,11392.21
671,238,2,4,1,1350,2,2,6,25,20160529,20160529.0,20160526,157,3.0,0,Non local,1,499.99,23733.69,0.07,35.0,1661.36
672,238,3,4,1,1350,3,2,6,13,20160529,20160529.0,20160526,157,3.0,0,Non local,2,269.99,12815.98,0.2,108.0,5126.39
673,238,4,4,1,1350,1,2,6,22,20160529,20160529.0,20160526,157,3.0,0,Non local,2,269.99,12815.98,0.05,27.0,1281.6
674,238,5,4,9,1350,6,2,6,7,20160529,20160529.0,20160526,157,3.0,0,Non local,1,3999.99,189872.87,0.07,280.0,13291.1
675,239,1,3,1,13,3,3,9,16,20160527,,20160527,13,,0,Non local,2,599.99,28480.53,0.1,120.0,5696.11
676,239,2,3,1,13,1,3,9,21,20160527,,20160527,13,,0,Non local,2,269.99,12815.98,0.05,27.0,1281.6
677,239,3,3,4,13,3,3,9,18,20160527,,20160527,13,,0,Non local,1,449.0,21313.28,0.07,31.43,1491.93
678,239,4,3,9,13,6,3,9,4,20160527,,20160527,13,,0,Non local,2,2899.99,137657.7,0.07,406.0,19272.08
679,240,1,4,9,65,5,2,6,9,20160529,20160530.0,20160527,55,3.0,1,Non local,1,2999.99,142404.53,0.07,210.0,9968.32
680,240,2,4,9,65,6,2,6,8,20160529,20160530.0,20160527,55,3.0,1,Non local,1,1799.99,85442.53,0.07,126.0,5980.98
681,240,3,4,3,65,6,2,6,5,20160529,20160530.0,20160527,55,3.0,1,Non local,1,1320.99,62705.2,0.07,92.47,4389.36
682,240,4,4,4,65,3,2,6,18,20160529,20160530.0,20160527,55,3.0,1,Non local,2,449.0,21313.28,0.07,62.86,2983.86
683,241,1,4,9,1082,6,2,7,7,20160529,20160529.0,20160527,25,2.0,0,Non local,1,3999.99,189872.87,0.2,800.0,37974.57
684,242,1,4,8,1168,6,2,7,3,20160530,20160530.0,20160527,26,3.0,0,Non local,1,999.99,47467.86,0.2,200.0,9493.57
685,243,1,4,1,802,2,3,8,25,20160530,20160528.0,20160527,13,1.0,0,Non local,2,499.99,23733.69,0.05,50.0,2373.37
686,243,2,4,4,802,3,3,8,19,20160530,20160528.0,20160527,13,1.0,0,Non local,2,449.0,21313.28,0.07,62.86,2983.86
687,243,3,4,9,802,6,3,8,7,20160530,20160528.0,20160527,13,1.0,0,Non local,2,3999.99,189872.87,0.05,400.0,18987.29
688,244,1,4,4,956,3,2,6,19,20160529,20160529.0,20160528,72,1.0,0,Non local,1,449.0,21313.28,0.07,31.43,1491.93
689,244,2,4,1,956,2,2,6,25,20160529,20160529.0,20160528,72,1.0,0,Non local,1,499.99,23733.69,0.2,100.0,4746.74
690,244,3,4,1,956,1,2,6,22,20160529,20160529.0,20160528,72,1.0,0,Non local,1,269.99,12815.98,0.1,27.0,1281.6
691,245,1,4,8,223,4,2,7,10,20160531,20160530.0,20160529,126,1.0,0,Non local,2,1549.0,73528.45,0.05,154.9,7352.85
692,245,2,4,9,223,6,2,7,8,20160531,20160530.0,20160529,126,1.0,0,Non local,1,1799.99,85442.53,0.1,180.0,8544.25
693,246,1,3,4,17,3,2,6,17,20160530,,20160530,17,,0,Non local,2,429.0,20363.92,0.2,171.6,8145.57
694,247,1,4,1,928,2,1,3,25,20160601,20160601.0,20160530,179,2.0,0,Non local,1,499.99,23733.69,0.07,35.0,1661.36
695,247,2,4,8,928,6,1,3,3,20160601,20160601.0,20160530,179,2.0,0,Non local,1,999.99,47467.86,0.2,200.0,9493.57
696,248,1,4,1,1376,3,2,7,13,20160601,20160531.0,20160530,9,1.0,0,Non local,1,269.99,12815.98,0.1,27.0,1281.6
697,248,2,4,1,1376,2,2,7,26,20160601,20160531.0,20160530,9,1.0,0,Non local,2,599.99,28480.53,0.1,120.0,5696.11
698,248,3,4,4,1376,3,2,7,17,20160601,20160531.0,20160530,9,1.0,0,Non local,1,429.0,20363.92,0.1,42.9,2036.39
699,248,4,4,9,1376,5,2,7,9,20160601,20160531.0,20160530,9,1.0,0,Non local,1,2999.99,142404.53,0.2,600.0,28480.91
700,249,1,4,9,145,6,2,6,7,20160604,20160604.0,20160601,98,3.0,0,Non local,2,3999.99,189872.87,0.05,400.0,18987.29
701,249,2,4,4,145,3,2,6,18,20160604,20160604.0,20160601,98,3.0,0,Non local,2,449.0,21313.28,0.05,44.9,2131.33
702,249,3,4,1,145,1,2,6,22,20160604,20160604.0,20160601,98,3.0,0,Non local,1,269.99,12815.98,0.1,27.0,1281.6
703,250,1,4,4,150,3,2,7,17,20160602,20160604.0,20160601,100,3.0,1,Non local,2,429.0,20363.92,0.05,42.9,2036.39
704,250,2,4,8,150,4,2,7,11,20160602,20160604.0,20160601,100,3.0,1,Non local,2,1680.99,79793.8,0.1,336.2,15958.76
705,251,1,4,1,851,1,2,7,23,20160604,20160604.0,20160601,183,3.0,0,Non local,2,299.99,14240.03,0.2,120.0,5696.01
706,251,2,4,1,851,1,2,7,22,20160604,20160604.0,20160601,183,3.0,0,Non local,2,269.99,12815.98,0.05,27.0,1281.6
707,252,1,4,8,66,4,3,8,11,20160604,20160602.0,20160601,56,1.0,0,Non local,2,1680.99,79793.8,0.1,336.2,15958.76
708,252,2,4,9,66,6,3,8,4,20160604,20160602.0,20160601,56,1.0,0,Non local,1,2899.99,137657.7,0.07,203.0,9636.04
709,252,3,4,4,66,3,3,8,19,20160604,20160602.0,20160601,56,1.0,0,Non local,1,449.0,21313.28,0.1,44.9,2131.33
710,253,1,4,8,1267,4,2,6,11,20160605,20160605.0,20160602,143,3.0,0,Non local,2,1680.99,79793.8,0.07,235.34,11171.13
711,254,1,4,8,510,6,2,7,6,20160606,20160605.0,20160603,175,2.0,0,Non local,2,469.99,22309.64,0.07,65.8,3123.35
712,254,2,4,8,510,6,2,7,3,20160606,20160605.0,20160603,175,2.0,0,Non local,1,999.99,47467.86,0.05,50.0,2373.39
713,254,3,4,1,510,3,2,7,12,20160606,20160605.0,20160603,175,2.0,0,Non local,1,549.99,26107.11,0.05,27.5,1305.36
714,255,1,4,3,801,6,2,7,5,20160606,20160605.0,20160603,142,2.0,0,Non local,2,1320.99,62705.2,0.1,264.2,12541.04
715,255,2,4,1,801,3,2,7,14,20160606,20160605.0,20160603,142,2.0,0,Non local,1,269.99,12815.98,0.2,54.0,2563.2
716,255,3,4,5,801,6,2,7,2,20160606,20160605.0,20160603,142,2.0,0,Non local,2,749.99,35600.78,0.2,300.0,14240.31
717,255,4,4,1,801,1,2,7,21,20160606,20160605.0,20160603,142,2.0,0,Non local,1,269.99,12815.98,0.07,18.9,897.12
718,256,1,4,8,26,4,2,7,11,20160605,20160607.0,20160604,25,3.0,1,Non local,1,1680.99,79793.8,0.1,168.1,7979.38
719,256,2,4,1,26,1,2,7,21,20160605,20160607.0,20160604,25,3.0,1,Non local,1,269.99,12815.98,0.05,13.5,640.8
720,257,1,4,9,1314,6,1,3,8,20160606,20160608.0,20160605,180,3.0,1,Non local,2,1799.99,85442.53,0.07,252.0,11961.95
721,257,2,4,1,1314,3,1,3,13,20160606,20160608.0,20160605,180,3.0,1,Non local,2,269.99,12815.98,0.2,108.0,5126.39
722,257,3,4,8,1314,4,1,3,10,20160606,20160608.0,20160605,180,3.0,1,Non local,2,1549.0,73528.45,0.1,309.8,14705.69
723,257,4,4,1,1314,3,1,3,15,20160606,20160608.0,20160605,180,3.0,1,Non local,1,529.99,25157.74,0.1,53.0,2515.77
724,258,1,4,9,107,6,2,7,8,20160607,20160607.0,20160606,49,1.0,0,Non local,2,1799.99,85442.53,0.05,180.0,8544.25
725,258,2,4,9,107,6,2,7,4,20160607,20160607.0,20160606,49,1.0,0,Non local,1,2899.99,137657.7,0.07,203.0,9636.04
726,258,3,4,4,107,3,2,7,19,20160607,20160607.0,20160606,49,1.0,0,Non local,1,449.0,21313.28,0.07,31.43,1491.93
727,258,4,4,4,107,3,2,7,18,20160607,20160607.0,20160606,49,1.0,0,Non local,1,449.0,21313.28,0.05,22.45,1065.66
728,259,1,4,1,413,2,2,7,26,20160609,20160609.0,20160606,63,3.0,0,local,1,599.99,28480.53,0.05,30.0,1424.03
729,259,2,4,8,413,6,2,7,6,20160609,20160609.0,20160606,63,3.0,0,local,2,469.99,22309.64,0.1,94.0,4461.93
730,259,3,4,5,413,6,2,7,2,20160609,20160609.0,20160606,63,3.0,0,local,2,749.99,35600.78,0.2,300.0,14240.31
731,259,4,4,9,413,6,2,7,4,20160609,20160609.0,20160606,63,3.0,0,local,1,2899.99,137657.7,0.1,290.0,13765.77
732,260,1,4,1,632,1,2,6,23,20160608,20160608.0,20160606,70,2.0,0,Non local,2,299.99,14240.03,0.2,120.0,5696.01
733,260,2,4,8,632,4,2,6,10,20160608,20160608.0,20160606,70,2.0,0,Non local,1,1549.0,73528.45,0.2,309.8,14705.69
734,260,3,4,1,632,2,2,6,24,20160608,20160608.0,20160606,70,2.0,0,Non local,2,549.99,26107.11,0.2,220.0,10442.84
735,261,1,4,1,1045,3,1,2,16,20160610,20160609.0,20160608,168,1.0,0,Non local,2,599.99,28480.53,0.05,60.0,2848.05
736,261,2,4,1,1045,3,1,2,14,20160610,20160609.0,20160608,168,1.0,0,Non local,1,269.99,12815.98,0.1,27.0,1281.6
737,261,3,4,4,1045,3,1,2,17,20160610,20160609.0,20160608,168,1.0,0,Non local,2,429.0,20363.92,0.1,85.8,4072.78
738,262,1,4,5,579,6,3,9,2,20160611,20160610.0,20160608,164,2.0,0,Non local,1,749.99,35600.78,0.07,52.5,2492.05
739,262,2,4,9,579,5,3,9,9,20160611,20160610.0,20160608,164,2.0,0,Non local,2,2999.99,142404.53,0.05,300.0,14240.45
740,263,1,4,9,1322,5,2,6,9,20160610,20160612.0,20160609,70,3.0,1,Non local,1,2999.99,142404.53,0.07,210.0,9968.32
741,263,2,4,8,1322,6,2,6,3,20160610,20160612.0,20160609,70,3.0,1,Non local,1,999.99,47467.86,0.2,200.0,9493.57
742,263,3,4,5,1322,6,2,6,2,20160610,20160612.0,20160609,70,3.0,1,Non local,2,749.99,35600.78,0.05,75.0,3560.08
743,264,1,3,8,5,4,1,3,10,20160610,,20160610,5,,0,Non local,1,1549.0,73528.45,0.2,309.8,14705.69
744,264,2,3,1,5,2,1,3,24,20160610,,20160610,5,,0,Non local,2,549.99,26107.11,0.05,55.0,2610.71
745,264,3,3,1,5,3,1,3,15,20160610,,20160610,5,,0,Non local,2,529.99,25157.74,0.1,106.0,5031.55
746,264,4,3,8,5,6,1,3,3,20160610,,20160610,5,,0,Non local,2,999.99,47467.86,0.07,140.0,6645.5
747,265,1,4,9,682,5,2,7,9,20160612,20160611.0,20160610,1,1.0,0,Non local,2,2999.99,142404.53,0.2,1200.0,56961.81
748,266,1,4,8,933,6,2,7,6,20160613,20160613.0,20160610,88,3.0,0,Non local,2,469.99,22309.64,0.07,65.8,3123.35
749,266,2,4,4,933,3,2,7,19,20160613,20160613.0,20160610,88,3.0,0,Non local,1,449.0,21313.28,0.2,89.8,4262.66
750,266,3,4,1,933,2,2,7,25,20160613,20160613.0,20160610,88,3.0,0,Non local,1,499.99,23733.69,0.05,25.0,1186.68
751,267,1,4,1,282,1,1,3,22,20160614,20160614.0,20160611,43,3.0,0,Non local,2,269.99,12815.98,0.2,108.0,5126.39
752,267,2,4,1,282,1,1,3,23,20160614,20160614.0,20160611,43,3.0,0,Non local,2,299.99,14240.03,0.1,60.0,2848.01
753,267,3,4,1,282,2,1,3,24,20160614,20160614.0,20160611,43,3.0,0,Non local,1,549.99,26107.11,0.1,55.0,2610.71
754,267,4,4,9,282,6,1,3,7,20160614,20160614.0,20160611,43,3.0,0,Non local,2,3999.99,189872.87,0.07,560.0,26582.2
755,267,5,4,1,282,1,1,3,21,20160614,20160614.0,20160611,43,3.0,0,Non local,1,269.99,12815.98,0.05,13.5,640.8
756,268,1,4,9,540,6,1,3,7,20160614,20160612.0,20160611,180,1.0,0,Non local,1,3999.99,189872.87,0.05,200.0,9493.64
757,268,2,4,8,540,6,1,3,6,20160614,20160612.0,20160611,180,1.0,0,Non local,2,469.99,22309.64,0.2,188.0,8923.86
758,268,3,4,9,540,5,1,3,9,20160614,20160612.0,20160611,180,1.0,0,Non local,1,2999.99,142404.53,0.1,300.0,14240.45
759,269,1,4,3,764,6,2,6,5,20160613,20160615.0,20160612,121,3.0,1,Non local,1,1320.99,62705.2,0.07,92.47,4389.36
760,269,2,4,1,764,1,2,6,23,20160613,20160615.0,20160612,121,3.0,1,Non local,2,299.99,14240.03,0.07,42.0,1993.6
761,269,3,4,4,764,3,2,6,18,20160613,20160615.0,20160612,121,3.0,1,Non local,1,449.0,21313.28,0.05,22.45,1065.66
762,269,4,4,8,764,6,2,6,3,20160613,20160615.0,20160612,121,3.0,1,Non local,1,999.99,47467.86,0.05,50.0,2373.39
763,270,1,4,1,879,2,2,7,25,20160615,20160613.0,20160612,138,1.0,0,Non local,2,499.99,23733.69,0.2,200.0,9493.48
764,270,2,4,1,879,3,2,7,15,20160615,20160613.0,20160612,138,1.0,0,Non local,1,529.99,25157.74,0.1,53.0,2515.77
765,271,1,4,8,350,4,2,7,11,20160616,20160614.0,20160613,103,1.0,0,Non local,2,1680.99,79793.8,0.07,235.34,11171.13
766,271,2,4,8,350,6,2,7,6,20160616,20160614.0,20160613,103,1.0,0,Non local,2,469.99,22309.64,0.05,47.0,2230.96
767,271,3,4,1,350,3,2,7,13,20160616,20160614.0,20160613,103,1.0,0,Non local,1,269.99,12815.98,0.1,27.0,1281.6
768,271,4,4,9,350,6,2,7,7,20160616,20160614.0,20160613,103,1.0,0,Non local,2,3999.99,189872.87,0.1,800.0,37974.57
769,272,1,4,5,497,6,2,7,2,20160618,20160616.0,20160615,171,1.0,0,Non local,2,749.99,35600.78,0.07,105.0,4984.11
770,272,2,4,8,497,4,2,7,11,20160618,20160616.0,20160615,171,1.0,0,Non local,1,1680.99,79793.8,0.07,117.67,5585.57
771,273,1,4,1,1340,1,2,7,21,20160619,20160617.0,20160616,123,1.0,0,Non local,1,269.99,12815.98,0.1,27.0,1281.6
772,274,1,4,8,411,4,2,7,11,20160620,20160618.0,20160617,16,1.0,0,Non local,2,1680.99,79793.8,0.05,168.1,7979.38
773,274,2,4,1,411,2,2,7,25,20160620,20160618.0,20160617,16,1.0,0,Non local,2,499.99,23733.69,0.1,100.0,4746.74
774,274,3,4,9,411,5,2,7,9,20160620,20160618.0,20160617,16,1.0,0,Non local,2,2999.99,142404.53,0.07,420.0,19936.63
775,275,1,4,4,1341,3,2,7,18,20160619,20160618.0,20160617,138,1.0,0,Non local,1,449.0,21313.28,0.05,22.45,1065.66
776,275,2,4,1,1341,2,2,7,25,20160619,20160618.0,20160617,138,1.0,0,Non local,1,499.99,23733.69,0.1,50.0,2373.37
777,275,3,4,9,1341,6,2,7,7,20160619,20160618.0,20160617,138,1.0,0,Non local,2,3999.99,189872.87,0.05,400.0,18987.29
778,276,1,4,8,1227,6,2,6,3,20160619,20160619.0,20160618,73,1.0,0,Non local,2,999.99,47467.86,0.2,400.0,18987.14
779,276,2,4,4,1227,3,2,6,17,20160619,20160619.0,20160618,73,1.0,0,Non local,1,429.0,20363.92,0.05,21.45,1018.2
780,276,3,4,9,1227,5,2,6,9,20160619,20160619.0,20160618,73,1.0,0,Non local,2,2999.99,142404.53,0.07,420.0,19936.63
781,277,1,4,1,546,3,2,7,20,20160620,20160620.0,20160619,128,1.0,0,Non local,2,599.99,28480.53,0.2,240.0,11392.21
782,277,2,4,8,546,6,2,7,6,20160620,20160620.0,20160619,128,1.0,0,Non local,2,469.99,22309.64,0.2,188.0,8923.86
783,277,3,4,1,546,3,2,7,13,20160620,20160620.0,20160619,128,1.0,0,Non local,2,269.99,12815.98,0.1,54.0,2563.2
784,278,1,4,1,1301,3,1,3,16,20160623,20160621.0,20160620,127,1.0,0,Non local,1,599.99,28480.53,0.2,120.0,5696.11
785,278,2,4,4,1301,3,1,3,19,20160623,20160621.0,20160620,127,1.0,0,Non local,2,449.0,21313.28,0.07,62.86,2983.86
786,278,3,4,1,1301,3,1,3,13,20160623,20160621.0,20160620,127,1.0,0,Non local,1,269.99,12815.98,0.07,18.9,897.12
787,278,4,4,8,1301,4,1,3,11,20160623,20160621.0,20160620,127,1.0,0,Non local,2,1680.99,79793.8,0.07,235.34,11171.13
788,279,1,4,1,378,2,2,6,25,20160622,20160622.0,20160621,152,1.0,0,Non local,1,499.99,23733.69,0.07,35.0,1661.36
789,280,1,4,1,638,2,2,7,25,20160622,20160623.0,20160621,144,2.0,1,Non local,1,499.99,23733.69,0.07,35.0,1661.36
790,280,2,4,1,638,2,2,7,26,20160622,20160623.0,20160621,144,2.0,1,Non local,2,599.99,28480.53,0.07,84.0,3987.27
791,280,3,4,1,638,3,2,7,13,20160622,20160623.0,20160621,144,2.0,1,Non local,1,269.99,12815.98,0.07,18.9,897.12
792,281,1,4,1,800,1,2,7,22,20160622,20160623.0,20160621,86,2.0,1,Non local,1,269.99,12815.98,0.07,18.9,897.12
793,281,2,4,1,800,3,2,7,14,20160622,20160623.0,20160621,86,2.0,1,Non local,2,269.99,12815.98,0.1,54.0,2563.2
794,281,3,4,9,800,6,2,7,7,20160622,20160623.0,20160621,86,2.0,1,Non local,2,3999.99,189872.87,0.07,560.0,26582.2
795,282,1,4,1,159,3,3,9,20,20160625,20160625.0,20160622,56,3.0,0,Non local,1,599.99,28480.53,0.07,42.0,1993.64
796,282,2,4,9,159,6,3,9,7,20160625,20160625.0,20160622,56,3.0,0,Non local,2,3999.99,189872.87,0.07,560.0,26582.2
797,282,3,4,8,159,6,3,9,3,20160625,20160625.0,20160622,56,3.0,0,Non local,2,999.99,47467.86,0.05,100.0,4746.79
798,282,4,4,1,159,3,3,9,16,20160625,20160625.0,20160622,56,3.0,0,Non local,2,599.99,28480.53,0.07,84.0,3987.27
799,283,1,4,9,181,5,1,2,9,20160626,20160626.0,20160623,3,3.0,0,Non local,1,2999.99,142404.53,0.05,150.0,7120.23
800,283,2,4,1,181,3,1,2,16,20160626,20160626.0,20160623,3,3.0,0,Non local,2,599.99,28480.53,0.2,240.0,11392.21
801,284,1,4,1,1356,2,2,7,24,20160625,20160625.0,20160623,126,2.0,0,Non local,2,549.99,26107.11,0.2,220.0,10442.84
802,284,2,4,1,1356,3,2,7,20,20160625,20160625.0,20160623,126,2.0,0,Non local,1,599.99,28480.53,0.2,120.0,5696.11
803,285,1,4,1,319,3,1,2,16,20160626,20160627.0,20160625,111,2.0,1,Non local,2,599.99,28480.53,0.05,60.0,2848.05
804,285,2,4,1,319,3,1,2,12,20160626,20160627.0,20160625,111,2.0,1,Non local,1,549.99,26107.11,0.05,27.5,1305.36
805,285,3,4,5,319,6,1,2,2,20160626,20160627.0,20160625,111,2.0,1,Non local,1,749.99,35600.78,0.1,75.0,3560.08
806,286,1,4,1,59,2,2,6,26,20160626,20160626.0,20160625,50,1.0,0,Non local,2,599.99,28480.53,0.2,240.0,11392.21
807,286,2,4,1,59,1,2,6,21,20160626,20160626.0,20160625,50,1.0,0,Non local,2,269.99,12815.98,0.07,37.8,1794.24
808,286,3,4,1,59,3,2,6,16,20160626,20160626.0,20160625,50,1.0,0,Non local,2,599.99,28480.53,0.1,120.0,5696.11
809,286,4,4,9,59,6,2,6,7,20160626,20160626.0,20160625,50,1.0,0,Non local,1,3999.99,189872.87,0.1,400.0,18987.29
810,287,1,4,3,133,6,2,6,5,20160626,20160627.0,20160625,93,2.0,1,Non local,1,1320.99,62705.2,0.2,264.2,12541.04
811,287,2,4,8,133,4,2,6,10,20160626,20160627.0,20160625,93,2.0,1,Non local,1,1549.0,73528.45,0.05,77.45,3676.42
812,287,3,4,5,133,6,2,6,2,20160626,20160627.0,20160625,93,2.0,1,Non local,1,749.99,35600.78,0.05,37.5,1780.04
813,287,4,4,1,133,3,2,6,20,20160626,20160627.0,20160625,93,2.0,1,Non local,1,599.99,28480.53,0.05,30.0,1424.03
814,288,1,4,9,780,6,2,6,4,20160628,20160628.0,20160625,44,3.0,0,Non local,1,2899.99,137657.7,0.2,580.0,27531.54
815,288,2,4,8,780,4,2,6,10,20160628,20160628.0,20160625,44,3.0,0,Non local,1,1549.0,73528.45,0.1,154.9,7352.85
816,288,3,4,9,780,6,2,6,7,20160628,20160628.0,20160625,44,3.0,0,Non local,2,3999.99,189872.87,0.05,400.0,18987.29
817,289,1,4,1,849,3,2,6,13,20160628,20160630.0,20160627,78,3.0,1,Non local,1,269.99,12815.98,0.07,18.9,897.12
818,289,2,4,1,849,2,2,6,24,20160628,20160630.0,20160627,78,3.0,1,Non local,1,549.99,26107.11,0.2,110.0,5221.42
819,289,3,4,4,849,3,2,6,17,20160628,20160630.0,20160627,78,3.0,1,Non local,1,429.0,20363.92,0.2,85.8,4072.78
820,290,1,4,5,202,6,2,6,2,20160629,20160630.0,20160628,36,2.0,1,Non local,2,749.99,35600.78,0.07,105.0,4984.11
821,290,2,4,3,202,6,2,6,5,20160629,20160630.0,20160628,36,2.0,1,Non local,2,1320.99,62705.2,0.07,184.94,8778.73
822,290,3,4,1,202,1,2,6,21,20160629,20160630.0,20160628,36,2.0,1,Non local,1,269.99,12815.98,0.1,27.0,1281.6
823,291,1,4,8,158,6,2,6,6,20160630,20160701.0,20160629,95,2.0,1,Non local,2,469.99,22309.64,0.05,47.0,2230.96
824,291,2,4,1,158,1,2,6,21,20160630,20160701.0,20160629,95,2.0,1,Non local,2,269.99,12815.98,0.07,37.8,1794.24
825,292,1,4,4,360,3,3,9,18,20160630,20160702.0,20160629,40,3.0,1,Non local,2,449.0,21313.28,0.1,89.8,4262.66
826,292,2,4,9,360,6,3,9,4,20160630,20160702.0,20160629,40,3.0,1,Non local,1,2899.99,137657.7,0.07,203.0,9636.04
827,292,3,4,8,360,4,3,9,10,20160630,20160702.0,20160629,40,3.0,1,Non local,2,1549.0,73528.45,0.05,154.9,7352.85
828,293,1,4,4,573,3,2,7,19,20160703,20160702.0,20160630,73,2.0,0,Non local,2,449.0,21313.28,0.05,44.9,2131.33
829,293,2,4,8,573,6,2,7,6,20160703,20160702.0,20160630,73,2.0,0,Non local,1,469.99,22309.64,0.2,94.0,4461.93
830,294,1,4,4,732,3,2,7,18,20160702,20160702.0,20160701,47,1.0,0,Non local,1,449.0,21313.28,0.2,89.8,4262.66
831,294,2,4,1,732,3,2,7,14,20160702,20160702.0,20160701,47,1.0,0,Non local,1,269.99,12815.98,0.2,54.0,2563.2
832,294,3,4,9,732,6,2,7,7,20160702,20160702.0,20160701,47,1.0,0,Non local,2,3999.99,189872.87,0.05,400.0,18987.29
833,294,4,4,1,732,2,2,7,25,20160702,20160702.0,20160701,47,1.0,0,Non local,2,499.99,23733.69,0.2,200.0,9493.48
834,295,1,4,1,1130,1,2,7,22,20160704,20160704.0,20160701,41,3.0,0,Non local,2,269.99,12815.98,0.07,37.8,1794.24
835,296,1,4,1,1245,2,2,6,25,20160707,20160706.0,20160704,25,2.0,0,Non local,2,499.99,23733.69,0.07,70.0,3322.72
836,296,2,4,1,1245,3,2,6,12,20160707,20160706.0,20160704,25,2.0,0,Non local,2,549.99,26107.11,0.1,110.0,5221.42
837,296,3,4,8,1245,4,2,6,11,20160707,20160706.0,20160704,25,2.0,0,Non local,2,1680.99,79793.8,0.1,336.2,15958.76
838,296,4,4,9,1245,5,2,6,9,20160707,20160706.0,20160704,25,2.0,0,Non local,1,2999.99,142404.53,0.2,600.0,28480.91
839,297,1,4,9,1425,6,2,7,4,20160705,20160706.0,20160704,162,2.0,1,Non local,2,2899.99,137657.7,0.2,1160.0,55063.08
840,298,1,4,1,885,1,3,9,23,20160707,20160707.0,20160704,13,3.0,0,Non local,1,299.99,14240.03,0.2,60.0,2848.01
841,298,2,4,8,885,6,3,9,6,20160707,20160707.0,20160704,13,3.0,0,Non local,2,469.99,22309.64,0.05,47.0,2230.96
842,298,3,4,1,885,1,3,9,22,20160707,20160707.0,20160704,13,3.0,0,Non local,1,269.99,12815.98,0.2,54.0,2563.2
843,298,4,4,9,885,5,3,9,9,20160707,20160707.0,20160704,13,3.0,0,Non local,1,2999.99,142404.53,0.07,210.0,9968.32
844,298,5,4,1,885,3,3,9,14,20160707,20160707.0,20160704,13,3.0,0,Non local,2,269.99,12815.98,0.1,54.0,2563.2
845,299,1,4,8,281,4,2,6,11,20160706,20160707.0,20160705,141,2.0,1,Non local,2,1680.99,79793.8,0.05,168.1,7979.38
846,299,2,4,8,281,4,2,6,10,20160706,20160707.0,20160705,141,2.0,1,Non local,2,1549.0,73528.45,0.2,619.6,29411.38
847,300,1,4,1,1205,3,2,6,16,20160708,20160708.0,20160705,152,3.0,0,Non local,2,599.99,28480.53,0.1,120.0,5696.11
848,300,2,4,9,1205,5,2,6,9,20160708,20160708.0,20160705,152,3.0,0,Non local,2,2999.99,142404.53,0.1,600.0,28480.91
849,300,3,4,8,1205,4,2,6,10,20160708,20160708.0,20160705,152,3.0,0,Non local,1,1549.0,73528.45,0.1,154.9,7352.85
850,300,4,4,8,1205,4,2,6,11,20160708,20160708.0,20160705,152,3.0,0,Non local,2,1680.99,79793.8,0.2,672.4,31917.52
851,301,1,4,8,17,6,2,6,6,20160709,20160708.0,20160706,17,2.0,0,Non local,1,469.99,22309.64,0.05,23.5,1115.48
852,301,2,4,1,17,1,2,6,22,20160709,20160708.0,20160706,17,2.0,0,Non local,1,269.99,12815.98,0.1,27.0,1281.6
853,302,1,4,1,1375,2,2,6,24,20160707,20160709.0,20160706,118,3.0,1,Non local,2,549.99,26107.11,0.2,220.0,10442.84
854,302,2,4,4,1375,3,2,6,18,20160707,20160709.0,20160706,118,3.0,1,Non local,2,449.0,21313.28,0.07,62.86,2983.86
855,302,3,4,5,1375,6,2,6,2,20160707,20160709.0,20160706,118,3.0,1,Non local,2,749.99,35600.78,0.2,300.0,14240.31
856,303,1,4,9,36,6,2,7,8,20160708,20160709.0,20160707,33,2.0,1,Non local,2,1799.99,85442.53,0.05,180.0,8544.25
857,303,2,4,1,36,2,2,7,24,20160708,20160709.0,20160707,33,2.0,1,Non local,2,549.99,26107.11,0.05,55.0,2610.71
858,304,1,4,8,230,4,2,6,10,20160708,20160708.0,20160707,130,1.0,0,Non local,1,1549.0,73528.45,0.05,77.45,3676.42
859,304,2,4,9,230,6,2,6,7,20160708,20160708.0,20160707,130,1.0,0,Non local,2,3999.99,189872.87,0.1,800.0,37974.57
860,304,3,4,1,230,3,2,6,20,20160708,20160708.0,20160707,130,1.0,0,Non local,1,599.99,28480.53,0.1,60.0,2848.05
861,305,1,4,8,705,4,2,7,10,20160708,20160708.0,20160707,100,1.0,0,Non local,1,1549.0,73528.45,0.07,108.43,5146.99
862,305,2,4,8,705,6,2,7,6,20160708,20160708.0,20160707,100,1.0,0,Non local,1,469.99,22309.64,0.1,47.0,2230.96
863,305,3,4,8,705,6,2,7,3,20160708,20160708.0,20160707,100,1.0,0,Non local,2,999.99,47467.86,0.2,400.0,18987.14
864,306,1,4,8,424,4,2,7,10,20160710,20160712.0,20160709,47,3.0,1,Non local,1,1549.0,73528.45,0.2,309.8,14705.69
865,306,2,4,1,424,1,2,7,22,20160710,20160712.0,20160709,47,3.0,1,Non local,1,269.99,12815.98,0.07,18.9,897.12
866,307,1,4,1,695,3,2,6,15,20160711,20160711.0,20160709,162,2.0,0,Non local,2,529.99,25157.74,0.05,53.0,2515.77
867,308,1,4,9,156,6,2,6,7,20160712,20160714.0,20160711,104,3.0,1,Non local,1,3999.99,189872.87,0.1,400.0,18987.29
868,308,2,4,4,156,3,2,6,18,20160712,20160714.0,20160711,104,3.0,1,Non local,2,449.0,21313.28,0.2,179.6,8525.31
869,308,3,4,1,156,3,2,6,14,20160712,20160714.0,20160711,104,3.0,1,Non local,1,269.99,12815.98,0.2,54.0,2563.2
870,309,1,4,8,211,6,2,6,3,20160713,20160713.0,20160711,17,2.0,0,Non local,1,999.99,47467.86,0.05,50.0,2373.39
871,309,2,4,1,211,3,2,6,12,20160713,20160713.0,20160711,17,2.0,0,Non local,1,549.99,26107.11,0.05,27.5,1305.36
872,310,1,4,9,627,6,1,2,7,20160713,20160713.0,20160712,68,1.0,0,Non local,2,3999.99,189872.87,0.07,560.0,26582.2
873,310,2,4,1,627,3,1,2,14,20160713,20160713.0,20160712,68,1.0,0,Non local,2,269.99,12815.98,0.1,54.0,2563.2
874,310,3,4,3,627,6,1,2,5,20160713,20160713.0,20160712,68,1.0,0,Non local,2,1320.99,62705.2,0.2,528.4,25082.08
875,310,4,4,9,627,6,1,2,8,20160713,20160713.0,20160712,68,1.0,0,Non local,1,1799.99,85442.53,0.2,360.0,17088.51
876,311,1,4,4,1400,3,2,6,17,20160714,20160713.0,20160712,79,1.0,0,Non local,2,429.0,20363.92,0.05,42.9,2036.39
877,311,2,4,3,1400,6,2,6,5,20160714,20160713.0,20160712,79,1.0,0,Non local,2,1320.99,62705.2,0.2,528.4,25082.08
878,312,1,4,1,299,2,2,6,24,20160715,20160716.0,20160713,103,3.0,1,Non local,2,549.99,26107.11,0.05,55.0,2610.71
879,312,2,4,1,299,3,2,6,14,20160715,20160716.0,20160713,103,3.0,1,Non local,2,269.99,12815.98,0.07,37.8,1794.24
880,312,3,4,1,299,3,2,6,16,20160715,20160716.0,20160713,103,3.0,1,Non local,2,599.99,28480.53,0.05,60.0,2848.05
881,313,1,4,9,565,6,3,9,4,20160715,20160715.0,20160714,52,1.0,0,Non local,1,2899.99,137657.7,0.07,203.0,9636.04
882,313,2,4,8,565,4,3,9,10,20160715,20160715.0,20160714,52,1.0,0,Non local,2,1549.0,73528.45,0.07,216.86,10293.98
883,314,1,4,3,1019,6,2,7,5,20160717,20160717.0,20160715,80,2.0,0,Non local,1,1320.99,62705.2,0.07,92.47,4389.36
884,314,2,4,9,1019,5,2,7,9,20160717,20160717.0,20160715,80,2.0,0,Non local,1,2999.99,142404.53,0.05,150.0,7120.23
885,314,3,4,1,1019,1,2,7,22,20160717,20160717.0,20160715,80,2.0,0,Non local,2,269.99,12815.98,0.2,108.0,5126.39
886,314,4,4,9,1019,6,2,7,7,20160717,20160717.0,20160715,80,2.0,0,Non local,2,3999.99,189872.87,0.07,560.0,26582.2
887,315,1,4,8,1263,4,2,6,11,20160719,20160717.0,20160716,183,1.0,0,Non local,1,1680.99,79793.8,0.2,336.2,15958.76
888,315,2,4,9,1263,5,2,6,9,20160719,20160717.0,20160716,183,1.0,0,Non local,1,2999.99,142404.53,0.1,300.0,14240.45
889,316,1,4,5,670,6,2,7,2,20160720,20160719.0,20160717,33,2.0,0,Non local,2,749.99,35600.78,0.2,300.0,14240.31
890,316,2,4,1,670,3,2,7,16,20160720,20160719.0,20160717,33,2.0,0,Non local,2,599.99,28480.53,0.1,120.0,5696.11
891,316,3,4,1,670,3,2,7,20,20160720,20160719.0,20160717,33,2.0,0,Non local,1,599.99,28480.53,0.1,60.0,2848.05
892,316,4,4,4,670,3,2,7,19,20160720,20160719.0,20160717,33,2.0,0,Non local,1,449.0,21313.28,0.2,89.8,4262.66
893,316,5,4,4,670,3,2,7,17,20160720,20160719.0,20160717,33,2.0,0,Non local,1,429.0,20363.92,0.05,21.45,1018.2
894,317,1,4,8,795,4,2,7,10,20160720,20160719.0,20160717,70,2.0,0,Non local,1,1549.0,73528.45,0.2,309.8,14705.69
895,317,2,4,1,795,1,2,7,22,20160720,20160719.0,20160717,70,2.0,0,Non local,1,269.99,12815.98,0.05,13.5,640.8
896,317,3,4,1,795,3,2,7,15,20160720,20160719.0,20160717,70,2.0,0,Non local,1,529.99,25157.74,0.05,26.5,1257.89
897,317,4,4,1,795,3,2,7,13,20160720,20160719.0,20160717,70,2.0,0,Non local,2,269.99,12815.98,0.2,108.0,5126.39
898,318,1,4,1,1141,3,2,7,13,20160719,20160720.0,20160717,90,3.0,1,Non local,2,269.99,12815.98,0.1,54.0,2563.2
899,318,2,4,1,1141,2,2,7,25,20160719,20160720.0,20160717,90,3.0,1,Non local,2,499.99,23733.69,0.2,200.0,9493.48
900,318,3,4,9,1141,5,2,7,9,20160719,20160720.0,20160717,90,3.0,1,Non local,1,2999.99,142404.53,0.05,150.0,7120.23
901,319,1,4,8,941,4,2,6,11,20160721,20160721.0,20160718,49,3.0,0,Non local,1,1680.99,79793.8,0.07,117.67,5585.57
902,319,2,4,1,941,1,2,6,21,20160721,20160721.0,20160718,49,3.0,0,Non local,1,269.99,12815.98,0.2,54.0,2563.2
903,319,3,4,1,941,3,2,6,15,20160721,20160721.0,20160718,49,3.0,0,Non local,2,529.99,25157.74,0.1,106.0,5031.55
904,319,4,4,1,941,1,2,6,23,20160721,20160721.0,20160718,49,3.0,0,Non local,1,299.99,14240.03,0.05,15.0,712.0
905,320,1,4,5,1428,6,1,2,2,20160720,20160721.0,20160719,113,2.0,1,local,1,749.99,35600.78,0.1,75.0,3560.08
906,321,1,4,9,568,6,2,6,4,20160722,20160721.0,20160719,104,2.0,0,Non local,2,2899.99,137657.7,0.2,1160.0,55063.08
907,321,2,4,1,568,3,2,6,12,20160722,20160721.0,20160719,104,2.0,0,Non local,2,549.99,26107.11,0.2,220.0,10442.84
908,321,3,4,1,568,2,2,6,26,20160722,20160721.0,20160719,104,2.0,0,Non local,1,599.99,28480.53,0.2,120.0,5696.11
909,321,4,4,1,568,1,2,6,23,20160722,20160721.0,20160719,104,2.0,0,Non local,2,299.99,14240.03,0.2,120.0,5696.01
910,322,1,4,1,924,3,2,6,13,20160722,20160720.0,20160719,116,1.0,0,Non local,2,269.99,12815.98,0.2,108.0,5126.39
911,322,2,4,1,924,1,2,6,21,20160722,20160720.0,20160719,116,1.0,0,Non local,1,269.99,12815.98,0.07,18.9,897.12
912,323,1,4,1,1243,3,2,6,13,20160722,20160721.0,20160719,81,2.0,0,Non local,2,269.99,12815.98,0.07,37.8,1794.24
913,323,2,4,1,1243,2,2,6,26,20160722,20160721.0,20160719,81,2.0,0,Non local,2,599.99,28480.53,0.1,120.0,5696.11
914,324,1,4,5,480,6,2,6,2,20160722,20160723.0,20160720,167,3.0,1,Non local,2,749.99,35600.78,0.1,150.0,7120.16
915,324,2,4,4,480,3,2,6,17,20160722,20160723.0,20160720,167,3.0,1,Non local,1,429.0,20363.92,0.2,85.8,4072.78
916,324,3,4,1,480,1,2,6,22,20160722,20160723.0,20160720,167,3.0,1,Non local,2,269.99,12815.98,0.2,108.0,5126.39
917,324,4,4,4,480,3,2,6,19,20160722,20160723.0,20160720,167,3.0,1,Non local,1,449.0,21313.28,0.05,22.45,1065.66
918,324,5,4,1,480,3,2,6,12,20160722,20160723.0,20160720,167,3.0,1,Non local,1,549.99,26107.11,0.05,27.5,1305.36
919,325,1,4,9,848,6,2,6,7,20160721,20160721.0,20160720,80,1.0,0,Non local,1,3999.99,189872.87,0.05,200.0,9493.64
920,325,2,4,1,848,3,2,6,12,20160721,20160721.0,20160720,80,1.0,0,Non local,1,549.99,26107.11,0.2,110.0,5221.42
921,325,3,4,8,848,6,2,6,6,20160721,20160721.0,20160720,80,1.0,0,Non local,2,469.99,22309.64,0.2,188.0,8923.86
922,326,1,4,1,1337,3,3,9,12,20160721,20160722.0,20160720,13,2.0,1,Non local,1,549.99,26107.11,0.1,55.0,2610.71
923,326,2,4,1,1337,1,3,9,23,20160721,20160722.0,20160720,13,2.0,1,Non local,1,299.99,14240.03,0.07,21.0,996.8
924,327,1,4,1,83,3,2,6,12,20160724,20160722.0,20160721,17,1.0,0,Non local,2,549.99,26107.11,0.07,77.0,3655.0
925,327,2,4,1,83,3,2,6,13,20160724,20160722.0,20160721,17,1.0,0,Non local,1,269.99,12815.98,0.07,18.9,897.12
926,327,3,4,9,83,6,2,6,4,20160724,20160722.0,20160721,17,1.0,0,Non local,1,2899.99,137657.7,0.05,145.0,6882.88
927,328,1,4,8,528,6,2,6,6,20160726,20160725.0,20160723,178,2.0,0,Non local,2,469.99,22309.64,0.1,94.0,4461.93
928,329,1,4,1,274,3,2,6,14,20160727,20160726.0,20160724,142,2.0,0,Non local,2,269.99,12815.98,0.07,37.8,1794.24
929,329,2,4,9,274,6,2,6,8,20160727,20160726.0,20160724,142,2.0,0,Non local,2,1799.99,85442.53,0.05,180.0,8544.25
930,329,3,4,1,274,1,2,6,23,20160727,20160726.0,20160724,142,2.0,0,Non local,1,299.99,14240.03,0.2,60.0,2848.01
931,329,4,4,4,274,3,2,6,17,20160727,20160726.0,20160724,142,2.0,0,Non local,1,429.0,20363.92,0.07,30.03,1425.47
932,329,5,4,1,274,2,2,6,26,20160727,20160726.0,20160724,142,2.0,0,Non local,2,599.99,28480.53,0.05,60.0,2848.05
933,330,1,4,1,622,1,2,6,21,20160727,20160727.0,20160724,186,3.0,0,Non local,2,269.99,12815.98,0.05,27.0,1281.6
934,331,1,4,4,642,3,2,6,17,20160726,20160725.0,20160724,110,1.0,0,Non local,2,429.0,20363.92,0.1,85.8,4072.78
935,332,1,4,4,659,3,2,7,18,20160726,20160726.0,20160724,97,2.0,0,Non local,2,449.0,21313.28,0.05,44.9,2131.33
936,333,1,4,4,779,3,2,6,18,20160727,20160726.0,20160725,35,1.0,0,Non local,2,449.0,21313.28,0.07,62.86,2983.86
937,333,2,4,9,779,6,2,6,8,20160727,20160726.0,20160725,35,1.0,0,Non local,2,1799.99,85442.53,0.05,180.0,8544.25
938,333,3,4,8,779,6,2,6,3,20160727,20160726.0,20160725,35,1.0,0,Non local,1,999.99,47467.86,0.2,200.0,9493.57
939,334,1,4,1,1112,3,2,7,16,20160728,20160727.0,20160725,94,2.0,0,Non local,2,599.99,28480.53,0.2,240.0,11392.21
940,334,2,4,9,1112,5,2,7,9,20160728,20160727.0,20160725,94,2.0,0,Non local,1,2999.99,142404.53,0.05,150.0,7120.23
941,334,3,4,8,1112,6,2,7,3,20160728,20160727.0,20160725,94,2.0,0,Non local,2,999.99,47467.86,0.05,100.0,4746.79
942,335,1,4,8,1193,6,2,6,6,20160727,20160726.0,20160725,107,1.0,0,Non local,1,469.99,22309.64,0.1,47.0,2230.96
943,335,2,4,5,1193,6,2,6,2,20160727,20160726.0,20160725,107,1.0,0,Non local,2,749.99,35600.78,0.1,150.0,7120.16
944,335,3,4,1,1193,1,2,6,21,20160727,20160726.0,20160725,107,1.0,0,Non local,1,269.99,12815.98,0.07,18.9,897.12
945,336,1,4,9,1030,6,2,7,4,20160729,20160727.0,20160726,119,1.0,0,Non local,1,2899.99,137657.7,0.1,290.0,13765.77
946,336,2,4,1,1030,3,2,7,12,20160729,20160727.0,20160726,119,1.0,0,Non local,1,549.99,26107.11,0.2,110.0,5221.42
947,337,1,4,4,1252,3,2,7,18,20160727,20160728.0,20160726,101,2.0,1,Non local,1,449.0,21313.28,0.05,22.45,1065.66
948,337,2,4,9,1252,6,2,7,4,20160727,20160728.0,20160726,101,2.0,1,Non local,1,2899.99,137657.7,0.05,145.0,6882.88
949,338,1,4,8,1333,6,1,3,6,20160729,20160730.0,20160728,179,2.0,1,Non local,2,469.99,22309.64,0.07,65.8,3123.35
950,338,2,4,8,1333,4,1,3,10,20160729,20160730.0,20160728,179,2.0,1,Non local,1,1549.0,73528.45,0.07,108.43,5146.99
951,338,3,4,1,1333,1,1,3,22,20160729,20160730.0,20160728,179,2.0,1,Non local,1,269.99,12815.98,0.1,27.0,1281.6
952,338,4,4,8,1333,4,1,3,11,20160729,20160730.0,20160728,179,2.0,1,Non local,2,1680.99,79793.8,0.07,235.34,11171.13
953,338,5,4,9,1333,5,1,3,9,20160729,20160730.0,20160728,179,2.0,1,Non local,1,2999.99,142404.53,0.05,150.0,7120.23
954,339,1,4,1,1110,3,2,7,13,20160731,20160729.0,20160728,84,1.0,0,Non local,1,269.99,12815.98,0.1,27.0,1281.6
955,339,2,4,1,1110,3,2,7,15,20160731,20160729.0,20160728,84,1.0,0,Non local,2,529.99,25157.74,0.05,53.0,2515.77
956,340,1,4,8,963,4,2,7,11,20160730,20160731.0,20160729,55,2.0,1,Non local,1,1680.99,79793.8,0.05,84.05,3989.69
957,340,2,4,1,963,2,2,7,24,20160730,20160731.0,20160729,55,2.0,1,Non local,1,549.99,26107.11,0.05,27.5,1305.36
958,340,3,4,1,963,3,2,7,13,20160730,20160731.0,20160729,55,2.0,1,Non local,2,269.99,12815.98,0.1,54.0,2563.2
959,340,4,4,1,963,3,2,7,12,20160730,20160731.0,20160729,55,2.0,1,Non local,2,549.99,26107.11,0.07,77.0,3655.0
960,340,5,4,8,963,4,2,7,10,20160730,20160731.0,20160729,55,2.0,1,Non local,2,1549.0,73528.45,0.1,309.8,14705.69
961,341,1,4,1,1357,1,1,3,23,20160803,20160801.0,20160731,87,1.0,0,Non local,2,299.99,14240.03,0.05,30.0,1424.0
962,342,1,4,1,806,2,2,7,26,20160801,20160803.0,20160731,98,3.0,1,Non local,1,599.99,28480.53,0.07,42.0,1993.64
963,342,2,4,9,806,5,2,7,9,20160801,20160803.0,20160731,98,3.0,1,Non local,1,2999.99,142404.53,0.2,600.0,28480.91
964,342,3,4,1,806,3,2,7,16,20160801,20160803.0,20160731,98,3.0,1,Non local,2,599.99,28480.53,0.1,120.0,5696.11
965,343,1,4,1,961,3,2,7,20,20160802,20160801.0,20160731,140,1.0,0,Non local,2,599.99,28480.53,0.2,240.0,11392.21
966,343,2,4,1,961,2,2,7,25,20160802,20160801.0,20160731,140,1.0,0,Non local,1,499.99,23733.69,0.05,25.0,1186.68
967,343,3,4,3,961,6,2,7,5,20160802,20160801.0,20160731,140,1.0,0,Non local,2,1320.99,62705.2,0.05,132.1,6270.52
968,343,4,4,8,961,4,2,7,10,20160802,20160801.0,20160731,140,1.0,0,Non local,1,1549.0,73528.45,0.1,154.9,7352.85
969,344,1,4,1,750,1,2,6,22,20160803,20160802.0,20160801,11,1.0,0,Non local,1,269.99,12815.98,0.05,13.5,640.8
970,344,2,4,4,750,3,2,6,18,20160803,20160802.0,20160801,11,1.0,0,Non local,2,449.0,21313.28,0.07,62.86,2983.86
971,344,3,4,1,750,3,2,6,14,20160803,20160802.0,20160801,11,1.0,0,Non local,1,269.99,12815.98,0.2,54.0,2563.2
972,345,1,4,4,1299,3,2,6,18,20160804,20160803.0,20160801,185,2.0,0,Non local,2,449.0,21313.28,0.1,89.8,4262.66
973,345,2,4,1,1299,2,2,6,24,20160804,20160803.0,20160801,185,2.0,0,Non local,2,549.99,26107.11,0.07,77.0,3655.0
974,346,1,4,1,584,3,3,9,13,20160803,20160802.0,20160801,135,1.0,0,Non local,1,269.99,12815.98,0.07,18.9,897.12
975,346,2,4,1,584,1,3,9,23,20160803,20160802.0,20160801,135,1.0,0,Non local,1,299.99,14240.03,0.2,60.0,2848.01
976,346,3,4,1,584,1,3,9,21,20160803,20160802.0,20160801,135,1.0,0,Non local,1,269.99,12815.98,0.1,27.0,1281.6
977,346,4,4,1,584,3,3,9,15,20160803,20160802.0,20160801,135,1.0,0,Non local,1,529.99,25157.74,0.05,26.5,1257.89
978,346,5,4,4,584,3,3,9,18,20160803,20160802.0,20160801,135,1.0,0,Non local,2,449.0,21313.28,0.05,44.9,2131.33
979,347,1,4,1,1004,1,2,6,23,20160803,20160805.0,20160802,45,3.0,1,Non local,1,299.99,14240.03,0.07,21.0,996.8
980,348,1,4,3,907,6,3,9,5,20160805,20160804.0,20160802,13,2.0,0,Non local,2,1320.99,62705.2,0.05,132.1,6270.52
981,348,2,4,1,907,3,3,9,15,20160805,20160804.0,20160802,13,2.0,0,Non local,2,529.99,25157.74,0.07,74.2,3522.08
982,349,1,3,1,30,3,1,3,20,20160803,,20160803,28,,0,Non local,2,599.99,28480.53,0.2,240.0,11392.21
983,350,1,3,8,31,6,1,3,6,20160803,,20160803,29,,0,Non local,2,469.99,22309.64,0.05,47.0,2230.96
984,350,2,3,1,31,3,1,3,20,20160803,,20160803,29,,0,Non local,1,599.99,28480.53,0.07,42.0,1993.64
985,350,3,3,8,31,6,1,3,3,20160803,,20160803,29,,0,Non local,1,999.99,47467.86,0.07,70.0,3322.75
986,351,1,4,9,1307,6,1,2,4,20160806,20160804.0,20160803,160,1.0,0,Non local,2,2899.99,137657.7,0.05,290.0,13765.77
987,351,2,4,1,1307,2,1,2,24,20160806,20160804.0,20160803,160,1.0,0,Non local,2,549.99,26107.11,0.1,110.0,5221.42
988,351,3,4,1,1307,3,1,2,20,20160806,20160804.0,20160803,160,1.0,0,Non local,1,599.99,28480.53,0.2,120.0,5696.11
989,351,4,4,1,1307,1,1,2,22,20160806,20160804.0,20160803,160,1.0,0,Non local,2,269.99,12815.98,0.07,37.8,1794.24
990,352,1,4,8,16,4,2,7,11,20160804,20160806.0,20160803,16,3.0,1,Non local,1,1680.99,79793.8,0.2,336.2,15958.76
991,352,2,4,1,16,3,2,7,14,20160804,20160806.0,20160803,16,3.0,1,Non local,1,269.99,12815.98,0.2,54.0,2563.2
992,353,1,4,5,1387,6,2,7,2,20160806,20160806.0,20160803,18,3.0,0,Non local,2,749.99,35600.78,0.2,300.0,14240.31
993,354,1,4,1,551,1,3,8,21,20160805,20160806.0,20160803,176,3.0,1,Non local,1,269.99,12815.98,0.2,54.0,2563.2
994,354,2,4,4,551,3,3,8,19,20160805,20160806.0,20160803,176,3.0,1,Non local,1,449.0,21313.28,0.05,22.45,1065.66
995,355,1,4,1,1011,3,3,8,16,20160805,20160805.0,20160803,56,2.0,0,Non local,1,599.99,28480.53,0.1,60.0,2848.05
996,355,2,4,1,1011,3,3,8,14,20160805,20160805.0,20160803,56,2.0,0,Non local,2,269.99,12815.98,0.07,37.8,1794.24
997,356,1,4,1,1189,1,2,6,23,20160807,20160806.0,20160804,4,2.0,0,Non local,2,299.99,14240.03,0.05,30.0,1424.0
998,356,2,4,9,1189,6,2,6,4,20160807,20160806.0,20160804,4,2.0,0,Non local,1,2899.99,137657.7,0.05,145.0,6882.88
999,356,3,4,1,1189,3,2,6,13,20160807,20160806.0,20160804,4,2.0,0,Non local,1,269.99,12815.98,0.05,13.5,640.8
1000,357,1,3,4,14,3,3,8,17,20160805,,20160805,14,,0,Non local,2,429.0,20363.92,0.05,42.9,2036.39
1001,357,2,3,1,14,1,3,8,21,20160805,,20160805,14,,0,Non local,2,269.99,12815.98,0.07,37.8,1794.24
1002,357,3,3,1,14,2,3,8,24,20160805,,20160805,14,,0,Non local,1,549.99,26107.11,0.07,38.5,1827.5
1003,357,4,3,9,14,5,3,8,9,20160805,,20160805,14,,0,Non local,1,2999.99,142404.53,0.05,150.0,7120.23
1004,358,1,4,1,1042,1,2,7,21,20160807,20160807.0,20160805,41,2.0,0,Non local,2,269.99,12815.98,0.1,54.0,2563.2
1005,358,2,4,8,1042,6,2,7,6,20160807,20160807.0,20160805,41,2.0,0,Non local,2,469.99,22309.64,0.07,65.8,3123.35
1006,358,3,4,9,1042,6,2,7,8,20160807,20160807.0,20160805,41,2.0,0,Non local,2,1799.99,85442.53,0.05,180.0,8544.25
1007,358,4,4,4,1042,3,2,7,18,20160807,20160807.0,20160805,41,2.0,0,Non local,2,449.0,21313.28,0.1,89.8,4262.66
1008,359,1,4,1,441,3,2,7,15,20160810,20160810.0,20160807,9,3.0,0,Non local,2,529.99,25157.74,0.07,74.2,3522.08
1009,359,2,4,9,441,5,2,7,9,20160810,20160810.0,20160807,9,3.0,0,Non local,2,2999.99,142404.53,0.07,420.0,19936.63
1010,359,3,4,9,441,6,2,7,7,20160810,20160810.0,20160807,9,3.0,0,Non local,2,3999.99,189872.87,0.2,1600.0,75949.15
1011,360,1,4,1,1300,2,2,6,26,20160809,20160810.0,20160807,187,3.0,1,Non local,1,599.99,28480.53,0.05,30.0,1424.03
1012,360,2,4,9,1300,6,2,6,7,20160809,20160810.0,20160807,187,3.0,1,Non local,2,3999.99,189872.87,0.2,1600.0,75949.15
1013,360,3,4,1,1300,3,2,6,13,20160809,20160810.0,20160807,187,3.0,1,Non local,2,269.99,12815.98,0.05,27.0,1281.6
1014,360,4,4,1,1300,2,2,6,25,20160809,20160810.0,20160807,187,3.0,1,Non local,1,499.99,23733.69,0.1,50.0,2373.37
1015,361,1,4,1,994,2,2,6,24,20160809,20160811.0,20160808,185,3.0,1,Non local,2,549.99,26107.11,0.05,55.0,2610.71
1016,361,2,4,8,994,6,2,6,6,20160809,20160811.0,20160808,185,3.0,1,Non local,2,469.99,22309.64,0.1,94.0,4461.93
1017,361,3,4,8,994,4,2,6,11,20160809,20160811.0,20160808,185,3.0,1,Non local,1,1680.99,79793.8,0.1,168.1,7979.38
1018,362,1,4,5,187,6,1,2,2,20160811,20160811.0,20160809,111,2.0,0,Non local,1,749.99,35600.78,0.07,52.5,2492.05
1019,363,1,4,1,834,1,3,8,21,20160812,20160813.0,20160811,85,2.0,1,Non local,2,269.99,12815.98,0.1,54.0,2563.2
1020,363,2,4,1,834,3,3,8,14,20160812,20160813.0,20160811,85,2.0,1,Non local,1,269.99,12815.98,0.07,18.9,897.12
1021,363,3,4,1,834,3,3,8,15,20160812,20160813.0,20160811,85,2.0,1,Non local,1,529.99,25157.74,0.1,53.0,2515.77
1022,363,4,4,1,834,3,3,8,20,20160812,20160813.0,20160811,85,2.0,1,Non local,1,599.99,28480.53,0.2,120.0,5696.11
1023,364,1,4,1,373,2,2,6,25,20160814,20160813.0,20160812,47,1.0,0,Non local,2,499.99,23733.69,0.05,50.0,2373.37
1024,365,1,4,1,981,2,2,6,24,20160814,20160815.0,20160813,25,2.0,1,Non local,2,549.99,26107.11,0.07,77.0,3655.0
1025,366,1,4,1,1054,1,3,9,21,20160814,20160814.0,20160813,56,1.0,0,Non local,1,269.99,12815.98,0.1,27.0,1281.6
1026,366,2,4,9,1054,6,3,9,4,20160814,20160814.0,20160813,56,1.0,0,Non local,1,2899.99,137657.7,0.07,203.0,9636.04
1027,366,3,4,1,1054,3,3,9,16,20160814,20160814.0,20160813,56,1.0,0,Non local,2,599.99,28480.53,0.2,240.0,11392.21
1028,367,1,4,1,527,2,2,7,26,20160815,20160815.0,20160814,93,1.0,0,Non local,2,599.99,28480.53,0.1,120.0,5696.11
1029,367,2,4,1,527,3,2,7,14,20160815,20160815.0,20160814,93,1.0,0,Non local,1,269.99,12815.98,0.05,13.5,640.8
1030,367,3,4,8,527,4,2,7,10,20160815,20160815.0,20160814,93,1.0,0,Non local,2,1549.0,73528.45,0.05,154.9,7352.85
1031,368,1,4,3,995,6,2,7,5,20160815,20160817.0,20160814,18,3.0,1,Non local,1,1320.99,62705.2,0.2,264.2,12541.04
1032,368,2,4,8,995,4,2,7,10,20160815,20160817.0,20160814,18,3.0,1,Non local,2,1549.0,73528.45,0.2,619.6,29411.38
1033,368,3,4,1,995,1,2,7,21,20160815,20160817.0,20160814,18,3.0,1,Non local,2,269.99,12815.98,0.1,54.0,2563.2
1034,368,4,4,4,995,3,2,7,19,20160815,20160817.0,20160814,18,3.0,1,Non local,1,449.0,21313.28,0.05,22.45,1065.66
1035,369,1,4,8,1285,4,1,3,10,20160818,20160818.0,20160815,46,3.0,0,Non local,2,1549.0,73528.45,0.07,216.86,10293.98
1036,370,1,4,1,758,2,2,7,25,20160818,20160818.0,20160815,38,3.0,0,Non local,2,499.99,23733.69,0.05,50.0,2373.37
1037,370,2,4,9,758,6,2,7,4,20160818,20160818.0,20160815,38,3.0,0,Non local,2,2899.99,137657.7,0.1,580.0,27531.54
1038,371,1,4,1,891,3,2,7,14,20160816,20160818.0,20160815,11,3.0,1,Non local,1,269.99,12815.98,0.2,54.0,2563.2
1039,371,2,4,1,891,3,2,7,12,20160816,20160818.0,20160815,11,3.0,1,Non local,1,549.99,26107.11,0.2,110.0,5221.42
1040,372,1,4,8,132,4,2,6,11,20160818,20160818.0,20160816,92,2.0,0,Non local,1,1680.99,79793.8,0.05,84.05,3989.69
1041,372,2,4,1,132,3,2,6,14,20160818,20160818.0,20160816,92,2.0,0,Non local,2,269.99,12815.98,0.1,54.0,2563.2
1042,372,3,4,3,132,6,2,6,5,20160818,20160818.0,20160816,92,2.0,0,Non local,1,1320.99,62705.2,0.1,132.1,6270.52
1043,373,1,4,9,337,6,2,7,8,20160819,20160817.0,20160816,107,1.0,0,Non local,2,1799.99,85442.53,0.05,180.0,8544.25
1044,373,2,4,1,337,1,2,7,22,20160819,20160817.0,20160816,107,1.0,0,Non local,1,269.99,12815.98,0.1,27.0,1281.6
1045,373,3,4,4,337,3,2,7,19,20160819,20160817.0,20160816,107,1.0,0,Non local,2,449.0,21313.28,0.2,179.6,8525.31
1046,373,4,4,1,337,3,2,7,12,20160819,20160817.0,20160816,107,1.0,0,Non local,1,549.99,26107.11,0.1,55.0,2610.71
1047,373,5,4,1,337,3,2,7,13,20160819,20160817.0,20160816,107,1.0,0,Non local,1,269.99,12815.98,0.1,27.0,1281.6
1048,374,1,4,8,1313,4,1,2,10,20160819,20160818.0,20160817,68,1.0,0,Non local,1,1549.0,73528.45,0.1,154.9,7352.85
1049,374,2,4,9,1313,6,1,2,7,20160819,20160818.0,20160817,68,1.0,0,Non local,1,3999.99,189872.87,0.07,280.0,13291.1
1050,375,1,4,1,536,1,2,7,21,20160820,20160820.0,20160817,1,3.0,0,Non local,2,269.99,12815.98,0.05,27.0,1281.6
1051,375,2,4,5,536,6,2,7,2,20160820,20160820.0,20160817,1,3.0,0,Non local,2,749.99,35600.78,0.05,75.0,3560.08
1052,375,3,4,9,536,6,2,7,4,20160820,20160820.0,20160817,1,3.0,0,Non local,2,2899.99,137657.7,0.07,406.0,19272.08
1053,375,4,4,1,536,3,2,7,12,20160820,20160820.0,20160817,1,3.0,0,Non local,2,549.99,26107.11,0.05,55.0,2610.71
1054,376,1,4,5,825,6,2,6,2,20160819,20160818.0,20160817,112,1.0,0,Non local,2,749.99,35600.78,0.07,105.0,4984.11
1055,376,2,4,1,825,1,2,6,23,20160819,20160818.0,20160817,112,1.0,0,Non local,2,299.99,14240.03,0.1,60.0,2848.01
1056,377,1,4,9,1355,6,2,6,8,20160819,20160820.0,20160817,145,3.0,1,Non local,1,1799.99,85442.53,0.05,90.0,4272.13
1057,377,2,4,1,1355,3,2,6,14,20160819,20160820.0,20160817,145,3.0,1,Non local,1,269.99,12815.98,0.07,18.9,897.12
1058,378,1,4,1,475,2,3,9,26,20160820,20160820.0,20160817,20,3.0,0,Non local,2,599.99,28480.53,0.05,60.0,2848.05
1059,379,1,4,9,954,5,2,7,9,20160821,20160821.0,20160818,112,3.0,0,Non local,1,2999.99,142404.53,0.07,210.0,9968.32
1060,379,2,4,1,954,3,2,7,16,20160821,20160821.0,20160818,112,3.0,0,Non local,1,599.99,28480.53,0.2,120.0,5696.11
1061,380,1,4,1,1156,3,2,7,16,20160820,20160821.0,20160819,88,2.0,1,Non local,1,599.99,28480.53,0.05,30.0,1424.03
1062,380,2,4,8,1156,4,2,7,11,20160820,20160821.0,20160819,88,2.0,1,Non local,2,1680.99,79793.8,0.05,168.1,7979.38
1063,381,1,4,1,1297,1,2,7,21,20160821,20160821.0,20160819,165,2.0,0,Non local,2,269.99,12815.98,0.07,37.8,1794.24
1064,382,1,4,9,199,6,2,6,8,20160823,20160823.0,20160820,116,3.0,0,Non local,1,1799.99,85442.53,0.1,180.0,8544.25
1065,382,2,4,9,199,5,2,6,9,20160823,20160823.0,20160820,116,3.0,0,Non local,1,2999.99,142404.53,0.1,300.0,14240.45
1066,382,3,4,1,199,3,2,6,13,20160823,20160823.0,20160820,116,3.0,0,Non local,1,269.99,12815.98,0.07,18.9,897.12
1067,383,1,4,4,331,3,2,7,19,20160823,20160822.0,20160820,103,2.0,0,Non local,1,449.0,21313.28,0.07,31.43,1491.93
1068,383,2,4,1,331,1,2,7,22,20160823,20160822.0,20160820,103,2.0,0,Non local,2,269.99,12815.98,0.05,27.0,1281.6
1069,383,3,4,1,331,3,2,7,13,20160823,20160822.0,20160820,103,2.0,0,Non local,1,269.99,12815.98,0.1,27.0,1281.6
1070,383,4,4,1,331,1,2,7,21,20160823,20160822.0,20160820,103,2.0,0,Non local,2,269.99,12815.98,0.05,27.0,1281.6
1071,383,5,4,1,331,3,2,7,14,20160823,20160822.0,20160820,103,2.0,0,Non local,1,269.99,12815.98,0.1,27.0,1281.6
1072,384,1,4,1,410,3,2,7,20,20160822,20160823.0,20160820,139,3.0,1,Non local,1,599.99,28480.53,0.1,60.0,2848.05
1073,384,2,4,1,410,1,2,7,21,20160822,20160823.0,20160820,139,3.0,1,Non local,2,269.99,12815.98,0.2,108.0,5126.39
1074,384,3,4,9,410,6,2,7,8,20160822,20160823.0,20160820,139,3.0,1,Non local,1,1799.99,85442.53,0.05,90.0,4272.13
1075,384,4,4,1,410,3,2,7,15,20160822,20160823.0,20160820,139,3.0,1,Non local,1,529.99,25157.74,0.1,53.0,2515.77
1076,384,5,4,9,410,6,2,7,4,20160822,20160823.0,20160820,139,3.0,1,Non local,1,2899.99,137657.7,0.2,580.0,27531.54
1077,385,1,4,1,1274,1,2,7,21,20160823,20160822.0,20160820,90,2.0,0,Non local,1,269.99,12815.98,0.07,18.9,897.12
1078,385,2,4,9,1274,6,2,7,7,20160823,20160822.0,20160820,90,2.0,0,Non local,2,3999.99,189872.87,0.2,1600.0,75949.15
1079,385,3,4,1,1274,2,2,7,26,20160823,20160822.0,20160820,90,2.0,0,Non local,2,599.99,28480.53,0.05,60.0,2848.05
1080,386,1,4,9,1362,6,2,6,8,20160823,20160823.0,20160820,1,3.0,0,Non local,1,1799.99,85442.53,0.2,360.0,17088.51
1081,386,2,4,8,1362,6,2,6,3,20160823,20160823.0,20160820,1,3.0,0,Non local,2,999.99,47467.86,0.05,100.0,4746.79
1082,386,3,4,1,1362,3,2,6,16,20160823,20160823.0,20160820,1,3.0,0,Non local,2,599.99,28480.53,0.2,240.0,11392.21
1083,387,1,4,4,451,3,3,8,18,20160821,20160821.0,20160820,57,1.0,0,local,1,449.0,21313.28,0.2,89.8,4262.66
1084,388,1,4,4,1080,3,3,8,19,20160824,20160823.0,20160821,13,2.0,0,Non local,2,449.0,21313.28,0.2,179.6,8525.31
1085,388,2,4,1,1080,3,3,8,13,20160824,20160823.0,20160821,13,2.0,0,Non local,2,269.99,12815.98,0.07,37.8,1794.24
1086,388,3,4,5,1080,6,3,8,2,20160824,20160823.0,20160821,13,2.0,0,Non local,1,749.99,35600.78,0.07,52.5,2492.05
1087,388,4,4,8,1080,4,3,8,11,20160824,20160823.0,20160821,13,2.0,0,Non local,1,1680.99,79793.8,0.1,168.1,7979.38
1088,389,1,4,5,53,6,1,3,2,20160824,20160825.0,20160822,46,3.0,1,Non local,1,749.99,35600.78,0.07,52.5,2492.05
1089,389,2,4,1,53,3,1,3,15,20160824,20160825.0,20160822,46,3.0,1,Non local,2,529.99,25157.74,0.07,74.2,3522.08
1090,389,3,4,8,53,4,1,3,10,20160824,20160825.0,20160822,46,3.0,1,Non local,2,1549.0,73528.45,0.05,154.9,7352.85
1091,389,4,4,3,53,6,1,3,5,20160824,20160825.0,20160822,46,3.0,1,Non local,1,1320.99,62705.2,0.05,66.05,3135.26
1092,389,5,4,9,53,5,1,3,9,20160824,20160825.0,20160822,46,3.0,1,Non local,1,2999.99,142404.53,0.2,600.0,28480.91
1093,390,1,4,1,576,1,3,9,23,20160824,20160825.0,20160822,135,3.0,1,Non local,1,299.99,14240.03,0.05,15.0,712.0
1094,390,2,4,9,576,6,3,9,7,20160824,20160825.0,20160822,135,3.0,1,Non local,2,3999.99,189872.87,0.07,560.0,26582.2
1095,390,3,4,9,576,5,3,9,9,20160824,20160825.0,20160822,135,3.0,1,Non local,1,2999.99,142404.53,0.05,150.0,7120.23
1096,391,1,3,9,61,6,3,9,8,20160823,,20160823,52,,0,Non local,1,1799.99,85442.53,0.07,126.0,5980.98
1097,391,2,3,3,61,6,3,9,5,20160823,,20160823,52,,0,Non local,2,1320.99,62705.2,0.2,528.4,25082.08
1098,391,3,3,1,61,2,3,9,24,20160823,,20160823,52,,0,Non local,2,549.99,26107.11,0.07,77.0,3655.0
1099,392,1,4,1,176,3,1,3,14,20160826,20160824.0,20160823,59,1.0,0,Non local,2,269.99,12815.98,0.1,54.0,2563.2
1100,392,2,4,8,176,6,1,3,3,20160826,20160824.0,20160823,59,1.0,0,Non local,2,999.99,47467.86,0.05,100.0,4746.79
1101,393,1,4,8,368,6,2,6,6,20160826,20160827.0,20160825,151,2.0,1,Non local,2,469.99,22309.64,0.2,188.0,8923.86
1102,394,1,4,1,522,1,1,3,23,20160828,20160829.0,20160826,29,3.0,1,Non local,1,299.99,14240.03,0.05,15.0,712.0
1103,394,2,4,1,522,3,1,3,16,20160828,20160829.0,20160826,29,3.0,1,Non local,1,599.99,28480.53,0.2,120.0,5696.11
1104,394,3,4,1,522,3,1,3,14,20160828,20160829.0,20160826,29,3.0,1,Non local,2,269.99,12815.98,0.2,108.0,5126.39
1105,395,1,4,1,144,3,2,6,14,20160827,20160829.0,20160826,97,3.0,1,Non local,1,269.99,12815.98,0.05,13.5,640.8
1106,396,1,4,1,542,3,2,6,12,20160830,20160829.0,20160827,143,2.0,0,Non local,1,549.99,26107.11,0.1,55.0,2610.71
1107,396,2,4,1,542,2,2,6,25,20160830,20160829.0,20160827,143,2.0,0,Non local,2,499.99,23733.69,0.05,50.0,2373.37
1108,396,3,4,3,542,6,2,6,5,20160830,20160829.0,20160827,143,2.0,0,Non local,1,1320.99,62705.2,0.2,264.2,12541.04
1109,397,1,4,9,1437,6,2,7,7,20160831,20160829.0,20160828,50,1.0,0,Non local,1,3999.99,189872.87,0.05,200.0,9493.64
1110,398,1,4,9,447,6,1,2,8,20160830,20160901.0,20160829,168,3.0,1,Non local,2,1799.99,85442.53,0.05,180.0,8544.25
1111,398,2,4,4,447,3,1,2,18,20160830,20160901.0,20160829,168,3.0,1,Non local,2,449.0,21313.28,0.05,44.9,2131.33
1112,398,3,4,1,447,2,1,2,25,20160830,20160901.0,20160829,168,3.0,1,Non local,1,499.99,23733.69,0.2,100.0,4746.74
1113,398,4,4,4,447,3,1,2,17,20160830,20160901.0,20160829,168,3.0,1,Non local,1,429.0,20363.92,0.05,21.45,1018.2
1114,399,1,4,1,1001,2,2,7,25,20160901,20160901.0,20160829,128,3.0,0,Non local,1,499.99,23733.69,0.05,25.0,1186.68
1115,399,2,4,8,1001,4,2,7,11,20160901,20160901.0,20160829,128,3.0,0,Non local,2,1680.99,79793.8,0.05,168.1,7979.38
1116,399,3,4,1,1001,3,2,7,14,20160901,20160901.0,20160829,128,3.0,0,Non local,1,269.99,12815.98,0.1,27.0,1281.6
1117,400,1,4,1,1295,2,2,6,24,20160830,20160831.0,20160829,60,2.0,1,Non local,2,549.99,26107.11,0.07,77.0,3655.0
1118,400,2,4,9,1295,5,2,6,9,20160830,20160831.0,20160829,60,2.0,1,Non local,1,2999.99,142404.53,0.2,600.0,28480.91
1119,400,3,4,8,1295,6,2,6,3,20160830,20160831.0,20160829,60,2.0,1,Non local,2,999.99,47467.86,0.2,400.0,18987.14
1120,401,1,4,1,103,1,2,6,23,20160902,20160901.0,20160830,78,2.0,0,Non local,1,299.99,14240.03,0.2,60.0,2848.01
1121,401,2,4,8,103,4,2,6,10,20160902,20160901.0,20160830,78,2.0,0,Non local,2,1549.0,73528.45,0.2,619.6,29411.38
1122,402,1,4,8,1335,6,2,6,6,20160901,20160831.0,20160830,157,1.0,0,Non local,2,469.99,22309.64,0.07,65.8,3123.35
1123,402,2,4,3,1335,6,2,6,5,20160901,20160831.0,20160830,157,1.0,0,Non local,1,1320.99,62705.2,0.07,92.47,4389.36
1124,402,3,4,1,1335,2,2,6,26,20160901,20160831.0,20160830,157,1.0,0,Non local,1,599.99,28480.53,0.05,30.0,1424.03
1125,403,1,4,1,578,3,1,3,12,20160901,20160902.0,20160831,43,2.0,1,Non local,2,549.99,26107.11,0.1,110.0,5221.42
1126,403,2,4,9,578,6,1,3,7,20160901,20160902.0,20160831,43,2.0,1,Non local,2,3999.99,189872.87,0.2,1600.0,75949.15
1127,403,3,4,1,578,1,1,3,22,20160901,20160902.0,20160831,43,2.0,1,Non local,2,269.99,12815.98,0.05,27.0,1281.6
1128,403,4,4,1,578,2,1,3,24,20160901,20160902.0,20160831,43,2.0,1,Non local,1,549.99,26107.11,0.2,110.0,5221.42
1129,404,1,4,9,396,5,2,7,9,20160903,20160901.0,20160831,134,1.0,0,Non local,1,2999.99,142404.53,0.07,210.0,9968.32
1130,404,2,4,1,396,2,2,7,25,20160903,20160901.0,20160831,134,1.0,0,Non local,2,499.99,23733.69,0.05,50.0,2373.37
1131,404,3,4,1,396,3,2,7,16,20160903,20160901.0,20160831,134,1.0,0,Non local,2,599.99,28480.53,0.2,240.0,11392.21
1132,405,1,4,8,603,6,2,6,3,20160901,20160901.0,20160831,183,1.0,0,Non local,2,999.99,47467.86,0.2,400.0,18987.14
1133,405,2,4,8,603,4,2,6,10,20160901,20160901.0,20160831,183,1.0,0,Non local,2,1549.0,73528.45,0.1,309.8,14705.69
1134,405,3,4,1,603,3,2,6,14,20160901,20160901.0,20160831,183,1.0,0,Non local,2,269.99,12815.98,0.07,37.8,1794.24
1135,406,1,4,9,1380,6,2,7,4,20160902,20160901.0,20160831,4,1.0,0,Non local,1,2899.99,137657.7,0.2,580.0,27531.54
1136,407,1,3,1,77,3,3,8,20,20160901,,20160901,62,,0,Non local,1,599.99,28480.53,0.2,120.0,5696.11
1137,407,2,3,3,77,6,3,8,5,20160901,,20160901,62,,0,Non local,1,1320.99,62705.2,0.05,66.05,3135.26
1138,408,1,4,4,1071,3,1,2,18,20160902,20160902.0,20160901,154,1.0,0,Non local,1,449.0,21313.28,0.2,89.8,4262.66
1139,408,2,4,8,1071,6,1,2,3,20160902,20160902.0,20160901,154,1.0,0,Non local,1,999.99,47467.86,0.07,70.0,3322.75
1140,408,3,4,5,1071,6,1,2,2,20160902,20160902.0,20160901,154,1.0,0,Non local,2,749.99,35600.78,0.07,105.0,4984.11
1141,408,4,4,4,1071,3,1,2,17,20160902,20160902.0,20160901,154,1.0,0,Non local,2,429.0,20363.92,0.2,171.6,8145.57
1142,409,1,4,1,416,3,2,7,15,20160904,20160904.0,20160901,12,3.0,0,Non local,1,529.99,25157.74,0.07,37.1,1761.04
1143,409,2,4,1,416,3,2,7,16,20160904,20160904.0,20160901,12,3.0,0,Non local,2,599.99,28480.53,0.2,240.0,11392.21
1144,409,3,4,1,416,1,2,7,21,20160904,20160904.0,20160901,12,3.0,0,Non local,1,269.99,12815.98,0.05,13.5,640.8
1145,410,1,4,1,1151,2,2,6,25,20160903,20160902.0,20160901,146,1.0,0,Non local,1,499.99,23733.69,0.1,50.0,2373.37
1146,410,2,4,9,1151,5,2,6,9,20160903,20160902.0,20160901,146,1.0,0,Non local,2,2999.99,142404.53,0.05,300.0,14240.45
1147,410,3,4,1,1151,2,2,6,24,20160903,20160902.0,20160901,146,1.0,0,Non local,2,549.99,26107.11,0.1,110.0,5221.42
1148,411,1,4,5,261,6,1,3,2,20160904,20160904.0,20160902,30,2.0,0,Non local,1,749.99,35600.78,0.07,52.5,2492.05
1149,411,2,4,1,261,2,1,3,26,20160904,20160904.0,20160902,30,2.0,0,Non local,2,599.99,28480.53,0.05,60.0,2848.05
1150,412,1,4,9,1202,6,1,3,7,20160904,20160904.0,20160902,105,2.0,0,Non local,1,3999.99,189872.87,0.1,400.0,18987.29
1151,412,2,4,1,1202,2,1,3,24,20160904,20160904.0,20160902,105,2.0,0,Non local,1,549.99,26107.11,0.07,38.5,1827.5
1152,412,3,4,4,1202,3,1,3,17,20160904,20160904.0,20160902,105,2.0,0,Non local,1,429.0,20363.92,0.1,42.9,2036.39
1153,413,1,4,9,717,6,2,6,8,20160905,20160903.0,20160902,101,1.0,0,Non local,2,1799.99,85442.53,0.05,180.0,8544.25
1154,413,2,4,1,717,2,2,6,25,20160905,20160903.0,20160902,101,1.0,0,Non local,1,499.99,23733.69,0.1,50.0,2373.37
1155,413,3,4,9,717,5,2,6,9,20160905,20160903.0,20160902,101,1.0,0,Non local,1,2999.99,142404.53,0.07,210.0,9968.32
1156,414,1,4,9,917,6,2,7,4,20160906,20160906.0,20160903,73,3.0,0,Non local,2,2899.99,137657.7,0.1,580.0,27531.54
1157,415,1,4,8,1265,6,2,7,3,20160906,20160906.0,20160903,189,3.0,0,Non local,1,999.99,47467.86,0.07,70.0,3322.75
1158,415,2,4,1,1265,1,2,7,23,20160906,20160906.0,20160903,189,3.0,0,Non local,2,299.99,14240.03,0.2,120.0,5696.01
1159,415,3,4,3,1265,6,2,7,5,20160906,20160906.0,20160903,189,3.0,0,Non local,1,1320.99,62705.2,0.2,264.2,12541.04
1160,415,4,4,8,1265,6,2,7,6,20160906,20160906.0,20160903,189,3.0,0,Non local,2,469.99,22309.64,0.05,47.0,2230.96
1161,416,1,4,1,1377,1,2,7,22,20160904,20160906.0,20160903,169,3.0,1,Non local,1,269.99,12815.98,0.07,18.9,897.12
1162,416,2,4,1,1377,3,2,7,14,20160904,20160906.0,20160903,169,3.0,1,Non local,1,269.99,12815.98,0.07,18.9,897.12
1163,416,3,4,1,1377,2,2,7,24,20160904,20160906.0,20160903,169,3.0,1,Non local,1,549.99,26107.11,0.1,55.0,2610.71
1164,417,1,4,1,359,2,1,3,26,20160905,20160906.0,20160904,154,2.0,1,Non local,2,599.99,28480.53,0.07,84.0,3987.27
1165,417,2,4,8,359,6,1,3,6,20160905,20160906.0,20160904,154,2.0,1,Non local,2,469.99,22309.64,0.07,65.8,3123.35
1166,418,1,4,1,88,3,2,6,12,20160905,20160905.0,20160904,22,1.0,0,Non local,1,549.99,26107.11,0.05,27.5,1305.36
1167,418,2,4,1,88,3,2,6,20,20160905,20160905.0,20160904,22,1.0,0,Non local,1,599.99,28480.53,0.05,30.0,1424.03
1168,419,1,4,9,14,5,3,8,9,20160907,20160906.0,20160904,14,2.0,0,Non local,1,2999.99,142404.53,0.05,150.0,7120.23
1169,420,1,4,4,72,3,1,3,17,20160906,20160907.0,20160905,59,2.0,1,Non local,2,429.0,20363.92,0.2,171.6,8145.57
1170,420,2,4,1,72,3,1,3,15,20160906,20160907.0,20160905,59,2.0,1,Non local,2,529.99,25157.74,0.1,106.0,5031.55
1171,420,3,4,8,72,6,1,3,3,20160906,20160907.0,20160905,59,2.0,1,Non local,2,999.99,47467.86,0.05,100.0,4746.79
1172,421,1,4,8,240,6,1,3,6,20160906,20160908.0,20160905,105,3.0,1,Non local,2,469.99,22309.64,0.07,65.8,3123.35
1173,421,2,4,8,240,6,1,3,3,20160906,20160908.0,20160905,105,3.0,1,Non local,2,999.99,47467.86,0.2,400.0,18987.14
1174,421,3,4,1,240,3,1,3,20,20160906,20160908.0,20160905,105,3.0,1,Non local,2,599.99,28480.53,0.2,240.0,11392.21
1175,421,4,4,9,240,6,1,3,4,20160906,20160908.0,20160905,105,3.0,1,Non local,1,2899.99,137657.7,0.07,203.0,9636.04
1176,421,5,4,1,240,1,1,3,23,20160906,20160908.0,20160905,105,3.0,1,Non local,2,299.99,14240.03,0.2,120.0,5696.01
1177,422,1,4,1,398,3,2,6,20,20160907,20160909.0,20160906,26,3.0,1,Non local,2,599.99,28480.53,0.05,60.0,2848.05
1178,423,1,4,9,1397,6,2,7,8,20160909,20160909.0,20160906,110,3.0,0,Non local,2,1799.99,85442.53,0.05,180.0,8544.25
1179,423,2,4,4,1397,3,2,7,17,20160909,20160909.0,20160906,110,3.0,0,Non local,1,429.0,20363.92,0.2,85.8,4072.78
1180,423,3,4,1,1397,1,2,7,23,20160909,20160909.0,20160906,110,3.0,0,Non local,2,299.99,14240.03,0.07,42.0,1993.6
1181,423,4,4,5,1397,6,2,7,2,20160909,20160909.0,20160906,110,3.0,0,Non local,1,749.99,35600.78,0.2,150.0,7120.16
1182,424,1,4,1,67,1,1,3,22,20160911,20160911.0,20160908,5,3.0,0,Non local,1,269.99,12815.98,0.1,27.0,1281.6
1183,424,2,4,8,67,6,1,3,6,20160911,20160911.0,20160908,5,3.0,0,Non local,1,469.99,22309.64,0.05,23.5,1115.48
1184,425,1,4,8,843,6,2,6,6,20160911,20160911.0,20160908,15,3.0,0,Non local,1,469.99,22309.64,0.1,47.0,2230.96
1185,425,2,4,1,843,1,2,6,21,20160911,20160911.0,20160908,15,3.0,0,Non local,2,269.99,12815.98,0.07,37.8,1794.24
1186,425,3,4,4,843,3,2,6,19,20160911,20160911.0,20160908,15,3.0,0,Non local,1,449.0,21313.28,0.05,22.45,1065.66
1187,426,1,4,8,944,4,2,6,10,20160910,20160910.0,20160908,17,2.0,0,Non local,1,1549.0,73528.45,0.1,154.9,7352.85
1188,426,2,4,1,944,1,2,6,23,20160910,20160910.0,20160908,17,2.0,0,Non local,2,299.99,14240.03,0.05,30.0,1424.0
1189,427,1,4,1,434,3,1,2,12,20160910,20160911.0,20160909,68,2.0,1,Non local,2,549.99,26107.11,0.07,77.0,3655.0
1190,427,2,4,1,434,3,1,2,15,20160910,20160911.0,20160909,68,2.0,1,Non local,2,529.99,25157.74,0.1,106.0,5031.55
1191,427,3,4,1,434,2,1,2,26,20160910,20160911.0,20160909,68,2.0,1,Non local,2,599.99,28480.53,0.07,84.0,3987.27
1192,428,1,4,3,1039,6,2,6,5,20160912,20160910.0,20160909,33,1.0,0,Non local,2,1320.99,62705.2,0.2,528.4,25082.08
1193,428,2,4,1,1039,3,2,6,14,20160912,20160910.0,20160909,33,1.0,0,Non local,1,269.99,12815.98,0.2,54.0,2563.2
1194,429,1,4,8,153,4,3,8,11,20160912,20160912.0,20160910,52,2.0,0,Non local,1,1680.99,79793.8,0.2,336.2,15958.76
1195,429,2,4,9,153,6,3,8,4,20160912,20160912.0,20160910,52,2.0,0,Non local,2,2899.99,137657.7,0.1,580.0,27531.54
1196,429,3,4,3,153,6,3,8,5,20160912,20160912.0,20160910,52,2.0,0,Non local,2,1320.99,62705.2,0.05,132.1,6270.52
1197,429,4,4,8,153,6,3,8,6,20160912,20160912.0,20160910,52,2.0,0,Non local,1,469.99,22309.64,0.07,32.9,1561.67
1198,429,5,4,5,153,6,3,8,2,20160912,20160912.0,20160910,52,2.0,0,Non local,1,749.99,35600.78,0.1,75.0,3560.08
1199,430,1,4,1,272,1,2,6,22,20160913,20160912.0,20160911,118,1.0,0,Non local,2,269.99,12815.98,0.1,54.0,2563.2
1200,430,2,4,8,272,4,2,6,11,20160913,20160912.0,20160911,118,1.0,0,Non local,1,1680.99,79793.8,0.07,117.67,5585.57
1201,430,3,4,9,272,6,2,6,4,20160913,20160912.0,20160911,118,1.0,0,Non local,2,2899.99,137657.7,0.2,1160.0,55063.08
1202,430,4,4,1,272,3,2,6,13,20160913,20160912.0,20160911,118,1.0,0,Non local,2,269.99,12815.98,0.2,108.0,5126.39
1203,430,5,4,9,272,6,2,6,8,20160913,20160912.0,20160911,118,1.0,0,Non local,1,1799.99,85442.53,0.2,360.0,17088.51
1204,431,1,4,1,1217,3,2,6,14,20160912,20160912.0,20160911,166,1.0,0,Non local,2,269.99,12815.98,0.2,108.0,5126.39
1205,431,2,4,8,1217,6,2,6,6,20160912,20160912.0,20160911,166,1.0,0,Non local,1,469.99,22309.64,0.1,47.0,2230.96
1206,431,3,4,4,1217,3,2,6,18,20160912,20160912.0,20160911,166,1.0,0,Non local,1,449.0,21313.28,0.2,89.8,4262.66
1207,431,4,4,1,1217,3,2,6,13,20160912,20160912.0,20160911,166,1.0,0,Non local,2,269.99,12815.98,0.07,37.8,1794.24
1208,431,5,4,4,1217,3,2,6,19,20160912,20160912.0,20160911,166,1.0,0,Non local,1,449.0,21313.28,0.07,31.43,1491.93
1209,432,1,4,8,169,4,1,2,10,20160915,20160914.0,20160912,31,2.0,0,Non local,2,1549.0,73528.45,0.2,619.6,29411.38
1210,432,2,4,9,169,6,1,2,7,20160915,20160914.0,20160912,31,2.0,0,Non local,2,3999.99,189872.87,0.05,400.0,18987.29
1211,433,1,4,8,1062,6,2,6,6,20160915,20160913.0,20160912,163,1.0,0,Non local,1,469.99,22309.64,0.1,47.0,2230.96
1212,433,2,4,8,1062,4,2,6,10,20160915,20160913.0,20160912,163,1.0,0,Non local,1,1549.0,73528.45,0.2,309.8,14705.69
1213,433,3,4,1,1062,2,2,6,24,20160915,20160913.0,20160912,163,1.0,0,Non local,1,549.99,26107.11,0.1,55.0,2610.71
1214,433,4,4,9,1062,6,2,6,4,20160915,20160913.0,20160912,163,1.0,0,Non local,1,2899.99,137657.7,0.2,580.0,27531.54
1215,434,1,4,1,726,1,2,6,21,20160915,20160914.0,20160913,61,1.0,0,Non local,1,269.99,12815.98,0.05,13.5,640.8
1216,434,2,4,1,726,3,2,6,20,20160915,20160914.0,20160913,61,1.0,0,Non local,1,599.99,28480.53,0.1,60.0,2848.05
1217,434,3,4,9,726,5,2,6,9,20160915,20160914.0,20160913,61,1.0,0,Non local,1,2999.99,142404.53,0.2,600.0,28480.91
1218,434,4,4,8,726,4,2,6,11,20160915,20160914.0,20160913,61,1.0,0,Non local,2,1680.99,79793.8,0.07,235.34,11171.13
1219,434,5,4,4,726,3,2,6,18,20160915,20160914.0,20160913,61,1.0,0,Non local,2,449.0,21313.28,0.05,44.9,2131.33
1220,435,1,4,1,77,1,3,9,22,20160915,20160916.0,20160914,62,2.0,1,Non local,1,269.99,12815.98,0.05,13.5,640.8
1221,435,2,4,9,77,5,3,9,9,20160915,20160916.0,20160914,62,2.0,1,Non local,1,2999.99,142404.53,0.05,150.0,7120.23
1222,435,3,4,4,77,3,3,9,18,20160915,20160916.0,20160914,62,2.0,1,Non local,1,449.0,21313.28,0.05,22.45,1065.66
1223,436,1,4,8,791,6,2,7,3,20160919,20160919.0,20160916,117,3.0,0,Non local,1,999.99,47467.86,0.05,50.0,2373.39
1224,436,2,4,1,791,1,2,7,23,20160919,20160919.0,20160916,117,3.0,0,Non local,1,299.99,14240.03,0.2,60.0,2848.01
1225,437,1,4,8,1085,6,2,7,3,20160918,20160918.0,20160916,49,2.0,0,Non local,1,999.99,47467.86,0.05,50.0,2373.39
1226,437,2,4,8,1085,4,2,7,10,20160918,20160918.0,20160916,49,2.0,0,Non local,1,1549.0,73528.45,0.05,77.45,3676.42
1227,437,3,4,9,1085,6,2,7,8,20160918,20160918.0,20160916,49,2.0,0,Non local,2,1799.99,85442.53,0.05,180.0,8544.25
1228,438,1,4,9,314,6,3,8,4,20160919,20160918.0,20160916,57,2.0,0,local,1,2899.99,137657.7,0.07,203.0,9636.04
1229,438,2,4,1,314,1,3,8,22,20160919,20160918.0,20160916,57,2.0,0,local,1,269.99,12815.98,0.1,27.0,1281.6
1230,438,3,4,9,314,6,3,8,8,20160919,20160918.0,20160916,57,2.0,0,local,2,1799.99,85442.53,0.05,180.0,8544.25
1231,438,4,4,1,314,3,3,8,13,20160919,20160918.0,20160916,57,2.0,0,local,2,269.99,12815.98,0.05,27.0,1281.6
1232,439,1,4,8,149,6,2,6,6,20160920,20160918.0,20160917,95,1.0,0,Non local,2,469.99,22309.64,0.07,65.8,3123.35
1233,439,2,4,9,149,6,2,6,7,20160920,20160918.0,20160917,95,1.0,0,Non local,2,3999.99,189872.87,0.05,400.0,18987.29
1234,440,1,4,4,882,3,2,7,19,20160918,20160919.0,20160917,117,2.0,1,Non local,2,449.0,21313.28,0.07,62.86,2983.86
1235,440,2,4,9,882,6,2,7,4,20160918,20160919.0,20160917,117,2.0,1,Non local,2,2899.99,137657.7,0.07,406.0,19272.08
1236,441,1,4,1,704,3,1,2,12,20160919,20160919.0,20160918,170,1.0,0,Non local,1,549.99,26107.11,0.07,38.5,1827.5
1237,441,2,4,1,704,3,1,2,15,20160919,20160919.0,20160918,170,1.0,0,Non local,1,529.99,25157.74,0.1,53.0,2515.77
1238,442,1,4,1,667,3,2,7,16,20160921,20160921.0,20160918,39,3.0,0,Non local,2,599.99,28480.53,0.07,84.0,3987.27
1239,442,2,4,1,667,2,2,7,26,20160921,20160921.0,20160918,39,3.0,0,Non local,2,599.99,28480.53,0.2,240.0,11392.21
1240,442,3,4,8,667,6,2,7,6,20160921,20160921.0,20160918,39,3.0,0,Non local,2,469.99,22309.64,0.2,188.0,8923.86
1241,443,1,4,3,1371,6,2,6,5,20160919,20160920.0,20160918,183,2.0,1,Non local,1,1320.99,62705.2,0.05,66.05,3135.26
1242,443,2,4,1,1371,2,2,6,26,20160919,20160920.0,20160918,183,2.0,1,Non local,1,599.99,28480.53,0.2,120.0,5696.11
1243,444,1,4,1,30,1,1,2,22,20160920,20160921.0,20160919,28,2.0,1,Non local,1,269.99,12815.98,0.07,18.9,897.12
1244,444,2,4,1,30,3,1,2,15,20160920,20160921.0,20160919,28,2.0,1,Non local,2,529.99,25157.74,0.07,74.2,3522.08
1245,444,3,4,1,30,3,1,2,20,20160920,20160921.0,20160919,28,2.0,1,Non local,2,599.99,28480.53,0.05,60.0,2848.05
1246,444,4,4,1,30,3,1,2,16,20160920,20160921.0,20160919,28,2.0,1,Non local,1,599.99,28480.53,0.1,60.0,2848.05
1247,444,5,4,8,30,4,1,2,10,20160920,20160921.0,20160919,28,2.0,1,Non local,2,1549.0,73528.45,0.2,619.6,29411.38
1248,445,1,4,9,362,6,2,6,7,20160922,20160922.0,20160919,140,3.0,0,Non local,1,3999.99,189872.87,0.2,800.0,37974.57
1249,445,2,4,1,362,3,2,6,16,20160922,20160922.0,20160919,140,3.0,0,Non local,1,599.99,28480.53,0.07,42.0,1993.64
1250,445,3,4,1,362,1,2,6,23,20160922,20160922.0,20160919,140,3.0,0,Non local,1,299.99,14240.03,0.2,60.0,2848.01
1251,446,1,4,1,399,1,2,7,22,20160921,20160920.0,20160919,140,1.0,0,Non local,1,269.99,12815.98,0.2,54.0,2563.2
1252,446,2,4,1,399,3,2,7,16,20160921,20160920.0,20160919,140,1.0,0,Non local,2,599.99,28480.53,0.07,84.0,3987.27
1253,447,1,4,9,808,6,3,8,4,20160923,20160922.0,20160920,57,2.0,0,local,2,2899.99,137657.7,0.05,290.0,13765.77
1254,447,2,4,8,808,6,3,8,3,20160923,20160922.0,20160920,57,2.0,0,local,1,999.99,47467.86,0.1,100.0,4746.79
1255,447,3,4,9,808,6,3,8,8,20160923,20160922.0,20160920,57,2.0,0,local,1,1799.99,85442.53,0.07,126.0,5980.98
1256,448,1,4,1,101,3,2,6,13,20160922,20160924.0,20160921,17,3.0,1,Non local,2,269.99,12815.98,0.05,27.0,1281.6
1257,448,2,4,8,101,6,2,6,6,20160922,20160924.0,20160921,17,3.0,1,Non local,2,469.99,22309.64,0.05,47.0,2230.96
1258,449,1,4,4,492,3,2,7,17,20160924,20160922.0,20160921,174,1.0,0,Non local,2,429.0,20363.92,0.05,42.9,2036.39
1259,449,2,4,5,492,6,2,7,2,20160924,20160922.0,20160921,174,1.0,0,Non local,1,749.99,35600.78,0.05,37.5,1780.04
1260,449,3,4,9,492,6,2,7,7,20160924,20160922.0,20160921,174,1.0,0,Non local,2,3999.99,189872.87,0.07,560.0,26582.2
1261,449,4,4,1,492,2,2,7,26,20160924,20160922.0,20160921,174,1.0,0,Non local,2,599.99,28480.53,0.2,240.0,11392.21
1262,450,1,4,1,575,2,2,7,24,20160924,20160923.0,20160921,118,2.0,0,Non local,1,549.99,26107.11,0.05,27.5,1305.36
1263,450,2,4,1,575,3,2,7,12,20160924,20160923.0,20160921,118,2.0,0,Non local,1,549.99,26107.11,0.07,38.5,1827.5
1264,450,3,4,3,575,6,2,7,5,20160924,20160923.0,20160921,118,2.0,0,Non local,1,1320.99,62705.2,0.1,132.1,6270.52
1265,451,1,4,1,1146,3,2,7,14,20160923,20160922.0,20160921,96,1.0,0,Non local,2,269.99,12815.98,0.05,27.0,1281.6
1266,452,1,4,8,997,4,2,7,11,20160923,20160924.0,20160922,63,2.0,1,local,1,1680.99,79793.8,0.05,84.05,3989.69
1267,452,2,4,1,997,3,2,7,16,20160923,20160924.0,20160922,63,2.0,1,local,1,599.99,28480.53,0.05,30.0,1424.03
1268,452,3,4,9,997,6,2,7,7,20160923,20160924.0,20160922,63,2.0,1,local,2,3999.99,189872.87,0.1,800.0,37974.57
1269,452,4,4,9,997,6,2,7,8,20160923,20160924.0,20160922,63,2.0,1,local,1,1799.99,85442.53,0.1,180.0,8544.25
1270,453,1,4,1,1028,1,2,7,23,20160924,20160925.0,20160922,18,3.0,1,Non local,1,299.99,14240.03,0.05,15.0,712.0
1271,453,2,4,1,1028,3,2,7,20,20160924,20160925.0,20160922,18,3.0,1,Non local,2,599.99,28480.53,0.2,240.0,11392.21
1272,453,3,4,9,1028,6,2,7,4,20160924,20160925.0,20160922,18,3.0,1,Non local,1,2899.99,137657.7,0.2,580.0,27531.54
1273,454,1,4,1,988,2,2,6,25,20160925,20160926.0,20160923,78,3.0,1,Non local,2,499.99,23733.69,0.07,70.0,3322.72
1274,454,2,4,1,988,3,2,6,13,20160925,20160926.0,20160923,78,3.0,1,Non local,2,269.99,12815.98,0.05,27.0,1281.6
1275,454,3,4,1,988,2,2,6,24,20160925,20160926.0,20160923,78,3.0,1,Non local,2,549.99,26107.11,0.1,110.0,5221.42
1276,455,1,4,9,1055,5,2,7,9,20160924,20160924.0,20160923,34,1.0,0,Non local,1,2999.99,142404.53,0.05,150.0,7120.23
1277,456,1,4,4,1061,3,3,9,17,20160926,20160925.0,20160923,85,2.0,0,Non local,2,429.0,20363.92,0.07,60.06,2850.95
1278,456,2,4,1,1061,1,3,9,23,20160926,20160925.0,20160923,85,2.0,0,Non local,1,299.99,14240.03,0.07,21.0,996.8
1279,457,1,4,1,1349,2,1,3,24,20160927,20160927.0,20160924,37,3.0,0,Non local,2,549.99,26107.11,0.07,77.0,3655.0
1280,457,2,4,5,1349,6,1,3,2,20160927,20160927.0,20160924,37,3.0,0,Non local,1,749.99,35600.78,0.05,37.5,1780.04
1281,457,3,4,9,1349,6,1,3,7,20160927,20160927.0,20160924,37,3.0,0,Non local,2,3999.99,189872.87,0.1,800.0,37974.57
1282,457,4,4,4,1349,3,1,3,17,20160927,20160927.0,20160924,37,3.0,0,Non local,1,429.0,20363.92,0.2,85.8,4072.78
1283,458,1,4,5,197,6,2,6,2,20160928,20160926.0,20160925,114,1.0,0,Non local,1,749.99,35600.78,0.2,150.0,7120.16
1284,458,2,4,1,197,1,2,6,21,20160928,20160926.0,20160925,114,1.0,0,Non local,2,269.99,12815.98,0.07,37.8,1794.24
1285,458,3,4,8,197,4,2,6,11,20160928,20160926.0,20160925,114,1.0,0,Non local,1,1680.99,79793.8,0.1,168.1,7979.38
1286,458,4,4,1,197,2,2,6,24,20160928,20160926.0,20160925,114,1.0,0,Non local,1,549.99,26107.11,0.2,110.0,5221.42
1287,458,5,4,8,197,6,2,6,3,20160928,20160926.0,20160925,114,1.0,0,Non local,2,999.99,47467.86,0.2,400.0,18987.14
1288,459,1,4,8,874,4,2,6,11,20160928,20160926.0,20160925,15,1.0,0,Non local,1,1680.99,79793.8,0.2,336.2,15958.76
1289,460,1,4,4,691,3,3,8,19,20160927,20160926.0,20160925,40,1.0,0,Non local,1,449.0,21313.28,0.05,22.45,1065.66
1290,460,2,4,4,691,3,3,8,18,20160927,20160926.0,20160925,40,1.0,0,Non local,2,449.0,21313.28,0.07,62.86,2983.86
1291,460,3,4,9,691,6,3,8,4,20160927,20160926.0,20160925,40,1.0,0,Non local,1,2899.99,137657.7,0.2,580.0,27531.54
1292,460,4,4,1,691,1,3,8,22,20160927,20160926.0,20160925,40,1.0,0,Non local,2,269.99,12815.98,0.1,54.0,2563.2
1293,461,1,4,1,853,3,2,7,16,20160927,20160927.0,20160926,140,1.0,0,Non local,1,599.99,28480.53,0.07,42.0,1993.64
1294,461,2,4,9,853,6,2,7,4,20160927,20160927.0,20160926,140,1.0,0,Non local,1,2899.99,137657.7,0.2,580.0,27531.54
1295,461,3,4,9,853,6,2,7,8,20160927,20160927.0,20160926,140,1.0,0,Non local,2,1799.99,85442.53,0.05,180.0,8544.25
1296,461,4,4,1,853,2,2,7,24,20160927,20160927.0,20160926,140,1.0,0,Non local,1,549.99,26107.11,0.1,55.0,2610.71
1297,461,5,4,4,853,3,2,7,18,20160927,20160927.0,20160926,140,1.0,0,Non local,2,449.0,21313.28,0.1,89.8,4262.66
1298,462,1,4,1,852,3,2,6,12,20160928,20160929.0,20160927,172,2.0,1,Non local,2,549.99,26107.11,0.1,110.0,5221.42
1299,463,1,4,1,964,3,3,8,13,20160928,20160928.0,20160927,89,1.0,0,Non local,2,269.99,12815.98,0.07,37.8,1794.24
1300,464,1,4,9,74,6,2,7,7,20160930,20160929.0,20160928,60,1.0,0,Non local,1,3999.99,189872.87,0.1,400.0,18987.29
1301,465,1,4,8,1198,6,2,6,6,20161001,20161001.0,20160928,119,3.0,0,Non local,2,469.99,22309.64,0.1,94.0,4461.93
1302,465,2,4,1,1198,2,2,6,25,20161001,20161001.0,20160928,119,3.0,0,Non local,2,499.99,23733.69,0.1,100.0,4746.74
1303,466,1,4,4,1440,3,2,7,19,20160929,20161001.0,20160928,192,3.0,1,Non local,2,449.0,21313.28,0.2,179.6,8525.31
1304,466,2,4,8,1440,6,2,7,6,20160929,20161001.0,20160928,192,3.0,1,Non local,1,469.99,22309.64,0.2,94.0,4461.93
1305,466,3,4,9,1440,6,2,7,7,20160929,20161001.0,20160928,192,3.0,1,Non local,2,3999.99,189872.87,0.05,400.0,18987.29
1306,466,4,4,1,1440,3,2,7,15,20160929,20161001.0,20160928,192,3.0,1,Non local,1,529.99,25157.74,0.1,53.0,2515.77
1307,466,5,4,3,1440,6,2,7,5,20160929,20161001.0,20160928,192,3.0,1,Non local,1,1320.99,62705.2,0.1,132.1,6270.52
1308,467,1,4,4,555,3,3,8,19,20160930,20160930.0,20160928,14,2.0,0,Non local,1,449.0,21313.28,0.07,31.43,1491.93
1309,467,2,4,8,555,4,3,8,10,20160930,20160930.0,20160928,14,2.0,0,Non local,1,1549.0,73528.45,0.07,108.43,5146.99
1310,467,3,4,1,555,1,3,8,22,20160930,20160930.0,20160928,14,2.0,0,Non local,2,269.99,12815.98,0.1,54.0,2563.2
1311,467,4,4,4,555,3,3,8,17,20160930,20160930.0,20160928,14,2.0,0,Non local,2,429.0,20363.92,0.07,60.06,2850.95
1312,467,5,4,8,555,4,3,8,11,20160930,20160930.0,20160928,14,2.0,0,Non local,1,1680.99,79793.8,0.1,168.1,7979.38
1313,468,1,4,4,1261,3,1,3,19,20161002,20160930.0,20160929,133,1.0,0,Non local,1,449.0,21313.28,0.1,44.9,2131.33
1314,468,2,4,9,1261,5,1,3,9,20161002,20160930.0,20160929,133,1.0,0,Non local,2,2999.99,142404.53,0.05,300.0,14240.45
1315,468,3,4,8,1261,4,1,3,10,20161002,20160930.0,20160929,133,1.0,0,Non local,2,1549.0,73528.45,0.05,154.9,7352.85
1316,468,4,4,1,1261,2,1,3,25,20161002,20160930.0,20160929,133,1.0,0,Non local,1,499.99,23733.69,0.1,50.0,2373.37
1317,469,1,4,9,1089,6,2,7,8,20161002,20161002.0,20160929,1,3.0,0,Non local,2,1799.99,85442.53,0.1,360.0,17088.51
1318,469,2,4,9,1089,6,2,7,4,20161002,20161002.0,20160929,1,3.0,0,Non local,1,2899.99,137657.7,0.07,203.0,9636.04
1319,469,3,4,1,1089,3,2,7,15,20161002,20161002.0,20160929,1,3.0,0,Non local,2,529.99,25157.74,0.2,212.0,10063.1
1320,470,1,4,4,641,3,1,3,18,20161002,20161002.0,20160930,46,2.0,0,Non local,1,449.0,21313.28,0.05,22.45,1065.66
1321,470,2,4,1,641,3,1,3,13,20161002,20161002.0,20160930,46,2.0,0,Non local,1,269.99,12815.98,0.05,13.5,640.8
1322,470,3,4,9,641,6,1,3,8,20161002,20161002.0,20160930,46,2.0,0,Non local,2,1799.99,85442.53,0.2,720.0,34177.01
1323,471,1,4,1,697,3,1,3,14,20161002,20161001.0,20160930,71,1.0,0,Non local,1,269.99,12815.98,0.2,54.0,2563.2
1324,471,2,4,1,697,3,1,3,13,20161002,20161001.0,20160930,71,1.0,0,Non local,2,269.99,12815.98,0.05,27.0,1281.6
1325,472,1,4,1,468,3,2,7,15,20161001,20161001.0,20160930,65,1.0,0,Non local,1,529.99,25157.74,0.1,53.0,2515.77
1326,472,2,4,1,468,1,2,7,21,20161001,20161001.0,20160930,65,1.0,0,Non local,2,269.99,12815.98,0.1,54.0,2563.2
1327,473,1,4,1,549,2,2,7,26,20161002,20161003.0,20160930,25,3.0,1,Non local,1,599.99,28480.53,0.07,42.0,1993.64
1328,474,1,4,4,553,3,1,3,19,20161004,20161004.0,20161001,58,3.0,0,Non local,2,449.0,21313.28,0.05,44.9,2131.33
1329,474,2,4,8,553,4,1,3,11,20161004,20161004.0,20161001,58,3.0,0,Non local,1,1680.99,79793.8,0.2,336.2,15958.76
1330,475,1,4,4,241,3,2,7,17,20161004,20161003.0,20161001,38,2.0,0,Non local,2,429.0,20363.92,0.07,60.06,2850.95
1331,475,2,4,1,241,2,2,7,26,20161004,20161003.0,20161001,38,2.0,0,Non local,2,599.99,28480.53,0.2,240.0,11392.21
1332,475,3,4,1,241,2,2,7,25,20161004,20161003.0,20161001,38,2.0,0,Non local,1,499.99,23733.69,0.2,100.0,4746.74
1333,476,1,4,1,559,1,2,6,22,20161004,20161002.0,20161001,128,1.0,0,Non local,2,269.99,12815.98,0.07,37.8,1794.24
1334,476,2,4,9,559,6,2,6,4,20161004,20161002.0,20161001,128,1.0,0,Non local,2,2899.99,137657.7,0.2,1160.0,55063.08
1335,476,3,4,8,559,4,2,6,11,20161004,20161002.0,20161001,128,1.0,0,Non local,2,1680.99,79793.8,0.07,235.34,11171.13
1336,476,4,4,1,559,3,2,6,20,20161004,20161002.0,20161001,128,1.0,0,Non local,2,599.99,28480.53,0.05,60.0,2848.05
1337,477,1,4,8,449,6,1,2,6,20161005,20161004.0,20161002,132,2.0,0,Non local,1,469.99,22309.64,0.1,47.0,2230.96
1338,477,2,4,8,449,4,1,2,10,20161005,20161004.0,20161002,132,2.0,0,Non local,1,1549.0,73528.45,0.05,77.45,3676.42
1339,478,1,4,1,304,1,2,7,21,20161005,20161003.0,20161002,148,1.0,0,Non local,2,269.99,12815.98,0.07,37.8,1794.24
1340,479,1,4,1,984,2,2,6,26,20161004,20161004.0,20161003,70,1.0,0,Non local,1,599.99,28480.53,0.07,42.0,1993.64
1341,479,2,4,1,984,3,2,6,12,20161004,20161004.0,20161003,70,1.0,0,Non local,1,549.99,26107.11,0.05,27.5,1305.36
1342,479,3,4,1,984,1,2,6,21,20161004,20161004.0,20161003,70,1.0,0,Non local,1,269.99,12815.98,0.2,54.0,2563.2
1343,479,4,4,9,984,6,2,6,7,20161004,20161004.0,20161003,70,1.0,0,Non local,1,3999.99,189872.87,0.05,200.0,9493.64
1344,479,5,4,8,984,4,2,6,10,20161004,20161004.0,20161003,70,1.0,0,Non local,1,1549.0,73528.45,0.2,309.8,14705.69
1345,480,1,4,9,686,6,1,3,4,20161007,20161005.0,20161004,109,1.0,0,Non local,1,2899.99,137657.7,0.05,145.0,6882.88
1346,480,2,4,1,686,3,1,3,15,20161007,20161005.0,20161004,109,1.0,0,Non local,1,529.99,25157.74,0.05,26.5,1257.89
1347,480,3,4,1,686,1,1,3,23,20161007,20161005.0,20161004,109,1.0,0,Non local,2,299.99,14240.03,0.07,42.0,1993.6
1348,481,1,4,1,481,3,3,9,13,20161007,20161006.0,20161004,173,2.0,0,Non local,2,269.99,12815.98,0.2,108.0,5126.39
1349,481,2,4,1,481,3,3,9,16,20161007,20161006.0,20161004,173,2.0,0,Non local,2,599.99,28480.53,0.07,84.0,3987.27
1350,481,3,4,9,481,5,3,9,9,20161007,20161006.0,20161004,173,2.0,0,Non local,2,2999.99,142404.53,0.1,600.0,28480.91
1351,482,1,4,1,513,3,2,6,13,20161006,20161006.0,20161005,92,1.0,0,Non local,1,269.99,12815.98,0.2,54.0,2563.2
1352,482,2,4,1,513,3,2,6,14,20161006,20161006.0,20161005,92,1.0,0,Non local,1,269.99,12815.98,0.1,27.0,1281.6
1353,483,1,4,4,703,3,1,2,17,20161007,20161009.0,20161006,30,3.0,1,Non local,1,429.0,20363.92,0.07,30.03,1425.47
1354,484,1,4,9,421,6,2,7,8,20161009,20161007.0,20161006,10,1.0,0,Non local,2,1799.99,85442.53,0.1,360.0,17088.51
1355,484,2,4,1,421,2,2,7,24,20161009,20161007.0,20161006,10,1.0,0,Non local,1,549.99,26107.11,0.05,27.5,1305.36
1356,484,3,4,9,421,5,2,7,9,20161009,20161007.0,20161006,10,1.0,0,Non local,2,2999.99,142404.53,0.05,300.0,14240.45
1357,484,4,4,8,421,6,2,7,6,20161009,20161007.0,20161006,10,1.0,0,Non local,1,469.99,22309.64,0.2,94.0,4461.93
1358,485,1,4,1,465,3,2,7,13,20161008,20161007.0,20161006,73,1.0,0,Non local,1,269.99,12815.98,0.1,27.0,1281.6
1359,485,2,4,1,465,2,2,7,26,20161008,20161007.0,20161006,73,1.0,0,Non local,2,599.99,28480.53,0.05,60.0,2848.05
1360,486,1,4,9,709,5,2,7,9,20161008,20161009.0,20161006,151,3.0,1,Non local,1,2999.99,142404.53,0.07,210.0,9968.32
1361,486,2,4,1,709,1,2,7,23,20161008,20161009.0,20161006,151,3.0,1,Non local,2,299.99,14240.03,0.05,30.0,1424.0
1362,487,1,4,8,827,6,2,6,6,20161009,20161009.0,20161006,26,3.0,0,Non local,1,469.99,22309.64,0.2,94.0,4461.93
1363,488,1,4,1,921,3,2,6,13,20161009,20161008.0,20161006,110,2.0,0,Non local,2,269.99,12815.98,0.07,37.8,1794.24
1364,488,2,4,1,921,1,2,6,23,20161009,20161008.0,20161006,110,2.0,0,Non local,2,299.99,14240.03,0.05,30.0,1424.0
1365,488,3,4,1,921,1,2,6,22,20161009,20161008.0,20161006,110,2.0,0,Non local,1,269.99,12815.98,0.05,13.5,640.8
1366,489,1,4,9,899,6,3,8,8,20161008,20161008.0,20161006,20,2.0,0,Non local,2,1799.99,85442.53,0.1,360.0,17088.51
1367,490,1,4,1,876,3,2,6,12,20161010,20161009.0,20161007,177,2.0,0,Non local,1,549.99,26107.11,0.1,55.0,2610.71
1368,490,2,4,1,876,1,2,6,23,20161010,20161009.0,20161007,177,2.0,0,Non local,1,299.99,14240.03,0.05,15.0,712.0
1369,490,3,4,1,876,3,2,6,14,20161010,20161009.0,20161007,177,2.0,0,Non local,1,269.99,12815.98,0.1,27.0,1281.6
1370,490,4,4,1,876,3,2,6,13,20161010,20161009.0,20161007,177,2.0,0,Non local,2,269.99,12815.98,0.07,37.8,1794.24
1371,491,1,4,9,1048,5,1,2,9,20161010,20161011.0,20161008,111,3.0,1,Non local,2,2999.99,142404.53,0.2,1200.0,56961.81
1372,491,2,4,1,1048,1,1,2,21,20161010,20161011.0,20161008,111,3.0,1,Non local,2,269.99,12815.98,0.05,27.0,1281.6
1373,491,3,4,1,1048,3,1,2,15,20161010,20161011.0,20161008,111,3.0,1,Non local,2,529.99,25157.74,0.05,53.0,2515.77
1374,492,1,4,8,191,6,1,2,6,20161010,20161012.0,20161009,108,3.0,1,Non local,1,469.99,22309.64,0.1,47.0,2230.96
1375,492,2,4,1,191,1,1,2,22,20161010,20161012.0,20161009,108,3.0,1,Non local,2,269.99,12815.98,0.1,54.0,2563.2
1376,492,3,4,1,191,2,1,2,26,20161010,20161012.0,20161009,108,3.0,1,Non local,1,599.99,28480.53,0.05,30.0,1424.03
1377,493,1,4,1,796,3,1,3,15,20161012,20161011.0,20161009,69,2.0,0,Non local,1,529.99,25157.74,0.05,26.5,1257.89
1378,493,2,4,4,796,3,1,3,18,20161012,20161011.0,20161009,69,2.0,0,Non local,2,449.0,21313.28,0.05,44.9,2131.33
1379,493,3,4,1,796,2,1,3,26,20161012,20161011.0,20161009,69,2.0,0,Non local,1,599.99,28480.53,0.05,30.0,1424.03
1380,494,1,4,1,875,1,2,6,23,20161010,20161011.0,20161009,157,2.0,1,Non local,1,299.99,14240.03,0.1,30.0,1424.0
1381,495,1,4,1,712,1,1,3,22,20161012,20161013.0,20161010,113,3.0,1,local,1,269.99,12815.98,0.2,54.0,2563.2
1382,495,2,4,9,712,5,1,3,9,20161012,20161013.0,20161010,113,3.0,1,local,1,2999.99,142404.53,0.05,150.0,7120.23
1383,496,1,4,1,193,1,2,6,23,20161012,20161011.0,20161010,112,1.0,0,Non local,1,299.99,14240.03,0.2,60.0,2848.01
1384,496,2,4,1,193,3,2,6,13,20161012,20161011.0,20161010,112,1.0,0,Non local,1,269.99,12815.98,0.1,27.0,1281.6
1385,496,3,4,1,193,1,2,6,21,20161012,20161011.0,20161010,112,1.0,0,Non local,2,269.99,12815.98,0.2,108.0,5126.39
1386,497,1,4,1,785,2,2,6,25,20161011,20161011.0,20161010,92,1.0,0,Non local,2,499.99,23733.69,0.07,70.0,3322.72
1387,498,1,4,1,1331,2,2,6,24,20161012,20161011.0,20161010,90,1.0,0,Non local,1,549.99,26107.11,0.07,38.5,1827.5
1388,498,2,4,1,1331,1,2,6,21,20161012,20161011.0,20161010,90,1.0,0,Non local,1,269.99,12815.98,0.1,27.0,1281.6
1389,498,3,4,8,1331,4,2,6,10,20161012,20161011.0,20161010,90,1.0,0,Non local,1,1549.0,73528.45,0.07,108.43,5146.99
1390,499,1,4,8,260,4,1,2,11,20161014,20161013.0,20161011,132,2.0,0,Non local,1,1680.99,79793.8,0.2,336.2,15958.76
1391,499,2,4,1,260,3,1,2,15,20161014,20161013.0,20161011,132,2.0,0,Non local,1,529.99,25157.74,0.07,37.1,1761.04
1392,499,3,4,1,260,3,1,2,14,20161014,20161013.0,20161011,132,2.0,0,Non local,2,269.99,12815.98,0.2,108.0,5126.39
1393,499,4,4,1,260,3,1,2,20,20161014,20161013.0,20161011,132,2.0,0,Non local,2,599.99,28480.53,0.1,120.0,5696.11
1394,500,1,4,1,148,3,2,6,12,20161012,20161013.0,20161011,39,2.0,1,Non local,2,549.99,26107.11,0.05,55.0,2610.71
1395,500,2,4,1,148,3,2,6,14,20161012,20161013.0,20161011,39,2.0,1,Non local,1,269.99,12815.98,0.2,54.0,2563.2
1396,501,1,4,4,977,3,2,7,19,20161012,20161013.0,20161011,53,2.0,1,Non local,2,449.0,21313.28,0.05,44.9,2131.33
1397,501,2,4,9,977,6,2,7,8,20161012,20161013.0,20161011,53,2.0,1,Non local,1,1799.99,85442.53,0.07,126.0,5980.98
1398,501,3,4,1,977,3,2,7,14,20161012,20161013.0,20161011,53,2.0,1,Non local,1,269.99,12815.98,0.1,27.0,1281.6
1399,501,4,4,1,977,1,2,7,23,20161012,20161013.0,20161011,53,2.0,1,Non local,2,299.99,14240.03,0.07,42.0,1993.6
1400,502,1,4,1,401,3,3,9,13,20161013,20161013.0,20161012,13,1.0,0,Non local,1,269.99,12815.98,0.05,13.5,640.8
1401,503,1,4,1,932,3,2,6,13,20161016,20161014.0,20161013,158,1.0,0,Non local,2,269.99,12815.98,0.07,37.8,1794.24
1402,503,2,4,8,932,4,2,6,10,20161016,20161014.0,20161013,158,1.0,0,Non local,1,1549.0,73528.45,0.05,77.45,3676.42
1403,504,1,4,1,1381,2,1,2,24,20161015,20161015.0,20161014,68,1.0,0,Non local,2,549.99,26107.11,0.1,110.0,5221.42
1404,504,2,4,5,1381,6,1,2,2,20161015,20161015.0,20161014,68,1.0,0,Non local,2,749.99,35600.78,0.05,75.0,3560.08
1405,505,1,4,1,721,2,2,6,26,20161016,20161017.0,20161014,104,3.0,1,Non local,1,599.99,28480.53,0.2,120.0,5696.11
1406,506,1,4,1,831,2,2,6,25,20161016,20161016.0,20161014,67,2.0,0,Non local,1,499.99,23733.69,0.1,50.0,2373.37
1407,506,2,4,9,831,6,2,6,7,20161016,20161016.0,20161014,67,2.0,0,Non local,1,3999.99,189872.87,0.07,280.0,13291.1
1408,507,1,4,8,1378,4,1,3,11,20161017,20161017.0,20161015,87,2.0,0,Non local,2,1680.99,79793.8,0.05,168.1,7979.38
1409,507,2,4,1,1378,3,1,3,13,20161017,20161017.0,20161015,87,2.0,0,Non local,2,269.99,12815.98,0.07,37.8,1794.24
1410,507,3,4,1,1378,3,1,3,20,20161017,20161017.0,20161015,87,2.0,0,Non local,2,599.99,28480.53,0.1,120.0,5696.11
1411,508,1,4,9,1359,6,2,6,8,20161018,20161018.0,20161015,145,3.0,0,Non local,1,1799.99,85442.53,0.05,90.0,4272.13
1412,508,2,4,5,1359,6,2,6,2,20161018,20161018.0,20161015,145,3.0,0,Non local,2,749.99,35600.78,0.05,75.0,3560.08
1413,508,3,4,8,1359,4,2,6,10,20161018,20161018.0,20161015,145,3.0,0,Non local,2,1549.0,73528.45,0.05,154.9,7352.85
1414,508,4,4,1,1359,2,2,6,25,20161018,20161018.0,20161015,145,3.0,0,Non local,1,499.99,23733.69,0.07,35.0,1661.36
1415,509,1,4,1,235,1,2,7,23,20161017,20161017.0,20161016,103,1.0,0,Non local,2,299.99,14240.03,0.2,120.0,5696.01
1416,509,2,4,9,235,6,2,7,4,20161017,20161017.0,20161016,103,1.0,0,Non local,2,2899.99,137657.7,0.05,290.0,13765.77
1417,510,1,4,4,586,3,2,7,17,20161018,20161018.0,20161017,11,1.0,0,Non local,1,429.0,20363.92,0.1,42.9,2036.39
1418,511,1,4,1,377,1,2,7,22,20161020,20161019.0,20161018,97,1.0,0,Non local,2,269.99,12815.98,0.05,27.0,1281.6
1419,511,2,4,1,377,3,2,7,13,20161020,20161019.0,20161018,97,1.0,0,Non local,1,269.99,12815.98,0.1,27.0,1281.6
1420,512,1,4,1,8,1,2,7,21,20161022,20161020.0,20161019,8,1.0,0,Non local,1,269.99,12815.98,0.07,18.9,897.12
1421,513,1,4,9,155,6,2,6,7,20161021,20161021.0,20161019,103,2.0,0,Non local,1,3999.99,189872.87,0.07,280.0,13291.1
1422,513,2,4,1,155,3,2,6,13,20161021,20161021.0,20161019,103,2.0,0,Non local,1,269.99,12815.98,0.2,54.0,2563.2
1423,513,3,4,1,155,1,2,6,23,20161021,20161021.0,20161019,103,2.0,0,Non local,1,299.99,14240.03,0.07,21.0,996.8
1424,514,1,4,4,927,3,2,7,18,20161021,20161020.0,20161019,16,1.0,0,Non local,2,449.0,21313.28,0.2,179.6,8525.31
1425,514,2,4,4,927,3,2,7,17,20161021,20161020.0,20161019,16,1.0,0,Non local,2,429.0,20363.92,0.07,60.06,2850.95
1426,515,1,4,9,986,6,2,6,8,20161020,20161022.0,20161019,27,3.0,1,Non local,1,1799.99,85442.53,0.07,126.0,5980.98
1427,515,2,4,3,986,6,2,6,5,20161020,20161022.0,20161019,27,3.0,1,Non local,1,1320.99,62705.2,0.1,132.1,6270.52
1428,515,3,4,1,986,2,2,6,25,20161020,20161022.0,20161019,27,3.0,1,Non local,2,499.99,23733.69,0.07,70.0,3322.72
1429,515,4,4,8,986,6,2,6,6,20161020,20161022.0,20161019,27,3.0,1,Non local,2,469.99,22309.64,0.2,188.0,8923.86
1430,516,1,4,9,111,6,2,6,7,20161023,20161024.0,20161021,1,3.0,1,Non local,1,3999.99,189872.87,0.05,200.0,9493.64
1431,516,2,4,3,111,6,2,6,5,20161023,20161024.0,20161021,1,3.0,1,Non local,2,1320.99,62705.2,0.1,264.2,12541.04
1432,517,1,4,1,613,1,2,6,21,20161022,20161024.0,20161021,153,3.0,1,Non local,2,269.99,12815.98,0.07,37.8,1794.24
1433,518,1,4,1,1374,3,1,2,16,20161024,20161025.0,20161022,46,3.0,1,Non local,2,599.99,28480.53,0.2,240.0,11392.21
1434,518,2,4,3,1374,6,1,2,5,20161024,20161025.0,20161022,46,3.0,1,Non local,2,1320.99,62705.2,0.05,132.1,6270.52
1435,518,3,4,1,1374,2,1,2,25,20161024,20161025.0,20161022,46,3.0,1,Non local,2,499.99,23733.69,0.05,50.0,2373.37
1436,518,4,4,1,1374,3,1,2,15,20161024,20161025.0,20161022,46,3.0,1,Non local,2,529.99,25157.74,0.2,212.0,10063.1
1437,518,5,4,8,1374,4,1,2,11,20161024,20161025.0,20161022,46,3.0,1,Non local,2,1680.99,79793.8,0.07,235.34,11171.13
1438,519,1,4,8,54,6,2,7,6,20161023,20161024.0,20161022,47,2.0,1,Non local,1,469.99,22309.64,0.07,32.9,1561.67
1439,519,2,4,1,54,3,2,7,16,20161023,20161024.0,20161022,47,2.0,1,Non local,1,599.99,28480.53,0.1,60.0,2848.05
1440,519,3,4,1,54,1,2,7,23,20161023,20161024.0,20161022,47,2.0,1,Non local,2,299.99,14240.03,0.05,30.0,1424.0
1441,519,4,4,4,54,3,2,7,18,20161023,20161024.0,20161022,47,2.0,1,Non local,2,449.0,21313.28,0.2,179.6,8525.31
1442,519,5,4,9,54,6,2,7,7,20161023,20161024.0,20161022,47,2.0,1,Non local,1,3999.99,189872.87,0.05,200.0,9493.64
1443,520,1,4,1,639,2,2,7,26,20161026,20161024.0,20161023,34,1.0,0,Non local,1,599.99,28480.53,0.1,60.0,2848.05
1444,520,2,4,1,639,2,2,7,24,20161026,20161024.0,20161023,34,1.0,0,Non local,1,549.99,26107.11,0.2,110.0,5221.42
1445,520,3,4,8,639,4,2,7,10,20161026,20161024.0,20161023,34,1.0,0,Non local,1,1549.0,73528.45,0.07,108.43,5146.99
1446,521,1,4,3,664,6,2,6,5,20161025,20161025.0,20161023,174,2.0,0,Non local,1,1320.99,62705.2,0.2,264.2,12541.04
1447,521,2,4,1,664,3,2,6,14,20161025,20161025.0,20161023,174,2.0,0,Non local,1,269.99,12815.98,0.2,54.0,2563.2
1448,522,1,4,9,724,6,2,7,4,20161024,20161024.0,20161023,27,1.0,0,Non local,2,2899.99,137657.7,0.07,406.0,19272.08
1449,522,2,4,1,724,1,2,7,22,20161024,20161024.0,20161023,27,1.0,0,Non local,2,269.99,12815.98,0.07,37.8,1794.24
1450,522,3,4,1,724,1,2,7,21,20161024,20161024.0,20161023,27,1.0,0,Non local,1,269.99,12815.98,0.05,13.5,640.8
1451,523,1,4,1,1056,3,2,6,12,20161026,20161027.0,20161024,152,3.0,1,Non local,1,549.99,26107.11,0.2,110.0,5221.42
1452,523,2,4,1,1056,3,2,6,20,20161026,20161027.0,20161024,152,3.0,1,Non local,1,599.99,28480.53,0.05,30.0,1424.03
1453,523,3,4,3,1056,6,2,6,5,20161026,20161027.0,20161024,152,3.0,1,Non local,2,1320.99,62705.2,0.1,264.2,12541.04
1454,523,4,4,1,1056,3,2,6,16,20161026,20161027.0,20161024,152,3.0,1,Non local,2,599.99,28480.53,0.07,84.0,3987.27
1455,524,1,4,8,569,4,1,2,11,20161026,20161027.0,20161025,179,2.0,1,Non local,1,1680.99,79793.8,0.07,117.67,5585.57
1456,524,2,4,5,569,6,1,2,2,20161026,20161027.0,20161025,179,2.0,1,Non local,1,749.99,35600.78,0.05,37.5,1780.04
1457,524,3,4,9,569,5,1,2,9,20161026,20161027.0,20161025,179,2.0,1,Non local,1,2999.99,142404.53,0.2,600.0,28480.91
1458,524,4,4,8,569,6,1,2,3,20161026,20161027.0,20161025,179,2.0,1,Non local,2,999.99,47467.86,0.07,140.0,6645.5
1459,524,5,4,1,569,2,1,2,26,20161026,20161027.0,20161025,179,2.0,1,Non local,1,599.99,28480.53,0.05,30.0,1424.03
1460,525,1,4,9,1315,5,1,3,9,20161028,20161029.0,20161026,132,3.0,1,Non local,2,2999.99,142404.53,0.07,420.0,19936.63
1461,525,2,4,8,1315,6,1,3,6,20161028,20161029.0,20161026,132,3.0,1,Non local,2,469.99,22309.64,0.07,65.8,3123.35
1462,525,3,4,8,1315,4,1,3,10,20161028,20161029.0,20161026,132,3.0,1,Non local,1,1549.0,73528.45,0.1,154.9,7352.85
1463,526,1,4,8,1096,6,2,6,3,20161028,20161028.0,20161026,32,2.0,0,Non local,2,999.99,47467.86,0.1,200.0,9493.57
1464,526,2,4,9,1096,6,2,6,8,20161028,20161028.0,20161026,32,2.0,0,Non local,1,1799.99,85442.53,0.1,180.0,8544.25
1465,526,3,4,1,1096,1,2,6,21,20161028,20161028.0,20161026,32,2.0,0,Non local,1,269.99,12815.98,0.05,13.5,640.8
1466,526,4,4,1,1096,3,2,6,15,20161028,20161028.0,20161026,32,2.0,0,Non local,1,529.99,25157.74,0.07,37.1,1761.04
1467,527,1,4,4,506,3,1,2,18,20161029,20161028.0,20161027,28,1.0,0,Non local,2,449.0,21313.28,0.07,62.86,2983.86
1468,527,2,4,9,506,6,1,2,4,20161029,20161028.0,20161027,28,1.0,0,Non local,1,2899.99,137657.7,0.2,580.0,27531.54
1469,527,3,4,4,506,3,1,2,19,20161029,20161028.0,20161027,28,1.0,0,Non local,1,449.0,21313.28,0.1,44.9,2131.33
1470,527,4,4,9,506,5,1,2,9,20161029,20161028.0,20161027,28,1.0,0,Non local,2,2999.99,142404.53,0.2,1200.0,56961.81
1471,528,1,4,1,676,1,2,7,21,20161031,20161031.0,20161028,65,3.0,0,Non local,2,269.99,12815.98,0.05,27.0,1281.6
1472,529,1,4,1,753,3,2,7,12,20161030,20161031.0,20161028,45,3.0,1,Non local,2,549.99,26107.11,0.07,77.0,3655.0
1473,530,1,4,5,773,6,2,6,2,20161031,20161031.0,20161028,94,3.0,0,Non local,2,749.99,35600.78,0.05,75.0,3560.08
1474,530,2,4,9,773,6,2,6,4,20161031,20161031.0,20161028,94,3.0,0,Non local,1,2899.99,137657.7,0.07,203.0,9636.04
1475,530,3,4,8,773,6,2,6,6,20161031,20161031.0,20161028,94,3.0,0,Non local,2,469.99,22309.64,0.2,188.0,8923.86
1476,531,1,4,8,116,6,3,8,6,20161029,20161030.0,20161028,85,2.0,1,Non local,1,469.99,22309.64,0.2,94.0,4461.93
1477,531,2,4,1,116,3,3,8,12,20161029,20161030.0,20161028,85,2.0,1,Non local,2,549.99,26107.11,0.2,220.0,10442.84
1478,531,3,4,1,116,2,3,8,25,20161029,20161030.0,20161028,85,2.0,1,Non local,1,499.99,23733.69,0.07,35.0,1661.36
1479,532,1,4,4,817,3,2,7,17,20161031,20161030.0,20161029,36,1.0,0,Non local,2,429.0,20363.92,0.07,60.06,2850.95
1480,532,2,4,1,817,3,2,7,16,20161031,20161030.0,20161029,36,1.0,0,Non local,2,599.99,28480.53,0.2,240.0,11392.21
1481,532,3,4,1,817,3,2,7,12,20161031,20161030.0,20161029,36,1.0,0,Non local,1,549.99,26107.11,0.1,55.0,2610.71
1482,533,1,4,9,1334,6,2,6,4,20161101,20161101.0,20161029,90,3.0,0,Non local,1,2899.99,137657.7,0.2,580.0,27531.54
1483,533,2,4,1,1334,3,2,6,12,20161101,20161101.0,20161029,90,3.0,0,Non local,2,549.99,26107.11,0.1,110.0,5221.42
1484,533,3,4,8,1334,4,2,6,10,20161101,20161101.0,20161029,90,3.0,0,Non local,1,1549.0,73528.45,0.2,309.8,14705.69
1485,533,4,4,1,1334,2,2,6,25,20161101,20161101.0,20161029,90,3.0,0,Non local,1,499.99,23733.69,0.05,25.0,1186.68
1486,534,1,4,1,1406,1,2,7,21,20161030,20161031.0,20161029,183,2.0,1,Non local,2,269.99,12815.98,0.05,27.0,1281.6
1487,534,2,4,9,1406,5,2,7,9,20161030,20161031.0,20161029,183,2.0,1,Non local,2,2999.99,142404.53,0.05,300.0,14240.45
1488,534,3,4,5,1406,6,2,7,2,20161030,20161031.0,20161029,183,2.0,1,Non local,1,749.99,35600.78,0.07,52.5,2492.05
1489,534,4,4,1,1406,2,2,7,24,20161030,20161031.0,20161029,183,2.0,1,Non local,2,549.99,26107.11,0.1,110.0,5221.42
1490,535,1,4,1,835,2,3,9,24,20161031,20161101.0,20161029,85,3.0,1,Non local,1,549.99,26107.11,0.05,27.5,1305.36
1491,535,2,4,1,835,3,3,9,15,20161031,20161101.0,20161029,85,3.0,1,Non local,1,529.99,25157.74,0.1,53.0,2515.77
1492,535,3,4,1,835,1,3,9,22,20161031,20161101.0,20161029,85,3.0,1,Non local,2,269.99,12815.98,0.1,54.0,2563.2
1493,536,1,4,1,759,1,1,3,22,20161102,20161101.0,20161031,29,1.0,0,Non local,1,269.99,12815.98,0.1,27.0,1281.6
1494,536,2,4,5,759,6,1,3,2,20161102,20161101.0,20161031,29,1.0,0,Non local,1,749.99,35600.78,0.1,75.0,3560.08
1495,536,3,4,1,759,3,1,3,12,20161102,20161101.0,20161031,29,1.0,0,Non local,2,549.99,26107.11,0.05,55.0,2610.71
1496,536,4,4,1,759,3,1,3,14,20161102,20161101.0,20161031,29,1.0,0,Non local,1,269.99,12815.98,0.07,18.9,897.12
1497,537,1,4,8,1353,4,1,2,10,20161101,20161103.0,20161031,59,3.0,1,Non local,1,1549.0,73528.45,0.05,77.45,3676.42
1498,537,2,4,1,1353,2,1,2,26,20161101,20161103.0,20161031,59,3.0,1,Non local,1,599.99,28480.53,0.05,30.0,1424.03
1499,537,3,4,4,1353,3,1,2,17,20161101,20161103.0,20161031,59,3.0,1,Non local,2,429.0,20363.92,0.1,85.8,4072.78
1500,537,4,4,1,1353,2,1,2,25,20161101,20161103.0,20161031,59,3.0,1,Non local,2,499.99,23733.69,0.2,200.0,9493.48
1501,538,1,4,5,341,6,2,6,2,20161105,20161105.0,20161102,152,3.0,0,Non local,2,749.99,35600.78,0.2,300.0,14240.31
1502,539,1,4,9,1144,5,2,7,9,20161104,20161103.0,20161102,192,1.0,0,Non local,2,2999.99,142404.53,0.1,600.0,28480.91
1503,539,2,4,1,1144,1,2,7,23,20161104,20161103.0,20161102,192,1.0,0,Non local,1,299.99,14240.03,0.05,15.0,712.0
1504,539,3,4,1,1144,1,2,7,21,20161104,20161103.0,20161102,192,1.0,0,Non local,2,269.99,12815.98,0.07,37.8,1794.24
1505,540,1,4,4,1429,3,1,3,19,20161105,20161106.0,20161103,154,3.0,1,Non local,1,449.0,21313.28,0.1,44.9,2131.33
1506,540,2,4,1,1429,2,1,3,26,20161105,20161106.0,20161103,154,3.0,1,Non local,2,599.99,28480.53,0.1,120.0,5696.11
1507,540,3,4,1,1429,1,1,3,23,20161105,20161106.0,20161103,154,3.0,1,Non local,2,299.99,14240.03,0.07,42.0,1993.6
1508,541,1,4,1,1228,1,1,3,22,20161107,20161107.0,20161104,29,3.0,0,Non local,2,269.99,12815.98,0.05,27.0,1281.6
1509,542,1,4,1,313,3,2,7,16,20161106,20161105.0,20161104,34,1.0,0,Non local,2,599.99,28480.53,0.2,240.0,11392.21
1510,542,2,4,9,313,5,2,7,9,20161106,20161105.0,20161104,34,1.0,0,Non local,1,2999.99,142404.53,0.1,300.0,14240.45
1511,542,3,4,1,313,3,2,7,20,20161106,20161105.0,20161104,34,1.0,0,Non local,1,599.99,28480.53,0.1,60.0,2848.05
1512,542,4,4,4,313,3,2,7,19,20161106,20161105.0,20161104,34,1.0,0,Non local,2,449.0,21313.28,0.2,179.6,8525.31
1513,543,1,4,1,62,2,2,6,25,20161109,20161108.0,20161106,45,2.0,0,Non local,1,499.99,23733.69,0.2,100.0,4746.74
1514,543,2,4,4,62,3,2,6,18,20161109,20161108.0,20161106,45,2.0,0,Non local,1,449.0,21313.28,0.2,89.8,4262.66
1515,543,3,4,1,62,2,2,6,26,20161109,20161108.0,20161106,45,2.0,0,Non local,2,599.99,28480.53,0.05,60.0,2848.05
1516,544,1,4,1,321,3,2,7,12,20161107,20161108.0,20161106,119,2.0,1,Non local,1,549.99,26107.11,0.05,27.5,1305.36
1517,544,2,4,4,321,3,2,7,17,20161107,20161108.0,20161106,119,2.0,1,Non local,1,429.0,20363.92,0.1,42.9,2036.39
1518,544,3,4,1,321,1,2,7,21,20161107,20161108.0,20161106,119,2.0,1,Non local,1,269.99,12815.98,0.05,13.5,640.8
1519,545,1,4,1,1108,2,3,9,25,20161110,20161109.0,20161108,54,1.0,0,Non local,2,499.99,23733.69,0.2,200.0,9493.48
1520,545,2,4,8,1108,6,3,9,6,20161110,20161109.0,20161108,54,1.0,0,Non local,1,469.99,22309.64,0.07,32.9,1561.67
1521,545,3,4,1,1108,2,3,9,24,20161110,20161109.0,20161108,54,1.0,0,Non local,1,549.99,26107.11,0.2,110.0,5221.42
1522,545,4,4,1,1108,3,3,9,20,20161110,20161109.0,20161108,54,1.0,0,Non local,2,599.99,28480.53,0.07,84.0,3987.27
1523,546,1,4,4,470,3,2,7,17,20161112,20161110.0,20161109,162,1.0,0,Non local,2,429.0,20363.92,0.05,42.9,2036.39
1524,546,2,4,9,470,6,2,7,8,20161112,20161110.0,20161109,162,1.0,0,Non local,1,1799.99,85442.53,0.1,180.0,8544.25
1525,546,3,4,4,470,3,2,7,18,20161112,20161110.0,20161109,162,1.0,0,Non local,2,449.0,21313.28,0.07,62.86,2983.86
1526,547,1,4,8,20,4,3,8,11,20161111,20161110.0,20161109,19,1.0,0,Non local,2,1680.99,79793.8,0.05,168.1,7979.38
1527,547,2,4,9,20,5,3,8,9,20161111,20161110.0,20161109,19,1.0,0,Non local,1,2999.99,142404.53,0.2,600.0,28480.91
1528,547,3,4,3,20,6,3,8,5,20161111,20161110.0,20161109,19,1.0,0,Non local,1,1320.99,62705.2,0.1,132.1,6270.52
1529,548,1,4,9,739,6,2,7,8,20161113,20161113.0,20161111,75,2.0,0,Non local,1,1799.99,85442.53,0.1,180.0,8544.25
1530,548,2,4,8,739,4,2,7,11,20161113,20161113.0,20161111,75,2.0,0,Non local,2,1680.99,79793.8,0.07,235.34,11171.13
1531,549,1,3,1,64,3,3,9,15,20161112,,20161112,54,,0,Non local,1,529.99,25157.74,0.07,37.1,1761.04
1532,549,2,3,1,64,3,3,9,16,20161112,,20161112,54,,0,Non local,1,599.99,28480.53,0.05,30.0,1424.03
1533,549,3,3,8,64,6,3,9,3,20161112,,20161112,54,,0,Non local,1,999.99,47467.86,0.07,70.0,3322.75
1534,549,4,3,9,64,6,3,9,7,20161112,,20161112,54,,0,Non local,1,3999.99,189872.87,0.05,200.0,9493.64
1535,549,5,3,1,64,3,3,9,13,20161112,,20161112,54,,0,Non local,2,269.99,12815.98,0.1,54.0,2563.2
1536,550,1,4,9,892,6,2,7,4,20161114,20161115.0,20161112,27,3.0,1,Non local,1,2899.99,137657.7,0.05,145.0,6882.88
1537,551,1,4,1,1169,3,2,6,16,20161113,20161113.0,20161112,95,1.0,0,Non local,1,599.99,28480.53,0.05,30.0,1424.03
1538,551,2,4,1,1169,2,2,6,26,20161113,20161113.0,20161112,95,1.0,0,Non local,1,599.99,28480.53,0.07,42.0,1993.64
1539,551,3,4,8,1169,4,2,6,11,20161113,20161113.0,20161112,95,1.0,0,Non local,2,1680.99,79793.8,0.2,672.4,31917.52
1540,551,4,4,1,1169,3,2,6,15,20161113,20161113.0,20161112,95,1.0,0,Non local,2,529.99,25157.74,0.2,212.0,10063.1
1541,552,1,4,1,1282,1,2,7,23,20161115,20161113.0,20161112,178,1.0,0,Non local,1,299.99,14240.03,0.2,60.0,2848.01
1542,552,2,4,5,1282,6,2,7,2,20161115,20161113.0,20161112,178,1.0,0,Non local,1,749.99,35600.78,0.2,150.0,7120.16
1543,552,3,4,1,1282,2,2,7,24,20161115,20161113.0,20161112,178,1.0,0,Non local,1,549.99,26107.11,0.2,110.0,5221.42
1544,552,4,4,4,1282,3,2,7,18,20161115,20161113.0,20161112,178,1.0,0,Non local,1,449.0,21313.28,0.1,44.9,2131.33
1545,552,5,4,4,1282,3,2,7,19,20161115,20161113.0,20161112,178,1.0,0,Non local,2,449.0,21313.28,0.2,179.6,8525.31
1546,553,1,4,1,913,2,3,9,24,20161113,20161115.0,20161112,54,3.0,1,Non local,1,549.99,26107.11,0.1,55.0,2610.71
1547,553,2,4,4,913,3,3,9,18,20161113,20161115.0,20161112,54,3.0,1,Non local,2,449.0,21313.28,0.07,62.86,2983.86
1548,553,3,4,1,913,3,3,9,12,20161113,20161115.0,20161112,54,3.0,1,Non local,1,549.99,26107.11,0.07,38.5,1827.5
1549,554,1,4,8,104,6,1,3,3,20161114,20161116.0,20161113,2,3.0,1,Non local,2,999.99,47467.86,0.07,140.0,6645.5
1550,554,2,4,1,104,1,1,3,22,20161114,20161116.0,20161113,2,3.0,1,Non local,1,269.99,12815.98,0.05,13.5,640.8
1551,554,3,4,9,104,6,1,3,4,20161114,20161116.0,20161113,2,3.0,1,Non local,2,2899.99,137657.7,0.2,1160.0,55063.08
1552,555,1,4,9,212,6,2,7,8,20161114,20161116.0,20161113,73,3.0,1,Non local,1,1799.99,85442.53,0.2,360.0,17088.51
1553,555,2,4,9,212,6,2,7,7,20161114,20161116.0,20161113,73,3.0,1,Non local,1,3999.99,189872.87,0.1,400.0,18987.29
1554,555,3,4,1,212,3,2,7,20,20161114,20161116.0,20161113,73,3.0,1,Non local,2,599.99,28480.53,0.07,84.0,3987.27
1555,556,1,4,1,61,3,3,9,16,20161114,20161115.0,20161113,52,2.0,1,Non local,1,599.99,28480.53,0.1,60.0,2848.05
1556,556,2,4,9,61,6,3,9,4,20161114,20161115.0,20161113,52,2.0,1,Non local,2,2899.99,137657.7,0.2,1160.0,55063.08
1557,557,1,4,9,1248,5,2,6,9,20161117,20161115.0,20161114,61,1.0,0,Non local,2,2999.99,142404.53,0.1,600.0,28480.91
1558,557,2,4,8,1248,4,2,6,10,20161117,20161115.0,20161114,61,1.0,0,Non local,1,1549.0,73528.45,0.1,154.9,7352.85
1559,558,1,4,9,1443,6,2,7,7,20161116,20161117.0,20161115,49,2.0,1,Non local,1,3999.99,189872.87,0.07,280.0,13291.1
1560,558,2,4,1,1443,3,2,7,16,20161116,20161117.0,20161115,49,2.0,1,Non local,1,599.99,28480.53,0.07,42.0,1993.64
1561,558,3,4,9,1443,5,2,7,9,20161116,20161117.0,20161115,49,2.0,1,Non local,1,2999.99,142404.53,0.1,300.0,14240.45
1562,558,4,4,1,1443,1,2,7,21,20161116,20161117.0,20161115,49,2.0,1,Non local,2,269.99,12815.98,0.05,27.0,1281.6
1563,558,5,4,8,1443,4,2,7,10,20161116,20161117.0,20161115,49,2.0,1,Non local,2,1549.0,73528.45,0.07,216.86,10293.98
1564,559,1,4,1,959,3,1,2,15,20161117,20161117.0,20161116,5,1.0,0,Non local,2,529.99,25157.74,0.1,106.0,5031.55
1565,559,2,4,8,959,6,1,2,6,20161117,20161117.0,20161116,5,1.0,0,Non local,1,469.99,22309.64,0.1,47.0,2230.96
1566,559,3,4,9,959,6,1,2,7,20161117,20161117.0,20161116,5,1.0,0,Non local,2,3999.99,189872.87,0.07,560.0,26582.2
1567,560,1,4,1,1405,3,2,6,16,20161119,20161121.0,20161118,152,3.0,1,Non local,1,599.99,28480.53,0.05,30.0,1424.03
1568,560,2,4,1,1405,2,2,6,26,20161119,20161121.0,20161118,152,3.0,1,Non local,2,599.99,28480.53,0.1,120.0,5696.11
1569,561,1,4,1,90,3,2,6,15,20161122,20161122.0,20161119,70,3.0,0,Non local,2,529.99,25157.74,0.05,53.0,2515.77
1570,561,2,4,4,90,3,2,6,18,20161122,20161122.0,20161119,70,3.0,0,Non local,1,449.0,21313.28,0.05,22.45,1065.66
1571,561,3,4,3,90,6,2,6,5,20161122,20161122.0,20161119,70,3.0,0,Non local,1,1320.99,62705.2,0.05,66.05,3135.26
1572,561,4,4,4,90,3,2,6,17,20161122,20161122.0,20161119,70,3.0,0,Non local,2,429.0,20363.92,0.07,60.06,2850.95
1573,562,1,4,1,942,2,2,7,25,20161120,20161122.0,20161119,36,3.0,1,Non local,2,499.99,23733.69,0.07,70.0,3322.72
1574,562,2,4,1,942,2,2,7,26,20161120,20161122.0,20161119,36,3.0,1,Non local,1,599.99,28480.53,0.05,30.0,1424.03
1575,563,1,4,8,365,6,2,6,6,20161122,20161121.0,20161120,75,1.0,0,Non local,2,469.99,22309.64,0.1,94.0,4461.93
1576,563,2,4,4,365,3,2,6,19,20161122,20161121.0,20161120,75,1.0,0,Non local,1,449.0,21313.28,0.05,22.45,1065.66
1577,563,3,4,1,365,3,2,6,13,20161122,20161121.0,20161120,75,1.0,0,Non local,2,269.99,12815.98,0.1,54.0,2563.2
1578,564,1,4,9,1058,6,2,7,4,20161123,20161122.0,20161120,110,2.0,0,Non local,1,2899.99,137657.7,0.2,580.0,27531.54
1579,564,2,4,1,1058,3,2,7,15,20161123,20161122.0,20161120,110,2.0,0,Non local,1,529.99,25157.74,0.2,106.0,5031.55
1580,565,1,4,4,894,3,2,7,18,20161122,20161122.0,20161121,116,1.0,0,Non local,1,449.0,21313.28,0.2,89.8,4262.66
1581,565,2,4,1,894,2,2,7,25,20161122,20161122.0,20161121,116,1.0,0,Non local,2,499.99,23733.69,0.1,100.0,4746.74
1582,565,3,4,9,894,5,2,7,9,20161122,20161122.0,20161121,116,1.0,0,Non local,1,2999.99,142404.53,0.05,150.0,7120.23
1583,565,4,4,4,894,3,2,7,17,20161122,20161122.0,20161121,116,1.0,0,Non local,1,429.0,20363.92,0.1,42.9,2036.39
1584,566,1,4,1,298,2,1,3,24,20161125,20161123.0,20161122,69,1.0,0,Non local,2,549.99,26107.11,0.07,77.0,3655.0
1585,566,2,4,9,298,6,1,3,7,20161125,20161123.0,20161122,69,1.0,0,Non local,2,3999.99,189872.87,0.2,1600.0,75949.15
1586,566,3,4,9,298,6,1,3,8,20161125,20161123.0,20161122,69,1.0,0,Non local,1,1799.99,85442.53,0.1,180.0,8544.25
1587,566,4,4,1,298,1,1,3,21,20161125,20161123.0,20161122,69,1.0,0,Non local,2,269.99,12815.98,0.2,108.0,5126.39
1588,567,1,4,9,1430,5,1,2,9,20161123,20161123.0,20161122,170,1.0,0,Non local,1,2999.99,142404.53,0.2,600.0,28480.91
1589,567,2,4,3,1430,6,1,2,5,20161123,20161123.0,20161122,170,1.0,0,Non local,1,1320.99,62705.2,0.07,92.47,4389.36
1590,568,1,4,3,1275,6,1,3,5,20161125,20161124.0,20161123,160,1.0,0,Non local,1,1320.99,62705.2,0.05,66.05,3135.26
1591,568,2,4,8,1275,4,1,3,10,20161125,20161124.0,20161123,160,1.0,0,Non local,1,1549.0,73528.45,0.05,77.45,3676.42
1592,569,1,4,1,707,3,2,6,16,20161124,20161125.0,20161123,106,2.0,1,Non local,1,599.99,28480.53,0.05,30.0,1424.03
1593,569,2,4,1,707,2,2,6,24,20161124,20161125.0,20161123,106,2.0,1,Non local,2,549.99,26107.11,0.1,110.0,5221.42
1594,570,1,4,4,989,3,2,6,18,20161124,20161125.0,20161123,107,2.0,1,Non local,1,449.0,21313.28,0.07,31.43,1491.93
1595,570,2,4,1,989,2,2,6,24,20161124,20161125.0,20161123,107,2.0,1,Non local,2,549.99,26107.11,0.1,110.0,5221.42
1596,570,3,4,8,989,6,2,6,3,20161124,20161125.0,20161123,107,2.0,1,Non local,2,999.99,47467.86,0.2,400.0,18987.14
1597,570,4,4,8,989,4,2,6,11,20161124,20161125.0,20161123,107,2.0,1,Non local,1,1680.99,79793.8,0.1,168.1,7979.38
1598,570,5,4,1,989,3,2,6,16,20161124,20161125.0,20161123,107,2.0,1,Non local,1,599.99,28480.53,0.05,30.0,1424.03
1599,571,1,4,9,5,6,1,2,4,20161125,20161127.0,20161124,5,3.0,1,Non local,1,2899.99,137657.7,0.05,145.0,6882.88
1600,571,2,4,9,5,5,1,2,9,20161125,20161127.0,20161124,5,3.0,1,Non local,1,2999.99,142404.53,0.1,300.0,14240.45
1601,572,1,4,8,178,6,2,6,3,20161126,20161126.0,20161124,16,2.0,0,Non local,1,999.99,47467.86,0.05,50.0,2373.39
1602,572,2,4,1,178,3,2,6,13,20161126,20161126.0,20161124,16,2.0,0,Non local,2,269.99,12815.98,0.1,54.0,2563.2
1603,572,3,4,8,178,4,2,6,11,20161126,20161126.0,20161124,16,2.0,0,Non local,2,1680.99,79793.8,0.2,672.4,31917.52
1604,573,1,4,5,423,6,2,6,2,20161126,20161127.0,20161124,130,3.0,1,Non local,1,749.99,35600.78,0.2,150.0,7120.16
1605,574,1,4,1,833,2,2,7,26,20161127,20161129.0,20161126,123,3.0,1,Non local,1,599.99,28480.53,0.05,30.0,1424.03
1606,574,2,4,1,833,3,2,7,13,20161127,20161129.0,20161126,123,3.0,1,Non local,2,269.99,12815.98,0.1,54.0,2563.2
1607,574,3,4,1,833,3,2,7,12,20161127,20161129.0,20161126,123,3.0,1,Non local,2,549.99,26107.11,0.1,110.0,5221.42
1608,574,4,4,1,833,1,2,7,23,20161127,20161129.0,20161126,123,3.0,1,Non local,2,299.99,14240.03,0.1,60.0,2848.01
1609,574,5,4,8,833,4,2,7,11,20161127,20161129.0,20161126,123,3.0,1,Non local,2,1680.99,79793.8,0.05,168.1,7979.38
1610,575,1,4,9,33,6,1,3,4,20161128,20161130.0,20161127,31,3.0,1,Non local,2,2899.99,137657.7,0.07,406.0,19272.08
1611,575,2,4,1,33,3,1,3,12,20161128,20161130.0,20161127,31,3.0,1,Non local,1,549.99,26107.11,0.2,110.0,5221.42
1612,576,1,4,9,1272,5,1,3,9,20161130,20161128.0,20161127,30,1.0,0,Non local,1,2999.99,142404.53,0.1,300.0,14240.45
1613,577,1,4,8,445,6,2,6,3,20161130,20161129.0,20161127,152,2.0,0,Non local,2,999.99,47467.86,0.2,400.0,18987.14
1614,578,1,4,1,819,1,2,7,21,20161128,20161129.0,20161127,189,2.0,1,Non local,1,269.99,12815.98,0.07,18.9,897.12
1615,578,2,4,1,819,2,2,7,25,20161128,20161129.0,20161127,189,2.0,1,Non local,2,499.99,23733.69,0.2,200.0,9493.48
1616,578,3,4,4,819,3,2,7,18,20161128,20161129.0,20161127,189,2.0,1,Non local,2,449.0,21313.28,0.05,44.9,2131.33
1617,578,4,4,9,819,6,2,7,8,20161128,20161129.0,20161127,189,2.0,1,Non local,2,1799.99,85442.53,0.2,720.0,34177.01
1618,579,1,4,9,160,6,3,8,7,20161130,20161129.0,20161127,57,2.0,0,local,2,3999.99,189872.87,0.05,400.0,18987.29
1619,579,2,4,8,160,6,3,8,6,20161130,20161129.0,20161127,57,2.0,0,local,1,469.99,22309.64,0.2,94.0,4461.93
1620,580,1,4,1,581,3,1,3,16,20161202,20161202.0,20161130,109,2.0,0,Non local,2,599.99,28480.53,0.2,240.0,11392.21
1621,580,2,4,1,581,3,1,3,15,20161202,20161202.0,20161130,109,2.0,0,Non local,1,529.99,25157.74,0.07,37.1,1761.04
1622,580,3,4,1,581,1,1,3,21,20161202,20161202.0,20161130,109,2.0,0,Non local,2,269.99,12815.98,0.2,108.0,5126.39
1623,580,4,4,9,581,5,1,3,9,20161202,20161202.0,20161130,109,2.0,0,Non local,2,2999.99,142404.53,0.07,420.0,19936.63
1624,580,5,4,4,581,3,1,3,19,20161202,20161202.0,20161130,109,2.0,0,Non local,1,449.0,21313.28,0.2,89.8,4262.66
1625,581,1,4,9,688,6,1,3,8,20161205,20161206.0,20161203,2,3.0,1,Non local,2,1799.99,85442.53,0.07,252.0,11961.95
1626,582,1,3,8,32,4,1,2,10,20161204,,20161204,30,,0,Non local,2,1549.0,73528.45,0.2,619.6,29411.38
1627,582,2,3,4,32,3,1,2,17,20161204,,20161204,30,,0,Non local,2,429.0,20363.92,0.07,60.06,2850.95
1628,583,1,4,1,792,3,2,7,15,20161205,20161207.0,20161204,188,3.0,1,Non local,2,529.99,25157.74,0.2,212.0,10063.1
1629,584,1,4,4,1209,3,2,7,19,20161205,20161205.0,20161204,100,1.0,0,Non local,1,449.0,21313.28,0.07,31.43,1491.93
1630,584,2,4,1,1209,1,2,7,23,20161205,20161205.0,20161204,100,1.0,0,Non local,1,299.99,14240.03,0.07,21.0,996.8
1631,584,3,4,1,1209,3,2,7,15,20161205,20161205.0,20161204,100,1.0,0,Non local,1,529.99,25157.74,0.1,53.0,2515.77
1632,584,4,4,1,1209,1,2,7,22,20161205,20161205.0,20161204,100,1.0,0,Non local,1,269.99,12815.98,0.05,13.5,640.8
1633,584,5,4,9,1209,6,2,7,8,20161205,20161205.0,20161204,100,1.0,0,Non local,2,1799.99,85442.53,0.07,252.0,11961.95
1634,585,1,4,8,1219,4,2,7,10,20161205,20161205.0,20161204,162,1.0,0,Non local,1,1549.0,73528.45,0.2,309.8,14705.69
1635,585,2,4,4,1219,3,2,7,18,20161205,20161205.0,20161204,162,1.0,0,Non local,2,449.0,21313.28,0.2,179.6,8525.31
1636,585,3,4,1,1219,3,2,7,15,20161205,20161205.0,20161204,162,1.0,0,Non local,1,529.99,25157.74,0.05,26.5,1257.89
1637,585,4,4,1,1219,3,2,7,12,20161205,20161205.0,20161204,162,1.0,0,Non local,2,549.99,26107.11,0.07,77.0,3655.0
1638,586,1,4,8,1306,4,2,6,11,20161206,20161205.0,20161204,110,1.0,0,Non local,2,1680.99,79793.8,0.1,336.2,15958.76
1639,586,2,4,1,1306,1,2,6,23,20161206,20161205.0,20161204,110,1.0,0,Non local,2,299.99,14240.03,0.2,120.0,5696.01
1640,587,1,4,1,487,2,1,2,24,20161208,20161208.0,20161206,133,2.0,0,Non local,1,549.99,26107.11,0.05,27.5,1305.36
1641,587,2,4,1,487,1,1,2,23,20161208,20161208.0,20161206,133,2.0,0,Non local,1,299.99,14240.03,0.05,15.0,712.0
1642,587,3,4,4,487,3,1,2,18,20161208,20161208.0,20161206,133,2.0,0,Non local,1,449.0,21313.28,0.05,22.45,1065.66
1643,587,4,4,1,487,1,1,2,21,20161208,20161208.0,20161206,133,2.0,0,Non local,1,269.99,12815.98,0.2,54.0,2563.2
1644,588,1,4,8,102,4,2,7,10,20161207,20161207.0,20161206,18,1.0,0,Non local,2,1549.0,73528.45,0.07,216.86,10293.98
1645,588,2,4,1,102,1,2,7,23,20161207,20161207.0,20161206,18,1.0,0,Non local,1,299.99,14240.03,0.2,60.0,2848.01
1646,589,1,4,1,719,3,2,7,15,20161207,20161207.0,20161206,189,1.0,0,Non local,2,529.99,25157.74,0.05,53.0,2515.77
1647,590,1,4,5,990,6,2,7,2,20161209,20161207.0,20161206,10,1.0,0,Non local,2,749.99,35600.78,0.1,150.0,7120.16
1648,590,2,4,1,990,3,2,7,20,20161209,20161207.0,20161206,10,1.0,0,Non local,1,599.99,28480.53,0.07,42.0,1993.64
1649,590,3,4,9,990,6,2,7,8,20161209,20161207.0,20161206,10,1.0,0,Non local,2,1799.99,85442.53,0.05,180.0,8544.25
1650,590,4,4,3,990,6,2,7,5,20161209,20161207.0,20161206,10,1.0,0,Non local,2,1320.99,62705.2,0.1,264.2,12541.04
1651,590,5,4,1,990,2,2,7,24,20161209,20161207.0,20161206,10,1.0,0,Non local,1,549.99,26107.11,0.1,55.0,2610.71
1652,591,1,4,1,1211,3,2,7,16,20161209,20161209.0,20161206,134,3.0,0,Non local,2,599.99,28480.53,0.05,60.0,2848.05
1653,591,2,4,1,1211,2,2,7,25,20161209,20161209.0,20161206,134,3.0,0,Non local,2,499.99,23733.69,0.05,50.0,2373.37
1654,591,3,4,5,1211,6,2,7,2,20161209,20161209.0,20161206,134,3.0,0,Non local,2,749.99,35600.78,0.1,150.0,7120.16
1655,592,1,4,1,1232,1,2,7,21,20161208,20161208.0,20161206,42,2.0,0,Non local,2,269.99,12815.98,0.1,54.0,2563.2
1656,592,2,4,1,1232,3,2,7,16,20161208,20161208.0,20161206,42,2.0,0,Non local,1,599.99,28480.53,0.05,30.0,1424.03
1657,592,3,4,4,1232,3,2,7,18,20161208,20161208.0,20161206,42,2.0,0,Non local,2,449.0,21313.28,0.07,62.86,2983.86
1658,593,1,4,8,50,6,3,8,3,20161210,20161208.0,20161207,19,1.0,0,Non local,2,999.99,47467.86,0.1,200.0,9493.57
1659,593,2,4,1,50,2,3,8,25,20161210,20161208.0,20161207,19,1.0,0,Non local,1,499.99,23733.69,0.07,35.0,1661.36
1660,594,1,4,1,1318,2,3,8,26,20161208,20161208.0,20161207,190,1.0,0,Non local,1,599.99,28480.53,0.1,60.0,2848.05
1661,594,2,4,1,1318,1,3,8,21,20161208,20161208.0,20161207,190,1.0,0,Non local,2,269.99,12815.98,0.05,27.0,1281.6
1662,595,1,4,9,538,6,1,2,4,20161209,20161211.0,20161208,59,3.0,1,Non local,1,2899.99,137657.7,0.07,203.0,9636.04
1663,595,2,4,4,538,3,1,2,19,20161209,20161211.0,20161208,59,3.0,1,Non local,2,449.0,21313.28,0.07,62.86,2983.86
1664,595,3,4,8,538,6,1,2,3,20161209,20161211.0,20161208,59,3.0,1,Non local,1,999.99,47467.86,0.07,70.0,3322.75
1665,595,4,4,8,538,4,1,2,10,20161209,20161211.0,20161208,59,3.0,1,Non local,1,1549.0,73528.45,0.07,108.43,5146.99
1666,595,5,4,1,538,2,1,2,26,20161209,20161211.0,20161208,59,3.0,1,Non local,2,599.99,28480.53,0.05,60.0,2848.05
1667,596,1,4,3,952,6,1,3,5,20161209,20161209.0,20161208,28,1.0,0,Non local,1,1320.99,62705.2,0.05,66.05,3135.26
1668,596,2,4,1,952,1,1,3,23,20161209,20161209.0,20161208,28,1.0,0,Non local,2,299.99,14240.03,0.1,60.0,2848.01
1669,596,3,4,9,952,5,1,3,9,20161209,20161209.0,20161208,28,1.0,0,Non local,1,2999.99,142404.53,0.05,150.0,7120.23
1670,597,1,4,4,1121,3,2,6,17,20161209,20161210.0,20161208,185,2.0,1,Non local,2,429.0,20363.92,0.2,171.6,8145.57
1671,597,2,4,9,1121,6,2,6,8,20161209,20161210.0,20161208,185,2.0,1,Non local,1,1799.99,85442.53,0.07,126.0,5980.98
1672,598,1,3,9,40,6,1,3,4,20161209,,20161209,37,,0,Non local,2,2899.99,137657.7,0.05,290.0,13765.77
1673,598,2,3,1,40,3,1,3,16,20161209,,20161209,37,,0,Non local,2,599.99,28480.53,0.07,84.0,3987.27
1674,598,3,3,1,40,3,1,3,14,20161209,,20161209,37,,0,Non local,1,269.99,12815.98,0.1,27.0,1281.6
1675,599,1,4,9,1,5,2,6,9,20161210,20161212.0,20161209,1,3.0,1,Non local,2,2999.99,142404.53,0.05,300.0,14240.45
1676,599,2,4,1,1,1,2,6,22,20161210,20161212.0,20161209,1,3.0,1,Non local,2,269.99,12815.98,0.2,108.0,5126.39
1677,599,3,4,1,1,1,2,6,23,20161210,20161212.0,20161209,1,3.0,1,Non local,1,299.99,14240.03,0.07,21.0,996.8
1678,599,4,4,8,1,4,2,6,10,20161210,20161212.0,20161209,1,3.0,1,Non local,2,1549.0,73528.45,0.1,309.8,14705.69
1679,600,1,4,1,624,2,2,7,26,20161212,20161211.0,20161209,25,2.0,0,Non local,2,599.99,28480.53,0.07,84.0,3987.27
1680,600,2,4,9,624,6,2,7,4,20161212,20161211.0,20161209,25,2.0,0,Non local,1,2899.99,137657.7,0.2,580.0,27531.54
1681,600,3,4,4,624,3,2,7,18,20161212,20161211.0,20161209,25,2.0,0,Non local,2,449.0,21313.28,0.07,62.86,2983.86
1682,601,1,4,1,683,3,2,6,12,20161210,20161210.0,20161209,44,1.0,0,Non local,2,549.99,26107.11,0.2,220.0,10442.84
1683,602,1,4,1,823,3,2,6,15,20161210,20161211.0,20161209,34,2.0,1,Non local,2,529.99,25157.74,0.05,53.0,2515.77
1684,602,2,4,3,823,6,2,6,5,20161210,20161211.0,20161209,34,2.0,1,Non local,2,1320.99,62705.2,0.07,184.94,8778.73
1685,603,1,4,1,1032,3,2,7,12,20161210,20161210.0,20161209,66,1.0,0,Non local,1,549.99,26107.11,0.07,38.5,1827.5
1686,603,2,4,9,1032,6,2,7,4,20161210,20161210.0,20161209,66,1.0,0,Non local,1,2899.99,137657.7,0.1,290.0,13765.77
1687,604,1,4,8,96,4,2,7,10,20161213,20161212.0,20161210,75,2.0,0,Non local,2,1549.0,73528.45,0.07,216.86,10293.98
1688,604,2,4,9,96,5,2,7,9,20161213,20161212.0,20161210,75,2.0,0,Non local,2,2999.99,142404.53,0.2,1200.0,56961.81
1689,605,1,4,4,1208,3,2,6,19,20161211,20161212.0,20161210,163,2.0,1,Non local,1,449.0,21313.28,0.07,31.43,1491.93
1690,605,2,4,1,1208,2,2,6,25,20161211,20161212.0,20161210,163,2.0,1,Non local,2,499.99,23733.69,0.05,50.0,2373.37
1691,605,3,4,1,1208,3,2,6,13,20161211,20161212.0,20161210,163,2.0,1,Non local,2,269.99,12815.98,0.2,108.0,5126.39
1692,605,4,4,8,1208,4,2,6,11,20161211,20161212.0,20161210,163,2.0,1,Non local,1,1680.99,79793.8,0.2,336.2,15958.76
1693,606,1,4,8,18,6,2,7,6,20161212,20161213.0,20161211,18,2.0,1,Non local,2,469.99,22309.64,0.2,188.0,8923.86
1694,606,2,4,4,18,3,2,7,18,20161212,20161213.0,20161211,18,2.0,1,Non local,2,449.0,21313.28,0.05,44.9,2131.33
1695,607,1,4,8,309,4,2,6,11,20161214,20161213.0,20161211,18,2.0,0,Non local,2,1680.99,79793.8,0.2,672.4,31917.52
1696,607,2,4,1,309,2,2,6,26,20161214,20161213.0,20161211,18,2.0,0,Non local,2,599.99,28480.53,0.2,240.0,11392.21
1697,607,3,4,1,309,3,2,6,14,20161214,20161213.0,20161211,18,2.0,0,Non local,1,269.99,12815.98,0.07,18.9,897.12
1698,608,1,4,9,1103,6,1,3,4,20161215,20161214.0,20161212,132,2.0,0,Non local,2,2899.99,137657.7,0.2,1160.0,55063.08
1699,608,2,4,9,1103,6,1,3,7,20161215,20161214.0,20161212,132,2.0,0,Non local,2,3999.99,189872.87,0.1,800.0,37974.57
1700,608,3,4,1,1103,2,1,3,24,20161215,20161214.0,20161212,132,2.0,0,Non local,1,549.99,26107.11,0.1,55.0,2610.71
1701,609,1,4,8,896,4,2,7,10,20161213,20161214.0,20161212,178,2.0,1,Non local,1,1549.0,73528.45,0.07,108.43,5146.99
1702,609,2,4,9,896,6,2,7,7,20161213,20161214.0,20161212,178,2.0,1,Non local,1,3999.99,189872.87,0.1,400.0,18987.29
1703,609,3,4,1,896,1,2,7,22,20161213,20161214.0,20161212,178,2.0,1,Non local,2,269.99,12815.98,0.1,54.0,2563.2
1704,609,4,4,3,896,6,2,7,5,20161213,20161214.0,20161212,178,2.0,1,Non local,1,1320.99,62705.2,0.1,132.1,6270.52
1705,610,1,4,1,711,2,2,6,26,20161215,20161214.0,20161213,98,1.0,0,Non local,1,599.99,28480.53,0.1,60.0,2848.05
1706,610,2,4,1,711,2,2,6,24,20161215,20161214.0,20161213,98,1.0,0,Non local,1,549.99,26107.11,0.07,38.5,1827.5
1707,610,3,4,4,711,3,2,6,18,20161215,20161214.0,20161213,98,1.0,0,Non local,2,449.0,21313.28,0.07,62.86,2983.86
1708,610,4,4,8,711,6,2,6,3,20161215,20161214.0,20161213,98,1.0,0,Non local,1,999.99,47467.86,0.07,70.0,3322.75
1709,610,5,4,9,711,6,2,6,8,20161215,20161214.0,20161213,98,1.0,0,Non local,1,1799.99,85442.53,0.1,180.0,8544.25
1710,611,1,4,1,1073,3,2,7,16,20161217,20161218.0,20161215,75,3.0,1,Non local,2,599.99,28480.53,0.07,84.0,3987.27
1711,612,1,4,1,634,3,2,7,13,20161217,20161217.0,20161216,163,1.0,0,Non local,1,269.99,12815.98,0.1,27.0,1281.6
1712,612,2,4,1,634,3,2,7,14,20161217,20161217.0,20161216,163,1.0,0,Non local,1,269.99,12815.98,0.1,27.0,1281.6
1713,612,3,4,4,634,3,2,7,17,20161217,20161217.0,20161216,163,1.0,0,Non local,1,429.0,20363.92,0.07,30.03,1425.47
1714,612,4,4,1,634,3,2,7,20,20161217,20161217.0,20161216,163,1.0,0,Non local,1,599.99,28480.53,0.2,120.0,5696.11
1715,613,1,4,9,1159,5,2,7,9,20161219,20161219.0,20161217,78,2.0,0,Non local,2,2999.99,142404.53,0.1,600.0,28480.91
1716,613,2,4,4,1159,3,2,7,18,20161219,20161219.0,20161217,78,2.0,0,Non local,2,449.0,21313.28,0.05,44.9,2131.33
1717,613,3,4,1,1159,3,2,7,12,20161219,20161219.0,20161217,78,2.0,0,Non local,1,549.99,26107.11,0.07,38.5,1827.5
1718,614,1,4,4,654,3,1,2,18,20161221,20161221.0,20161218,71,3.0,0,Non local,1,449.0,21313.28,0.1,44.9,2131.33
1719,614,2,4,1,654,1,1,2,21,20161221,20161221.0,20161218,71,3.0,0,Non local,1,269.99,12815.98,0.05,13.5,640.8
1720,615,1,4,8,560,4,3,9,11,20161222,20161221.0,20161219,14,2.0,0,Non local,1,1680.99,79793.8,0.07,117.67,5585.57
1721,615,2,4,1,560,1,3,9,23,20161222,20161221.0,20161219,14,2.0,0,Non local,1,299.99,14240.03,0.05,15.0,712.0
1722,615,3,4,8,560,6,3,9,6,20161222,20161221.0,20161219,14,2.0,0,Non local,2,469.99,22309.64,0.1,94.0,4461.93
1723,615,4,4,4,560,3,3,9,19,20161222,20161221.0,20161219,14,2.0,0,Non local,2,449.0,21313.28,0.1,89.8,4262.66
1724,616,1,4,1,1444,2,2,6,24,20161223,20161223.0,20161220,18,3.0,0,Non local,1,549.99,26107.11,0.2,110.0,5221.42
1725,616,2,4,1,1444,3,2,6,16,20161223,20161223.0,20161220,18,3.0,0,Non local,2,599.99,28480.53,0.2,240.0,11392.21
1726,617,1,4,1,118,3,2,7,15,20161223,20161223.0,20161221,86,2.0,0,Non local,2,529.99,25157.74,0.2,212.0,10063.1
1727,617,2,4,8,118,4,2,7,11,20161223,20161223.0,20161221,86,2.0,0,Non local,2,1680.99,79793.8,0.07,235.34,11171.13
1728,618,1,4,4,131,3,2,6,17,20161222,20161222.0,20161221,78,1.0,0,Non local,2,429.0,20363.92,0.1,85.8,4072.78
1729,618,2,4,8,131,4,2,6,11,20161222,20161222.0,20161221,78,1.0,0,Non local,1,1680.99,79793.8,0.07,117.67,5585.57
1730,619,1,4,1,454,2,2,7,25,20161225,20161225.0,20161222,103,3.0,0,Non local,1,499.99,23733.69,0.07,35.0,1661.36
1731,620,1,4,3,466,6,2,6,5,20161224,20161224.0,20161222,99,2.0,0,Non local,2,1320.99,62705.2,0.2,528.4,25082.08
1732,621,1,4,4,1157,3,2,6,17,20161225,20161224.0,20161223,7,1.0,0,Non local,2,429.0,20363.92,0.07,60.06,2850.95
1733,622,1,4,9,1398,5,2,7,9,20161226,20161225.0,20161223,142,2.0,0,Non local,2,2999.99,142404.53,0.07,420.0,19936.63
1734,622,2,4,4,1398,3,2,7,18,20161226,20161225.0,20161223,142,2.0,0,Non local,1,449.0,21313.28,0.1,44.9,2131.33
1735,622,3,4,8,1398,4,2,7,10,20161226,20161225.0,20161223,142,2.0,0,Non local,1,1549.0,73528.45,0.2,309.8,14705.69
1736,622,4,4,1,1398,2,2,7,25,20161226,20161225.0,20161223,142,2.0,0,Non local,1,499.99,23733.69,0.07,35.0,1661.36
1737,623,1,4,9,678,6,2,6,8,20161226,20161227.0,20161224,123,3.0,1,Non local,1,1799.99,85442.53,0.07,126.0,5980.98
1738,624,1,4,1,814,1,2,6,21,20161225,20161227.0,20161224,65,3.0,1,Non local,2,269.99,12815.98,0.05,27.0,1281.6
1739,624,2,4,1,814,3,2,6,16,20161225,20161227.0,20161224,65,3.0,1,Non local,1,599.99,28480.53,0.07,42.0,1993.64
1740,624,3,4,1,814,1,2,6,22,20161225,20161227.0,20161224,65,3.0,1,Non local,1,269.99,12815.98,0.07,18.9,897.12
1741,624,4,4,1,814,3,2,6,14,20161225,20161227.0,20161224,65,3.0,1,Non local,2,269.99,12815.98,0.2,108.0,5126.39
1742,625,1,4,4,1163,3,1,2,17,20161228,20161226.0,20161225,127,1.0,0,Non local,1,429.0,20363.92,0.07,30.03,1425.47
1743,625,2,4,8,1163,4,1,2,11,20161228,20161226.0,20161225,127,1.0,0,Non local,2,1680.99,79793.8,0.2,672.4,31917.52
1744,625,3,4,1,1163,2,1,2,26,20161228,20161226.0,20161225,127,1.0,0,Non local,1,599.99,28480.53,0.07,42.0,1993.64
1745,625,4,4,1,1163,1,1,2,23,20161228,20161226.0,20161225,127,1.0,0,Non local,2,299.99,14240.03,0.1,60.0,2848.01
1746,626,1,4,1,130,3,2,7,15,20161228,20161227.0,20161225,73,2.0,0,Non local,1,529.99,25157.74,0.2,106.0,5031.55
1747,627,1,4,4,1119,3,2,6,19,20161226,20161228.0,20161225,11,3.0,1,Non local,1,449.0,21313.28,0.07,31.43,1491.93
1748,627,2,4,9,1119,5,2,6,9,20161226,20161228.0,20161225,11,3.0,1,Non local,2,2999.99,142404.53,0.2,1200.0,56961.81
1749,627,3,4,1,1119,2,2,6,26,20161226,20161228.0,20161225,11,3.0,1,Non local,1,599.99,28480.53,0.07,42.0,1993.64
1750,628,1,4,1,561,3,1,3,15,20161229,20161227.0,20161226,43,1.0,0,Non local,2,529.99,25157.74,0.1,106.0,5031.55
1751,629,1,4,4,973,3,1,2,19,20161227,20161229.0,20161226,120,3.0,1,Non local,1,449.0,21313.28,0.05,22.45,1065.66
1752,629,2,4,3,973,6,1,2,5,20161227,20161229.0,20161226,120,3.0,1,Non local,2,1320.99,62705.2,0.05,132.1,6270.52
1753,629,3,4,1,973,1,1,2,23,20161227,20161229.0,20161226,120,3.0,1,Non local,2,299.99,14240.03,0.1,60.0,2848.01
1754,629,4,4,1,973,3,1,2,14,20161227,20161229.0,20161226,120,3.0,1,Non local,2,269.99,12815.98,0.05,27.0,1281.6
1755,629,5,4,8,973,6,1,2,6,20161227,20161229.0,20161226,120,3.0,1,Non local,2,469.99,22309.64,0.1,94.0,4461.93
1756,630,1,4,3,1404,6,2,6,5,20161227,20161228.0,20161226,49,2.0,1,Non local,1,1320.99,62705.2,0.05,66.05,3135.26
1757,630,2,4,1,1404,2,2,6,25,20161227,20161228.0,20161226,49,2.0,1,Non local,1,499.99,23733.69,0.1,50.0,2373.37
1758,630,3,4,4,1404,3,2,6,18,20161227,20161228.0,20161226,49,2.0,1,Non local,2,449.0,21313.28,0.1,89.8,4262.66
1759,630,4,4,1,1404,1,2,6,21,20161227,20161228.0,20161226,49,2.0,1,Non local,2,269.99,12815.98,0.07,37.8,1794.24
1760,631,1,4,1,855,2,1,3,24,20161229,20161229.0,20161227,69,2.0,0,Non local,2,549.99,26107.11,0.07,77.0,3655.0
1761,631,2,4,1,855,3,1,3,15,20161229,20161229.0,20161227,69,2.0,0,Non local,2,529.99,25157.74,0.07,74.2,3522.08
1762,632,1,4,1,163,2,2,7,25,20161229,20161229.0,20161227,55,2.0,0,Non local,1,499.99,23733.69,0.2,100.0,4746.74
1763,632,2,4,8,163,4,2,7,11,20161229,20161229.0,20161227,55,2.0,0,Non local,2,1680.99,79793.8,0.1,336.2,15958.76
1764,632,3,4,1,163,3,2,7,15,20161229,20161229.0,20161227,55,2.0,0,Non local,1,529.99,25157.74,0.07,37.1,1761.04
1765,632,4,4,8,163,6,2,7,6,20161229,20161229.0,20161227,55,2.0,0,Non local,1,469.99,22309.64,0.05,23.5,1115.48
1766,632,5,4,1,163,1,2,7,22,20161229,20161229.0,20161227,55,2.0,0,Non local,2,269.99,12815.98,0.1,54.0,2563.2
1767,633,1,4,1,1040,3,3,8,12,20161231,20161230.0,20161228,20,2.0,0,Non local,2,549.99,26107.11,0.05,55.0,2610.71
1768,633,2,4,1,1040,3,3,8,13,20161231,20161230.0,20161228,20,2.0,0,Non local,2,269.99,12815.98,0.2,108.0,5126.39
1769,633,3,4,3,1040,6,3,8,5,20161231,20161230.0,20161228,20,2.0,0,Non local,2,1320.99,62705.2,0.2,528.4,25082.08
1770,633,4,4,8,1040,4,3,8,10,20161231,20161230.0,20161228,20,2.0,0,Non local,2,1549.0,73528.45,0.2,619.6,29411.38
1771,634,1,4,9,27,6,2,6,4,20170101,20161230.0,20161229,26,1.0,0,Non local,2,2899.99,137657.7,0.05,290.0,13765.77
1772,634,2,4,1,27,3,2,6,12,20170101,20161230.0,20161229,26,1.0,0,Non local,1,549.99,26107.11,0.1,55.0,2610.71
1773,635,1,4,9,520,6,2,6,4,20170102,20161231.0,20161230,152,1.0,0,Non local,1,2899.99,137657.7,0.05,145.0,6882.88
1774,636,1,4,2,532,1,1,2,85,20170104,20170105.0,20170103,64,2.0,1,Non local,2,329.99,15664.08,0.2,132.0,6265.63
1775,637,1,4,9,512,5,2,6,9,20170105,20170105.0,20170103,121,2.0,0,Non local,1,2999.99,142404.53,0.1,300.0,14240.45
1776,637,2,4,7,512,2,2,6,106,20170105,20170105.0,20170103,121,2.0,0,Non local,2,449.99,21360.28,0.1,90.0,4272.06
1777,638,1,4,7,1302,2,2,7,103,20170105,20170106.0,20170104,21,2.0,1,Non local,1,551.99,26202.05,0.05,27.6,1310.1
1778,638,2,4,9,1302,7,2,7,56,20170105,20170106.0,20170104,21,2.0,1,Non local,1,5499.99,261075.37,0.2,1100.0,52215.07
1779,638,3,4,8,1302,7,2,7,53,20170105,20170106.0,20170104,21,2.0,1,Non local,2,749.99,35600.78,0.05,75.0,3560.08
1780,639,1,4,1,550,3,2,6,15,20170107,20170107.0,20170106,91,1.0,0,Non local,1,529.99,25157.74,0.07,37.1,1761.04
1781,639,2,4,7,550,3,2,6,73,20170107,20170107.0,20170106,91,1.0,0,Non local,1,749.99,35600.78,0.05,37.5,1780.04
1782,639,3,4,7,550,3,2,6,72,20170107,20170107.0,20170106,91,1.0,0,Non local,1,619.99,29429.89,0.05,31.0,1471.49
1783,639,4,4,9,550,5,2,6,61,20170107,20170107.0,20170106,91,1.0,0,Non local,2,4999.99,237341.2,0.1,1000.0,47468.24
1784,640,1,4,7,1093,2,2,6,106,20170108,20170107.0,20170106,130,1.0,0,Non local,2,449.99,21360.28,0.05,45.0,2136.03
1785,640,2,4,9,1093,6,2,6,32,20170108,20170107.0,20170106,130,1.0,0,Non local,1,469.99,22309.64,0.07,32.9,1561.67
1786,640,3,4,8,1093,6,2,6,30,20170108,20170107.0,20170106,130,1.0,0,Non local,1,999.99,47467.86,0.07,70.0,3322.75
1787,640,4,4,1,1093,3,2,6,76,20170108,20170107.0,20170106,130,1.0,0,Non local,2,299.99,14240.03,0.07,42.0,1993.6
1788,640,5,4,7,1093,2,2,6,109,20170108,20170107.0,20170106,130,1.0,0,Non local,2,416.99,19793.82,0.2,166.8,7917.53
1789,641,1,4,1,673,3,1,3,15,20170110,20170108.0,20170107,160,1.0,0,Non local,1,529.99,25157.74,0.05,26.5,1257.89
1790,641,2,4,9,673,4,1,3,62,20170110,20170108.0,20170107,160,1.0,0,Non local,1,3499.99,166138.7,0.2,700.0,33227.74
1791,641,3,4,1,673,3,1,3,64,20170110,20170108.0,20170107,160,1.0,0,Non local,1,489.99,23259.01,0.2,98.0,4651.8
1792,642,1,4,7,847,3,2,7,68,20170109,20170110.0,20170107,9,3.0,1,Non local,2,449.99,21360.28,0.07,63.0,2990.44
1793,643,1,4,8,901,7,1,3,53,20170109,20170111.0,20170108,180,3.0,1,Non local,1,749.99,35600.78,0.05,37.5,1780.04
1794,644,1,4,9,439,5,2,6,9,20170111,20170110.0,20170108,118,2.0,0,Non local,1,2999.99,142404.53,0.07,210.0,9968.32
1795,645,1,4,1,1199,1,2,6,99,20170111,20170110.0,20170108,60,2.0,0,Non local,1,299.99,14240.03,0.07,21.0,996.8
1796,645,2,4,9,1199,6,2,6,42,20170111,20170110.0,20170108,60,2.0,0,Non local,2,2299.99,109176.7,0.05,230.0,10917.67
1797,645,3,4,8,1199,6,2,6,6,20170111,20170110.0,20170108,60,2.0,0,Non local,1,469.99,22309.64,0.05,23.5,1115.48
1798,645,4,4,9,1199,6,2,6,47,20170111,20170110.0,20170108,60,2.0,0,Non local,2,5299.99,251581.7,0.07,742.0,35221.44
1799,645,5,4,1,1199,1,2,6,21,20170111,20170110.0,20170108,60,2.0,0,Non local,2,269.99,12815.98,0.07,37.8,1794.24
1800,646,1,4,1,975,3,1,2,15,20170112,20170111.0,20170109,182,2.0,0,Non local,2,529.99,25157.74,0.2,212.0,10063.1
1801,646,2,4,9,975,6,1,2,4,20170112,20170111.0,20170109,182,2.0,0,Non local,1,2899.99,137657.7,0.07,203.0,9636.04
1802,646,3,4,1,975,1,1,2,95,20170112,20170111.0,20170109,182,2.0,0,Non local,1,299.99,14240.03,0.05,15.0,712.0
1803,646,4,4,1,975,3,1,2,12,20170112,20170111.0,20170109,182,2.0,0,Non local,1,549.99,26107.11,0.2,110.0,5221.42
1804,647,1,4,1,283,2,2,7,25,20170110,20170111.0,20170109,144,2.0,1,Non local,2,499.99,23733.69,0.07,70.0,3322.72
1805,647,2,4,1,283,3,2,7,13,20170110,20170111.0,20170109,144,2.0,1,Non local,1,269.99,12815.98,0.1,27.0,1281.6
1806,648,1,4,1,684,2,2,6,24,20170111,20170111.0,20170109,134,2.0,0,Non local,1,549.99,26107.11,0.07,38.5,1827.5
1807,649,1,4,1,1153,1,1,3,97,20170111,20170113.0,20170110,51,3.0,1,Non local,2,349.99,16613.44,0.1,70.0,3322.69
1808,649,2,4,9,1153,1,1,3,90,20170111,20170113.0,20170110,51,3.0,1,Non local,1,209.99,9967.88,0.07,14.7,697.75
1809,649,3,4,8,1153,4,1,3,11,20170111,20170113.0,20170110,51,3.0,1,Non local,2,1680.99,79793.8,0.1,336.2,15958.76
1810,649,4,4,7,1153,3,1,3,78,20170111,20170113.0,20170110,51,3.0,1,Non local,1,647.99,30759.01,0.05,32.4,1537.95
1811,650,1,4,8,729,6,1,2,3,20170114,20170112.0,20170111,111,1.0,0,Non local,1,999.99,47467.86,0.2,200.0,9493.57
1812,651,1,4,7,190,3,2,7,79,20170113,20170113.0,20170111,25,2.0,0,Non local,1,402.99,19129.26,0.1,40.3,1912.93
1813,651,2,4,2,190,1,2,7,85,20170113,20170113.0,20170111,25,2.0,0,Non local,1,329.99,15664.08,0.05,16.5,783.2
1814,651,3,4,1,190,2,2,7,102,20170113,20170113.0,20170111,25,2.0,0,Non local,2,489.99,23259.01,0.05,49.0,2325.9
1815,651,4,4,2,190,1,2,7,94,20170113,20170113.0,20170111,25,2.0,0,Non local,2,249.99,11866.61,0.05,25.0,1186.66
1816,652,1,4,1,985,2,3,9,102,20170115,20170113.0,20170112,164,1.0,0,Non local,1,489.99,23259.01,0.1,49.0,2325.9
1817,652,2,4,9,985,4,3,9,62,20170115,20170113.0,20170112,164,1.0,0,Non local,2,3499.99,166138.7,0.2,1400.0,66455.48
1818,652,3,4,7,985,3,3,9,67,20170115,20170113.0,20170112,164,1.0,0,Non local,2,250.99,11914.08,0.2,100.4,4765.63
1819,652,4,4,1,985,1,3,9,23,20170115,20170113.0,20170112,164,1.0,0,Non local,1,299.99,14240.03,0.1,30.0,1424.0
1820,652,5,4,1,985,3,3,9,74,20170115,20170113.0,20170112,164,1.0,0,Non local,1,439.99,20885.59,0.05,22.0,1044.28
1821,653,1,4,8,1249,6,1,2,6,20170117,20170115.0,20170114,120,1.0,0,Non local,1,469.99,22309.64,0.07,32.9,1561.67
1822,653,2,4,9,1249,6,1,2,43,20170117,20170115.0,20170114,120,1.0,0,Non local,1,5299.99,251581.7,0.1,530.0,25158.17
1823,653,3,4,5,1249,6,1,2,2,20170117,20170115.0,20170114,120,1.0,0,Non local,2,749.99,35600.78,0.1,150.0,7120.16
1824,653,4,4,7,1249,3,1,2,80,20170117,20170115.0,20170114,120,1.0,0,Non local,1,761.99,36170.4,0.2,152.4,7234.08
1825,653,5,4,9,1249,1,1,2,88,20170117,20170115.0,20170114,120,1.0,0,Non local,2,189.99,9018.51,0.07,26.6,1262.59
1826,654,1,4,9,1129,5,2,7,9,20170115,20170117.0,20170114,106,3.0,1,Non local,1,2999.99,142404.53,0.1,300.0,14240.45
1827,654,2,4,1,1129,1,2,7,95,20170115,20170117.0,20170114,106,3.0,1,Non local,1,299.99,14240.03,0.1,30.0,1424.0
1828,654,3,4,7,1129,2,2,7,110,20170115,20170117.0,20170114,106,3.0,1,Non local,2,470.99,22357.11,0.07,65.94,3130.0
1829,654,4,4,1,1129,1,2,7,97,20170115,20170117.0,20170114,106,3.0,1,Non local,2,349.99,16613.44,0.07,49.0,2325.88
1830,655,1,4,7,347,3,1,3,67,20170117,20170118.0,20170116,29,2.0,1,Non local,1,250.99,11914.08,0.1,25.1,1191.41
1831,656,1,4,9,949,1,2,7,83,20170117,20170118.0,20170116,17,2.0,1,Non local,1,149.99,7119.78,0.1,15.0,711.98
1832,656,2,4,1,949,1,2,7,22,20170117,20170118.0,20170116,17,2.0,1,Non local,1,269.99,12815.98,0.07,18.9,897.12
1833,656,3,4,8,949,6,2,7,33,20170117,20170118.0,20170116,17,2.0,1,Non local,2,469.99,22309.64,0.05,47.0,2230.96
1834,657,1,4,8,349,7,1,2,52,20170119,20170120.0,20170117,64,3.0,1,Non local,1,875.99,41581.79,0.05,43.8,2079.09
1835,657,2,4,9,349,7,1,2,54,20170119,20170120.0,20170117,64,3.0,1,Non local,2,3199.99,151898.2,0.05,320.0,15189.82
1836,658,1,4,9,1051,7,2,7,49,20170118,20170118.0,20170117,66,1.0,0,Non local,2,3499.99,166138.7,0.2,1400.0,66455.48
1837,658,2,4,9,1051,6,2,7,29,20170118,20170118.0,20170117,66,1.0,0,Non local,1,999.99,47467.86,0.05,50.0,2373.39
1838,658,3,4,9,1051,5,2,7,9,20170118,20170118.0,20170117,66,1.0,0,Non local,1,2999.99,142404.53,0.05,150.0,7120.23
1839,659,1,4,9,1391,6,2,7,42,20170119,20170118.0,20170117,81,1.0,0,Non local,2,2299.99,109176.7,0.05,230.0,10917.67
1840,659,2,4,9,1391,6,2,7,39,20170119,20170118.0,20170117,81,1.0,0,Non local,2,1499.99,71202.03,0.07,210.0,9968.28
1841,659,3,4,1,1391,3,2,7,70,20170119,20170118.0,20170117,81,1.0,0,Non local,1,659.99,31328.63,0.05,33.0,1566.43
1842,659,4,4,9,1391,5,2,7,61,20170119,20170118.0,20170117,81,1.0,0,Non local,2,4999.99,237341.2,0.07,700.0,33227.77
1843,660,1,4,8,383,6,2,7,30,20170119,20170119.0,20170118,123,1.0,0,Non local,1,999.99,47467.86,0.2,200.0,9493.57
1844,660,2,4,9,383,7,2,7,59,20170119,20170119.0,20170118,123,1.0,0,Non local,2,2599.99,123417.2,0.07,364.0,17278.41
1845,660,3,4,9,383,6,2,7,47,20170119,20170119.0,20170118,123,1.0,0,Non local,2,5299.99,251581.7,0.05,530.0,25158.17
1846,660,4,4,9,383,6,2,7,29,20170119,20170119.0,20170118,123,1.0,0,Non local,2,999.99,47467.86,0.2,400.0,18987.14
1847,661,1,4,9,626,4,2,6,63,20170119,20170120.0,20170118,150,2.0,1,Non local,2,3499.99,166138.7,0.07,490.0,23259.42
1848,661,2,4,1,626,1,2,6,22,20170119,20170120.0,20170118,150,2.0,1,Non local,2,269.99,12815.98,0.05,27.0,1281.6
1849,662,1,4,9,1125,7,1,3,55,20170120,20170120.0,20170119,137,1.0,0,Non local,2,2699.99,128164.03,0.1,540.0,25632.81
1850,662,2,4,1,1125,1,1,3,95,20170120,20170120.0,20170119,137,1.0,0,Non local,2,299.99,14240.03,0.2,120.0,5696.01
1851,662,3,4,1,1125,2,1,3,102,20170120,20170120.0,20170119,137,1.0,0,Non local,2,489.99,23259.01,0.07,68.6,3256.26
1852,662,4,4,1,1125,1,1,3,22,20170120,20170120.0,20170119,137,1.0,0,Non local,1,269.99,12815.98,0.07,18.9,897.12
1853,662,5,4,7,1125,2,1,3,106,20170120,20170120.0,20170119,137,1.0,0,Non local,2,449.99,21360.28,0.07,63.0,2990.44
1854,663,1,4,2,344,6,1,3,41,20170122,20170123.0,20170120,147,3.0,1,Non local,2,1469.99,69777.98,0.05,147.0,6977.8
1855,663,2,4,4,344,3,1,3,17,20170122,20170123.0,20170120,147,3.0,1,Non local,2,429.0,20363.92,0.2,171.6,8145.57
1856,663,3,4,2,344,1,1,3,94,20170122,20170123.0,20170120,147,3.0,1,Non local,1,249.99,11866.61,0.05,12.5,593.33
1857,663,4,4,7,344,3,1,3,71,20170122,20170123.0,20170120,147,3.0,1,Non local,1,416.99,19793.82,0.07,29.19,1385.57
1858,663,5,4,7,344,2,1,3,106,20170122,20170123.0,20170120,147,3.0,1,Non local,1,449.99,21360.28,0.2,90.0,4272.06
1859,664,1,4,8,681,7,2,7,52,20170123,20170122.0,20170120,129,2.0,0,Non local,2,875.99,41581.79,0.07,122.64,5821.45
1860,664,2,4,3,681,6,2,7,5,20170123,20170122.0,20170120,129,2.0,0,Non local,1,1320.99,62705.2,0.07,92.47,4389.36
1861,664,3,4,9,681,7,2,7,50,20170123,20170122.0,20170120,129,2.0,0,Non local,1,5999.99,284809.54,0.2,1200.0,56961.91
1862,664,4,4,1,681,1,2,7,101,20170123,20170122.0,20170120,129,2.0,0,Non local,2,339.99,16138.76,0.2,136.0,6455.5
1863,664,5,4,9,681,6,2,7,47,20170123,20170122.0,20170120,129,2.0,0,Non local,1,5299.99,251581.7,0.07,371.0,17610.72
1864,665,1,4,9,29,7,2,6,58,20170122,20170123.0,20170121,24,2.0,1,Non local,1,4999.99,237341.2,0.07,350.0,16613.88
1865,665,2,4,9,29,6,2,6,42,20170122,20170123.0,20170121,24,2.0,1,Non local,2,2299.99,109176.7,0.2,920.0,43670.68
1866,665,3,4,1,29,2,2,6,25,20170122,20170123.0,20170121,24,2.0,1,Non local,2,499.99,23733.69,0.05,50.0,2373.37
1867,666,1,4,1,770,1,2,7,98,20170122,20170124.0,20170121,103,3.0,1,Non local,2,489.99,23259.01,0.2,196.0,9303.6
1868,666,2,4,9,770,6,2,7,39,20170122,20170124.0,20170121,103,3.0,1,Non local,1,1499.99,71202.03,0.05,75.0,3560.1
1869,667,1,4,7,858,3,2,7,79,20170124,20170125.0,20170122,55,3.0,1,Non local,1,402.99,19129.26,0.2,80.6,3825.85
1870,667,2,4,7,858,1,2,7,84,20170124,20170125.0,20170122,55,3.0,1,Non local,1,109.99,5221.04,0.1,11.0,522.1
1871,667,3,4,8,858,6,2,7,3,20170124,20170125.0,20170122,55,3.0,1,Non local,1,999.99,47467.86,0.2,200.0,9493.57
1872,667,4,4,1,858,1,2,7,99,20170124,20170125.0,20170122,55,3.0,1,Non local,1,299.99,14240.03,0.1,30.0,1424.0
1873,667,5,4,2,858,1,2,7,85,20170124,20170125.0,20170122,55,3.0,1,Non local,1,329.99,15664.08,0.05,16.5,783.2
1874,668,1,4,9,297,7,3,8,48,20170123,20170124.0,20170122,102,2.0,1,Non local,2,1499.99,71202.03,0.05,150.0,7120.2
1875,668,2,4,4,297,3,3,8,19,20170123,20170124.0,20170122,102,2.0,1,Non local,2,449.0,21313.28,0.1,89.8,4262.66
1876,669,1,4,1,745,3,2,7,16,20170124,20170126.0,20170123,81,3.0,1,Non local,2,599.99,28480.53,0.07,84.0,3987.27
1877,669,2,4,7,745,3,2,7,72,20170124,20170126.0,20170123,81,3.0,1,Non local,1,619.99,29429.89,0.07,43.4,2060.09
1878,670,1,4,7,361,2,2,6,108,20170125,20170125.0,20170124,155,1.0,0,Non local,1,449.99,21360.28,0.1,45.0,2136.03
1879,670,2,4,8,361,6,2,6,28,20170125,20170125.0,20170124,155,1.0,0,Non local,1,2499.99,118670.36,0.07,175.0,8306.93
1880,670,3,4,7,361,2,2,6,104,20170125,20170125.0,20170124,155,1.0,0,Non local,2,481.99,22879.26,0.2,192.8,9151.71
1881,670,4,4,2,361,6,2,6,45,20170125,20170125.0,20170124,155,1.0,0,Non local,2,869.99,41296.98,0.05,87.0,4129.7
1882,671,1,4,8,922,6,2,7,30,20170128,20170126.0,20170125,94,1.0,0,Non local,1,999.99,47467.86,0.05,50.0,2373.39
1883,671,2,4,7,922,3,2,7,69,20170128,20170126.0,20170125,94,1.0,0,Non local,1,416.99,19793.82,0.05,20.85,989.69
1884,671,3,4,9,922,7,2,7,55,20170128,20170126.0,20170125,94,1.0,0,Non local,1,2699.99,128164.03,0.2,540.0,25632.81
1885,671,4,4,9,922,6,2,7,4,20170128,20170126.0,20170125,94,1.0,0,Non local,1,2899.99,137657.7,0.07,203.0,9636.04
1886,671,5,4,7,922,2,2,7,109,20170128,20170126.0,20170125,94,1.0,0,Non local,2,416.99,19793.82,0.07,58.38,2771.13
1887,672,1,4,9,908,7,2,6,51,20170129,20170129.0,20170126,91,3.0,0,Non local,2,6499.99,308543.7,0.07,910.0,43196.12
1888,672,2,4,1,908,1,2,6,96,20170129,20170129.0,20170126,91,3.0,0,Non local,2,349.99,16613.44,0.2,140.0,6645.38
1889,672,3,4,9,908,7,2,6,48,20170129,20170129.0,20170126,91,3.0,0,Non local,2,1499.99,71202.03,0.07,210.0,9968.28
1890,673,1,4,7,64,3,3,9,66,20170128,20170127.0,20170126,54,1.0,0,Non local,1,250.99,11914.08,0.2,50.2,2382.82
1891,673,2,4,2,64,6,3,9,38,20170128,20170127.0,20170126,54,1.0,0,Non local,1,549.99,26107.11,0.2,110.0,5221.42
1892,673,3,4,3,64,6,3,9,5,20170128,20170127.0,20170126,54,1.0,0,Non local,1,1320.99,62705.2,0.07,92.47,4389.36
1893,673,4,4,1,64,3,3,9,13,20170128,20170127.0,20170126,54,1.0,0,Non local,1,269.99,12815.98,0.1,27.0,1281.6
1894,674,1,4,1,733,2,2,6,26,20170128,20170129.0,20170127,100,2.0,1,Non local,2,599.99,28480.53,0.2,240.0,11392.21
1895,675,1,4,4,291,3,2,7,17,20170131,20170130.0,20170128,26,2.0,0,Non local,1,429.0,20363.92,0.05,21.45,1018.2
1896,675,2,4,9,291,1,2,7,89,20170131,20170130.0,20170128,26,2.0,0,Non local,2,209.99,9967.88,0.05,21.0,996.79
1897,675,3,4,4,291,3,2,7,19,20170131,20170130.0,20170128,26,2.0,0,Non local,1,449.0,21313.28,0.07,31.43,1491.93
1898,675,4,4,9,291,6,2,7,32,20170131,20170130.0,20170128,26,2.0,0,Non local,1,469.99,22309.64,0.2,94.0,4461.93
1899,676,1,4,1,790,3,2,7,70,20170130,20170131.0,20170128,88,3.0,1,Non local,1,659.99,31328.63,0.2,132.0,6265.73
1900,676,2,4,7,790,2,2,7,104,20170130,20170131.0,20170128,88,3.0,1,Non local,2,481.99,22879.26,0.07,67.48,3203.1
1901,676,3,4,1,790,2,2,7,24,20170130,20170131.0,20170128,88,3.0,1,Non local,1,549.99,26107.11,0.1,55.0,2610.71
1902,676,4,4,9,790,6,2,7,29,20170130,20170131.0,20170128,88,3.0,1,Non local,1,999.99,47467.86,0.2,200.0,9493.57
1903,677,1,4,1,809,3,2,7,75,20170131,20170130.0,20170128,139,2.0,0,Non local,1,599.99,28480.53,0.07,42.0,1993.64
1904,677,2,4,9,809,6,2,7,7,20170131,20170130.0,20170128,139,2.0,0,Non local,2,3999.99,189872.87,0.07,560.0,26582.2
1905,677,3,4,7,809,2,2,7,105,20170131,20170130.0,20170128,139,2.0,0,Non local,2,533.99,25347.62,0.07,74.76,3548.67
1906,677,4,4,9,809,1,2,7,91,20170131,20170130.0,20170128,139,2.0,0,Non local,2,349.99,16613.44,0.05,35.0,1661.34
1907,677,5,4,9,809,7,2,7,54,20170131,20170130.0,20170128,139,2.0,0,Non local,2,3199.99,151898.2,0.1,640.0,30379.64
1908,678,1,4,8,250,7,3,9,52,20170129,20170131.0,20170128,135,3.0,1,Non local,2,875.99,41581.79,0.05,87.6,4158.18
1909,678,2,4,2,250,6,3,9,37,20170129,20170131.0,20170128,135,3.0,1,Non local,2,379.99,18037.49,0.07,53.2,2525.25
1910,679,1,4,1,81,3,1,3,15,20170130,20170130.0,20170129,43,1.0,0,Non local,2,529.99,25157.74,0.2,212.0,10063.1
1911,679,2,4,9,81,1,1,3,83,20170130,20170130.0,20170129,43,1.0,0,Non local,2,149.99,7119.78,0.05,15.0,711.98
1912,680,1,4,1,245,3,1,3,81,20170201,20170130.0,20170129,31,1.0,0,Non local,2,1099.99,52214.69,0.05,110.0,5221.47
1913,680,2,4,9,245,6,1,3,7,20170201,20170130.0,20170129,31,1.0,0,Non local,1,3999.99,189872.87,0.2,800.0,37974.57
1914,680,3,4,9,245,7,1,3,50,20170201,20170130.0,20170129,31,1.0,0,Non local,1,5999.99,284809.54,0.07,420.0,19936.67
1915,681,1,4,1,499,3,2,7,82,20170201,20170131.0,20170129,32,2.0,0,Non local,1,659.99,31328.63,0.05,33.0,1566.43
1916,681,2,4,9,499,4,2,7,63,20170201,20170131.0,20170129,32,2.0,0,Non local,1,3499.99,166138.7,0.07,245.0,11629.71
1917,681,3,4,9,499,5,2,7,61,20170201,20170131.0,20170129,32,2.0,0,Non local,1,4999.99,237341.2,0.2,1000.0,47468.24
1918,681,4,4,8,499,6,2,7,6,20170201,20170131.0,20170129,32,2.0,0,Non local,2,469.99,22309.64,0.05,47.0,2230.96
1919,681,5,4,8,499,6,2,7,30,20170201,20170131.0,20170129,32,2.0,0,Non local,1,999.99,47467.86,0.07,70.0,3322.75
1920,682,1,4,9,614,6,2,6,39,20170130,20170130.0,20170129,167,1.0,0,Non local,1,1499.99,71202.03,0.2,300.0,14240.41
1921,682,2,4,7,614,5,2,6,60,20170130,20170130.0,20170129,167,1.0,0,Non local,2,1559.99,74050.13,0.2,624.0,29620.05
1922,682,3,4,1,614,1,2,6,99,20170130,20170130.0,20170129,167,1.0,0,Non local,1,299.99,14240.03,0.2,60.0,2848.01
1923,683,1,4,5,741,6,2,6,2,20170131,20170201.0,20170129,96,3.0,1,Non local,2,749.99,35600.78,0.1,150.0,7120.16
1924,684,1,4,9,762,7,2,6,56,20170201,20170202.0,20170131,49,2.0,1,Non local,1,5499.99,261075.37,0.07,385.0,18275.28
1925,684,2,4,8,762,6,2,6,33,20170201,20170202.0,20170131,49,2.0,1,Non local,1,469.99,22309.64,0.1,47.0,2230.96
1926,685,1,4,9,976,7,2,7,59,20170203,20170202.0,20170131,99,2.0,0,Non local,1,2599.99,123417.2,0.05,130.0,6170.86
1927,685,2,4,9,976,7,2,7,48,20170203,20170202.0,20170131,99,2.0,0,Non local,2,1499.99,71202.03,0.05,150.0,7120.2
1928,685,3,4,7,976,2,2,7,107,20170203,20170202.0,20170131,99,2.0,0,Non local,1,416.99,19793.82,0.05,20.85,989.69
1929,685,4,4,1,976,1,2,7,98,20170203,20170202.0,20170131,99,2.0,0,Non local,2,489.99,23259.01,0.2,196.0,9303.6
1930,685,5,4,9,976,7,2,7,56,20170203,20170202.0,20170131,99,2.0,0,Non local,2,5499.99,261075.37,0.05,550.0,26107.54
1931,686,1,4,1,380,3,2,7,16,20170203,20170204.0,20170201,121,3.0,1,Non local,1,599.99,28480.53,0.2,120.0,5696.11
1932,686,2,4,8,380,6,2,7,30,20170203,20170204.0,20170201,121,3.0,1,Non local,1,999.99,47467.86,0.1,100.0,4746.79
1933,686,3,4,9,380,1,2,7,88,20170203,20170204.0,20170201,121,3.0,1,Non local,2,189.99,9018.51,0.2,76.0,3607.4
1934,686,4,4,4,380,3,2,7,19,20170203,20170204.0,20170201,121,3.0,1,Non local,2,449.0,21313.28,0.2,179.6,8525.31
1935,686,5,4,7,380,2,2,7,104,20170203,20170204.0,20170201,121,3.0,1,Non local,1,481.99,22879.26,0.2,96.4,4575.85
1936,687,1,4,9,530,7,1,3,48,20170205,20170204.0,20170202,68,2.0,0,Non local,2,1499.99,71202.03,0.05,150.0,7120.2
1937,687,2,4,1,530,1,1,3,95,20170205,20170204.0,20170202,68,2.0,0,Non local,1,299.99,14240.03,0.07,21.0,996.8
1938,687,3,4,3,530,6,1,3,5,20170205,20170204.0,20170202,68,2.0,0,Non local,2,1320.99,62705.2,0.2,528.4,25082.08
1939,687,4,4,9,530,1,1,3,83,20170205,20170204.0,20170202,68,2.0,0,Non local,1,149.99,7119.78,0.07,10.5,498.38
1940,688,1,4,9,343,6,2,7,8,20170203,20170205.0,20170202,77,3.0,1,Non local,1,1799.99,85442.53,0.1,180.0,8544.25
1941,688,2,4,9,343,1,2,7,88,20170203,20170205.0,20170202,77,3.0,1,Non local,1,189.99,9018.51,0.05,9.5,450.93
1942,689,1,4,8,884,6,2,7,33,20170203,20170205.0,20170202,67,3.0,1,Non local,2,469.99,22309.64,0.1,94.0,4461.93
1943,690,1,4,7,1097,1,1,2,84,20170204,20170206.0,20170203,133,3.0,1,Non local,1,109.99,5221.04,0.2,22.0,1044.21
1944,690,2,4,8,1097,4,1,2,11,20170204,20170206.0,20170203,133,3.0,1,Non local,2,1680.99,79793.8,0.07,235.34,11171.13
1945,690,3,4,2,1097,1,1,2,85,20170204,20170206.0,20170203,133,3.0,1,Non local,1,329.99,15664.08,0.05,16.5,783.2
1946,690,4,4,7,1097,2,1,2,109,20170204,20170206.0,20170203,133,3.0,1,Non local,2,416.99,19793.82,0.2,166.8,7917.53
1947,691,1,4,1,1081,1,2,7,23,20170206,20170206.0,20170204,165,2.0,0,Non local,2,299.99,14240.03,0.05,30.0,1424.0
1948,691,2,4,3,1081,6,2,7,5,20170206,20170206.0,20170204,165,2.0,0,Non local,2,1320.99,62705.2,0.1,264.2,12541.04
1949,691,3,4,9,1081,7,2,7,55,20170206,20170206.0,20170204,165,2.0,0,Non local,2,2699.99,128164.03,0.2,1080.0,51265.61
1950,691,4,4,1,1081,3,2,7,20,20170206,20170206.0,20170204,165,2.0,0,Non local,1,599.99,28480.53,0.2,120.0,5696.11
1951,692,1,3,9,2,7,1,3,59,20170205,,20170205,2,,0,Non local,1,2599.99,123417.2,0.2,520.0,24683.44
1952,692,2,3,1,2,3,1,3,75,20170205,,20170205,2,,0,Non local,1,599.99,28480.53,0.07,42.0,1993.64
1953,692,3,3,1,2,3,1,3,15,20170205,,20170205,2,,0,Non local,2,529.99,25157.74,0.07,74.2,3522.08
1954,692,4,3,9,2,7,1,3,56,20170205,,20170205,2,,0,Non local,2,5499.99,261075.37,0.1,1100.0,52215.07
1955,693,1,4,7,1233,2,1,3,104,20170207,20170206.0,20170205,168,1.0,0,Non local,2,481.99,22879.26,0.2,192.8,9151.71
1956,693,2,4,1,1233,3,1,3,13,20170207,20170206.0,20170205,168,1.0,0,Non local,1,269.99,12815.98,0.2,54.0,2563.2
1957,693,3,4,3,1233,6,1,3,5,20170207,20170206.0,20170205,168,1.0,0,Non local,2,1320.99,62705.2,0.05,132.1,6270.52
1958,693,4,4,8,1233,6,1,3,31,20170207,20170206.0,20170205,168,1.0,0,Non local,1,1632.99,77515.32,0.07,114.31,5426.07
1959,694,1,4,9,58,7,2,7,48,20170206,20170208.0,20170205,49,3.0,1,Non local,1,1499.99,71202.03,0.2,300.0,14240.41
1960,694,2,4,9,58,6,2,7,39,20170206,20170208.0,20170205,49,3.0,1,Non local,1,1499.99,71202.03,0.05,75.0,3560.1
1961,694,3,4,9,58,7,2,7,55,20170206,20170208.0,20170205,49,3.0,1,Non local,2,2699.99,128164.03,0.1,540.0,25632.81
1962,694,4,4,7,58,2,2,7,103,20170206,20170208.0,20170205,49,3.0,1,Non local,2,551.99,26202.05,0.2,220.8,10480.82
1963,694,5,4,2,58,6,2,7,45,20170206,20170208.0,20170205,49,3.0,1,Non local,2,869.99,41296.98,0.1,174.0,8259.4
1964,695,1,4,1,606,3,2,7,82,20170208,20170207.0,20170205,158,2.0,0,Non local,2,659.99,31328.63,0.1,132.0,6265.73
1965,695,2,4,9,606,7,2,7,57,20170208,20170207.0,20170205,158,2.0,0,Non local,2,1999.99,94936.2,0.2,800.0,37974.48
1966,696,1,4,9,1242,1,2,7,88,20170208,20170208.0,20170205,70,3.0,0,Non local,2,189.99,9018.51,0.07,26.6,1262.59
1967,696,2,4,9,1242,6,2,7,7,20170208,20170208.0,20170205,70,3.0,0,Non local,1,3999.99,189872.87,0.1,400.0,18987.29
1968,696,3,4,2,1242,6,2,7,45,20170208,20170208.0,20170205,70,3.0,0,Non local,1,869.99,41296.98,0.07,60.9,2890.79
1969,697,1,4,3,562,6,1,2,5,20170208,20170209.0,20170206,69,3.0,1,Non local,2,1320.99,62705.2,0.05,132.1,6270.52
1970,698,1,4,1,543,1,3,8,96,20170208,20170209.0,20170206,102,3.0,1,Non local,1,349.99,16613.44,0.07,24.5,1162.94
1971,698,2,4,1,543,3,3,8,12,20170208,20170209.0,20170206,102,3.0,1,Non local,1,549.99,26107.11,0.07,38.5,1827.5
1972,698,3,4,9,543,6,3,8,40,20170208,20170209.0,20170206,102,3.0,1,Non local,2,4999.99,237341.2,0.05,500.0,23734.12
1973,699,1,4,7,958,2,3,9,106,20170208,20170209.0,20170206,85,3.0,1,Non local,2,449.99,21360.28,0.1,90.0,4272.06
1974,699,2,4,9,958,7,3,9,48,20170208,20170209.0,20170206,85,3.0,1,Non local,1,1499.99,71202.03,0.07,105.0,4984.14
1975,699,3,4,8,958,6,3,9,31,20170208,20170209.0,20170206,85,3.0,1,Non local,1,1632.99,77515.32,0.2,326.6,15503.06
1976,699,4,4,1,958,2,3,9,24,20170208,20170209.0,20170206,85,3.0,1,Non local,2,549.99,26107.11,0.1,110.0,5221.42
1977,699,5,4,1,958,3,3,9,82,20170208,20170209.0,20170206,85,3.0,1,Non local,2,659.99,31328.63,0.2,264.0,12531.45
1978,700,1,4,9,4,6,2,6,7,20170210,20170208.0,20170207,4,1.0,0,Non local,2,3999.99,189872.87,0.05,400.0,18987.29
1979,700,2,4,9,4,4,2,6,63,20170210,20170208.0,20170207,4,1.0,0,Non local,1,3499.99,166138.7,0.2,700.0,33227.74
1980,701,1,4,7,850,1,3,9,84,20170208,20170209.0,20170207,57,2.0,1,local,1,109.99,5221.04,0.05,5.5,261.05
1981,702,1,4,1,1352,2,1,3,25,20170209,20170211.0,20170208,69,3.0,1,Non local,2,499.99,23733.69,0.05,50.0,2373.37
1982,702,2,4,7,1352,2,1,3,104,20170209,20170211.0,20170208,69,3.0,1,Non local,1,481.99,22879.26,0.1,48.2,2287.93
1983,702,3,4,8,1352,6,1,3,3,20170209,20170211.0,20170208,69,3.0,1,Non local,2,999.99,47467.86,0.07,140.0,6645.5
1984,703,1,4,2,417,6,2,7,45,20170209,20170209.0,20170208,66,1.0,0,Non local,2,869.99,41296.98,0.2,348.0,16518.79
1985,703,2,4,7,417,3,2,7,66,20170209,20170209.0,20170208,66,1.0,0,Non local,2,250.99,11914.08,0.05,25.1,1191.41
1986,703,3,4,7,417,3,2,7,72,20170209,20170209.0,20170208,66,1.0,0,Non local,1,619.99,29429.89,0.2,124.0,5885.98
1987,703,4,4,9,417,6,2,7,4,20170209,20170209.0,20170208,66,1.0,0,Non local,2,2899.99,137657.7,0.2,1160.0,55063.08
1988,704,1,4,8,1137,4,2,6,10,20170209,20170211.0,20170208,9,3.0,1,Non local,2,1549.0,73528.45,0.05,154.9,7352.85
1989,704,2,4,9,1137,4,2,6,62,20170209,20170211.0,20170208,9,3.0,1,Non local,1,3499.99,166138.7,0.2,700.0,33227.74
1990,704,3,4,1,1137,1,2,6,100,20170209,20170211.0,20170208,9,3.0,1,Non local,2,489.99,23259.01,0.07,68.6,3256.26
1991,705,1,4,9,1196,5,2,7,61,20170211,20170211.0,20170208,126,3.0,0,Non local,1,4999.99,237341.2,0.1,500.0,23734.12
1992,706,1,4,8,1271,6,1,2,27,20170212,20170210.0,20170209,154,1.0,0,Non local,1,999.99,47467.86,0.1,100.0,4746.79
1993,706,2,4,1,1271,1,1,2,23,20170212,20170210.0,20170209,154,1.0,0,Non local,2,299.99,14240.03,0.05,30.0,1424.0
1994,706,3,4,7,1271,5,1,2,60,20170212,20170210.0,20170209,154,1.0,0,Non local,1,1559.99,74050.13,0.2,312.0,14810.03
1995,707,1,4,7,79,2,2,7,106,20170211,20170211.0,20170209,63,2.0,0,local,2,449.99,21360.28,0.05,45.0,2136.03
1996,707,2,4,1,79,1,2,7,100,20170211,20170211.0,20170209,63,2.0,0,local,1,489.99,23259.01,0.07,34.3,1628.13
1997,707,3,4,8,79,4,2,7,11,20170211,20170211.0,20170209,63,2.0,0,local,2,1680.99,79793.8,0.1,336.2,15958.76
1998,707,4,4,1,79,2,2,7,26,20170211,20170211.0,20170209,63,2.0,0,local,2,599.99,28480.53,0.1,120.0,5696.11
1999,708,1,4,8,660,6,1,2,6,20170212,20170211.0,20170210,120,1.0,0,Non local,1,469.99,22309.64,0.07,32.9,1561.67
2000,708,2,4,9,660,6,1,2,47,20170212,20170211.0,20170210,120,1.0,0,Non local,1,5299.99,251581.7,0.1,530.0,25158.17
2001,708,3,4,9,660,6,1,2,34,20170212,20170211.0,20170210,120,1.0,0,Non local,2,469.99,22309.64,0.2,188.0,8923.86
2002,709,1,4,9,1162,7,2,6,55,20170213,20170212.0,20170211,156,1.0,0,Non local,2,2699.99,128164.03,0.05,270.0,12816.4
2003,709,2,4,1,1162,1,2,6,101,20170213,20170212.0,20170211,156,1.0,0,Non local,2,339.99,16138.76,0.07,47.6,2259.43
2004,709,3,4,9,1162,7,2,6,48,20170213,20170212.0,20170211,156,1.0,0,Non local,1,1499.99,71202.03,0.07,105.0,4984.14
2005,710,1,4,9,295,6,2,6,42,20170215,20170216.0,20170213,107,3.0,1,Non local,1,2299.99,109176.7,0.05,115.0,5458.83
2006,710,2,4,7,295,5,2,6,60,20170215,20170216.0,20170213,107,3.0,1,Non local,2,1559.99,74050.13,0.2,624.0,29620.05
2007,710,3,4,9,295,6,2,6,39,20170215,20170216.0,20170213,107,3.0,1,Non local,2,1499.99,71202.03,0.2,600.0,28480.81
2008,710,4,4,9,295,7,2,6,57,20170215,20170216.0,20170213,107,3.0,1,Non local,1,1999.99,94936.2,0.2,400.0,18987.24
2009,710,5,4,8,295,6,2,6,28,20170215,20170216.0,20170213,107,3.0,1,Non local,1,2499.99,118670.36,0.05,125.0,5933.52
2010,711,1,4,3,1246,6,2,6,5,20170216,20170214.0,20170213,140,1.0,0,Non local,2,1320.99,62705.2,0.05,132.1,6270.52
2011,711,2,4,1,1246,1,2,6,95,20170216,20170214.0,20170213,140,1.0,0,Non local,2,299.99,14240.03,0.2,120.0,5696.01
2012,711,3,4,7,1246,3,2,6,72,20170216,20170214.0,20170213,140,1.0,0,Non local,2,619.99,29429.89,0.05,62.0,2942.99
2013,712,1,4,2,173,6,3,9,44,20170214,20170216.0,20170213,56,3.0,1,Non local,2,539.99,25632.43,0.2,216.0,10252.97
2014,712,2,4,1,173,3,3,9,74,20170214,20170216.0,20170213,56,3.0,1,Non local,2,439.99,20885.59,0.1,88.0,4177.12
2015,712,3,4,7,173,6,3,9,35,20170214,20170216.0,20170213,56,3.0,1,Non local,1,832.99,39540.65,0.2,166.6,7908.13
2016,712,4,4,1,173,3,3,9,76,20170214,20170216.0,20170213,56,3.0,1,Non local,1,299.99,14240.03,0.2,60.0,2848.01
2017,712,5,4,9,173,6,3,9,4,20170214,20170216.0,20170213,56,3.0,1,Non local,2,2899.99,137657.7,0.05,290.0,13765.77
2018,713,1,4,2,207,1,3,8,93,20170214,20170215.0,20170213,14,2.0,1,Non local,2,209.99,9967.88,0.2,84.0,3987.15
2019,713,2,4,1,207,1,3,8,97,20170214,20170215.0,20170213,14,2.0,1,Non local,2,349.99,16613.44,0.1,70.0,3322.69
2020,713,3,4,8,207,7,3,8,53,20170214,20170215.0,20170213,14,2.0,1,Non local,1,749.99,35600.78,0.07,52.5,2492.05
2021,713,4,4,7,207,2,3,8,108,20170214,20170215.0,20170213,14,2.0,1,Non local,2,449.99,21360.28,0.07,63.0,2990.44
2022,714,1,4,2,805,1,2,7,92,20170217,20170215.0,20170214,186,1.0,0,Non local,2,209.99,9967.88,0.2,84.0,3987.15
2023,715,1,3,9,12,5,2,6,61,20170215,,20170215,12,,0,Non local,2,4999.99,237341.2,0.1,1000.0,47468.24
2024,715,2,3,9,12,7,2,6,50,20170215,,20170215,12,,0,Non local,1,5999.99,284809.54,0.2,1200.0,56961.91
2025,716,1,4,7,672,2,2,6,111,20170217,20170218.0,20170215,165,3.0,1,Non local,2,470.99,22357.11,0.1,94.2,4471.42
2026,716,2,4,2,672,1,2,6,93,20170217,20170218.0,20170215,165,3.0,1,Non local,2,209.99,9967.88,0.07,29.4,1395.5
2027,716,3,4,7,672,3,2,6,79,20170217,20170218.0,20170215,165,3.0,1,Non local,1,402.99,19129.26,0.1,40.3,1912.93
2028,716,4,4,9,672,6,2,6,4,20170217,20170218.0,20170215,165,3.0,1,Non local,2,2899.99,137657.7,0.05,290.0,13765.77
2029,717,1,4,9,1312,7,2,6,56,20170218,20170217.0,20170215,143,2.0,0,Non local,2,5499.99,261075.37,0.05,550.0,26107.54
2030,717,2,4,2,1312,1,2,6,93,20170218,20170217.0,20170215,143,2.0,0,Non local,1,209.99,9967.88,0.2,42.0,1993.58
2031,718,1,4,2,38,1,2,7,92,20170217,20170217.0,20170216,35,1.0,0,Non local,2,209.99,9967.88,0.07,29.4,1395.5
2032,718,2,4,9,38,6,2,7,40,20170217,20170217.0,20170216,35,1.0,0,Non local,2,4999.99,237341.2,0.07,700.0,33227.77
2033,718,3,4,1,38,3,2,7,64,20170217,20170217.0,20170216,35,1.0,0,Non local,2,489.99,23259.01,0.1,98.0,4651.8
2034,719,1,4,1,200,1,2,6,100,20170219,20170218.0,20170216,72,2.0,0,Non local,1,489.99,23259.01,0.2,98.0,4651.8
2035,720,1,4,7,382,2,2,6,111,20170219,20170219.0,20170216,88,3.0,0,Non local,1,470.99,22357.11,0.07,32.97,1565.0
2036,720,2,4,8,382,6,2,6,6,20170219,20170219.0,20170216,88,3.0,0,Non local,1,469.99,22309.64,0.1,47.0,2230.96
2037,721,1,4,2,625,6,2,7,45,20170219,20170217.0,20170216,110,1.0,0,Non local,2,869.99,41296.98,0.07,121.8,5781.58
2038,721,2,4,1,625,2,2,7,102,20170219,20170217.0,20170216,110,1.0,0,Non local,1,489.99,23259.01,0.1,49.0,2325.9
2039,721,3,4,7,625,3,2,7,73,20170219,20170217.0,20170216,110,1.0,0,Non local,2,749.99,35600.78,0.05,75.0,3560.08
2040,721,4,4,8,625,6,2,7,33,20170219,20170217.0,20170216,110,1.0,0,Non local,1,469.99,22309.64,0.2,94.0,4461.93
2041,722,1,4,1,1399,1,2,7,22,20170220,20170221.0,20170218,18,3.0,1,Non local,2,269.99,12815.98,0.07,37.8,1794.24
2042,722,2,4,8,1399,6,2,7,3,20170220,20170221.0,20170218,18,3.0,1,Non local,1,999.99,47467.86,0.05,50.0,2373.39
2043,722,3,4,7,1399,2,2,7,104,20170220,20170221.0,20170218,18,3.0,1,Non local,2,481.99,22879.26,0.1,96.4,4575.85
2044,723,1,4,1,845,2,2,6,24,20170221,20170222.0,20170219,48,3.0,1,Non local,2,549.99,26107.11,0.07,77.0,3655.0
2045,723,2,4,1,845,3,2,6,16,20170221,20170222.0,20170219,48,3.0,1,Non local,1,599.99,28480.53,0.05,30.0,1424.03
2046,723,3,4,7,845,2,2,6,108,20170221,20170222.0,20170219,48,3.0,1,Non local,1,449.99,21360.28,0.07,31.5,1495.22
2047,724,1,4,1,864,1,2,6,23,20170222,20170221.0,20170219,7,2.0,0,Non local,1,299.99,14240.03,0.05,15.0,712.0
2048,724,2,4,1,864,3,2,6,75,20170222,20170221.0,20170219,7,2.0,0,Non local,1,599.99,28480.53,0.2,120.0,5696.11
2049,724,3,4,1,864,2,2,6,102,20170222,20170221.0,20170219,7,2.0,0,Non local,1,489.99,23259.01,0.05,24.5,1162.95
2050,724,4,4,9,864,7,2,6,55,20170222,20170221.0,20170219,7,2.0,0,Non local,1,2699.99,128164.03,0.2,540.0,25632.81
2051,725,1,4,9,870,1,2,7,90,20170222,20170222.0,20170219,99,3.0,0,Non local,1,209.99,9967.88,0.1,21.0,996.79
2052,725,2,4,9,870,1,2,7,91,20170222,20170222.0,20170219,99,3.0,0,Non local,1,349.99,16613.44,0.05,17.5,830.67
2053,725,3,4,1,870,3,2,7,77,20170222,20170222.0,20170219,99,3.0,0,Non local,2,799.99,37974.19,0.07,112.0,5316.39
2054,725,4,4,9,870,4,2,7,62,20170222,20170222.0,20170219,99,3.0,0,Non local,2,3499.99,166138.7,0.1,700.0,33227.74
2055,726,1,4,1,969,3,2,6,64,20170222,20170220.0,20170219,169,1.0,0,Non local,1,489.99,23259.01,0.2,98.0,4651.8
2056,727,1,4,7,962,3,3,9,78,20170222,20170221.0,20170219,191,2.0,0,Non local,1,647.99,30759.01,0.07,45.36,2153.13
2057,727,2,4,1,962,3,3,9,82,20170222,20170221.0,20170219,191,2.0,0,Non local,2,659.99,31328.63,0.05,66.0,3132.86
2058,728,1,4,1,1138,3,1,3,70,20170221,20170223.0,20170220,120,3.0,1,Non local,1,659.99,31328.63,0.05,33.0,1566.43
2059,728,2,4,9,1138,7,1,3,56,20170221,20170223.0,20170220,120,3.0,1,Non local,1,5499.99,261075.37,0.1,550.0,26107.54
2060,728,3,4,9,1138,1,1,3,91,20170221,20170223.0,20170220,120,3.0,1,Non local,1,349.99,16613.44,0.1,35.0,1661.34
2061,728,4,4,9,1138,7,1,3,58,20170221,20170223.0,20170220,120,3.0,1,Non local,1,4999.99,237341.2,0.07,350.0,16613.88
2062,729,1,4,1,897,1,2,7,101,20170222,20170221.0,20170220,36,1.0,0,Non local,2,339.99,16138.76,0.1,68.0,3227.75
2063,730,1,4,9,500,7,2,6,59,20170224,20170222.0,20170221,8,1.0,0,Non local,2,2599.99,123417.2,0.05,260.0,12341.72
2064,730,2,4,7,500,3,2,6,79,20170224,20170222.0,20170221,8,1.0,0,Non local,1,402.99,19129.26,0.1,40.3,1912.93
2065,730,3,4,1,500,1,2,6,96,20170224,20170222.0,20170221,8,1.0,0,Non local,2,349.99,16613.44,0.07,49.0,2325.88
2066,730,4,4,1,500,3,2,6,13,20170224,20170222.0,20170221,8,1.0,0,Non local,1,269.99,12815.98,0.1,27.0,1281.6
2067,731,1,4,9,910,1,3,9,91,20170227,20170227.0,20170225,125,2.0,0,Non local,1,349.99,16613.44,0.05,17.5,830.67
2068,731,2,4,9,910,7,3,9,49,20170227,20170227.0,20170225,125,2.0,0,Non local,1,3499.99,166138.7,0.2,700.0,33227.74
2069,731,3,4,7,910,3,3,9,67,20170227,20170227.0,20170225,125,2.0,0,Non local,2,250.99,11914.08,0.2,100.4,4765.63
2070,731,4,4,9,910,6,3,9,29,20170227,20170227.0,20170225,125,2.0,0,Non local,1,999.99,47467.86,0.2,200.0,9493.57
2071,732,1,4,9,147,6,2,7,47,20170227,20170301.0,20170226,99,3.0,1,Non local,1,5299.99,251581.7,0.07,371.0,17610.72
2072,732,2,4,9,147,6,2,7,4,20170227,20170301.0,20170226,99,3.0,1,Non local,2,2899.99,137657.7,0.07,406.0,19272.08
2073,733,1,4,7,832,1,2,7,84,20170301,20170227.0,20170226,117,1.0,0,Non local,1,109.99,5221.04,0.05,5.5,261.05
2074,733,2,4,9,832,7,2,7,55,20170301,20170227.0,20170226,117,1.0,0,Non local,1,2699.99,128164.03,0.2,540.0,25632.81
2075,733,3,4,1,832,2,2,7,102,20170301,20170227.0,20170226,117,1.0,0,Non local,2,489.99,23259.01,0.1,98.0,4651.8
2076,734,1,4,1,939,2,3,9,26,20170228,20170301.0,20170226,89,3.0,1,Non local,1,599.99,28480.53,0.2,120.0,5696.11
2077,734,2,4,8,939,6,3,9,3,20170228,20170301.0,20170226,89,3.0,1,Non local,1,999.99,47467.86,0.05,50.0,2373.39
2078,734,3,4,7,939,1,3,9,84,20170228,20170301.0,20170226,89,3.0,1,Non local,2,109.99,5221.04,0.2,44.0,2088.42
2079,734,4,4,7,939,3,3,9,65,20170228,20170301.0,20170226,89,3.0,1,Non local,2,346.99,16471.04,0.1,69.4,3294.21
2080,735,1,3,7,20,3,3,9,71,20170227,,20170227,19,,0,Non local,2,416.99,19793.82,0.1,83.4,3958.76
2081,735,2,3,8,20,4,3,9,10,20170227,,20170227,19,,0,Non local,2,1549.0,73528.45,0.07,216.86,10293.98
2082,736,1,4,9,184,7,2,7,56,20170228,20170228.0,20170227,110,1.0,0,Non local,2,5499.99,261075.37,0.05,550.0,26107.54
2083,736,2,4,4,184,3,2,7,17,20170228,20170228.0,20170227,110,1.0,0,Non local,1,429.0,20363.92,0.1,42.9,2036.39
2084,736,3,4,9,184,4,2,7,62,20170228,20170228.0,20170227,110,1.0,0,Non local,2,3499.99,166138.7,0.2,1400.0,66455.48
2085,737,1,4,8,694,7,2,6,52,20170301,20170228.0,20170227,60,1.0,0,Non local,1,875.99,41581.79,0.05,43.8,2079.09
2086,737,2,4,4,694,3,2,6,19,20170301,20170228.0,20170227,60,1.0,0,Non local,2,449.0,21313.28,0.07,62.86,2983.86
2087,737,3,4,1,694,3,2,6,77,20170301,20170228.0,20170227,60,1.0,0,Non local,2,799.99,37974.19,0.07,112.0,5316.39
2088,737,4,4,9,694,6,2,6,34,20170301,20170228.0,20170227,60,1.0,0,Non local,1,469.99,22309.64,0.2,94.0,4461.93
2089,738,1,4,1,124,3,1,2,82,20170301,20170303.0,20170228,59,3.0,1,Non local,2,659.99,31328.63,0.07,92.4,4386.01
2090,738,2,4,2,124,6,1,2,38,20170301,20170303.0,20170228,59,3.0,1,Non local,2,549.99,26107.11,0.2,220.0,10442.84
2091,738,3,4,1,124,2,1,2,25,20170301,20170303.0,20170228,59,3.0,1,Non local,1,499.99,23733.69,0.1,50.0,2373.37
2092,738,4,4,9,124,4,1,2,63,20170301,20170303.0,20170228,59,3.0,1,Non local,1,3499.99,166138.7,0.07,245.0,11629.71
2093,739,1,4,8,49,6,2,6,3,20170301,20170302.0,20170228,6,2.0,1,Non local,1,999.99,47467.86,0.2,200.0,9493.57
2094,740,1,4,1,1113,3,2,6,81,20170301,20170302.0,20170228,187,2.0,1,Non local,1,1099.99,52214.69,0.05,55.0,2610.73
2095,740,2,4,2,1113,1,2,6,94,20170301,20170302.0,20170228,187,2.0,1,Non local,2,249.99,11866.61,0.2,100.0,4746.64
2096,740,3,4,8,1113,4,2,6,11,20170301,20170302.0,20170228,187,2.0,1,Non local,1,1680.99,79793.8,0.2,336.2,15958.76
2097,740,4,4,4,1113,3,2,6,19,20170301,20170302.0,20170228,187,2.0,1,Non local,1,449.0,21313.28,0.2,89.8,4262.66
2098,740,5,4,1,1113,3,2,6,12,20170301,20170302.0,20170228,187,2.0,1,Non local,2,549.99,26107.11,0.07,77.0,3655.0
2099,741,1,4,9,119,7,3,8,58,20170301,20170301.0,20170228,52,1.0,0,Non local,1,4999.99,237341.2,0.05,250.0,11867.06
2100,741,2,4,1,119,3,3,8,76,20170301,20170301.0,20170228,52,1.0,0,Non local,1,299.99,14240.03,0.07,21.0,996.8
2101,741,3,4,1,119,1,3,8,21,20170301,20170301.0,20170228,52,1.0,0,Non local,2,269.99,12815.98,0.07,37.8,1794.24
2102,741,4,4,9,119,7,3,8,56,20170301,20170301.0,20170228,52,1.0,0,Non local,2,5499.99,261075.37,0.05,550.0,26107.54
2103,742,1,4,7,433,2,3,9,107,20170301,20170301.0,20170228,13,1.0,0,Non local,2,416.99,19793.82,0.05,41.7,1979.38
2104,742,2,4,2,433,6,3,9,45,20170301,20170301.0,20170228,13,1.0,0,Non local,1,869.99,41296.98,0.07,60.9,2890.79
2105,743,1,4,7,137,3,2,6,80,20170304,20170304.0,20170301,94,3.0,0,Non local,1,761.99,36170.4,0.05,38.1,1808.52
2106,744,1,4,8,166,6,2,7,33,20170302,20170302.0,20170301,79,1.0,0,Non local,2,469.99,22309.64,0.2,188.0,8923.86
2107,745,1,4,1,698,1,2,7,95,20170303,20170303.0,20170301,174,2.0,0,Non local,2,299.99,14240.03,0.05,30.0,1424.0
2108,745,2,4,1,698,1,2,7,22,20170303,20170303.0,20170301,174,2.0,0,Non local,2,269.99,12815.98,0.2,108.0,5126.39
2109,745,3,4,7,698,3,2,7,78,20170303,20170303.0,20170301,174,2.0,0,Non local,1,647.99,30759.01,0.1,64.8,3075.9
2110,746,1,4,1,391,1,1,3,99,20170304,20170305.0,20170302,160,3.0,1,Non local,1,299.99,14240.03,0.1,30.0,1424.0
2111,747,1,4,7,87,2,1,3,110,20170304,20170305.0,20170303,68,2.0,1,Non local,1,470.99,22357.11,0.07,32.97,1565.0
2112,747,2,4,9,87,1,1,3,86,20170304,20170305.0,20170303,68,2.0,1,Non local,1,149.99,7119.78,0.2,30.0,1423.96
2113,747,3,4,8,87,6,1,3,33,20170304,20170305.0,20170303,68,2.0,1,Non local,2,469.99,22309.64,0.1,94.0,4461.93
2114,747,4,4,1,87,3,1,3,81,20170304,20170305.0,20170303,68,2.0,1,Non local,1,1099.99,52214.69,0.07,77.0,3655.03
2115,748,1,4,1,1072,3,3,8,16,20170305,20170304.0,20170303,62,1.0,0,Non local,2,599.99,28480.53,0.1,120.0,5696.11
2116,748,2,4,9,1072,1,3,8,83,20170305,20170304.0,20170303,62,1.0,0,Non local,2,149.99,7119.78,0.05,15.0,711.98
2117,748,3,4,2,1072,6,3,8,41,20170305,20170304.0,20170303,62,1.0,0,Non local,1,1469.99,69777.98,0.07,102.9,4884.46
2118,748,4,4,7,1072,6,3,8,35,20170305,20170304.0,20170303,62,1.0,0,Non local,2,832.99,39540.65,0.2,333.2,15816.26
2119,749,1,4,9,255,5,2,7,9,20170307,20170305.0,20170304,136,1.0,0,Non local,1,2999.99,142404.53,0.2,600.0,28480.91
2120,749,2,4,8,255,6,2,7,28,20170307,20170305.0,20170304,136,1.0,0,Non local,1,2499.99,118670.36,0.05,125.0,5933.52
2121,749,3,4,7,255,3,2,7,79,20170307,20170305.0,20170304,136,1.0,0,Non local,1,402.99,19129.26,0.2,80.6,3825.85
2122,749,4,4,1,255,2,2,7,24,20170307,20170305.0,20170304,136,1.0,0,Non local,1,549.99,26107.11,0.05,27.5,1305.36
2123,749,5,4,9,255,6,2,7,40,20170307,20170305.0,20170304,136,1.0,0,Non local,1,4999.99,237341.2,0.07,350.0,16613.88
2124,750,1,4,7,232,3,3,8,72,20170307,20170305.0,20170304,85,1.0,0,Non local,1,619.99,29429.89,0.05,31.0,1471.49
2125,750,2,4,7,232,3,3,8,78,20170307,20170305.0,20170304,85,1.0,0,Non local,2,647.99,30759.01,0.1,129.6,6151.8
2126,751,1,4,2,731,6,1,3,45,20170308,20170307.0,20170305,108,2.0,0,Non local,2,869.99,41296.98,0.05,87.0,4129.7
2127,752,1,4,1,335,3,2,6,12,20170306,20170307.0,20170305,48,2.0,1,Non local,2,549.99,26107.11,0.05,55.0,2610.71
2128,752,2,4,8,335,6,2,6,31,20170306,20170307.0,20170305,48,2.0,1,Non local,2,1632.99,77515.32,0.05,163.3,7751.53
2129,753,1,4,7,1201,2,2,7,105,20170308,20170308.0,20170305,97,3.0,0,Non local,2,533.99,25347.62,0.07,74.76,3548.67
2130,753,2,4,9,1201,6,2,7,7,20170308,20170308.0,20170305,97,3.0,0,Non local,2,3999.99,189872.87,0.2,1600.0,75949.15
2131,753,3,4,8,1201,6,2,7,36,20170308,20170308.0,20170305,97,3.0,0,Non local,2,832.99,39540.65,0.1,166.6,7908.13
2132,753,4,4,1,1201,1,2,7,95,20170308,20170308.0,20170305,97,3.0,0,Non local,1,299.99,14240.03,0.07,21.0,996.8
2133,753,5,4,7,1201,3,2,7,66,20170308,20170308.0,20170305,97,3.0,0,Non local,1,250.99,11914.08,0.2,50.2,2382.82
2134,754,1,4,1,646,3,1,2,74,20170307,20170308.0,20170306,59,2.0,1,Non local,2,439.99,20885.59,0.07,61.6,2923.98
2135,754,2,4,1,646,3,1,2,12,20170307,20170308.0,20170306,59,2.0,1,Non local,2,549.99,26107.11,0.07,77.0,3655.0
2136,754,3,4,8,646,6,1,2,3,20170307,20170308.0,20170306,59,2.0,1,Non local,1,999.99,47467.86,0.05,50.0,2373.39
2137,754,4,4,7,646,3,1,2,67,20170307,20170308.0,20170306,59,2.0,1,Non local,2,250.99,11914.08,0.05,25.1,1191.41
2138,754,5,4,9,646,6,1,2,7,20170307,20170308.0,20170306,59,2.0,1,Non local,1,3999.99,189872.87,0.2,800.0,37974.57
2139,755,1,4,7,531,3,2,6,80,20170307,20170307.0,20170306,73,1.0,0,Non local,2,761.99,36170.4,0.07,106.68,5063.86
2140,755,2,4,9,531,6,2,6,43,20170307,20170307.0,20170306,73,1.0,0,Non local,2,5299.99,251581.7,0.05,530.0,25158.17
2141,755,3,4,9,531,7,2,6,57,20170307,20170307.0,20170306,73,1.0,0,Non local,2,1999.99,94936.2,0.1,400.0,18987.24
2142,756,1,4,1,1143,3,2,6,64,20170307,20170309.0,20170306,193,3.0,1,Non local,1,489.99,23259.01,0.1,49.0,2325.9
2143,756,2,4,4,1143,3,2,6,17,20170307,20170309.0,20170306,193,3.0,1,Non local,2,429.0,20363.92,0.05,42.9,2036.39
2144,757,1,4,1,1336,1,2,7,95,20170308,20170309.0,20170306,116,3.0,1,Non local,1,299.99,14240.03,0.1,30.0,1424.0
2145,758,1,4,1,953,1,3,9,22,20170308,20170307.0,20170306,102,1.0,0,Non local,2,269.99,12815.98,0.07,37.8,1794.24
2146,758,2,4,1,953,1,3,9,99,20170308,20170307.0,20170306,102,1.0,0,Non local,1,299.99,14240.03,0.1,30.0,1424.0
2147,758,3,4,8,953,6,3,9,27,20170308,20170307.0,20170306,102,1.0,0,Non local,1,999.99,47467.86,0.07,70.0,3322.75
2148,758,4,4,7,953,3,3,9,65,20170308,20170307.0,20170306,102,1.0,0,Non local,2,346.99,16471.04,0.07,48.58,2305.95
2149,758,5,4,7,953,2,3,9,109,20170308,20170307.0,20170306,102,1.0,0,Non local,1,416.99,19793.82,0.2,83.4,3958.76
2150,759,1,4,2,284,1,2,7,93,20170309,20170308.0,20170307,77,1.0,0,Non local,2,209.99,9967.88,0.05,21.0,996.79
2151,759,2,4,7,284,3,2,7,78,20170309,20170308.0,20170307,77,1.0,0,Non local,1,647.99,30759.01,0.07,45.36,2153.13
2152,760,1,4,1,1104,1,2,6,21,20170310,20170310.0,20170307,95,3.0,0,Non local,2,269.99,12815.98,0.07,37.8,1794.24
2153,760,2,4,9,1104,6,2,6,29,20170310,20170310.0,20170307,95,3.0,0,Non local,2,999.99,47467.86,0.07,140.0,6645.5
2154,761,1,4,9,1291,6,2,7,43,20170308,20170310.0,20170307,11,3.0,1,Non local,1,5299.99,251581.7,0.07,371.0,17610.72
2155,761,2,4,8,1291,7,2,7,52,20170308,20170310.0,20170307,11,3.0,1,Non local,2,875.99,41581.79,0.2,350.4,16632.71
2156,762,1,4,1,572,2,2,6,102,20170309,20170309.0,20170308,181,1.0,0,Non local,2,489.99,23259.01,0.05,49.0,2325.9
2157,763,1,4,9,842,1,3,9,90,20170310,20170309.0,20170308,52,1.0,0,Non local,1,209.99,9967.88,0.07,14.7,697.75
2158,763,2,4,7,842,2,3,9,103,20170310,20170309.0,20170308,52,1.0,0,Non local,1,551.99,26202.05,0.1,55.2,2620.2
2159,764,1,4,9,701,7,1,2,55,20170310,20170312.0,20170309,108,3.0,1,Non local,1,2699.99,128164.03,0.07,189.0,8971.48
2160,764,2,4,1,701,1,1,2,95,20170310,20170312.0,20170309,108,3.0,1,Non local,2,299.99,14240.03,0.05,30.0,1424.0
2161,764,3,4,1,701,3,1,2,81,20170310,20170312.0,20170309,108,3.0,1,Non local,2,1099.99,52214.69,0.07,154.0,7310.06
2162,765,1,4,8,1152,6,1,2,28,20170311,20170312.0,20170309,59,3.0,1,Non local,2,2499.99,118670.36,0.2,1000.0,47468.15
2163,765,2,4,1,1152,3,1,2,12,20170311,20170312.0,20170309,59,3.0,1,Non local,1,549.99,26107.11,0.07,38.5,1827.5
2164,765,3,4,1,1152,2,1,2,25,20170311,20170312.0,20170309,59,3.0,1,Non local,1,499.99,23733.69,0.2,100.0,4746.74
2165,765,4,4,8,1152,7,1,2,53,20170311,20170312.0,20170309,59,3.0,1,Non local,1,749.99,35600.78,0.2,150.0,7120.16
2166,765,5,4,7,1152,3,1,2,65,20170311,20170312.0,20170309,59,3.0,1,Non local,1,346.99,16471.04,0.05,17.35,823.55
2167,766,1,4,7,141,2,2,6,111,20170311,20170312.0,20170309,96,3.0,1,Non local,1,470.99,22357.11,0.2,94.2,4471.42
2168,767,1,4,9,564,4,2,7,63,20170310,20170311.0,20170309,72,2.0,1,Non local,1,3499.99,166138.7,0.1,350.0,16613.87
2169,767,2,4,9,564,6,2,7,29,20170310,20170311.0,20170309,72,2.0,1,Non local,1,999.99,47467.86,0.07,70.0,3322.75
2170,767,3,4,2,564,6,2,7,41,20170310,20170311.0,20170309,72,2.0,1,Non local,2,1469.99,69777.98,0.05,147.0,6977.8
2171,767,4,4,1,564,3,2,7,77,20170310,20170311.0,20170309,72,2.0,1,Non local,2,799.99,37974.19,0.05,80.0,3797.42
2172,768,1,4,8,841,6,2,7,31,20170312,20170310.0,20170309,143,1.0,0,Non local,1,1632.99,77515.32,0.2,326.6,15503.06
2173,768,2,4,1,841,3,2,7,76,20170312,20170310.0,20170309,143,1.0,0,Non local,1,299.99,14240.03,0.2,60.0,2848.01
2174,769,1,4,9,946,6,2,6,8,20170311,20170311.0,20170309,86,2.0,0,Non local,1,1799.99,85442.53,0.1,180.0,8544.25
2175,769,2,4,8,946,6,2,6,6,20170311,20170311.0,20170309,86,2.0,0,Non local,2,469.99,22309.64,0.05,47.0,2230.96
2176,769,3,4,8,946,6,2,6,36,20170311,20170311.0,20170309,86,2.0,0,Non local,2,832.99,39540.65,0.07,116.62,5535.69
2177,770,1,4,7,135,2,3,9,110,20170311,20170311.0,20170309,40,2.0,0,Non local,1,470.99,22357.11,0.05,23.55,1117.86
2178,770,2,4,9,135,6,3,9,42,20170311,20170311.0,20170309,40,2.0,0,Non local,1,2299.99,109176.7,0.2,460.0,21835.34
2179,770,3,4,7,135,2,3,9,103,20170311,20170311.0,20170309,40,2.0,0,Non local,1,551.99,26202.05,0.2,110.4,5240.41
2180,770,4,4,8,135,4,3,9,11,20170311,20170311.0,20170309,40,2.0,0,Non local,2,1680.99,79793.8,0.05,168.1,7979.38
2181,771,1,4,1,671,3,1,3,13,20170314,20170312.0,20170311,105,1.0,0,Non local,2,269.99,12815.98,0.2,108.0,5126.39
2182,771,2,4,9,671,1,1,3,88,20170314,20170312.0,20170311,105,1.0,0,Non local,1,189.99,9018.51,0.2,38.0,1803.7
2183,772,1,4,7,448,2,2,7,103,20170312,20170313.0,20170311,169,2.0,1,Non local,1,551.99,26202.05,0.07,38.64,1834.14
2184,773,1,4,2,1385,1,2,6,92,20170312,20170312.0,20170311,18,1.0,0,Non local,1,209.99,9967.88,0.1,21.0,996.79
2185,773,2,4,1,1385,3,2,6,14,20170312,20170312.0,20170311,18,1.0,0,Non local,1,269.99,12815.98,0.05,13.5,640.8
2186,773,3,4,4,1385,3,2,6,17,20170312,20170312.0,20170311,18,1.0,0,Non local,2,429.0,20363.92,0.2,171.6,8145.57
2187,773,4,4,8,1385,6,2,6,33,20170312,20170312.0,20170311,18,1.0,0,Non local,2,469.99,22309.64,0.07,65.8,3123.35
2188,774,1,4,7,690,3,2,6,65,20170314,20170314.0,20170312,8,2.0,0,Non local,1,346.99,16471.04,0.05,17.35,823.55
2189,774,2,4,8,690,6,2,6,36,20170314,20170314.0,20170312,8,2.0,0,Non local,2,832.99,39540.65,0.05,83.3,3954.06
2190,774,3,4,1,690,3,2,6,20,20170314,20170314.0,20170312,8,2.0,0,Non local,1,599.99,28480.53,0.2,120.0,5696.11
2191,774,4,4,7,690,3,2,6,73,20170314,20170314.0,20170312,8,2.0,0,Non local,1,749.99,35600.78,0.05,37.5,1780.04
2192,774,5,4,9,690,7,2,6,58,20170314,20170314.0,20170312,8,2.0,0,Non local,2,4999.99,237341.2,0.1,1000.0,47468.24
2193,775,1,4,9,968,6,2,6,39,20170313,20170313.0,20170312,24,1.0,0,Non local,1,1499.99,71202.03,0.07,105.0,4984.14
2194,776,1,4,8,490,6,2,6,28,20170315,20170316.0,20170313,27,3.0,1,Non local,1,2499.99,118670.36,0.2,500.0,23734.07
2195,776,2,4,9,490,6,2,6,42,20170315,20170316.0,20170313,27,3.0,1,Non local,2,2299.99,109176.7,0.2,920.0,43670.68
2196,776,3,4,7,490,3,2,6,71,20170315,20170316.0,20170313,27,3.0,1,Non local,1,416.99,19793.82,0.1,41.7,1979.38
2197,776,4,4,7,490,6,2,6,35,20170315,20170316.0,20170313,27,3.0,1,Non local,1,832.99,39540.65,0.1,83.3,3954.06
2198,777,1,4,3,496,6,2,6,5,20170316,20170316.0,20170313,35,3.0,0,Non local,1,1320.99,62705.2,0.2,264.2,12541.04
2199,777,2,4,9,496,6,2,6,7,20170316,20170316.0,20170313,35,3.0,0,Non local,2,3999.99,189872.87,0.2,1600.0,75949.15
2200,777,3,4,5,496,6,2,6,2,20170316,20170316.0,20170313,35,3.0,0,Non local,1,749.99,35600.78,0.2,150.0,7120.16
2201,778,1,3,1,56,3,3,9,64,20170315,,20170315,40,,0,Non local,1,489.99,23259.01,0.1,49.0,2325.9
2202,778,2,3,2,56,1,3,9,85,20170315,,20170315,40,,0,Non local,1,329.99,15664.08,0.05,16.5,783.2
2203,779,1,4,1,367,1,2,6,101,20170316,20170318.0,20170315,141,3.0,1,Non local,1,339.99,16138.76,0.05,17.0,806.94
2204,779,2,4,9,367,1,2,6,90,20170316,20170318.0,20170315,141,3.0,1,Non local,2,209.99,9967.88,0.2,84.0,3987.15
2205,779,3,4,9,367,6,2,6,47,20170316,20170318.0,20170315,141,3.0,1,Non local,1,5299.99,251581.7,0.2,1060.0,50316.34
2206,779,4,4,9,367,6,2,6,8,20170316,20170318.0,20170315,141,3.0,1,Non local,1,1799.99,85442.53,0.2,360.0,17088.51
2207,779,5,4,2,367,1,2,6,85,20170316,20170318.0,20170315,141,3.0,1,Non local,1,329.99,15664.08,0.2,66.0,3132.82
2208,780,1,4,9,592,6,2,6,32,20170317,20170317.0,20170315,146,2.0,0,Non local,1,469.99,22309.64,0.1,47.0,2230.96
2209,781,1,4,7,1018,2,2,6,109,20170316,20170317.0,20170315,34,2.0,1,Non local,2,416.99,19793.82,0.05,41.7,1979.38
2210,781,2,4,9,1018,6,2,6,7,20170316,20170317.0,20170315,34,2.0,1,Non local,2,3999.99,189872.87,0.2,1600.0,75949.15
2211,781,3,4,9,1018,7,2,6,57,20170316,20170317.0,20170315,34,2.0,1,Non local,2,1999.99,94936.2,0.1,400.0,18987.24
2212,782,1,4,1,1298,3,2,7,20,20170316,20170318.0,20170315,150,3.0,1,Non local,2,599.99,28480.53,0.07,84.0,3987.27
2213,782,2,4,9,1298,7,2,7,57,20170316,20170318.0,20170315,150,3.0,1,Non local,1,1999.99,94936.2,0.07,140.0,6645.53
2214,782,3,4,1,1298,1,2,7,99,20170316,20170318.0,20170315,150,3.0,1,Non local,1,299.99,14240.03,0.07,21.0,996.8
2215,782,4,4,1,1298,3,2,7,16,20170316,20170318.0,20170315,150,3.0,1,Non local,2,599.99,28480.53,0.2,240.0,11392.21
2216,783,1,4,2,1343,1,1,2,92,20170319,20170317.0,20170316,69,1.0,0,Non local,1,209.99,9967.88,0.2,42.0,1993.58
2217,783,2,4,1,1343,1,1,2,22,20170319,20170317.0,20170316,69,1.0,0,Non local,2,269.99,12815.98,0.05,27.0,1281.6
2218,783,3,4,2,1343,1,1,2,94,20170319,20170317.0,20170316,69,1.0,0,Non local,1,249.99,11866.61,0.05,12.5,593.33
2219,783,4,4,9,1343,6,1,2,29,20170319,20170317.0,20170316,69,1.0,0,Non local,1,999.99,47467.86,0.1,100.0,4746.79
2220,784,1,4,1,430,1,2,7,22,20170319,20170319.0,20170316,136,3.0,0,Non local,1,269.99,12815.98,0.07,18.9,897.12
2221,784,2,4,7,430,3,2,7,72,20170319,20170319.0,20170316,136,3.0,0,Non local,2,619.99,29429.89,0.1,124.0,5885.98
2222,784,3,4,1,430,3,2,7,16,20170319,20170319.0,20170316,136,3.0,0,Non local,1,599.99,28480.53,0.2,120.0,5696.11
2223,785,1,4,9,794,7,1,2,59,20170319,20170320.0,20170318,3,2.0,1,Non local,2,2599.99,123417.2,0.2,1040.0,49366.88
2224,785,2,4,9,794,6,1,2,40,20170319,20170320.0,20170318,3,2.0,1,Non local,1,4999.99,237341.2,0.07,350.0,16613.88
2225,785,3,4,1,794,2,1,2,25,20170319,20170320.0,20170318,3,2.0,1,Non local,1,499.99,23733.69,0.07,35.0,1661.36
2226,786,1,4,7,249,3,2,6,80,20170320,20170319.0,20170318,27,1.0,0,Non local,1,761.99,36170.4,0.05,38.1,1808.52
2227,787,1,4,9,700,7,3,9,51,20170320,20170319.0,20170318,89,1.0,0,Non local,2,6499.99,308543.7,0.07,910.0,43196.12
2228,787,2,4,7,700,3,3,9,66,20170320,20170319.0,20170318,89,1.0,0,Non local,2,250.99,11914.08,0.1,50.2,2382.82
2229,788,1,4,9,1363,7,3,9,48,20170320,20170320.0,20170318,40,2.0,0,Non local,1,1499.99,71202.03,0.2,300.0,14240.41
2230,788,2,4,4,1363,3,3,9,19,20170320,20170320.0,20170318,40,2.0,0,Non local,1,449.0,21313.28,0.1,44.9,2131.33
2231,788,3,4,1,1363,3,3,9,13,20170320,20170320.0,20170318,40,2.0,0,Non local,1,269.99,12815.98,0.05,13.5,640.8
2232,789,1,4,1,772,1,2,6,100,20170320,20170320.0,20170319,185,1.0,0,Non local,2,489.99,23259.01,0.2,196.0,9303.6
2233,789,2,4,2,772,1,2,6,93,20170320,20170320.0,20170319,185,1.0,0,Non local,2,209.99,9967.88,0.07,29.4,1395.5
2234,790,1,4,9,1015,4,2,7,62,20170321,20170322.0,20170319,138,3.0,1,Non local,2,3499.99,166138.7,0.07,490.0,23259.42
2235,790,2,4,9,1015,1,2,7,91,20170321,20170322.0,20170319,138,3.0,1,Non local,1,349.99,16613.44,0.1,35.0,1661.34
2236,791,1,4,9,432,7,2,6,54,20170322,20170323.0,20170320,131,3.0,1,Non local,1,3199.99,151898.2,0.2,640.0,30379.64
2237,791,2,4,1,432,2,2,6,25,20170322,20170323.0,20170320,131,3.0,1,Non local,2,499.99,23733.69,0.07,70.0,3322.72
2238,792,1,4,1,479,3,2,6,16,20170323,20170324.0,20170322,159,2.0,1,Non local,2,599.99,28480.53,0.2,240.0,11392.21
2239,792,2,4,9,479,6,2,6,39,20170323,20170324.0,20170322,159,2.0,1,Non local,1,1499.99,71202.03,0.2,300.0,14240.41
2240,792,3,4,9,479,7,2,6,56,20170323,20170324.0,20170322,159,2.0,1,Non local,1,5499.99,261075.37,0.2,1100.0,52215.07
2241,792,4,4,8,479,6,2,6,30,20170323,20170324.0,20170322,159,2.0,1,Non local,1,999.99,47467.86,0.05,50.0,2373.39
2242,792,5,4,5,479,6,2,6,2,20170323,20170324.0,20170322,159,2.0,1,Non local,1,749.99,35600.78,0.2,150.0,7120.16
2243,793,1,4,7,653,5,2,6,60,20170324,20170324.0,20170323,187,1.0,0,Non local,1,1559.99,74050.13,0.05,78.0,3702.51
2244,793,2,4,1,653,1,2,6,95,20170324,20170324.0,20170323,187,1.0,0,Non local,2,299.99,14240.03,0.05,30.0,1424.0
2245,793,3,4,1,653,3,2,6,75,20170324,20170324.0,20170323,187,1.0,0,Non local,2,599.99,28480.53,0.05,60.0,2848.05
2246,794,1,4,2,863,6,2,7,41,20170325,20170324.0,20170323,47,1.0,0,Non local,2,1469.99,69777.98,0.05,147.0,6977.8
2247,794,2,4,7,863,3,2,7,68,20170325,20170324.0,20170323,47,1.0,0,Non local,1,449.99,21360.28,0.2,90.0,4272.06
2248,794,3,4,4,863,3,2,7,17,20170325,20170324.0,20170323,47,1.0,0,Non local,1,429.0,20363.92,0.07,30.03,1425.47
2249,794,4,4,8,863,6,2,7,28,20170325,20170324.0,20170323,47,1.0,0,Non local,1,2499.99,118670.36,0.1,250.0,11867.04
2250,795,1,4,1,992,1,2,7,95,20170325,20170326.0,20170323,126,3.0,1,Non local,2,299.99,14240.03,0.05,30.0,1424.0
2251,795,2,4,1,992,1,2,7,99,20170325,20170326.0,20170323,126,3.0,1,Non local,2,299.99,14240.03,0.05,30.0,1424.0
2252,796,1,4,8,154,6,3,9,6,20170326,20170325.0,20170323,102,2.0,0,Non local,2,469.99,22309.64,0.2,188.0,8923.86
2253,797,1,4,8,374,4,2,7,11,20170326,20170326.0,20170324,44,2.0,0,Non local,1,1680.99,79793.8,0.07,117.67,5585.57
2254,797,2,4,7,374,3,2,7,69,20170326,20170326.0,20170324,44,2.0,0,Non local,1,416.99,19793.82,0.05,20.85,989.69
2255,797,3,4,1,374,3,2,7,74,20170326,20170326.0,20170324,44,2.0,0,Non local,1,439.99,20885.59,0.1,44.0,2088.56
2256,797,4,4,9,374,7,2,7,54,20170326,20170326.0,20170324,44,2.0,0,Non local,2,3199.99,151898.2,0.05,320.0,15189.82
2257,797,5,4,9,374,4,2,7,62,20170326,20170326.0,20170324,44,2.0,0,Non local,2,3499.99,166138.7,0.1,700.0,33227.74
2258,798,1,4,1,619,1,1,3,23,20170328,20170329.0,20170326,83,3.0,1,Non local,1,299.99,14240.03,0.1,30.0,1424.0
2259,798,2,4,9,619,1,1,3,90,20170328,20170329.0,20170326,83,3.0,1,Non local,1,209.99,9967.88,0.05,10.5,498.39
2260,798,3,4,9,619,1,1,3,91,20170328,20170329.0,20170326,83,3.0,1,Non local,2,349.99,16613.44,0.07,49.0,2325.88
2261,798,4,4,9,619,6,1,3,42,20170328,20170329.0,20170326,83,3.0,1,Non local,1,2299.99,109176.7,0.2,460.0,21835.34
2262,798,5,4,1,619,2,1,3,26,20170328,20170329.0,20170326,83,3.0,1,Non local,2,599.99,28480.53,0.05,60.0,2848.05
2263,799,1,4,3,607,6,1,3,5,20170328,20170329.0,20170327,168,2.0,1,Non local,2,1320.99,62705.2,0.1,264.2,12541.04
2264,799,2,4,9,607,6,1,3,34,20170328,20170329.0,20170327,168,2.0,1,Non local,2,469.99,22309.64,0.05,47.0,2230.96
2265,799,3,4,9,607,6,1,3,29,20170328,20170329.0,20170327,168,2.0,1,Non local,2,999.99,47467.86,0.07,140.0,6645.5
2266,799,4,4,9,607,4,1,3,63,20170328,20170329.0,20170327,168,2.0,1,Non local,1,3499.99,166138.7,0.1,350.0,16613.87
2267,799,5,4,9,607,7,1,3,58,20170328,20170329.0,20170327,168,2.0,1,Non local,2,4999.99,237341.2,0.07,700.0,33227.77
2268,800,1,4,7,1057,3,2,6,65,20170329,20170328.0,20170327,152,1.0,0,Non local,2,346.99,16471.04,0.1,69.4,3294.21
2269,800,2,4,9,1057,7,2,6,54,20170329,20170328.0,20170327,152,1.0,0,Non local,1,3199.99,151898.2,0.07,224.0,10632.87
2270,800,3,4,8,1057,6,2,6,6,20170329,20170328.0,20170327,152,1.0,0,Non local,2,469.99,22309.64,0.05,47.0,2230.96
2271,800,4,4,8,1057,7,2,6,52,20170329,20170328.0,20170327,152,1.0,0,Non local,1,875.99,41581.79,0.1,87.6,4158.18
2272,800,5,4,1,1057,1,2,6,95,20170329,20170328.0,20170327,152,1.0,0,Non local,2,299.99,14240.03,0.05,30.0,1424.0
2273,801,1,4,1,78,1,1,2,101,20170329,20170330.0,20170328,31,2.0,1,Non local,1,339.99,16138.76,0.07,23.8,1129.71
2274,802,1,4,8,340,6,2,6,30,20170329,20170330.0,20170328,99,2.0,1,Non local,1,999.99,47467.86,0.05,50.0,2373.39
2275,802,2,4,8,340,6,2,6,36,20170329,20170330.0,20170328,99,2.0,1,Non local,2,832.99,39540.65,0.2,333.2,15816.26
2276,802,3,4,9,340,6,2,6,40,20170329,20170330.0,20170328,99,2.0,1,Non local,1,4999.99,237341.2,0.1,500.0,23734.12
2277,802,4,4,8,340,6,2,6,28,20170329,20170330.0,20170328,99,2.0,1,Non local,1,2499.99,118670.36,0.05,125.0,5933.52
2278,803,1,4,7,1105,2,3,8,111,20170331,20170330.0,20170328,62,2.0,0,Non local,1,470.99,22357.11,0.07,32.97,1565.0
2279,803,2,4,8,1105,7,3,8,52,20170331,20170330.0,20170328,62,2.0,0,Non local,2,875.99,41581.79,0.05,87.6,4158.18
2280,803,3,4,1,1105,2,3,8,102,20170331,20170330.0,20170328,62,2.0,0,Non local,1,489.99,23259.01,0.07,34.3,1628.13
2281,803,4,4,9,1105,1,3,8,83,20170331,20170330.0,20170328,62,2.0,0,Non local,2,149.99,7119.78,0.05,15.0,711.98
2282,804,1,4,9,95,1,2,6,89,20170331,20170330.0,20170329,74,1.0,0,Non local,2,209.99,9967.88,0.2,84.0,3987.15
2283,804,2,4,8,95,7,2,6,53,20170331,20170330.0,20170329,74,1.0,0,Non local,1,749.99,35600.78,0.07,52.5,2492.05
2284,804,3,4,9,95,7,2,6,50,20170331,20170330.0,20170329,74,1.0,0,Non local,2,5999.99,284809.54,0.05,600.0,28480.95
2285,805,1,4,1,420,2,2,6,24,20170330,20170401.0,20170329,44,3.0,1,Non local,1,549.99,26107.11,0.05,27.5,1305.36
2286,805,2,4,8,420,6,2,6,33,20170330,20170401.0,20170329,44,3.0,1,Non local,2,469.99,22309.64,0.2,188.0,8923.86
2287,805,3,4,9,420,4,2,6,62,20170330,20170401.0,20170329,44,3.0,1,Non local,2,3499.99,166138.7,0.2,1400.0,66455.48
2288,805,4,4,9,420,6,2,6,32,20170330,20170401.0,20170329,44,3.0,1,Non local,1,469.99,22309.64,0.07,32.9,1561.67
2289,805,5,4,8,420,6,2,6,6,20170330,20170401.0,20170329,44,3.0,1,Non local,2,469.99,22309.64,0.05,47.0,2230.96
2290,806,1,4,2,234,1,2,7,93,20170331,20170331.0,20170330,131,1.0,0,Non local,2,209.99,9967.88,0.1,42.0,1993.58
2291,806,2,4,1,234,1,2,7,97,20170331,20170331.0,20170330,131,1.0,0,Non local,1,349.99,16613.44,0.2,70.0,3322.69
2292,806,3,4,1,234,3,2,7,77,20170331,20170331.0,20170330,131,1.0,0,Non local,2,799.99,37974.19,0.1,160.0,7594.84
2293,806,4,4,1,234,3,2,7,82,20170331,20170331.0,20170330,131,1.0,0,Non local,2,659.99,31328.63,0.2,264.0,12531.45
2294,806,5,4,9,234,1,2,7,91,20170331,20170331.0,20170330,131,1.0,0,Non local,2,349.99,16613.44,0.07,49.0,2325.88
2295,807,1,4,1,1148,1,2,6,21,20170401,20170402.0,20170330,95,3.0,1,Non local,2,269.99,12815.98,0.2,108.0,5126.39
2296,807,2,4,8,1148,6,2,6,6,20170401,20170402.0,20170330,95,3.0,1,Non local,1,469.99,22309.64,0.07,32.9,1561.67
2297,807,3,4,8,1148,6,2,6,3,20170401,20170402.0,20170330,95,3.0,1,Non local,2,999.99,47467.86,0.07,140.0,6645.5
2298,807,4,4,9,1148,5,2,6,9,20170401,20170402.0,20170330,95,3.0,1,Non local,2,2999.99,142404.53,0.2,1200.0,56961.81
2299,807,5,4,1,1148,3,2,6,16,20170401,20170402.0,20170330,95,3.0,1,Non local,1,599.99,28480.53,0.2,120.0,5696.11
2300,808,1,4,1,315,1,2,6,96,20170402,20170402.0,20170331,63,2.0,0,local,2,349.99,16613.44,0.05,35.0,1661.34
2301,808,2,4,4,315,3,2,6,18,20170402,20170402.0,20170331,63,2.0,0,local,1,449.0,21313.28,0.05,22.45,1065.66
2302,808,3,4,2,315,1,2,6,85,20170402,20170402.0,20170331,63,2.0,0,local,1,329.99,15664.08,0.05,16.5,783.2
2303,808,4,4,4,315,3,2,6,19,20170402,20170402.0,20170331,63,2.0,0,local,2,449.0,21313.28,0.05,44.9,2131.33
2304,809,1,4,7,1222,3,2,7,78,20170403,20170403.0,20170331,159,3.0,0,Non local,1,647.99,30759.01,0.1,64.8,3075.9
2305,809,2,4,1,1222,2,2,7,26,20170403,20170403.0,20170331,159,3.0,0,Non local,1,599.99,28480.53,0.2,120.0,5696.11
2306,809,3,4,2,1222,1,2,7,92,20170403,20170403.0,20170331,159,3.0,0,Non local,2,209.99,9967.88,0.1,42.0,1993.58
2307,810,1,3,7,153,2,3,8,103,20170401,,20170401,52,,0,Non local,2,551.99,26202.05,0.05,55.2,2620.2
2308,810,2,3,1,153,1,3,8,100,20170401,,20170401,52,,0,Non local,1,489.99,23259.01,0.2,98.0,4651.8
2309,810,3,3,9,153,7,3,8,56,20170401,,20170401,52,,0,Non local,1,5499.99,261075.37,0.05,275.0,13053.77
2310,810,4,3,1,153,1,3,8,22,20170401,,20170401,52,,0,Non local,1,269.99,12815.98,0.2,54.0,2563.2
2311,811,1,4,2,524,6,2,7,45,20170404,20170404.0,20170401,47,3.0,0,Non local,2,869.99,41296.98,0.07,121.8,5781.58
2312,811,2,4,9,524,7,2,7,54,20170404,20170404.0,20170401,47,3.0,0,Non local,1,3199.99,151898.2,0.2,640.0,30379.64
2313,811,3,4,1,524,3,2,7,70,20170404,20170404.0,20170401,47,3.0,0,Non local,1,659.99,31328.63,0.07,46.2,2193.0
2314,811,4,4,7,524,3,2,7,66,20170404,20170404.0,20170401,47,3.0,0,Non local,1,250.99,11914.08,0.1,25.1,1191.41
2315,812,1,4,1,1164,3,2,7,76,20170402,20170403.0,20170401,17,2.0,1,Non local,2,299.99,14240.03,0.1,60.0,2848.01
2316,812,2,4,9,1164,6,2,7,40,20170402,20170403.0,20170401,17,2.0,1,Non local,1,4999.99,237341.2,0.2,1000.0,47468.24
2317,813,1,4,1,1203,1,3,9,96,20170403,20170402.0,20170401,54,1.0,0,Non local,2,349.99,16613.44,0.1,70.0,3322.69
2318,813,2,4,2,1203,1,3,9,85,20170403,20170402.0,20170401,54,1.0,0,Non local,2,329.99,15664.08,0.2,132.0,6265.63
2319,813,3,4,8,1203,6,3,9,33,20170403,20170402.0,20170401,54,1.0,0,Non local,2,469.99,22309.64,0.2,188.0,8923.86
2320,813,4,4,1,1203,2,3,9,26,20170403,20170402.0,20170401,54,1.0,0,Non local,2,599.99,28480.53,0.07,84.0,3987.27
2321,813,5,4,7,1203,3,3,9,71,20170403,20170402.0,20170401,54,1.0,0,Non local,2,416.99,19793.82,0.05,41.7,1979.38
2322,814,1,4,7,629,3,2,7,69,20170405,20170403.0,20170402,7,1.0,0,Non local,2,416.99,19793.82,0.1,83.4,3958.76
2323,814,2,4,1,629,1,2,7,100,20170405,20170403.0,20170402,7,1.0,0,Non local,1,489.99,23259.01,0.1,49.0,2325.9
2324,814,3,4,7,629,3,2,7,65,20170405,20170403.0,20170402,7,1.0,0,Non local,1,346.99,16471.04,0.2,69.4,3294.21
2325,814,4,4,9,629,1,2,7,83,20170405,20170403.0,20170402,7,1.0,0,Non local,2,149.99,7119.78,0.05,15.0,711.98
2326,815,1,4,7,1251,2,1,3,105,20170405,20170404.0,20170403,46,1.0,0,Non local,2,533.99,25347.62,0.2,213.6,10139.05
2327,815,2,4,1,1251,2,1,3,102,20170405,20170404.0,20170403,46,1.0,0,Non local,2,489.99,23259.01,0.2,196.0,9303.6
2328,815,3,4,9,1251,1,1,3,87,20170405,20170404.0,20170403,46,1.0,0,Non local,2,189.99,9018.51,0.1,38.0,1803.7
2329,815,4,4,1,1251,1,1,3,23,20170405,20170404.0,20170403,46,1.0,0,Non local,1,299.99,14240.03,0.07,21.0,996.8
2330,816,1,4,1,811,3,2,6,75,20170405,20170405.0,20170403,98,2.0,0,Non local,2,599.99,28480.53,0.1,120.0,5696.11
2331,816,2,4,1,811,3,2,6,64,20170405,20170405.0,20170403,98,2.0,0,Non local,2,489.99,23259.01,0.2,196.0,9303.6
2332,817,1,4,2,301,1,2,7,85,20170405,20170407.0,20170404,17,3.0,1,Non local,1,329.99,15664.08,0.05,16.5,783.2
2333,817,2,4,7,301,2,2,7,105,20170405,20170407.0,20170404,17,3.0,1,Non local,2,533.99,25347.62,0.07,74.76,3548.67
2334,817,3,4,9,301,7,2,7,48,20170405,20170407.0,20170404,17,3.0,1,Non local,2,1499.99,71202.03,0.05,150.0,7120.2
2335,818,1,4,7,1319,2,2,6,103,20170407,20170407.0,20170404,90,3.0,0,Non local,1,551.99,26202.05,0.05,27.6,1310.1
2336,818,2,4,2,1319,6,2,6,44,20170407,20170407.0,20170404,90,3.0,0,Non local,2,539.99,25632.43,0.07,75.6,3588.54
2337,818,3,4,4,1319,3,2,6,19,20170407,20170407.0,20170404,90,3.0,0,Non local,2,449.0,21313.28,0.05,44.9,2131.33
2338,818,4,4,9,1319,7,2,6,48,20170407,20170407.0,20170404,90,3.0,0,Non local,2,1499.99,71202.03,0.05,150.0,7120.2
2339,819,1,4,2,221,1,3,9,94,20170407,20170405.0,20170404,125,1.0,0,Non local,1,249.99,11866.61,0.2,50.0,2373.32
2340,820,1,4,7,725,2,2,7,107,20170408,20170407.0,20170405,114,2.0,0,Non local,1,416.99,19793.82,0.05,20.85,989.69
2341,821,1,4,1,1181,2,2,7,102,20170407,20170408.0,20170405,119,3.0,1,Non local,1,489.99,23259.01,0.07,34.3,1628.13
2342,821,2,4,1,1181,3,2,7,70,20170407,20170408.0,20170405,119,3.0,1,Non local,2,659.99,31328.63,0.2,264.0,12531.45
2343,821,3,4,8,1181,6,2,7,6,20170407,20170408.0,20170405,119,3.0,1,Non local,1,469.99,22309.64,0.2,94.0,4461.93
2344,821,4,4,7,1181,2,2,7,107,20170407,20170408.0,20170405,119,3.0,1,Non local,1,416.99,19793.82,0.05,20.85,989.69
2345,822,1,4,8,294,7,2,7,53,20170408,20170409.0,20170406,55,3.0,1,Non local,1,749.99,35600.78,0.05,37.5,1780.04
2346,822,2,4,7,294,3,2,7,72,20170408,20170409.0,20170406,55,3.0,1,Non local,1,619.99,29429.89,0.2,124.0,5885.98
2347,823,1,4,9,415,7,3,8,56,20170407,20170408.0,20170406,164,2.0,1,Non local,2,5499.99,261075.37,0.07,770.0,36550.55
2348,823,2,4,9,415,1,3,8,86,20170407,20170408.0,20170406,164,2.0,1,Non local,2,149.99,7119.78,0.2,60.0,2847.91
2349,823,3,4,1,415,3,3,8,81,20170407,20170408.0,20170406,164,2.0,1,Non local,1,1099.99,52214.69,0.2,220.0,10442.94
2350,824,1,4,2,993,1,1,2,92,20170409,20170410.0,20170407,120,3.0,1,Non local,2,209.99,9967.88,0.1,42.0,1993.58
2351,825,1,4,4,10,3,2,7,19,20170408,20170409.0,20170407,10,2.0,1,Non local,1,449.0,21313.28,0.1,44.9,2131.33
2352,825,2,4,8,10,6,2,7,30,20170408,20170409.0,20170407,10,2.0,1,Non local,2,999.99,47467.86,0.2,400.0,18987.14
2353,826,1,4,2,45,6,2,6,45,20170410,20170410.0,20170407,42,3.0,0,Non local,2,869.99,41296.98,0.2,348.0,16518.79
2354,826,2,4,8,45,6,2,6,36,20170410,20170410.0,20170407,42,3.0,0,Non local,1,832.99,39540.65,0.1,83.3,3954.06
2355,827,1,4,9,666,6,2,7,43,20170410,20170410.0,20170407,81,3.0,0,Non local,1,5299.99,251581.7,0.05,265.0,12579.09
2356,827,2,4,2,666,6,2,7,41,20170410,20170410.0,20170407,81,3.0,0,Non local,1,1469.99,69777.98,0.2,294.0,13955.6
2357,827,3,4,8,666,6,2,7,28,20170410,20170410.0,20170407,81,3.0,0,Non local,1,2499.99,118670.36,0.2,500.0,23734.07
2358,827,4,4,7,666,2,2,7,108,20170410,20170410.0,20170407,81,3.0,0,Non local,1,449.99,21360.28,0.2,90.0,4272.06
2359,828,1,4,1,246,2,2,6,25,20170410,20170412.0,20170409,134,3.0,1,Non local,2,499.99,23733.69,0.2,200.0,9493.48
2360,828,2,4,1,246,2,2,6,24,20170410,20170412.0,20170409,134,3.0,1,Non local,1,549.99,26107.11,0.2,110.0,5221.42
2361,828,3,4,9,246,7,2,6,55,20170410,20170412.0,20170409,134,3.0,1,Non local,2,2699.99,128164.03,0.07,378.0,17942.96
2362,829,1,4,7,674,2,2,7,103,20170410,20170410.0,20170409,74,1.0,0,Non local,1,551.99,26202.05,0.2,110.4,5240.41
2363,829,2,4,7,674,2,2,7,105,20170410,20170410.0,20170409,74,1.0,0,Non local,2,533.99,25347.62,0.1,106.8,5069.52
2364,830,1,4,2,431,1,2,6,85,20170414,20170412.0,20170411,139,1.0,0,Non local,2,329.99,15664.08,0.2,132.0,6265.63
2365,830,2,4,1,431,1,2,6,100,20170414,20170412.0,20170411,139,1.0,0,Non local,2,489.99,23259.01,0.07,68.6,3256.26
2366,830,3,4,1,431,1,2,6,96,20170414,20170412.0,20170411,139,1.0,0,Non local,2,349.99,16613.44,0.2,140.0,6645.38
2367,831,1,4,7,1000,3,2,7,67,20170412,20170412.0,20170411,188,1.0,0,Non local,1,250.99,11914.08,0.2,50.2,2382.82
2368,831,2,4,8,1000,4,2,7,11,20170412,20170412.0,20170411,188,1.0,0,Non local,1,1680.99,79793.8,0.2,336.2,15958.76
2369,831,3,4,7,1000,3,2,7,68,20170412,20170412.0,20170411,188,1.0,0,Non local,1,449.99,21360.28,0.1,45.0,2136.03
2370,832,1,4,9,1215,7,2,7,54,20170412,20170412.0,20170411,50,1.0,0,Non local,1,3199.99,151898.2,0.05,160.0,7594.91
2371,832,2,4,2,1215,6,2,7,45,20170412,20170412.0,20170411,50,1.0,0,Non local,1,869.99,41296.98,0.2,174.0,8259.4
2372,832,3,4,8,1215,6,2,7,27,20170412,20170412.0,20170411,50,1.0,0,Non local,1,999.99,47467.86,0.07,70.0,3322.75
2373,832,4,4,1,1215,3,2,7,16,20170412,20170412.0,20170411,50,1.0,0,Non local,2,599.99,28480.53,0.1,120.0,5696.11
2374,833,1,4,1,406,3,2,7,20,20170414,20170415.0,20170412,162,3.0,1,Non local,2,599.99,28480.53,0.05,60.0,2848.05
2375,834,1,4,9,890,7,2,6,54,20170413,20170415.0,20170412,27,3.0,1,Non local,1,3199.99,151898.2,0.07,224.0,10632.87
2376,834,2,4,1,890,1,2,6,21,20170413,20170415.0,20170412,27,3.0,1,Non local,1,269.99,12815.98,0.05,13.5,640.8
2377,834,3,4,7,890,3,2,6,78,20170413,20170415.0,20170412,27,3.0,1,Non local,1,647.99,30759.01,0.2,129.6,6151.8
2378,835,1,4,7,940,3,1,2,65,20170415,20170414.0,20170413,37,1.0,0,Non local,2,346.99,16471.04,0.07,48.58,2305.95
2379,835,2,4,1,940,3,1,2,82,20170415,20170414.0,20170413,37,1.0,0,Non local,1,659.99,31328.63,0.2,132.0,6265.73
2380,835,3,4,5,940,6,1,2,2,20170415,20170414.0,20170413,37,1.0,0,Non local,1,749.99,35600.78,0.05,37.5,1780.04
2381,836,1,4,7,455,2,2,6,108,20170416,20170414.0,20170413,33,1.0,0,Non local,2,449.99,21360.28,0.2,180.0,8544.11
2382,837,1,4,9,948,7,2,7,51,20170416,20170414.0,20170413,145,1.0,0,Non local,1,6499.99,308543.7,0.05,325.0,15427.19
2383,837,2,4,1,948,1,2,7,97,20170416,20170414.0,20170413,145,1.0,0,Non local,1,349.99,16613.44,0.1,35.0,1661.34
2384,837,3,4,9,948,1,2,7,87,20170416,20170414.0,20170413,145,1.0,0,Non local,2,189.99,9018.51,0.2,76.0,3607.4
2385,838,1,4,8,1395,6,2,7,28,20170417,20170415.0,20170414,79,1.0,0,Non local,1,2499.99,118670.36,0.1,250.0,11867.04
2386,838,2,4,8,1395,4,2,7,10,20170417,20170415.0,20170414,79,1.0,0,Non local,1,1549.0,73528.45,0.1,154.9,7352.85
2387,838,3,4,1,1395,1,2,7,100,20170417,20170415.0,20170414,79,1.0,0,Non local,2,489.99,23259.01,0.05,49.0,2325.9
2388,838,4,4,7,1395,3,2,7,65,20170417,20170415.0,20170414,79,1.0,0,Non local,2,346.99,16471.04,0.07,48.58,2305.95
2389,839,1,4,9,1332,7,1,3,55,20170418,20170416.0,20170415,46,1.0,0,Non local,1,2699.99,128164.03,0.07,189.0,8971.48
2390,839,2,4,2,1332,1,1,3,85,20170418,20170416.0,20170415,46,1.0,0,Non local,1,329.99,15664.08,0.1,33.0,1566.41
2391,839,3,4,9,1332,7,1,3,58,20170418,20170416.0,20170415,46,1.0,0,Non local,2,4999.99,237341.2,0.05,500.0,23734.12
2392,840,1,4,8,372,6,2,6,27,20170416,20170416.0,20170415,158,1.0,0,Non local,1,999.99,47467.86,0.07,70.0,3322.75
2393,840,2,4,9,372,6,2,6,43,20170416,20170416.0,20170415,158,1.0,0,Non local,1,5299.99,251581.7,0.07,371.0,17610.72
2394,840,3,4,7,372,2,2,6,106,20170416,20170416.0,20170415,158,1.0,0,Non local,2,449.99,21360.28,0.2,180.0,8544.11
2395,841,1,4,1,428,1,2,7,22,20170418,20170417.0,20170415,165,2.0,0,Non local,2,269.99,12815.98,0.1,54.0,2563.2
2396,841,2,4,9,428,5,2,7,9,20170418,20170417.0,20170415,165,2.0,0,Non local,1,2999.99,142404.53,0.2,600.0,28480.91
2397,841,3,4,8,428,4,2,7,11,20170418,20170417.0,20170415,165,2.0,0,Non local,1,1680.99,79793.8,0.2,336.2,15958.76
2398,841,4,4,9,428,1,2,7,90,20170418,20170417.0,20170415,165,2.0,0,Non local,2,209.99,9967.88,0.07,29.4,1395.5
2399,841,5,4,1,428,1,2,7,100,20170418,20170417.0,20170415,165,2.0,0,Non local,1,489.99,23259.01,0.1,49.0,2325.9
2400,842,1,4,1,1133,3,2,6,81,20170418,20170416.0,20170415,104,1.0,0,Non local,2,1099.99,52214.69,0.07,154.0,7310.06
2401,842,2,4,9,1133,6,2,6,42,20170418,20170416.0,20170415,104,1.0,0,Non local,1,2299.99,109176.7,0.1,230.0,10917.67
2402,843,1,4,7,1059,3,2,7,72,20170417,20170419.0,20170416,21,3.0,1,Non local,1,619.99,29429.89,0.1,62.0,2942.99
2403,843,2,4,1,1059,3,2,7,75,20170417,20170419.0,20170416,21,3.0,1,Non local,2,599.99,28480.53,0.1,120.0,5696.11
2404,843,3,4,1,1059,3,2,7,81,20170417,20170419.0,20170416,21,3.0,1,Non local,1,1099.99,52214.69,0.1,110.0,5221.47
2405,843,4,4,1,1059,1,2,7,23,20170417,20170419.0,20170416,21,3.0,1,Non local,2,299.99,14240.03,0.07,42.0,1993.6
2406,844,1,4,7,1436,3,2,6,79,20170417,20170418.0,20170416,139,2.0,1,Non local,2,402.99,19129.26,0.07,56.42,2678.1
2407,844,2,4,1,1436,3,2,6,12,20170417,20170418.0,20170416,139,2.0,1,Non local,1,549.99,26107.11,0.1,55.0,2610.71
2408,844,3,4,9,1436,1,2,6,83,20170417,20170418.0,20170416,139,2.0,1,Non local,2,149.99,7119.78,0.2,60.0,2847.91
2409,844,4,4,9,1436,7,2,6,48,20170417,20170418.0,20170416,139,2.0,1,Non local,1,1499.99,71202.03,0.2,300.0,14240.41
2410,844,5,4,9,1436,4,2,6,63,20170417,20170418.0,20170416,139,2.0,1,Non local,2,3499.99,166138.7,0.05,350.0,16613.87
2411,845,1,4,1,662,3,2,7,16,20170418,20170418.0,20170417,17,1.0,0,Non local,2,599.99,28480.53,0.2,240.0,11392.21
2412,845,2,4,1,662,3,2,7,75,20170418,20170418.0,20170417,17,1.0,0,Non local,1,599.99,28480.53,0.2,120.0,5696.11
2413,845,3,4,1,662,2,2,7,26,20170418,20170418.0,20170417,17,1.0,0,Non local,2,599.99,28480.53,0.05,60.0,2848.05
2414,845,4,4,7,662,3,2,7,73,20170418,20170418.0,20170417,17,1.0,0,Non local,2,749.99,35600.78,0.2,300.0,14240.31
2415,845,5,4,9,662,1,2,7,88,20170418,20170418.0,20170417,17,1.0,0,Non local,1,189.99,9018.51,0.05,9.5,450.93
2416,846,1,4,2,715,6,2,6,46,20170419,20170419.0,20170417,26,2.0,0,Non local,2,1409.99,66929.88,0.05,141.0,6692.99
2417,846,2,4,9,715,6,2,6,47,20170419,20170419.0,20170417,26,2.0,0,Non local,1,5299.99,251581.7,0.07,371.0,17610.72
2418,846,3,4,7,715,3,2,6,71,20170419,20170419.0,20170417,26,2.0,0,Non local,1,416.99,19793.82,0.1,41.7,1979.38
2419,846,4,4,7,715,3,2,6,72,20170419,20170419.0,20170417,26,2.0,0,Non local,2,619.99,29429.89,0.05,62.0,2942.99
2420,846,5,4,7,715,2,2,6,103,20170419,20170419.0,20170417,26,2.0,0,Non local,2,551.99,26202.05,0.07,77.28,3668.29
2421,847,1,4,9,329,5,2,7,61,20170419,20170419.0,20170418,97,1.0,0,Non local,2,4999.99,237341.2,0.05,500.0,23734.12
2422,848,1,4,2,597,1,2,7,93,20170420,20170420.0,20170418,34,2.0,0,Non local,1,209.99,9967.88,0.07,14.7,697.75
2423,848,2,4,1,597,1,2,7,100,20170420,20170420.0,20170418,34,2.0,0,Non local,2,489.99,23259.01,0.2,196.0,9303.6
2424,848,3,4,9,597,1,2,7,88,20170420,20170420.0,20170418,34,2.0,0,Non local,2,189.99,9018.51,0.2,76.0,3607.4
2425,848,4,4,2,597,6,2,7,41,20170420,20170420.0,20170418,34,2.0,0,Non local,2,1469.99,69777.98,0.07,205.8,9768.92
2426,849,1,4,7,776,2,1,2,109,20170420,20170421.0,20170419,59,2.0,1,Non local,1,416.99,19793.82,0.2,83.4,3958.76
2427,850,1,4,1,1346,1,1,3,101,20170422,20170422.0,20170419,182,3.0,0,Non local,2,339.99,16138.76,0.07,47.6,2259.43
2428,850,2,4,3,1346,6,1,3,5,20170422,20170422.0,20170419,182,3.0,0,Non local,2,1320.99,62705.2,0.07,184.94,8778.73
2429,850,3,4,2,1346,6,1,3,37,20170422,20170422.0,20170419,182,3.0,0,Non local,1,379.99,18037.49,0.07,26.6,1262.62
2430,851,1,4,8,1139,6,2,6,30,20170421,20170422.0,20170420,152,2.0,1,Non local,1,999.99,47467.86,0.2,200.0,9493.57
2431,851,2,4,2,1139,1,2,6,93,20170421,20170422.0,20170420,152,2.0,1,Non local,1,209.99,9967.88,0.05,10.5,498.39
2432,852,1,4,2,13,6,3,9,46,20170423,20170422.0,20170421,13,1.0,0,Non local,2,1409.99,66929.88,0.07,197.4,9370.18
2433,853,1,4,1,883,1,3,8,99,20170424,20170424.0,20170421,135,3.0,0,Non local,1,299.99,14240.03,0.05,15.0,712.0
2434,853,2,4,9,883,7,3,8,58,20170424,20170424.0,20170421,135,3.0,0,Non local,2,4999.99,237341.2,0.2,2000.0,94936.48
2435,853,3,4,9,883,6,3,8,42,20170424,20170424.0,20170421,135,3.0,0,Non local,2,2299.99,109176.7,0.2,920.0,43670.68
2436,853,4,4,2,883,6,3,8,45,20170424,20170424.0,20170421,135,3.0,0,Non local,1,869.99,41296.98,0.2,174.0,8259.4
2437,853,5,4,8,883,6,3,8,6,20170424,20170424.0,20170421,135,3.0,0,Non local,1,469.99,22309.64,0.05,23.5,1115.48
2438,854,1,4,9,177,1,2,6,87,20170425,20170423.0,20170422,34,1.0,0,Non local,1,189.99,9018.51,0.1,19.0,901.85
2439,855,1,4,4,775,3,2,6,18,20170423,20170425.0,20170422,126,3.0,1,Non local,1,449.0,21313.28,0.1,44.9,2131.33
2440,855,2,4,2,775,1,2,6,93,20170423,20170425.0,20170422,126,3.0,1,Non local,2,209.99,9967.88,0.2,84.0,3987.15
2441,855,3,4,9,775,1,2,6,89,20170423,20170425.0,20170422,126,3.0,1,Non local,1,209.99,9967.88,0.2,42.0,1993.58
2442,856,1,4,2,477,6,2,6,38,20170425,20170426.0,20170423,139,3.0,1,Non local,2,549.99,26107.11,0.05,55.0,2610.71
2443,857,1,4,9,1402,6,2,7,29,20170425,20170426.0,20170424,161,2.0,1,Non local,1,999.99,47467.86,0.2,200.0,9493.57
2444,858,1,4,2,162,6,2,6,45,20170427,20170428.0,20170425,90,3.0,1,Non local,2,869.99,41296.98,0.2,348.0,16518.79
2445,858,2,4,3,162,6,2,6,5,20170427,20170428.0,20170425,90,3.0,1,Non local,1,1320.99,62705.2,0.2,264.2,12541.04
2446,858,3,4,1,162,3,2,6,14,20170427,20170428.0,20170425,90,3.0,1,Non local,1,269.99,12815.98,0.07,18.9,897.12
2447,858,4,4,7,162,3,2,6,73,20170427,20170428.0,20170425,90,3.0,1,Non local,2,749.99,35600.78,0.07,105.0,4984.11
2448,859,1,4,2,644,6,2,6,38,20170426,20170426.0,20170425,65,1.0,0,Non local,2,549.99,26107.11,0.07,77.0,3655.0
2449,859,2,4,1,644,3,2,6,13,20170426,20170426.0,20170425,65,1.0,0,Non local,1,269.99,12815.98,0.1,27.0,1281.6
2450,859,3,4,1,644,3,2,6,14,20170426,20170426.0,20170425,65,1.0,0,Non local,2,269.99,12815.98,0.1,54.0,2563.2
2451,859,4,4,7,644,3,2,6,71,20170426,20170426.0,20170425,65,1.0,0,Non local,2,416.99,19793.82,0.1,83.4,3958.76
2452,859,5,4,8,644,6,2,6,36,20170426,20170426.0,20170425,65,1.0,0,Non local,2,832.99,39540.65,0.1,166.6,7908.13
2453,860,1,4,8,473,6,2,7,6,20170429,20170428.0,20170427,63,1.0,0,local,1,469.99,22309.64,0.05,23.5,1115.48
2454,860,2,4,1,473,2,2,7,24,20170429,20170428.0,20170427,63,1.0,0,local,2,549.99,26107.11,0.2,220.0,10442.84
2455,860,3,4,1,473,2,2,7,25,20170429,20170428.0,20170427,63,1.0,0,local,1,499.99,23733.69,0.2,100.0,4746.74
2456,860,4,4,9,473,7,2,7,58,20170429,20170428.0,20170427,63,1.0,0,local,2,4999.99,237341.2,0.07,700.0,33227.77
2457,860,5,4,1,473,1,2,7,95,20170429,20170428.0,20170427,63,1.0,0,local,2,299.99,14240.03,0.05,30.0,1424.0
2458,861,1,4,1,1177,3,2,7,14,20170429,20170430.0,20170427,144,3.0,1,Non local,2,269.99,12815.98,0.07,37.8,1794.24
2459,861,2,4,9,1177,4,2,7,62,20170429,20170430.0,20170427,144,3.0,1,Non local,1,3499.99,166138.7,0.2,700.0,33227.74
2460,862,1,4,2,1230,1,3,8,85,20170430,20170429.0,20170427,54,2.0,0,Non local,1,329.99,15664.08,0.05,16.5,783.2
2461,862,2,4,1,1230,1,3,8,99,20170430,20170429.0,20170427,54,2.0,0,Non local,1,299.99,14240.03,0.2,60.0,2848.01
2462,862,3,4,9,1230,7,3,8,49,20170430,20170429.0,20170427,54,2.0,0,Non local,2,3499.99,166138.7,0.07,490.0,23259.42
2463,863,1,4,2,446,1,2,7,93,20170430,20170501.0,20170428,167,3.0,1,Non local,2,209.99,9967.88,0.1,42.0,1993.58
2464,864,1,4,2,902,6,2,6,37,20170430,20170429.0,20170428,67,1.0,0,Non local,1,379.99,18037.49,0.1,38.0,1803.75
2465,864,2,4,7,902,3,2,6,65,20170430,20170429.0,20170428,67,1.0,0,Non local,2,346.99,16471.04,0.05,34.7,1647.1
2466,864,3,4,1,902,3,2,6,13,20170430,20170429.0,20170428,67,1.0,0,Non local,1,269.99,12815.98,0.2,54.0,2563.2
2467,865,1,4,7,974,2,2,6,109,20170502,20170501.0,20170429,35,2.0,0,Non local,2,416.99,19793.82,0.1,83.4,3958.76
2468,865,2,4,9,974,6,2,6,34,20170502,20170501.0,20170429,35,2.0,0,Non local,1,469.99,22309.64,0.05,23.5,1115.48
2469,866,1,4,9,1410,1,2,6,88,20170430,20170501.0,20170429,166,2.0,1,Non local,1,189.99,9018.51,0.2,38.0,1803.7
2470,866,2,4,7,1410,3,2,6,67,20170430,20170501.0,20170429,166,2.0,1,Non local,2,250.99,11914.08,0.07,35.14,1667.97
2471,866,3,4,7,1410,3,2,6,80,20170430,20170501.0,20170429,166,2.0,1,Non local,1,761.99,36170.4,0.07,53.34,2531.93
2472,866,4,4,1,1410,3,2,6,13,20170430,20170501.0,20170429,166,2.0,1,Non local,2,269.99,12815.98,0.07,37.8,1794.24
2473,867,1,4,1,97,1,1,3,101,20170503,20170502.0,20170501,76,1.0,0,Non local,1,339.99,16138.76,0.05,17.0,806.94
2474,868,1,4,2,868,6,1,3,46,20170504,20170502.0,20170501,82,1.0,0,Non local,1,1409.99,66929.88,0.07,98.7,4685.09
2475,869,1,4,9,844,6,2,7,7,20170504,20170502.0,20170501,107,1.0,0,Non local,1,3999.99,189872.87,0.2,800.0,37974.57
2476,869,2,4,7,844,2,2,7,106,20170504,20170502.0,20170501,107,1.0,0,Non local,2,449.99,21360.28,0.05,45.0,2136.03
2477,869,3,4,8,844,6,2,7,33,20170504,20170502.0,20170501,107,1.0,0,Non local,1,469.99,22309.64,0.05,23.5,1115.48
2478,869,4,4,9,844,7,2,7,55,20170504,20170502.0,20170501,107,1.0,0,Non local,2,2699.99,128164.03,0.05,270.0,12816.4
2479,869,5,4,7,844,3,2,7,65,20170504,20170502.0,20170501,107,1.0,0,Non local,2,346.99,16471.04,0.2,138.8,6588.42
2480,870,1,4,9,1416,4,2,6,63,20170504,20170502.0,20170501,35,1.0,0,Non local,1,3499.99,166138.7,0.07,245.0,11629.71
2481,871,1,4,7,358,2,2,7,106,20170504,20170503.0,20170502,153,1.0,0,Non local,1,449.99,21360.28,0.2,90.0,4272.06
2482,871,2,4,2,358,6,2,7,38,20170504,20170503.0,20170502,153,1.0,0,Non local,1,549.99,26107.11,0.1,55.0,2610.71
2483,871,3,4,8,358,6,2,7,30,20170504,20170503.0,20170502,153,1.0,0,Non local,2,999.99,47467.86,0.2,400.0,18987.14
2484,871,4,4,7,358,2,2,7,107,20170504,20170503.0,20170502,153,1.0,0,Non local,2,416.99,19793.82,0.05,41.7,1979.38
2485,872,1,4,9,394,4,1,3,62,20170506,20170506.0,20170503,59,3.0,0,Non local,2,3499.99,166138.7,0.07,490.0,23259.42
2486,872,2,4,8,394,7,1,3,53,20170506,20170506.0,20170503,59,3.0,0,Non local,1,749.99,35600.78,0.1,75.0,3560.08
2487,873,1,4,9,829,6,2,7,32,20170505,20170505.0,20170503,91,2.0,0,Non local,2,469.99,22309.64,0.1,94.0,4461.93
2488,874,1,4,9,661,7,2,7,56,20170505,20170506.0,20170504,10,2.0,1,Non local,1,5499.99,261075.37,0.05,275.0,13053.77
2489,874,2,4,8,661,6,2,7,27,20170505,20170506.0,20170504,10,2.0,1,Non local,2,999.99,47467.86,0.05,100.0,4746.79
2490,874,3,4,7,661,3,2,7,73,20170505,20170506.0,20170504,10,2.0,1,Non local,1,749.99,35600.78,0.1,75.0,3560.08
2491,874,4,4,1,661,3,2,7,77,20170505,20170506.0,20170504,10,2.0,1,Non local,2,799.99,37974.19,0.07,112.0,5316.39
2492,875,1,4,3,386,6,1,3,5,20170506,20170508.0,20170505,69,3.0,1,Non local,2,1320.99,62705.2,0.1,264.2,12541.04
2493,875,2,4,1,386,3,1,3,15,20170506,20170508.0,20170505,69,3.0,1,Non local,2,529.99,25157.74,0.05,53.0,2515.77
2494,875,3,4,1,386,3,1,3,14,20170506,20170508.0,20170505,69,3.0,1,Non local,1,269.99,12815.98,0.07,18.9,897.12
2495,875,4,4,7,386,2,1,3,111,20170506,20170508.0,20170505,69,3.0,1,Non local,1,470.99,22357.11,0.2,94.2,4471.42
2496,876,1,4,4,1046,3,2,7,17,20170508,20170506.0,20170505,18,1.0,0,Non local,2,429.0,20363.92,0.2,171.6,8145.57
2497,876,2,4,7,1046,3,2,7,66,20170508,20170506.0,20170505,18,1.0,0,Non local,2,250.99,11914.08,0.2,100.4,4765.63
2498,876,3,4,1,1046,1,2,7,96,20170508,20170506.0,20170505,18,1.0,0,Non local,1,349.99,16613.44,0.07,24.5,1162.94
2499,876,4,4,7,1046,2,2,7,107,20170508,20170506.0,20170505,18,1.0,0,Non local,2,416.99,19793.82,0.05,41.7,1979.38
2500,877,1,4,7,784,3,2,6,73,20170507,20170508.0,20170506,117,2.0,1,Non local,1,749.99,35600.78,0.07,52.5,2492.05
2501,877,2,4,7,784,2,2,6,103,20170507,20170508.0,20170506,117,2.0,1,Non local,1,551.99,26202.05,0.1,55.2,2620.2
2502,878,1,4,7,224,2,1,3,103,20170510,20170509.0,20170507,127,2.0,0,Non local,1,551.99,26202.05,0.2,110.4,5240.41
2503,878,2,4,1,224,3,1,3,13,20170510,20170509.0,20170507,127,2.0,0,Non local,1,269.99,12815.98,0.1,27.0,1281.6
2504,878,3,4,8,224,6,1,3,6,20170510,20170509.0,20170507,127,2.0,0,Non local,2,469.99,22309.64,0.2,188.0,8923.86
2505,878,4,4,4,224,3,1,3,18,20170510,20170509.0,20170507,127,2.0,0,Non local,2,449.0,21313.28,0.05,44.9,2131.33
2506,879,1,4,1,214,1,2,7,100,20170509,20170509.0,20170508,60,1.0,0,Non local,2,489.99,23259.01,0.2,196.0,9303.6
2507,879,2,4,5,214,6,2,7,2,20170509,20170509.0,20170508,60,1.0,0,Non local,2,749.99,35600.78,0.07,105.0,4984.11
2508,879,3,4,9,214,1,2,7,83,20170509,20170509.0,20170508,60,1.0,0,Non local,2,149.99,7119.78,0.2,60.0,2847.91
2509,879,4,4,1,214,3,2,7,82,20170509,20170509.0,20170508,60,1.0,0,Non local,1,659.99,31328.63,0.07,46.2,2193.0
2510,880,1,4,8,1206,6,2,6,28,20170511,20170510.0,20170508,22,2.0,0,Non local,2,2499.99,118670.36,0.2,1000.0,47468.15
2511,880,2,4,1,1206,1,2,6,95,20170511,20170510.0,20170508,22,2.0,0,Non local,1,299.99,14240.03,0.1,30.0,1424.0
2512,880,3,4,3,1206,6,2,6,5,20170511,20170510.0,20170508,22,2.0,0,Non local,1,1320.99,62705.2,0.07,92.47,4389.36
2513,880,4,4,1,1206,2,2,6,26,20170511,20170510.0,20170508,22,2.0,0,Non local,1,599.99,28480.53,0.1,60.0,2848.05
2514,880,5,4,7,1206,3,2,6,66,20170511,20170510.0,20170508,22,2.0,0,Non local,1,250.99,11914.08,0.2,50.2,2382.82
2515,881,1,4,1,1024,1,3,9,98,20170511,20170511.0,20170508,135,3.0,0,Non local,1,489.99,23259.01,0.07,34.3,1628.13
2516,881,2,4,9,1024,7,3,9,50,20170511,20170511.0,20170508,135,3.0,0,Non local,1,5999.99,284809.54,0.2,1200.0,56961.91
2517,881,3,4,1,1024,3,3,9,64,20170511,20170511.0,20170508,135,3.0,0,Non local,2,489.99,23259.01,0.05,49.0,2325.9
2518,881,4,4,7,1024,3,3,9,67,20170511,20170511.0,20170508,135,3.0,0,Non local,1,250.99,11914.08,0.1,25.1,1191.41
2519,882,1,4,9,196,4,2,6,63,20170512,20170510.0,20170509,60,1.0,0,Non local,2,3499.99,166138.7,0.07,490.0,23259.42
2520,882,2,4,7,196,2,2,6,108,20170512,20170510.0,20170509,60,1.0,0,Non local,2,449.99,21360.28,0.2,180.0,8544.11
2521,882,3,4,9,196,7,2,6,57,20170512,20170510.0,20170509,60,1.0,0,Non local,2,1999.99,94936.2,0.07,280.0,13291.07
2522,883,1,4,2,507,6,2,6,44,20170513,20170514.0,20170511,98,3.0,1,Non local,1,539.99,25632.43,0.05,27.0,1281.62
2523,883,2,4,3,507,6,2,6,5,20170513,20170514.0,20170511,98,3.0,1,Non local,2,1320.99,62705.2,0.05,132.1,6270.52
2524,884,1,4,9,871,7,2,7,49,20170513,20170512.0,20170511,116,1.0,0,Non local,2,3499.99,166138.7,0.05,350.0,16613.87
2525,884,2,4,7,871,3,2,7,69,20170513,20170512.0,20170511,116,1.0,0,Non local,2,416.99,19793.82,0.07,58.38,2771.13
2526,884,3,4,2,871,6,2,7,46,20170513,20170512.0,20170511,116,1.0,0,Non local,2,1409.99,66929.88,0.2,564.0,26771.95
2527,884,4,4,8,871,4,2,7,10,20170513,20170512.0,20170511,116,1.0,0,Non local,1,1549.0,73528.45,0.1,154.9,7352.85
2528,884,5,4,1,871,1,2,7,21,20170513,20170512.0,20170511,116,1.0,0,Non local,2,269.99,12815.98,0.05,27.0,1281.6
2529,885,1,3,7,66,2,3,8,106,20170513,,20170513,56,,0,Non local,1,449.99,21360.28,0.07,31.5,1495.22
2530,885,2,3,9,66,6,3,8,43,20170513,,20170513,56,,0,Non local,1,5299.99,251581.7,0.1,530.0,25158.17
2531,886,1,4,9,1396,6,1,2,47,20170514,20170515.0,20170513,83,2.0,1,Non local,1,5299.99,251581.7,0.05,265.0,12579.09
2532,886,2,4,8,1396,6,1,2,30,20170514,20170515.0,20170513,83,2.0,1,Non local,1,999.99,47467.86,0.05,50.0,2373.39
2533,887,1,4,9,1195,7,2,6,50,20170515,20170515.0,20170513,7,2.0,0,Non local,2,5999.99,284809.54,0.05,600.0,28480.95
2534,887,2,4,1,1195,3,2,6,70,20170515,20170515.0,20170513,7,2.0,0,Non local,1,659.99,31328.63,0.1,66.0,3132.86
2535,888,1,4,8,1038,6,2,7,33,20170516,20170516.0,20170514,151,2.0,0,Non local,2,469.99,22309.64,0.1,94.0,4461.93
2536,888,2,4,1,1038,2,2,7,26,20170516,20170516.0,20170514,151,2.0,0,Non local,2,599.99,28480.53,0.2,240.0,11392.21
2537,889,1,4,1,830,3,3,8,12,20170517,20170515.0,20170514,191,1.0,0,Non local,2,549.99,26107.11,0.1,110.0,5221.42
2538,890,1,4,1,171,3,2,6,16,20170518,20170518.0,20170515,4,3.0,0,Non local,2,599.99,28480.53,0.1,120.0,5696.11
2539,890,2,4,7,171,2,2,6,105,20170518,20170518.0,20170515,4,3.0,0,Non local,2,533.99,25347.62,0.1,106.8,5069.52
2540,890,3,4,8,171,7,2,6,52,20170518,20170518.0,20170515,4,3.0,0,Non local,1,875.99,41581.79,0.05,43.8,2079.09
2541,890,4,4,7,171,3,2,6,67,20170518,20170518.0,20170515,4,3.0,0,Non local,1,250.99,11914.08,0.1,25.1,1191.41
2542,890,5,4,7,171,3,2,6,65,20170518,20170518.0,20170515,4,3.0,0,Non local,2,346.99,16471.04,0.1,69.4,3294.21
2543,891,1,4,7,384,2,2,6,107,20170518,20170516.0,20170515,159,1.0,0,Non local,2,416.99,19793.82,0.1,83.4,3958.76
2544,891,2,4,9,384,6,2,6,32,20170518,20170516.0,20170515,159,1.0,0,Non local,1,469.99,22309.64,0.05,23.5,1115.48
2545,891,3,4,7,384,6,2,6,35,20170518,20170516.0,20170515,159,1.0,0,Non local,2,832.99,39540.65,0.1,166.6,7908.13
2546,891,4,4,9,384,7,2,6,50,20170518,20170516.0,20170515,159,1.0,0,Non local,1,5999.99,284809.54,0.1,600.0,28480.95
2547,892,1,4,8,651,6,2,7,36,20170518,20170517.0,20170515,158,2.0,0,Non local,1,832.99,39540.65,0.1,83.3,3954.06
2548,892,2,4,9,651,5,2,7,9,20170518,20170517.0,20170515,158,2.0,0,Non local,2,2999.99,142404.53,0.2,1200.0,56961.81
2549,892,3,4,9,651,7,2,7,50,20170518,20170517.0,20170515,158,2.0,0,Non local,2,5999.99,284809.54,0.07,840.0,39873.33
2550,892,4,4,9,651,1,2,7,88,20170518,20170517.0,20170515,158,2.0,0,Non local,1,189.99,9018.51,0.05,9.5,450.93
2551,893,1,4,7,1293,3,2,7,67,20170519,20170519.0,20170516,81,3.0,0,Non local,2,250.99,11914.08,0.05,25.1,1191.41
2552,893,2,4,2,1293,6,2,7,45,20170519,20170519.0,20170516,81,3.0,0,Non local,1,869.99,41296.98,0.07,60.9,2890.79
2553,894,1,4,1,1320,1,2,6,101,20170519,20170519.0,20170516,90,3.0,0,Non local,2,339.99,16138.76,0.2,136.0,6455.5
2554,895,1,4,7,857,2,2,6,106,20170521,20170519.0,20170518,116,1.0,0,Non local,1,449.99,21360.28,0.07,31.5,1495.22
2555,896,1,4,9,376,1,3,9,91,20170522,20170521.0,20170519,20,2.0,0,Non local,2,349.99,16613.44,0.05,35.0,1661.34
2556,896,2,4,8,376,4,3,9,10,20170522,20170521.0,20170519,20,2.0,0,Non local,1,1549.0,73528.45,0.05,77.45,3676.42
2557,897,1,4,7,47,2,1,2,105,20170521,20170521.0,20170520,43,1.0,0,Non local,1,533.99,25347.62,0.05,26.7,1267.38
2558,897,2,4,1,47,1,1,2,96,20170521,20170521.0,20170520,43,1.0,0,Non local,1,349.99,16613.44,0.05,17.5,830.67
2559,898,1,4,2,352,6,2,6,45,20170521,20170522.0,20170520,118,2.0,1,Non local,2,869.99,41296.98,0.2,348.0,16518.79
2560,898,2,4,1,352,3,2,6,16,20170521,20170522.0,20170520,118,2.0,1,Non local,1,599.99,28480.53,0.07,42.0,1993.64
2561,898,3,4,9,352,7,2,6,57,20170521,20170522.0,20170520,118,2.0,1,Non local,2,1999.99,94936.2,0.2,800.0,37974.48
2562,898,4,4,7,352,3,2,6,69,20170521,20170522.0,20170520,118,2.0,1,Non local,2,416.99,19793.82,0.07,58.38,2771.13
2563,899,1,4,9,605,7,2,7,59,20170521,20170521.0,20170520,165,1.0,0,Non local,2,2599.99,123417.2,0.1,520.0,24683.44
2564,899,2,4,4,605,3,2,7,17,20170521,20170521.0,20170520,165,1.0,0,Non local,1,429.0,20363.92,0.1,42.9,2036.39
2565,899,3,4,8,605,6,2,7,6,20170521,20170521.0,20170520,165,1.0,0,Non local,1,469.99,22309.64,0.2,94.0,4461.93
2566,900,1,4,1,971,2,2,6,26,20170521,20170522.0,20170520,128,2.0,1,Non local,2,599.99,28480.53,0.05,60.0,2848.05
2567,900,2,4,7,971,2,2,6,108,20170521,20170522.0,20170520,128,2.0,1,Non local,1,449.99,21360.28,0.07,31.5,1495.22
2568,900,3,4,9,971,1,2,6,89,20170521,20170522.0,20170520,128,2.0,1,Non local,1,209.99,9967.88,0.2,42.0,1993.58
2569,900,4,4,9,971,5,2,6,61,20170521,20170522.0,20170520,128,2.0,1,Non local,2,4999.99,237341.2,0.05,500.0,23734.12
2570,900,5,4,8,971,6,2,6,28,20170521,20170522.0,20170520,128,2.0,1,Non local,2,2499.99,118670.36,0.07,350.0,16613.85
2571,901,1,4,9,345,7,2,7,50,20170522,20170524.0,20170521,122,3.0,1,Non local,1,5999.99,284809.54,0.2,1200.0,56961.91
2572,901,2,4,9,345,6,2,7,43,20170522,20170524.0,20170521,122,3.0,1,Non local,1,5299.99,251581.7,0.07,371.0,17610.72
2573,902,1,4,2,1278,6,2,6,38,20170524,20170522.0,20170521,8,1.0,0,Non local,2,549.99,26107.11,0.07,77.0,3655.0
2574,902,2,4,2,1278,1,2,6,92,20170524,20170522.0,20170521,8,1.0,0,Non local,1,209.99,9967.88,0.07,14.7,697.75
2575,902,3,4,1,1278,3,2,6,12,20170524,20170522.0,20170521,8,1.0,0,Non local,1,549.99,26107.11,0.2,110.0,5221.42
2576,902,4,4,1,1278,3,2,6,76,20170524,20170522.0,20170521,8,1.0,0,Non local,2,299.99,14240.03,0.05,30.0,1424.0
2577,903,1,4,8,179,6,2,7,31,20170523,20170524.0,20170522,86,2.0,1,Non local,2,1632.99,77515.32,0.07,228.62,10852.14
2578,903,2,4,9,179,7,2,7,48,20170523,20170524.0,20170522,86,2.0,1,Non local,2,1499.99,71202.03,0.05,150.0,7120.2
2579,904,1,4,8,1020,6,1,2,36,20170526,20170524.0,20170523,51,1.0,0,Non local,2,832.99,39540.65,0.1,166.6,7908.13
2580,904,2,4,9,1020,7,1,2,51,20170526,20170524.0,20170523,51,1.0,0,Non local,2,6499.99,308543.7,0.07,910.0,43196.12
2581,904,3,4,2,1020,1,1,2,92,20170526,20170524.0,20170523,51,1.0,0,Non local,2,209.99,9967.88,0.2,84.0,3987.15
2582,904,4,4,1,1020,3,1,2,13,20170526,20170524.0,20170523,51,1.0,0,Non local,1,269.99,12815.98,0.2,54.0,2563.2
2583,905,1,4,7,609,3,2,6,67,20170526,20170524.0,20170523,79,1.0,0,Non local,1,250.99,11914.08,0.1,25.1,1191.41
2584,905,2,4,9,609,4,2,6,62,20170526,20170524.0,20170523,79,1.0,0,Non local,2,3499.99,166138.7,0.05,350.0,16613.87
2585,905,3,4,9,609,6,2,6,42,20170526,20170524.0,20170523,79,1.0,0,Non local,2,2299.99,109176.7,0.2,920.0,43670.68
2586,905,4,4,1,609,3,2,6,20,20170526,20170524.0,20170523,79,1.0,0,Non local,1,599.99,28480.53,0.2,120.0,5696.11
2587,906,1,4,1,877,1,2,7,23,20170526,20170526.0,20170523,88,3.0,0,Non local,2,299.99,14240.03,0.2,120.0,5696.01
2588,906,2,4,8,877,6,2,7,28,20170526,20170526.0,20170523,88,3.0,0,Non local,2,2499.99,118670.36,0.07,350.0,16613.85
2589,906,3,4,2,877,6,2,7,46,20170526,20170526.0,20170523,88,3.0,0,Non local,1,1409.99,66929.88,0.05,70.5,3346.49
2590,906,4,4,1,877,2,2,7,102,20170526,20170526.0,20170523,88,3.0,0,Non local,2,489.99,23259.01,0.1,98.0,4651.8
2591,906,5,4,1,877,1,2,7,22,20170526,20170526.0,20170523,88,3.0,0,Non local,2,269.99,12815.98,0.2,108.0,5126.39
2592,907,1,4,7,120,1,1,2,84,20170526,20170527.0,20170524,87,3.0,1,Non local,2,109.99,5221.04,0.07,15.4,730.95
2593,907,2,4,7,120,3,1,2,65,20170526,20170527.0,20170524,87,3.0,1,Non local,1,346.99,16471.04,0.07,24.29,1152.97
2594,908,1,4,2,402,6,2,7,41,20170528,20170527.0,20170525,86,2.0,0,Non local,1,1469.99,69777.98,0.2,294.0,13955.6
2595,908,2,4,2,402,1,2,7,94,20170528,20170527.0,20170525,86,2.0,0,Non local,1,249.99,11866.61,0.1,25.0,1186.66
2596,908,3,4,1,402,2,2,7,102,20170528,20170527.0,20170525,86,2.0,0,Non local,2,489.99,23259.01,0.1,98.0,4651.8
2597,909,1,4,3,188,6,1,2,5,20170527,20170528.0,20170526,108,2.0,1,Non local,1,1320.99,62705.2,0.2,264.2,12541.04
2598,910,1,4,1,342,1,2,7,23,20170528,20170528.0,20170526,44,2.0,0,Non local,1,299.99,14240.03,0.1,30.0,1424.0
2599,911,1,4,7,887,3,2,6,66,20170529,20170529.0,20170526,78,3.0,0,Non local,2,250.99,11914.08,0.05,25.1,1191.41
2600,911,2,4,7,887,2,2,6,106,20170529,20170529.0,20170526,78,3.0,0,Non local,1,449.99,21360.28,0.05,22.5,1068.01
2601,911,3,4,9,887,1,2,6,91,20170529,20170529.0,20170526,78,3.0,0,Non local,2,349.99,16613.44,0.05,35.0,1661.34
2602,911,4,4,9,887,7,2,6,49,20170529,20170529.0,20170526,78,3.0,0,Non local,1,3499.99,166138.7,0.2,700.0,33227.74
2603,912,1,4,1,519,1,1,2,22,20170529,20170529.0,20170527,31,2.0,0,Non local,2,269.99,12815.98,0.2,108.0,5126.39
2604,912,2,4,7,519,3,1,2,71,20170529,20170529.0,20170527,31,2.0,0,Non local,2,416.99,19793.82,0.05,41.7,1979.38
2605,912,3,4,1,519,1,1,2,101,20170529,20170529.0,20170527,31,2.0,0,Non local,1,339.99,16138.76,0.05,17.0,806.94
2606,912,4,4,5,519,6,1,2,2,20170529,20170529.0,20170527,31,2.0,0,Non local,2,749.99,35600.78,0.2,300.0,14240.31
2607,913,1,4,9,699,1,2,6,90,20170529,20170529.0,20170527,50,2.0,0,Non local,2,209.99,9967.88,0.1,42.0,1993.58
2608,913,2,4,1,699,2,2,6,24,20170529,20170529.0,20170527,50,2.0,0,Non local,2,549.99,26107.11,0.05,55.0,2610.71
2609,914,1,4,2,1068,6,1,2,38,20170531,20170531.0,20170528,68,3.0,0,Non local,1,549.99,26107.11,0.07,38.5,1827.5
2610,914,2,4,1,1068,3,1,2,20,20170531,20170531.0,20170528,68,3.0,0,Non local,2,599.99,28480.53,0.2,240.0,11392.21
2611,914,3,4,7,1068,2,1,2,106,20170531,20170531.0,20170528,68,3.0,0,Non local,1,449.99,21360.28,0.05,22.5,1068.01
2612,914,4,4,2,1068,6,1,2,46,20170531,20170531.0,20170528,68,3.0,0,Non local,1,1409.99,66929.88,0.1,141.0,6692.99
2613,915,1,4,1,215,3,2,6,64,20170530,20170530.0,20170528,123,2.0,0,Non local,1,489.99,23259.01,0.05,24.5,1162.95
2614,915,2,4,9,215,7,2,6,48,20170530,20170530.0,20170528,123,2.0,0,Non local,1,1499.99,71202.03,0.07,105.0,4984.14
2615,915,3,4,9,215,6,2,6,42,20170530,20170530.0,20170528,123,2.0,0,Non local,1,2299.99,109176.7,0.2,460.0,21835.34
2616,915,4,4,5,215,6,2,6,2,20170530,20170530.0,20170528,123,2.0,0,Non local,1,749.99,35600.78,0.07,52.5,2492.05
2617,916,1,4,2,718,1,2,6,92,20170529,20170529.0,20170528,121,1.0,0,Non local,1,209.99,9967.88,0.2,42.0,1993.58
2618,917,1,4,2,881,6,1,2,41,20170531,20170601.0,20170529,179,3.0,1,Non local,1,1469.99,69777.98,0.07,102.9,4884.46
2619,918,1,4,9,242,1,1,3,91,20170531,20170531.0,20170530,132,1.0,0,Non local,1,349.99,16613.44,0.2,70.0,3322.69
2620,918,2,4,8,242,6,1,3,31,20170531,20170531.0,20170530,132,1.0,0,Non local,1,1632.99,77515.32,0.1,163.3,7751.53
2621,918,3,4,9,242,6,1,3,4,20170531,20170531.0,20170530,132,1.0,0,Non local,2,2899.99,137657.7,0.07,406.0,19272.08
2622,919,1,4,9,781,6,2,7,7,20170531,20170531.0,20170530,75,1.0,0,Non local,1,3999.99,189872.87,0.07,280.0,13291.1
2623,919,2,4,2,781,6,2,7,44,20170531,20170531.0,20170530,75,1.0,0,Non local,1,539.99,25632.43,0.1,54.0,2563.24
2624,920,1,4,1,966,3,2,7,76,20170601,20170602.0,20170530,177,3.0,1,Non local,1,299.99,14240.03,0.05,15.0,712.0
2625,920,2,4,9,966,6,2,7,39,20170601,20170602.0,20170530,177,3.0,1,Non local,2,1499.99,71202.03,0.07,210.0,9968.28
2626,920,3,4,7,966,3,2,7,78,20170601,20170602.0,20170530,177,3.0,1,Non local,1,647.99,30759.01,0.05,32.4,1537.95
2627,920,4,4,7,966,3,2,7,80,20170601,20170602.0,20170530,177,3.0,1,Non local,2,761.99,36170.4,0.07,106.68,5063.86
2628,921,1,4,1,628,3,2,6,77,20170602,20170602.0,20170531,91,2.0,0,Non local,1,799.99,37974.19,0.2,160.0,7594.84
2629,921,2,4,1,628,3,2,6,75,20170602,20170602.0,20170531,91,2.0,0,Non local,2,599.99,28480.53,0.07,84.0,3987.27
2630,921,3,4,9,628,7,2,6,48,20170602,20170602.0,20170531,91,2.0,0,Non local,1,1499.99,71202.03,0.1,150.0,7120.2
2631,922,1,4,7,656,3,2,6,68,20170601,20170603.0,20170531,81,3.0,1,Non local,1,449.99,21360.28,0.2,90.0,4272.06
2632,922,2,4,7,656,3,2,6,73,20170601,20170603.0,20170531,81,3.0,1,Non local,1,749.99,35600.78,0.2,150.0,7120.16
2633,922,3,4,9,656,1,2,6,86,20170601,20170603.0,20170531,81,3.0,1,Non local,1,149.99,7119.78,0.1,15.0,711.98
2634,923,1,4,1,769,3,2,7,74,20170603,20170602.0,20170531,148,2.0,0,Non local,2,439.99,20885.59,0.05,44.0,2088.56
2635,923,2,4,8,769,6,2,7,6,20170603,20170602.0,20170531,148,2.0,0,Non local,1,469.99,22309.64,0.1,47.0,2230.96
2636,924,1,3,1,68,1,3,8,97,20170602,,20170602,57,,0,local,2,349.99,16613.44,0.2,140.0,6645.38
2637,924,2,3,8,68,6,3,8,36,20170602,,20170602,57,,0,local,1,832.99,39540.65,0.2,166.6,7908.13
2638,925,1,4,1,1316,1,2,7,97,20170605,20170603.0,20170602,94,1.0,0,Non local,1,349.99,16613.44,0.07,24.5,1162.94
2639,925,2,4,9,1316,4,2,7,62,20170605,20170603.0,20170602,94,1.0,0,Non local,2,3499.99,166138.7,0.2,1400.0,66455.48
2640,926,1,4,2,233,6,1,2,37,20170605,20170606.0,20170603,109,3.0,1,Non local,2,379.99,18037.49,0.2,152.0,7215.0
2641,927,1,4,1,1438,3,1,2,74,20170605,20170606.0,20170603,82,3.0,1,Non local,2,439.99,20885.59,0.1,88.0,4177.12
2642,927,2,4,1,1438,3,1,2,16,20170605,20170606.0,20170603,82,3.0,1,Non local,2,599.99,28480.53,0.2,240.0,11392.21
2643,927,3,4,9,1438,7,1,2,50,20170605,20170606.0,20170603,82,3.0,1,Non local,1,5999.99,284809.54,0.1,600.0,28480.95
2644,927,4,4,8,1438,6,1,2,3,20170605,20170606.0,20170603,82,3.0,1,Non local,1,999.99,47467.86,0.1,100.0,4746.79
2645,927,5,4,9,1438,6,1,2,43,20170605,20170606.0,20170603,82,3.0,1,Non local,1,5299.99,251581.7,0.07,371.0,17610.72
2646,928,1,4,7,957,3,1,3,71,20170606,20170606.0,20170605,83,1.0,0,Non local,2,416.99,19793.82,0.05,41.7,1979.38
2647,928,2,4,9,957,1,1,3,83,20170606,20170606.0,20170605,83,1.0,0,Non local,1,149.99,7119.78,0.2,30.0,1423.96
2648,929,1,4,1,472,3,2,6,82,20170606,20170608.0,20170605,53,3.0,1,Non local,1,659.99,31328.63,0.2,132.0,6265.73
2649,929,2,4,9,472,4,2,6,63,20170606,20170608.0,20170605,53,3.0,1,Non local,2,3499.99,166138.7,0.1,700.0,33227.74
2650,929,3,4,1,472,2,2,6,24,20170606,20170608.0,20170605,53,3.0,1,Non local,1,549.99,26107.11,0.05,27.5,1305.36
2651,930,1,4,9,1224,7,3,9,56,20170606,20170606.0,20170605,164,1.0,0,Non local,2,5499.99,261075.37,0.07,770.0,36550.55
2652,930,2,4,1,1224,3,3,9,82,20170606,20170606.0,20170605,164,1.0,0,Non local,1,659.99,31328.63,0.07,46.2,2193.0
2653,930,3,4,7,1224,5,3,9,60,20170606,20170606.0,20170605,164,1.0,0,Non local,1,1559.99,74050.13,0.1,156.0,7405.01
2654,930,4,4,7,1224,3,3,9,65,20170606,20170606.0,20170605,164,1.0,0,Non local,2,346.99,16471.04,0.05,34.7,1647.1
2655,930,5,4,9,1224,7,3,9,51,20170606,20170606.0,20170605,164,1.0,0,Non local,2,6499.99,308543.7,0.1,1300.0,61708.74
2656,931,1,4,9,631,7,2,6,49,20170608,20170608.0,20170607,27,1.0,0,Non local,2,3499.99,166138.7,0.07,490.0,23259.42
2657,931,2,4,1,631,3,2,6,76,20170608,20170608.0,20170607,27,1.0,0,Non local,1,299.99,14240.03,0.2,60.0,2848.01
2658,932,1,4,1,804,3,2,6,74,20170608,20170609.0,20170607,155,2.0,1,Non local,1,439.99,20885.59,0.05,22.0,1044.28
2659,933,1,4,1,909,3,2,6,77,20170610,20170608.0,20170607,4,1.0,0,Non local,1,799.99,37974.19,0.07,56.0,2658.19
2660,933,2,4,1,909,1,2,6,21,20170610,20170608.0,20170607,4,1.0,0,Non local,1,269.99,12815.98,0.2,54.0,2563.2
2661,933,3,4,1,909,3,2,6,75,20170610,20170608.0,20170607,4,1.0,0,Non local,2,599.99,28480.53,0.05,60.0,2848.05
2662,934,1,4,7,93,6,2,7,35,20170610,20170612.0,20170609,73,3.0,1,Non local,2,832.99,39540.65,0.05,83.3,3954.06
2663,934,2,4,9,93,7,2,7,48,20170610,20170612.0,20170609,73,3.0,1,Non local,1,1499.99,71202.03,0.05,75.0,3560.1
2664,934,3,4,4,93,3,2,7,18,20170610,20170612.0,20170609,73,3.0,1,Non local,1,449.0,21313.28,0.1,44.9,2131.33
2665,934,4,4,9,93,5,2,7,61,20170610,20170612.0,20170609,73,3.0,1,Non local,1,4999.99,237341.2,0.07,350.0,16613.88
2666,934,5,4,9,93,7,2,7,56,20170610,20170612.0,20170609,73,3.0,1,Non local,2,5499.99,261075.37,0.2,2200.0,104430.15
2667,935,1,3,7,43,3,3,8,65,20170610,,20170610,40,,0,Non local,2,346.99,16471.04,0.2,138.8,6588.42
2668,935,2,3,1,43,3,3,8,76,20170610,,20170610,40,,0,Non local,2,299.99,14240.03,0.07,42.0,1993.6
2669,935,3,3,8,43,6,3,8,6,20170610,,20170610,40,,0,Non local,1,469.99,22309.64,0.07,32.9,1561.67
2670,935,4,3,2,43,6,3,8,38,20170610,,20170610,40,,0,Non local,1,549.99,26107.11,0.07,38.5,1827.5
2671,936,1,4,1,265,3,2,6,70,20170613,20170612.0,20170610,49,2.0,0,Non local,1,659.99,31328.63,0.1,66.0,3132.86
2672,936,2,4,2,265,6,2,6,44,20170613,20170612.0,20170610,49,2.0,0,Non local,1,539.99,25632.43,0.07,37.8,1794.27
2673,937,1,4,7,73,2,2,7,108,20170614,20170613.0,20170611,33,2.0,0,Non local,2,449.99,21360.28,0.1,90.0,4272.06
2674,937,2,4,9,73,7,2,7,51,20170614,20170613.0,20170611,33,2.0,0,Non local,2,6499.99,308543.7,0.07,910.0,43196.12
2675,937,3,4,9,73,7,2,7,58,20170614,20170613.0,20170611,33,2.0,0,Non local,2,4999.99,237341.2,0.07,700.0,33227.77
2676,937,4,4,8,73,6,2,7,28,20170614,20170613.0,20170611,33,2.0,0,Non local,2,2499.99,118670.36,0.07,350.0,16613.85
2677,937,5,4,7,73,3,2,7,66,20170614,20170613.0,20170611,33,2.0,0,Non local,1,250.99,11914.08,0.2,50.2,2382.82
2678,938,1,4,9,129,6,2,6,4,20170612,20170612.0,20170611,91,1.0,0,Non local,1,2899.99,137657.7,0.05,145.0,6882.88
2679,938,2,4,1,129,3,2,6,13,20170612,20170612.0,20170611,91,1.0,0,Non local,1,269.99,12815.98,0.05,13.5,640.8
2680,939,1,4,3,1407,6,2,6,5,20170612,20170614.0,20170611,146,3.0,1,Non local,1,1320.99,62705.2,0.1,132.1,6270.52
2681,939,2,4,7,1407,2,2,6,107,20170612,20170614.0,20170611,146,3.0,1,Non local,2,416.99,19793.82,0.2,166.8,7917.53
2682,940,1,4,1,585,3,1,2,75,20170614,20170613.0,20170612,58,1.0,0,Non local,2,599.99,28480.53,0.2,240.0,11392.21
2683,941,1,4,1,736,2,1,2,25,20170614,20170614.0,20170612,3,2.0,0,Non local,1,499.99,23733.69,0.1,50.0,2373.37
2684,941,2,4,1,736,2,1,2,102,20170614,20170614.0,20170612,3,2.0,0,Non local,2,489.99,23259.01,0.05,49.0,2325.9
2685,941,3,4,8,736,4,1,2,11,20170614,20170614.0,20170612,3,2.0,0,Non local,2,1680.99,79793.8,0.07,235.34,11171.13
2686,942,1,4,1,537,1,2,6,98,20170616,20170615.0,20170613,163,2.0,0,Non local,2,489.99,23259.01,0.05,49.0,2325.9
2687,942,2,4,7,537,2,2,6,110,20170616,20170615.0,20170613,163,2.0,0,Non local,2,470.99,22357.11,0.1,94.2,4471.42
2688,942,3,4,7,537,6,2,6,35,20170616,20170615.0,20170613,163,2.0,0,Non local,2,832.99,39540.65,0.07,116.62,5535.69
2689,942,4,4,7,537,2,2,6,103,20170616,20170615.0,20170613,163,2.0,0,Non local,1,551.99,26202.05,0.05,27.6,1310.1
2690,942,5,4,1,537,1,2,6,100,20170616,20170615.0,20170613,163,2.0,0,Non local,1,489.99,23259.01,0.05,24.5,1162.95
2691,943,1,4,1,1025,2,2,6,25,20170615,20170615.0,20170613,72,2.0,0,Non local,1,499.99,23733.69,0.2,100.0,4746.74
2692,943,2,4,1,1025,3,2,6,82,20170615,20170615.0,20170613,72,2.0,0,Non local,1,659.99,31328.63,0.2,132.0,6265.73
2693,944,1,4,9,138,6,1,3,29,20170615,20170617.0,20170614,83,3.0,1,Non local,2,999.99,47467.86,0.07,140.0,6645.5
2694,944,2,4,1,138,3,1,3,16,20170615,20170617.0,20170614,83,3.0,1,Non local,2,599.99,28480.53,0.1,120.0,5696.11
2695,944,3,4,1,138,3,1,3,70,20170615,20170617.0,20170614,83,3.0,1,Non local,2,659.99,31328.63,0.2,264.0,12531.45
2696,944,4,4,2,138,1,1,3,85,20170615,20170617.0,20170614,83,3.0,1,Non local,2,329.99,15664.08,0.2,132.0,6265.63
2697,944,5,4,7,138,3,1,3,69,20170615,20170617.0,20170614,83,3.0,1,Non local,2,416.99,19793.82,0.07,58.38,2771.13
2698,945,1,4,7,167,2,2,7,105,20170615,20170616.0,20170614,95,2.0,1,Non local,1,533.99,25347.62,0.05,26.7,1267.38
2699,945,2,4,2,167,1,2,7,94,20170615,20170616.0,20170614,95,2.0,1,Non local,2,249.99,11866.61,0.2,100.0,4746.64
2700,945,3,4,9,167,6,2,7,34,20170615,20170616.0,20170614,95,2.0,1,Non local,2,469.99,22309.64,0.05,47.0,2230.96
2701,945,4,4,2,167,6,2,7,44,20170615,20170616.0,20170614,95,2.0,1,Non local,2,539.99,25632.43,0.1,108.0,5126.49
2702,945,5,4,9,167,7,2,7,50,20170615,20170616.0,20170614,95,2.0,1,Non local,2,5999.99,284809.54,0.05,600.0,28480.95
2703,946,1,4,9,525,6,2,6,7,20170616,20170615.0,20170614,165,1.0,0,Non local,1,3999.99,189872.87,0.1,400.0,18987.29
2704,946,2,4,2,525,1,2,6,85,20170616,20170615.0,20170614,165,1.0,0,Non local,2,329.99,15664.08,0.2,132.0,6265.63
2705,946,3,4,9,525,4,2,6,62,20170616,20170615.0,20170614,165,1.0,0,Non local,1,3499.99,166138.7,0.05,175.0,8306.93
2706,946,4,4,1,525,1,2,6,22,20170616,20170615.0,20170614,165,1.0,0,Non local,2,269.99,12815.98,0.2,108.0,5126.39
2707,946,5,4,9,525,7,2,6,56,20170616,20170615.0,20170614,165,1.0,0,Non local,2,5499.99,261075.37,0.07,770.0,36550.55
2708,947,1,4,9,278,6,1,3,32,20170618,20170617.0,20170615,2,2.0,0,Non local,1,469.99,22309.64,0.05,23.5,1115.48
2709,947,2,4,9,278,6,1,3,42,20170618,20170617.0,20170615,2,2.0,0,Non local,2,2299.99,109176.7,0.07,322.0,15284.74
2710,947,3,4,2,278,6,1,3,44,20170618,20170617.0,20170615,2,2.0,0,Non local,1,539.99,25632.43,0.07,37.8,1794.27
2711,948,1,4,1,618,1,2,6,23,20170617,20170617.0,20170615,39,2.0,0,Non local,2,299.99,14240.03,0.2,120.0,5696.01
2712,948,2,4,1,618,3,2,6,20,20170617,20170617.0,20170615,39,2.0,0,Non local,2,599.99,28480.53,0.1,120.0,5696.11
2713,948,3,4,1,618,1,2,6,101,20170617,20170617.0,20170615,39,2.0,0,Non local,1,339.99,16138.76,0.2,68.0,3227.75
2714,948,4,4,2,618,1,2,6,92,20170617,20170617.0,20170615,39,2.0,0,Non local,2,209.99,9967.88,0.2,84.0,3987.15
2715,948,5,4,7,618,3,2,6,72,20170617,20170617.0,20170615,39,2.0,0,Non local,2,619.99,29429.89,0.2,248.0,11771.96
2716,949,1,4,9,867,5,1,3,9,20170618,20170617.0,20170616,2,1.0,0,Non local,2,2999.99,142404.53,0.1,600.0,28480.91
2717,949,2,4,9,867,7,1,3,55,20170618,20170617.0,20170616,2,1.0,0,Non local,2,2699.99,128164.03,0.05,270.0,12816.4
2718,950,1,4,9,142,7,2,6,56,20170619,20170618.0,20170616,84,2.0,0,Non local,1,5499.99,261075.37,0.05,275.0,13053.77
2719,951,1,4,9,339,7,2,7,59,20170619,20170619.0,20170616,49,3.0,0,Non local,1,2599.99,123417.2,0.1,260.0,12341.72
2720,951,2,4,9,339,6,2,7,43,20170619,20170619.0,20170616,49,3.0,0,Non local,2,5299.99,251581.7,0.1,1060.0,50316.34
2721,951,3,4,9,339,4,2,7,62,20170619,20170619.0,20170616,49,3.0,0,Non local,2,3499.99,166138.7,0.2,1400.0,66455.48
2722,952,1,4,1,355,3,2,7,20,20170618,20170618.0,20170616,103,2.0,0,Non local,2,599.99,28480.53,0.07,84.0,3987.27
2723,952,2,4,9,355,7,2,7,57,20170618,20170618.0,20170616,103,2.0,0,Non local,1,1999.99,94936.2,0.05,100.0,4746.81
2724,953,1,4,1,658,1,2,7,23,20170618,20170617.0,20170616,11,1.0,0,Non local,2,299.99,14240.03,0.07,42.0,1993.6
2725,954,1,4,9,611,6,2,6,4,20170620,20170620.0,20170617,145,3.0,0,Non local,2,2899.99,137657.7,0.1,580.0,27531.54
2726,955,1,4,9,880,6,2,6,43,20170619,20170618.0,20170617,26,1.0,0,Non local,1,5299.99,251581.7,0.1,530.0,25158.17
2727,955,2,4,8,880,6,2,6,31,20170619,20170618.0,20170617,26,1.0,0,Non local,2,1632.99,77515.32,0.07,228.62,10852.14
2728,955,3,4,1,880,1,2,6,96,20170619,20170618.0,20170617,26,1.0,0,Non local,1,349.99,16613.44,0.05,17.5,830.67
2729,955,4,4,9,880,4,2,6,63,20170619,20170618.0,20170617,26,1.0,0,Non local,1,3499.99,166138.7,0.2,700.0,33227.74
2730,955,5,4,9,880,1,2,6,88,20170619,20170618.0,20170617,26,1.0,0,Non local,1,189.99,9018.51,0.05,9.5,450.93
2731,956,1,4,1,1184,3,2,6,76,20170619,20170620.0,20170617,95,3.0,1,Non local,2,299.99,14240.03,0.1,60.0,2848.01
2732,956,2,4,1,1184,1,2,6,23,20170619,20170620.0,20170617,95,3.0,1,Non local,1,299.99,14240.03,0.2,60.0,2848.01
2733,956,3,4,7,1184,3,2,6,73,20170619,20170620.0,20170617,95,3.0,1,Non local,2,749.99,35600.78,0.1,150.0,7120.16
2734,956,4,4,1,1184,3,2,6,13,20170619,20170620.0,20170617,95,3.0,1,Non local,2,269.99,12815.98,0.2,108.0,5126.39
2735,956,5,4,7,1184,3,2,6,79,20170619,20170620.0,20170617,95,3.0,1,Non local,2,402.99,19129.26,0.1,80.6,3825.85
2736,957,1,4,7,722,2,3,9,108,20170620,20170620.0,20170617,190,3.0,0,Non local,2,449.99,21360.28,0.05,45.0,2136.03
2737,957,2,4,1,722,3,3,9,14,20170620,20170620.0,20170617,190,3.0,0,Non local,2,269.99,12815.98,0.07,37.8,1794.24
2738,957,3,4,1,722,3,3,9,70,20170620,20170620.0,20170617,190,3.0,0,Non local,2,659.99,31328.63,0.05,66.0,3132.86
2739,957,4,4,7,722,3,3,9,66,20170620,20170620.0,20170617,190,3.0,0,Non local,1,250.99,11914.08,0.07,17.57,833.99
2740,957,5,4,7,722,2,3,9,111,20170620,20170620.0,20170617,190,3.0,0,Non local,1,470.99,22357.11,0.05,23.55,1117.86
2741,958,1,4,9,1276,7,1,2,51,20170620,20170619.0,20170618,111,1.0,0,Non local,1,6499.99,308543.7,0.1,650.0,30854.37
2742,958,2,4,1,1276,3,1,2,76,20170620,20170619.0,20170618,111,1.0,0,Non local,1,299.99,14240.03,0.2,60.0,2848.01
2743,959,1,4,1,650,3,2,7,15,20170621,20170621.0,20170618,27,3.0,0,Non local,1,529.99,25157.74,0.2,106.0,5031.55
2744,959,2,4,7,650,3,2,7,72,20170621,20170621.0,20170618,27,3.0,0,Non local,1,619.99,29429.89,0.1,62.0,2942.99
2745,959,3,4,2,650,6,2,7,41,20170621,20170621.0,20170618,27,3.0,0,Non local,1,1469.99,69777.98,0.05,73.5,3488.9
2746,959,4,4,7,650,3,2,7,65,20170621,20170621.0,20170618,27,3.0,0,Non local,1,346.99,16471.04,0.07,24.29,1152.97
2747,960,1,4,7,1390,3,2,7,73,20170619,20170619.0,20170618,75,1.0,0,Non local,2,749.99,35600.78,0.05,75.0,3560.08
2748,960,2,4,8,1390,7,2,7,52,20170619,20170619.0,20170618,75,1.0,0,Non local,1,875.99,41581.79,0.1,87.6,4158.18
2749,960,3,4,9,1390,7,2,7,48,20170619,20170619.0,20170618,75,1.0,0,Non local,2,1499.99,71202.03,0.05,150.0,7120.2
2750,960,4,4,9,1390,1,2,7,83,20170619,20170619.0,20170618,75,1.0,0,Non local,2,149.99,7119.78,0.1,30.0,1423.96
2751,961,1,4,7,82,2,1,2,105,20170621,20170622.0,20170619,64,3.0,1,Non local,1,533.99,25347.62,0.1,53.4,2534.76
2752,961,2,4,9,82,6,1,2,47,20170621,20170622.0,20170619,64,3.0,1,Non local,2,5299.99,251581.7,0.2,2120.0,100632.68
2753,961,3,4,7,82,3,1,2,65,20170621,20170622.0,20170619,64,3.0,1,Non local,2,346.99,16471.04,0.07,48.58,2305.95
2754,962,1,4,7,570,3,2,7,65,20170622,20170620.0,20170619,96,1.0,0,Non local,2,346.99,16471.04,0.07,48.58,2305.95
2755,962,2,4,1,570,3,2,7,64,20170622,20170620.0,20170619,96,1.0,0,Non local,2,489.99,23259.01,0.07,68.6,3256.26
2756,963,1,4,9,1432,6,2,6,4,20170621,20170621.0,20170619,21,2.0,0,Non local,1,2899.99,137657.7,0.07,203.0,9636.04
2757,964,1,4,9,404,1,2,7,90,20170622,20170622.0,20170620,117,2.0,0,Non local,1,209.99,9967.88,0.2,42.0,1993.58
2758,964,2,4,1,404,3,2,7,74,20170622,20170622.0,20170620,117,2.0,0,Non local,1,439.99,20885.59,0.2,88.0,4177.12
2759,965,1,4,9,457,1,2,6,90,20170622,20170623.0,20170620,39,3.0,1,Non local,2,209.99,9967.88,0.1,42.0,1993.58
2760,966,1,4,9,389,1,3,8,88,20170622,20170622.0,20170620,52,2.0,0,Non local,1,189.99,9018.51,0.05,9.5,450.93
2761,966,2,4,7,389,3,3,8,73,20170622,20170622.0,20170620,52,2.0,0,Non local,1,749.99,35600.78,0.07,52.5,2492.05
2762,967,1,4,7,1323,3,2,6,66,20170624,20170624.0,20170621,188,3.0,0,Non local,1,250.99,11914.08,0.2,50.2,2382.82
2763,967,2,4,1,1323,3,2,6,77,20170624,20170624.0,20170621,188,3.0,0,Non local,2,799.99,37974.19,0.05,80.0,3797.42
2764,967,3,4,9,1323,1,2,6,87,20170624,20170624.0,20170621,188,3.0,0,Non local,1,189.99,9018.51,0.1,19.0,901.85
2765,967,4,4,7,1323,2,2,6,103,20170624,20170624.0,20170621,188,3.0,0,Non local,1,551.99,26202.05,0.2,110.4,5240.41
2766,968,1,4,9,1403,1,2,6,87,20170623,20170623.0,20170621,73,2.0,0,Non local,1,189.99,9018.51,0.2,38.0,1803.7
2767,968,2,4,9,1403,5,2,6,61,20170623,20170623.0,20170621,73,2.0,0,Non local,2,4999.99,237341.2,0.05,500.0,23734.12
2768,968,3,4,8,1403,4,2,6,10,20170623,20170623.0,20170621,73,2.0,0,Non local,2,1549.0,73528.45,0.05,154.9,7352.85
2769,969,1,4,1,248,3,3,9,74,20170624,20170622.0,20170621,125,1.0,0,Non local,1,439.99,20885.59,0.2,88.0,4177.12
2770,969,2,4,8,248,6,3,9,36,20170624,20170622.0,20170621,125,1.0,0,Non local,1,832.99,39540.65,0.1,83.3,3954.06
2771,970,1,4,2,836,1,2,7,85,20170625,20170623.0,20170622,157,1.0,0,Non local,1,329.99,15664.08,0.1,33.0,1566.41
2772,970,2,4,9,836,7,2,7,48,20170625,20170623.0,20170622,157,1.0,0,Non local,2,1499.99,71202.03,0.1,300.0,14240.41
2773,970,3,4,9,836,7,2,7,54,20170625,20170623.0,20170622,157,1.0,0,Non local,2,3199.99,151898.2,0.1,640.0,30379.64
2774,970,4,4,7,836,3,2,7,68,20170625,20170623.0,20170622,157,1.0,0,Non local,1,449.99,21360.28,0.1,45.0,2136.03
2775,971,1,4,1,1426,3,3,8,70,20170623,20170624.0,20170622,89,2.0,1,Non local,2,659.99,31328.63,0.05,66.0,3132.86
2776,971,2,4,7,1426,3,3,8,65,20170623,20170624.0,20170622,89,2.0,1,Non local,2,346.99,16471.04,0.07,48.58,2305.95
2777,971,3,4,9,1426,6,3,8,8,20170623,20170624.0,20170622,89,2.0,1,Non local,2,1799.99,85442.53,0.05,180.0,8544.25
2778,971,4,4,1,1426,3,3,8,12,20170623,20170624.0,20170622,89,2.0,1,Non local,2,549.99,26107.11,0.07,77.0,3655.0
2779,971,5,4,2,1426,6,3,8,38,20170623,20170624.0,20170622,89,2.0,1,Non local,1,549.99,26107.11,0.2,110.0,5221.42
2780,972,1,4,1,270,1,2,7,100,20170624,20170625.0,20170623,140,2.0,1,Non local,1,489.99,23259.01,0.2,98.0,4651.8
2781,972,2,4,9,270,4,2,7,63,20170624,20170625.0,20170623,140,2.0,1,Non local,1,3499.99,166138.7,0.07,245.0,11629.71
2782,973,1,4,9,238,6,2,6,4,20170627,20170627.0,20170624,88,3.0,0,Non local,2,2899.99,137657.7,0.1,580.0,27531.54
2783,973,2,4,8,238,6,2,6,28,20170627,20170627.0,20170624,88,3.0,0,Non local,2,2499.99,118670.36,0.1,500.0,23734.07
2784,973,3,4,9,238,6,2,6,47,20170627,20170627.0,20170624,88,3.0,0,Non local,2,5299.99,251581.7,0.05,530.0,25158.17
2785,973,4,4,7,238,3,2,6,71,20170627,20170627.0,20170624,88,3.0,0,Non local,1,416.99,19793.82,0.07,29.19,1385.57
2786,974,1,4,8,511,6,3,8,33,20170627,20170627.0,20170624,176,3.0,0,Non local,2,469.99,22309.64,0.1,94.0,4461.93
2787,974,2,4,1,511,1,3,8,22,20170627,20170627.0,20170624,176,3.0,0,Non local,2,269.99,12815.98,0.2,108.0,5126.39
2788,975,1,4,7,1092,2,2,6,110,20170627,20170628.0,20170625,21,3.0,1,Non local,2,470.99,22357.11,0.2,188.4,8942.84
2789,976,1,4,1,1266,2,3,9,26,20170628,20170627.0,20170625,56,2.0,0,Non local,2,599.99,28480.53,0.1,120.0,5696.11
2790,976,2,4,9,1266,6,3,9,39,20170628,20170627.0,20170625,56,2.0,0,Non local,1,1499.99,71202.03,0.07,105.0,4984.14
2791,977,1,4,8,400,7,2,7,52,20170628,20170627.0,20170626,161,1.0,0,Non local,2,875.99,41581.79,0.1,175.2,8316.36
2792,977,2,4,7,400,3,2,7,69,20170628,20170627.0,20170626,161,1.0,0,Non local,2,416.99,19793.82,0.05,41.7,1979.38
2793,977,3,4,8,400,6,2,7,27,20170628,20170627.0,20170626,161,1.0,0,Non local,1,999.99,47467.86,0.05,50.0,2373.39
2794,977,4,4,7,400,3,2,7,80,20170628,20170627.0,20170626,161,1.0,0,Non local,2,761.99,36170.4,0.05,76.2,3617.04
2795,978,1,4,7,1123,2,2,6,106,20170628,20170627.0,20170626,6,1.0,0,Non local,2,449.99,21360.28,0.05,45.0,2136.03
2796,978,2,4,1,1123,2,2,6,25,20170628,20170627.0,20170626,6,1.0,0,Non local,2,499.99,23733.69,0.2,200.0,9493.48
2797,978,3,4,7,1123,2,2,6,108,20170628,20170627.0,20170626,6,1.0,0,Non local,2,449.99,21360.28,0.05,45.0,2136.03
2798,979,1,4,9,1190,7,2,6,55,20170629,20170627.0,20170626,61,1.0,0,Non local,1,2699.99,128164.03,0.05,135.0,6408.2
2799,979,2,4,7,1190,3,2,6,71,20170629,20170627.0,20170626,61,1.0,0,Non local,2,416.99,19793.82,0.2,166.8,7917.53
2800,979,3,4,1,1190,3,2,6,12,20170629,20170627.0,20170626,61,1.0,0,Non local,2,549.99,26107.11,0.1,110.0,5221.42
2801,979,4,4,8,1190,7,2,6,52,20170629,20170627.0,20170626,61,1.0,0,Non local,1,875.99,41581.79,0.2,175.2,8316.36
2802,980,1,4,9,328,7,3,9,49,20170628,20170627.0,20170626,85,1.0,0,Non local,2,3499.99,166138.7,0.2,1400.0,66455.48
2803,980,2,4,9,328,5,3,9,9,20170628,20170627.0,20170626,85,1.0,0,Non local,1,2999.99,142404.53,0.1,300.0,14240.45
2804,980,3,4,1,328,3,3,9,64,20170628,20170627.0,20170626,85,1.0,0,Non local,1,489.99,23259.01,0.1,49.0,2325.9
2805,981,1,4,7,687,6,3,8,35,20170629,20170628.0,20170626,54,2.0,0,Non local,1,832.99,39540.65,0.1,83.3,3954.06
2806,981,2,4,1,687,1,3,8,95,20170629,20170628.0,20170626,54,2.0,0,Non local,2,299.99,14240.03,0.05,30.0,1424.0
2807,981,3,4,1,687,1,3,8,21,20170629,20170628.0,20170626,54,2.0,0,Non local,2,269.99,12815.98,0.07,37.8,1794.24
2808,981,4,4,8,687,6,3,8,36,20170629,20170628.0,20170626,54,2.0,0,Non local,2,832.99,39540.65,0.1,166.6,7908.13
2809,981,5,4,9,687,5,3,8,61,20170629,20170628.0,20170626,54,2.0,0,Non local,1,4999.99,237341.2,0.07,350.0,16613.88
2810,982,1,4,1,1423,1,3,9,22,20170629,20170628.0,20170626,176,2.0,0,Non local,2,269.99,12815.98,0.1,54.0,2563.2
2811,982,2,4,7,1423,2,3,9,110,20170629,20170628.0,20170626,176,2.0,0,Non local,1,470.99,22357.11,0.07,32.97,1565.0
2812,982,3,4,8,1423,7,3,9,52,20170629,20170628.0,20170626,176,2.0,0,Non local,1,875.99,41581.79,0.07,61.32,2910.73
2813,982,4,4,9,1423,6,3,9,40,20170629,20170628.0,20170626,176,2.0,0,Non local,2,4999.99,237341.2,0.05,500.0,23734.12
2814,983,1,4,9,1158,4,2,6,63,20170628,20170629.0,20170627,18,2.0,1,Non local,1,3499.99,166138.7,0.1,350.0,16613.87
2815,983,2,4,1,1158,3,2,6,20,20170628,20170629.0,20170627,18,2.0,1,Non local,2,599.99,28480.53,0.2,240.0,11392.21
2816,983,3,4,7,1158,3,2,6,68,20170628,20170629.0,20170627,18,2.0,1,Non local,1,449.99,21360.28,0.07,31.5,1495.22
2817,983,4,4,1,1158,3,2,6,81,20170628,20170629.0,20170627,18,2.0,1,Non local,2,1099.99,52214.69,0.07,154.0,7310.06
2818,983,5,4,9,1158,1,2,6,88,20170628,20170629.0,20170627,18,2.0,1,Non local,1,189.99,9018.51,0.05,9.5,450.93
2819,984,1,4,7,1287,3,2,7,68,20170628,20170629.0,20170627,35,2.0,1,Non local,1,449.99,21360.28,0.2,90.0,4272.06
2820,984,2,4,1,1287,3,2,7,81,20170628,20170629.0,20170627,35,2.0,1,Non local,2,1099.99,52214.69,0.2,440.0,20885.88
2821,984,3,4,1,1287,3,2,7,12,20170628,20170629.0,20170627,35,2.0,1,Non local,1,549.99,26107.11,0.1,55.0,2610.71
2822,984,4,4,7,1287,2,2,7,111,20170628,20170629.0,20170627,35,2.0,1,Non local,1,470.99,22357.11,0.2,94.2,4471.42
2823,985,1,4,3,461,6,2,6,5,20170702,20170701.0,20170630,128,1.0,0,Non local,2,1320.99,62705.2,0.07,184.94,8778.73
2824,985,2,4,9,461,7,2,6,59,20170702,20170701.0,20170630,128,1.0,0,Non local,1,2599.99,123417.2,0.2,520.0,24683.44
2825,985,3,4,7,461,3,2,6,78,20170702,20170701.0,20170630,128,1.0,0,Non local,2,647.99,30759.01,0.05,64.8,3075.9
2826,986,1,4,9,556,1,2,7,87,20170703,20170701.0,20170630,10,1.0,0,Non local,1,189.99,9018.51,0.1,19.0,901.85
2827,986,2,4,7,556,3,2,7,78,20170703,20170701.0,20170630,10,1.0,0,Non local,1,647.99,30759.01,0.05,32.4,1537.95
2828,986,3,4,1,556,2,2,7,26,20170703,20170701.0,20170630,10,1.0,0,Non local,2,599.99,28480.53,0.07,84.0,3987.27
2829,987,1,4,9,172,7,1,2,51,20170704,20170704.0,20170702,109,2.0,0,Non local,2,6499.99,308543.7,0.1,1300.0,61708.74
2830,987,2,4,7,172,5,1,2,60,20170704,20170704.0,20170702,109,2.0,0,Non local,2,1559.99,74050.13,0.2,624.0,29620.05
2831,987,3,4,7,172,3,1,2,80,20170704,20170704.0,20170702,109,2.0,0,Non local,1,761.99,36170.4,0.07,53.34,2531.93
2832,988,1,4,7,436,6,2,6,35,20170704,20170705.0,20170702,75,3.0,1,Non local,1,832.99,39540.65,0.2,166.6,7908.13
2833,988,2,4,2,436,6,2,6,38,20170704,20170705.0,20170702,75,3.0,1,Non local,1,549.99,26107.11,0.07,38.5,1827.5
2834,988,3,4,1,436,3,2,6,12,20170704,20170705.0,20170702,75,3.0,1,Non local,2,549.99,26107.11,0.07,77.0,3655.0
2835,989,1,4,1,1145,1,2,6,99,20170704,20170703.0,20170702,166,1.0,0,Non local,1,299.99,14240.03,0.05,15.0,712.0
2836,989,2,4,8,1145,6,2,6,27,20170704,20170703.0,20170702,166,1.0,0,Non local,1,999.99,47467.86,0.1,100.0,4746.79
2837,989,3,4,1,1145,3,2,6,70,20170704,20170703.0,20170702,166,1.0,0,Non local,1,659.99,31328.63,0.1,66.0,3132.86
2838,989,4,4,7,1145,1,2,6,84,20170704,20170703.0,20170702,166,1.0,0,Non local,2,109.99,5221.04,0.07,15.4,730.95
2839,989,5,4,3,1145,6,2,6,5,20170704,20170703.0,20170702,166,1.0,0,Non local,1,1320.99,62705.2,0.1,132.1,6270.52
2840,990,1,4,8,706,6,2,7,6,20170707,20170707.0,20170704,136,3.0,0,Non local,2,469.99,22309.64,0.2,188.0,8923.86
2841,990,2,4,9,706,6,2,7,29,20170707,20170707.0,20170704,136,3.0,0,Non local,1,999.99,47467.86,0.1,100.0,4746.79
2842,990,3,4,9,706,1,2,7,91,20170707,20170707.0,20170704,136,3.0,0,Non local,1,349.99,16613.44,0.1,35.0,1661.34
2843,990,4,4,1,706,3,2,7,14,20170707,20170707.0,20170704,136,3.0,0,Non local,2,269.99,12815.98,0.1,54.0,2563.2
2844,991,1,4,9,751,5,1,2,9,20170707,20170709.0,20170706,64,3.0,1,Non local,2,2999.99,142404.53,0.2,1200.0,56961.81
2845,991,2,4,7,751,3,1,2,79,20170707,20170709.0,20170706,64,3.0,1,Non local,1,402.99,19129.26,0.2,80.6,3825.85
2846,991,3,4,9,751,6,1,2,34,20170707,20170709.0,20170706,64,3.0,1,Non local,1,469.99,22309.64,0.2,94.0,4461.93
2847,992,1,4,2,723,6,2,7,45,20170710,20170709.0,20170707,158,2.0,0,Non local,1,869.99,41296.98,0.07,60.9,2890.79
2848,992,2,4,1,723,2,2,7,102,20170710,20170709.0,20170707,158,2.0,0,Non local,1,489.99,23259.01,0.1,49.0,2325.9
2849,992,3,4,1,723,3,2,7,20,20170710,20170709.0,20170707,158,2.0,0,Non local,1,599.99,28480.53,0.2,120.0,5696.11
2850,992,4,4,1,723,1,2,7,101,20170710,20170709.0,20170707,158,2.0,0,Non local,2,339.99,16138.76,0.2,136.0,6455.5
2851,992,5,4,9,723,6,2,7,7,20170710,20170709.0,20170707,158,2.0,0,Non local,1,3999.99,189872.87,0.05,200.0,9493.64
2852,993,1,4,9,1415,7,1,3,58,20170711,20170711.0,20170709,113,2.0,0,local,1,4999.99,237341.2,0.2,1000.0,47468.24
2853,993,2,4,8,1415,6,1,3,36,20170711,20170711.0,20170709,113,2.0,0,local,2,832.99,39540.65,0.1,166.6,7908.13
2854,993,3,4,8,1415,4,1,3,10,20170711,20170711.0,20170709,113,2.0,0,local,2,1549.0,73528.45,0.05,154.9,7352.85
2855,993,4,4,1,1415,1,1,3,99,20170711,20170711.0,20170709,113,2.0,0,local,2,299.99,14240.03,0.07,42.0,1993.6
2856,993,5,4,7,1415,3,1,3,79,20170711,20170711.0,20170709,113,2.0,0,local,2,402.99,19129.26,0.1,80.6,3825.85
2857,994,1,4,2,419,6,2,7,37,20170711,20170711.0,20170709,144,2.0,0,Non local,2,379.99,18037.49,0.1,76.0,3607.5
2858,994,2,4,2,419,6,2,7,45,20170711,20170711.0,20170709,144,2.0,0,Non local,1,869.99,41296.98,0.2,174.0,8259.4
2859,994,3,4,7,419,3,2,7,66,20170711,20170711.0,20170709,144,2.0,0,Non local,1,250.99,11914.08,0.07,17.57,833.99
2860,995,1,4,1,621,3,1,2,16,20170713,20170714.0,20170711,43,3.0,1,Non local,2,599.99,28480.53,0.1,120.0,5696.11
2861,995,2,4,9,621,1,1,2,90,20170713,20170714.0,20170711,43,3.0,1,Non local,1,209.99,9967.88,0.2,42.0,1993.58
2862,995,3,4,1,621,1,1,2,101,20170713,20170714.0,20170711,43,3.0,1,Non local,1,339.99,16138.76,0.1,34.0,1613.88
2863,996,1,4,7,915,3,1,2,68,20170712,20170712.0,20170711,5,1.0,0,Non local,2,449.99,21360.28,0.05,45.0,2136.03
2864,996,2,4,9,915,6,1,2,32,20170712,20170712.0,20170711,5,1.0,0,Non local,1,469.99,22309.64,0.05,23.5,1115.48
2865,997,1,4,9,485,1,2,7,86,20170713,20170714.0,20170711,45,3.0,1,Non local,2,149.99,7119.78,0.07,21.0,996.77
2866,997,2,4,7,485,2,2,7,105,20170713,20170714.0,20170711,45,3.0,1,Non local,2,533.99,25347.62,0.2,213.6,10139.05
2867,997,3,4,1,485,3,2,7,14,20170713,20170714.0,20170711,45,3.0,1,Non local,2,269.99,12815.98,0.07,37.8,1794.24
2868,998,1,4,1,219,2,2,7,26,20170713,20170714.0,20170712,124,2.0,1,Non local,2,599.99,28480.53,0.05,60.0,2848.05
2869,998,2,4,7,219,2,2,7,105,20170713,20170714.0,20170712,124,2.0,1,Non local,1,533.99,25347.62,0.2,106.8,5069.52
2870,999,1,4,1,590,3,2,6,70,20170713,20170714.0,20170712,63,2.0,1,local,2,659.99,31328.63,0.07,92.4,4386.01
2871,999,2,4,7,590,2,2,6,106,20170713,20170714.0,20170712,63,2.0,1,local,1,449.99,21360.28,0.05,22.5,1068.01
2872,1000,1,4,7,645,3,2,7,65,20170714,20170715.0,20170712,128,3.0,1,Non local,2,346.99,16471.04,0.05,34.7,1647.1
2873,1000,2,4,7,645,2,2,7,111,20170714,20170715.0,20170712,128,3.0,1,Non local,1,470.99,22357.11,0.1,47.1,2235.71
2874,1000,3,4,4,645,3,2,7,19,20170714,20170715.0,20170712,128,3.0,1,Non local,2,449.0,21313.28,0.07,62.86,2983.86
2875,1000,4,4,9,645,6,2,7,29,20170714,20170715.0,20170712,128,3.0,1,Non local,2,999.99,47467.86,0.05,100.0,4746.79
2876,1001,1,4,7,354,3,2,6,72,20170716,20170715.0,20170713,26,2.0,0,Non local,1,619.99,29429.89,0.05,31.0,1471.49
2877,1001,2,4,2,354,6,2,6,45,20170716,20170715.0,20170713,26,2.0,0,Non local,2,869.99,41296.98,0.05,87.0,4129.7
2878,1001,3,4,9,354,7,2,6,58,20170716,20170715.0,20170713,26,2.0,0,Non local,1,4999.99,237341.2,0.1,500.0,23734.12
2879,1001,4,4,7,354,2,2,6,111,20170716,20170715.0,20170713,26,2.0,0,Non local,1,470.99,22357.11,0.07,32.97,1565.0
2880,1002,1,4,1,1418,1,1,3,100,20170716,20170716.0,20170714,83,2.0,0,Non local,1,489.99,23259.01,0.05,24.5,1162.95
2881,1002,2,4,9,1418,1,1,3,83,20170716,20170716.0,20170714,83,2.0,0,Non local,1,149.99,7119.78,0.1,15.0,711.98
2882,1002,3,4,9,1418,6,1,3,8,20170716,20170716.0,20170714,83,2.0,0,Non local,2,1799.99,85442.53,0.1,360.0,17088.51
2883,1002,4,4,7,1418,3,1,3,79,20170716,20170716.0,20170714,83,2.0,0,Non local,1,402.99,19129.26,0.2,80.6,3825.85
2884,1003,1,4,9,503,6,2,7,34,20170716,20170716.0,20170714,134,2.0,0,Non local,2,469.99,22309.64,0.05,47.0,2230.96
2885,1003,2,4,9,503,7,2,7,51,20170716,20170716.0,20170714,134,2.0,0,Non local,2,6499.99,308543.7,0.05,650.0,30854.37
2886,1004,1,4,8,1389,6,2,6,36,20170717,20170716.0,20170714,97,2.0,0,Non local,2,832.99,39540.65,0.1,166.6,7908.13
2887,1005,1,4,1,266,3,2,7,14,20170717,20170716.0,20170715,41,1.0,0,Non local,2,269.99,12815.98,0.2,108.0,5126.39
2888,1005,2,4,1,266,3,2,7,81,20170717,20170716.0,20170715,41,1.0,0,Non local,2,1099.99,52214.69,0.1,220.0,10442.94
2889,1005,3,4,1,266,1,2,7,99,20170717,20170716.0,20170715,41,1.0,0,Non local,1,299.99,14240.03,0.1,30.0,1424.0
2890,1006,1,4,1,1070,3,2,7,20,20170718,20170717.0,20170715,192,2.0,0,Non local,1,599.99,28480.53,0.07,42.0,1993.64
2891,1006,2,4,7,1070,3,2,7,68,20170718,20170717.0,20170715,192,2.0,0,Non local,1,449.99,21360.28,0.1,45.0,2136.03
2892,1006,3,4,9,1070,7,2,7,56,20170718,20170717.0,20170715,192,2.0,0,Non local,2,5499.99,261075.37,0.07,770.0,36550.55
2893,1006,4,4,7,1070,3,2,7,65,20170718,20170717.0,20170715,192,2.0,0,Non local,1,346.99,16471.04,0.1,34.7,1647.1
2894,1006,5,4,2,1070,6,2,7,46,20170718,20170717.0,20170715,192,2.0,0,Non local,1,1409.99,66929.88,0.1,141.0,6692.99
2895,1007,1,4,1,1115,2,2,6,26,20170717,20170717.0,20170716,177,1.0,0,Non local,1,599.99,28480.53,0.2,120.0,5696.11
2896,1007,2,4,8,1115,4,2,6,11,20170717,20170717.0,20170716,177,1.0,0,Non local,1,1680.99,79793.8,0.05,84.05,3989.69
2897,1007,3,4,2,1115,1,2,6,85,20170717,20170717.0,20170716,177,1.0,0,Non local,2,329.99,15664.08,0.1,66.0,3132.82
2898,1007,4,4,1,1115,3,2,6,76,20170717,20170717.0,20170716,177,1.0,0,Non local,1,299.99,14240.03,0.2,60.0,2848.01
2899,1007,5,4,7,1115,2,2,6,106,20170717,20170717.0,20170716,177,1.0,0,Non local,2,449.99,21360.28,0.1,90.0,4272.06
2900,1008,1,4,7,1345,3,2,6,71,20170718,20170718.0,20170716,159,2.0,0,Non local,1,416.99,19793.82,0.2,83.4,3958.76
2901,1008,2,4,5,1345,6,2,6,2,20170718,20170718.0,20170716,159,2.0,0,Non local,1,749.99,35600.78,0.1,75.0,3560.08
2902,1008,3,4,1,1345,1,2,6,95,20170718,20170718.0,20170716,159,2.0,0,Non local,1,299.99,14240.03,0.07,21.0,996.8
2903,1009,1,4,1,1064,1,3,8,95,20170719,20170719.0,20170716,57,3.0,0,local,2,299.99,14240.03,0.07,42.0,1993.6
2904,1009,2,4,2,1064,6,3,8,44,20170719,20170719.0,20170716,57,3.0,0,local,1,539.99,25632.43,0.07,37.8,1794.27
2905,1010,1,3,7,8,2,2,7,109,20170718,,20170718,8,,0,Non local,2,416.99,19793.82,0.1,83.4,3958.76
2906,1011,1,4,9,495,1,1,3,88,20170721,20170721.0,20170718,160,3.0,0,Non local,1,189.99,9018.51,0.2,38.0,1803.7
2907,1011,2,4,1,495,1,1,3,99,20170721,20170721.0,20170718,160,3.0,0,Non local,2,299.99,14240.03,0.2,120.0,5696.01
2908,1011,3,4,1,495,3,1,3,16,20170721,20170721.0,20170718,160,3.0,0,Non local,2,599.99,28480.53,0.2,240.0,11392.21
2909,1011,4,4,7,495,3,1,3,68,20170721,20170721.0,20170718,160,3.0,0,Non local,2,449.99,21360.28,0.05,45.0,2136.03
2910,1012,1,4,9,620,6,2,7,8,20170720,20170720.0,20170718,118,2.0,0,Non local,1,1799.99,85442.53,0.07,126.0,5980.98
2911,1012,2,4,1,620,3,2,7,64,20170720,20170720.0,20170718,118,2.0,0,Non local,1,489.99,23259.01,0.2,98.0,4651.8
2912,1013,1,4,7,174,5,2,6,60,20170722,20170721.0,20170719,17,2.0,0,Non local,2,1559.99,74050.13,0.05,156.0,7405.01
2913,1014,1,4,1,748,1,2,6,97,20170721,20170721.0,20170719,80,2.0,0,Non local,1,349.99,16613.44,0.2,70.0,3322.69
2914,1014,2,4,2,748,6,2,6,45,20170721,20170721.0,20170719,80,2.0,0,Non local,2,869.99,41296.98,0.05,87.0,4129.7
2915,1014,3,4,1,748,3,2,6,81,20170721,20170721.0,20170719,80,2.0,0,Non local,2,1099.99,52214.69,0.1,220.0,10442.94
2916,1014,4,4,9,748,7,2,6,59,20170721,20170721.0,20170719,80,2.0,0,Non local,1,2599.99,123417.2,0.05,130.0,6170.86
2917,1015,1,4,8,799,6,2,7,6,20170722,20170721.0,20170719,100,2.0,0,Non local,2,469.99,22309.64,0.1,94.0,4461.93
2918,1015,2,4,7,799,3,2,7,73,20170722,20170721.0,20170719,100,2.0,0,Non local,2,749.99,35600.78,0.2,300.0,14240.31
2919,1015,3,4,1,799,1,2,7,101,20170722,20170721.0,20170719,100,2.0,0,Non local,2,339.99,16138.76,0.1,68.0,3227.75
2920,1015,4,4,1,799,3,2,7,13,20170722,20170721.0,20170719,100,2.0,0,Non local,1,269.99,12815.98,0.2,54.0,2563.2
2921,1016,1,4,1,1417,3,3,9,76,20170720,20170721.0,20170719,14,2.0,1,Non local,2,299.99,14240.03,0.07,42.0,1993.6
2922,1017,1,4,9,168,1,2,6,89,20170721,20170723.0,20170720,107,3.0,1,Non local,1,209.99,9967.88,0.07,14.7,697.75
2923,1017,2,4,1,168,3,2,6,82,20170721,20170723.0,20170720,107,3.0,1,Non local,2,659.99,31328.63,0.2,264.0,12531.45
2924,1017,3,4,1,168,1,2,6,100,20170721,20170723.0,20170720,107,3.0,1,Non local,1,489.99,23259.01,0.2,98.0,4651.8
2925,1017,4,4,4,168,3,2,6,18,20170721,20170723.0,20170720,107,3.0,1,Non local,2,449.0,21313.28,0.2,179.6,8525.31
2926,1017,5,4,1,168,3,2,6,77,20170721,20170723.0,20170720,107,3.0,1,Non local,2,799.99,37974.19,0.1,160.0,7594.84
2927,1018,1,4,1,290,3,2,6,76,20170723,20170723.0,20170722,146,1.0,0,Non local,2,299.99,14240.03,0.07,42.0,1993.6
2928,1018,2,4,1,290,1,2,6,97,20170723,20170723.0,20170722,146,1.0,0,Non local,2,349.99,16613.44,0.1,70.0,3322.69
2929,1018,3,4,9,290,1,2,6,91,20170723,20170723.0,20170722,146,1.0,0,Non local,1,349.99,16613.44,0.2,70.0,3322.69
2930,1019,1,4,8,408,6,2,7,30,20170723,20170724.0,20170722,49,2.0,1,Non local,1,999.99,47467.86,0.1,100.0,4746.79
2931,1019,2,4,8,408,7,2,7,52,20170723,20170724.0,20170722,49,2.0,1,Non local,1,875.99,41581.79,0.2,175.2,8316.36
2932,1019,3,4,2,408,6,2,7,37,20170723,20170724.0,20170722,49,2.0,1,Non local,1,379.99,18037.49,0.05,19.0,901.87
2933,1019,4,4,2,408,1,2,7,93,20170723,20170724.0,20170722,49,2.0,1,Non local,2,209.99,9967.88,0.2,84.0,3987.15
2934,1020,1,3,1,16,3,2,6,20,20170723,,20170723,16,,0,Non local,2,599.99,28480.53,0.05,60.0,2848.05
2935,1020,2,3,7,16,3,2,6,69,20170723,,20170723,16,,0,Non local,2,416.99,19793.82,0.05,41.7,1979.38
2936,1020,3,3,1,16,3,2,6,15,20170723,,20170723,16,,0,Non local,1,529.99,25157.74,0.07,37.1,1761.04
2937,1020,4,3,9,16,7,2,6,57,20170723,,20170723,16,,0,Non local,2,1999.99,94936.2,0.1,400.0,18987.24
2938,1020,5,3,9,16,6,2,6,40,20170723,,20170723,16,,0,Non local,2,4999.99,237341.2,0.05,500.0,23734.12
2939,1021,1,4,9,125,7,2,6,49,20170724,20170726.0,20170723,18,3.0,1,Non local,2,3499.99,166138.7,0.07,490.0,23259.42
2940,1021,2,4,1,125,1,2,6,23,20170724,20170726.0,20170723,18,3.0,1,Non local,2,299.99,14240.03,0.07,42.0,1993.6
2941,1022,1,4,8,353,6,2,7,33,20170726,20170724.0,20170723,11,1.0,0,Non local,1,469.99,22309.64,0.2,94.0,4461.93
2942,1022,2,4,2,353,6,2,7,46,20170726,20170724.0,20170723,11,1.0,0,Non local,1,1409.99,66929.88,0.1,141.0,6692.99
2943,1022,3,4,7,353,3,2,7,65,20170726,20170724.0,20170723,11,1.0,0,Non local,1,346.99,16471.04,0.07,24.29,1152.97
2944,1022,4,4,3,353,6,2,7,5,20170726,20170724.0,20170723,11,1.0,0,Non local,1,1320.99,62705.2,0.07,92.47,4389.36
2945,1023,1,4,9,356,1,2,6,91,20170726,20170725.0,20170723,48,2.0,0,Non local,1,349.99,16613.44,0.07,24.5,1162.94
2946,1023,2,4,9,356,6,2,6,43,20170726,20170725.0,20170723,48,2.0,0,Non local,2,5299.99,251581.7,0.1,1060.0,50316.34
2947,1024,1,4,7,837,2,2,7,104,20170725,20170726.0,20170723,32,3.0,1,Non local,1,481.99,22879.26,0.2,96.4,4575.85
2948,1024,2,4,8,837,6,2,7,28,20170725,20170726.0,20170723,32,3.0,1,Non local,2,2499.99,118670.36,0.05,250.0,11867.04
2949,1024,3,4,1,837,1,2,7,98,20170725,20170726.0,20170723,32,3.0,1,Non local,2,489.99,23259.01,0.2,196.0,9303.6
2950,1024,4,4,1,837,1,2,7,96,20170725,20170726.0,20170723,32,3.0,1,Non local,2,349.99,16613.44,0.1,70.0,3322.69
2951,1024,5,4,9,837,1,2,7,91,20170725,20170726.0,20170723,32,3.0,1,Non local,1,349.99,16613.44,0.2,70.0,3322.69
2952,1025,1,4,9,1304,1,2,6,89,20170726,20170726.0,20170723,22,3.0,0,Non local,1,209.99,9967.88,0.07,14.7,697.75
2953,1025,2,4,1,1304,2,2,6,102,20170726,20170726.0,20170723,22,3.0,0,Non local,1,489.99,23259.01,0.1,49.0,2325.9
2954,1025,3,4,9,1304,6,2,6,39,20170726,20170726.0,20170723,22,3.0,0,Non local,1,1499.99,71202.03,0.1,150.0,7120.2
2955,1025,4,4,1,1304,3,2,6,15,20170726,20170726.0,20170723,22,3.0,0,Non local,1,529.99,25157.74,0.05,26.5,1257.89
2956,1025,5,4,7,1304,3,2,6,66,20170726,20170726.0,20170723,22,3.0,0,Non local,2,250.99,11914.08,0.05,25.1,1191.41
2957,1026,1,4,9,1370,6,1,2,7,20170728,20170729.0,20170726,82,3.0,1,Non local,2,3999.99,189872.87,0.07,560.0,26582.2
2958,1027,1,4,1,588,1,2,6,95,20170728,20170728.0,20170726,155,2.0,0,Non local,2,299.99,14240.03,0.1,60.0,2848.01
2959,1027,2,4,1,588,3,2,6,14,20170728,20170728.0,20170726,155,2.0,0,Non local,2,269.99,12815.98,0.05,27.0,1281.6
2960,1028,1,4,7,1273,2,2,7,111,20170728,20170730.0,20170727,67,3.0,1,Non local,2,470.99,22357.11,0.1,94.2,4471.42
2961,1028,2,4,8,1273,4,2,7,10,20170728,20170730.0,20170727,67,3.0,1,Non local,1,1549.0,73528.45,0.2,309.8,14705.69
2962,1028,3,4,2,1273,6,2,7,41,20170728,20170730.0,20170727,67,3.0,1,Non local,1,1469.99,69777.98,0.2,294.0,13955.6
2963,1028,4,4,7,1273,6,2,7,35,20170728,20170730.0,20170727,67,3.0,1,Non local,2,832.99,39540.65,0.1,166.6,7908.13
2964,1028,5,4,7,1273,2,2,7,108,20170728,20170730.0,20170727,67,3.0,1,Non local,1,449.99,21360.28,0.2,90.0,4272.06
2965,1029,1,4,1,407,3,1,3,20,20170730,20170801.0,20170729,133,3.0,1,Non local,1,599.99,28480.53,0.2,120.0,5696.11
2966,1029,2,4,9,407,7,1,3,55,20170730,20170801.0,20170729,133,3.0,1,Non local,1,2699.99,128164.03,0.1,270.0,12816.4
2967,1029,3,4,9,407,6,1,3,40,20170730,20170801.0,20170729,133,3.0,1,Non local,1,4999.99,237341.2,0.2,1000.0,47468.24
2968,1029,4,4,7,407,3,1,3,68,20170730,20170801.0,20170729,133,3.0,1,Non local,2,449.99,21360.28,0.1,90.0,4272.06
2969,1030,1,4,8,161,6,2,6,27,20170730,20170731.0,20170729,99,2.0,1,Non local,1,999.99,47467.86,0.05,50.0,2373.39
2970,1030,2,4,8,161,4,2,6,10,20170730,20170731.0,20170729,99,2.0,1,Non local,2,1549.0,73528.45,0.1,309.8,14705.69
2971,1030,3,4,7,161,3,2,6,72,20170730,20170731.0,20170729,99,2.0,1,Non local,1,619.99,29429.89,0.1,62.0,2942.99
2972,1031,1,4,8,1308,6,1,2,27,20170801,20170802.0,20170730,59,3.0,1,Non local,2,999.99,47467.86,0.2,400.0,18987.14
2973,1031,2,4,7,1308,2,1,2,108,20170801,20170802.0,20170730,59,3.0,1,Non local,2,449.99,21360.28,0.2,180.0,8544.11
2974,1032,1,4,7,429,5,2,6,60,20170802,20170801.0,20170730,155,2.0,0,Non local,2,1559.99,74050.13,0.1,312.0,14810.03
2975,1032,2,4,4,429,3,2,6,17,20170802,20170801.0,20170730,155,2.0,0,Non local,1,429.0,20363.92,0.1,42.9,2036.39
2976,1033,1,4,1,582,2,2,7,26,20170731,20170802.0,20170730,8,3.0,1,Non local,1,599.99,28480.53,0.07,42.0,1993.64
2977,1033,2,4,7,582,2,2,7,109,20170731,20170802.0,20170730,8,3.0,1,Non local,2,416.99,19793.82,0.1,83.4,3958.76
2978,1033,3,4,8,582,6,2,7,27,20170731,20170802.0,20170730,8,3.0,1,Non local,2,999.99,47467.86,0.07,140.0,6645.5
2979,1034,1,4,1,895,1,2,7,101,20170731,20170731.0,20170730,101,1.0,0,Non local,1,339.99,16138.76,0.1,34.0,1613.88
2980,1034,2,4,9,895,6,2,7,8,20170731,20170731.0,20170730,101,1.0,0,Non local,2,1799.99,85442.53,0.1,360.0,17088.51
2981,1034,3,4,8,895,4,2,7,11,20170731,20170731.0,20170730,101,1.0,0,Non local,2,1680.99,79793.8,0.07,235.34,11171.13
2982,1034,4,4,1,895,1,2,7,21,20170731,20170731.0,20170730,101,1.0,0,Non local,1,269.99,12815.98,0.05,13.5,640.8
2983,1035,1,4,1,1283,1,2,6,96,20170802,20170802.0,20170730,142,3.0,0,Non local,1,349.99,16613.44,0.2,70.0,3322.69
2984,1036,1,4,9,1442,7,2,6,55,20170801,20170731.0,20170730,119,1.0,0,Non local,2,2699.99,128164.03,0.1,540.0,25632.81
2985,1036,2,4,1,1442,3,2,6,76,20170801,20170731.0,20170730,119,1.0,0,Non local,1,299.99,14240.03,0.07,21.0,996.8
2986,1036,3,4,4,1442,3,2,6,18,20170801,20170731.0,20170730,119,1.0,0,Non local,2,449.0,21313.28,0.05,44.9,2131.33
2987,1036,4,4,7,1442,3,2,6,65,20170801,20170731.0,20170730,119,1.0,0,Non local,2,346.99,16471.04,0.2,138.8,6588.42
2988,1036,5,4,1,1442,3,2,6,12,20170801,20170731.0,20170730,119,1.0,0,Non local,1,549.99,26107.11,0.2,110.0,5221.42
2989,1037,1,4,1,1229,3,2,6,74,20170802,20170803.0,20170731,158,3.0,1,Non local,2,439.99,20885.59,0.07,61.6,2923.98
2990,1037,2,4,8,1229,6,2,6,3,20170802,20170803.0,20170731,158,3.0,1,Non local,1,999.99,47467.86,0.07,70.0,3322.75
2991,1037,3,4,7,1229,3,2,6,65,20170802,20170803.0,20170731,158,3.0,1,Non local,2,346.99,16471.04,0.2,138.8,6588.42
2992,1037,4,4,2,1229,1,2,6,92,20170802,20170803.0,20170731,158,3.0,1,Non local,1,209.99,9967.88,0.07,14.7,697.75
2993,1037,5,4,7,1229,1,2,6,84,20170802,20170803.0,20170731,158,3.0,1,Non local,2,109.99,5221.04,0.05,11.0,522.1
2994,1038,1,4,9,1281,1,2,7,83,20170801,20170803.0,20170731,106,3.0,1,Non local,1,149.99,7119.78,0.05,7.5,355.99
2995,1038,2,4,9,1281,5,2,7,9,20170801,20170803.0,20170731,106,3.0,1,Non local,1,2999.99,142404.53,0.07,210.0,9968.32
2996,1039,1,4,4,1077,3,2,7,18,20170804,20170803.0,20170802,26,1.0,0,Non local,2,449.0,21313.28,0.2,179.6,8525.31
2997,1040,1,4,1,1225,1,1,2,97,20170807,20170805.0,20170804,160,1.0,0,Non local,1,349.99,16613.44,0.1,35.0,1661.34
2998,1040,2,4,8,1225,6,1,2,28,20170807,20170805.0,20170804,160,1.0,0,Non local,2,2499.99,118670.36,0.2,1000.0,47468.15
2999,1040,3,4,1,1225,3,1,2,64,20170807,20170805.0,20170804,160,1.0,0,Non local,1,489.99,23259.01,0.07,34.3,1628.13
3000,1040,4,4,8,1225,6,1,2,27,20170807,20170805.0,20170804,160,1.0,0,Non local,2,999.99,47467.86,0.07,140.0,6645.5
3001,1040,5,4,9,1225,6,1,2,8,20170807,20170805.0,20170804,160,1.0,0,Non local,2,1799.99,85442.53,0.05,180.0,8544.25
3002,1041,1,4,9,70,1,2,7,89,20170806,20170805.0,20170804,45,1.0,0,Non local,1,209.99,9967.88,0.1,21.0,996.79
3003,1041,2,4,9,70,5,2,7,61,20170806,20170805.0,20170804,45,1.0,0,Non local,2,4999.99,237341.2,0.07,700.0,33227.77
3004,1041,3,4,2,70,1,2,7,94,20170806,20170805.0,20170804,45,1.0,0,Non local,2,249.99,11866.61,0.1,50.0,2373.32
3005,1042,1,4,1,539,1,2,7,23,20170807,20170807.0,20170806,141,1.0,0,Non local,1,299.99,14240.03,0.1,30.0,1424.0
3006,1043,1,4,9,1235,7,2,6,55,20170809,20170808.0,20170806,189,2.0,0,Non local,2,2699.99,128164.03,0.1,540.0,25632.81
3007,1043,2,4,1,1235,3,2,6,20,20170809,20170808.0,20170806,189,2.0,0,Non local,1,599.99,28480.53,0.07,42.0,1993.64
3008,1044,1,4,1,1270,1,2,7,97,20170810,20170808.0,20170807,1,1.0,0,Non local,2,349.99,16613.44,0.1,70.0,3322.69
3009,1045,1,4,8,185,6,3,9,28,20170809,20170810.0,20170807,52,3.0,1,Non local,1,2499.99,118670.36,0.05,125.0,5933.52
3010,1045,2,4,7,185,2,3,9,104,20170809,20170810.0,20170807,52,3.0,1,Non local,2,481.99,22879.26,0.05,48.2,2287.93
3011,1046,1,4,7,1134,5,3,8,60,20170809,20170808.0,20170807,54,1.0,0,Non local,1,1559.99,74050.13,0.07,109.2,5183.51
3012,1046,2,4,7,1134,3,3,8,79,20170809,20170808.0,20170807,54,1.0,0,Non local,1,402.99,19129.26,0.07,28.21,1339.05
3013,1046,3,4,9,1134,6,3,8,32,20170809,20170808.0,20170807,54,1.0,0,Non local,1,469.99,22309.64,0.07,32.9,1561.67
3014,1046,4,4,2,1134,6,3,8,41,20170809,20170808.0,20170807,54,1.0,0,Non local,2,1469.99,69777.98,0.1,294.0,13955.6
3015,1046,5,4,4,1134,3,3,8,17,20170809,20170808.0,20170807,54,1.0,0,Non local,2,429.0,20363.92,0.05,42.9,2036.39
3016,1047,1,3,8,116,6,3,8,28,20170808,,20170808,85,,0,Non local,2,2499.99,118670.36,0.1,500.0,23734.07
3017,1047,2,3,7,116,3,3,8,78,20170808,,20170808,85,,0,Non local,1,647.99,30759.01,0.2,129.6,6151.8
3018,1047,3,3,7,116,6,3,8,35,20170808,,20170808,85,,0,Non local,1,832.99,39540.65,0.05,41.65,1977.03
3019,1047,4,3,9,116,7,3,8,49,20170808,,20170808,85,,0,Non local,1,3499.99,166138.7,0.05,175.0,8306.93
3020,1048,1,4,8,777,6,2,7,3,20170810,20170809.0,20170808,140,1.0,0,Non local,2,999.99,47467.86,0.1,200.0,9493.57
3021,1048,2,4,2,777,6,2,7,37,20170810,20170809.0,20170808,140,1.0,0,Non local,1,379.99,18037.49,0.1,38.0,1803.75
3022,1048,3,4,2,777,1,2,7,94,20170810,20170809.0,20170808,140,1.0,0,Non local,1,249.99,11866.61,0.05,12.5,593.33
3023,1049,1,4,9,194,5,1,2,9,20170811,20170810.0,20170809,113,1.0,0,local,1,2999.99,142404.53,0.1,300.0,14240.45
3024,1049,2,4,8,194,6,1,2,36,20170811,20170810.0,20170809,113,1.0,0,local,2,832.99,39540.65,0.05,83.3,3954.06
3025,1049,3,4,8,194,6,1,2,3,20170811,20170810.0,20170809,113,1.0,0,local,1,999.99,47467.86,0.1,100.0,4746.79
3026,1049,4,4,1,194,2,1,2,26,20170811,20170810.0,20170809,113,1.0,0,local,1,599.99,28480.53,0.07,42.0,1993.64
3027,1049,5,4,8,194,4,1,2,10,20170811,20170810.0,20170809,113,1.0,0,local,2,1549.0,73528.45,0.05,154.9,7352.85
3028,1050,1,4,1,239,1,1,3,96,20170812,20170812.0,20170809,132,3.0,0,Non local,2,349.99,16613.44,0.07,49.0,2325.88
3029,1050,2,4,1,239,1,1,3,99,20170812,20170812.0,20170809,132,3.0,0,Non local,2,299.99,14240.03,0.1,60.0,2848.01
3030,1050,3,4,2,239,6,1,3,45,20170812,20170812.0,20170809,132,3.0,0,Non local,2,869.99,41296.98,0.2,348.0,16518.79
3031,1050,4,4,1,239,3,1,3,14,20170812,20170812.0,20170809,132,3.0,0,Non local,2,269.99,12815.98,0.2,108.0,5126.39
3032,1051,1,4,2,209,6,2,7,46,20170811,20170811.0,20170810,121,1.0,0,Non local,1,1409.99,66929.88,0.2,282.0,13385.98
3033,1052,1,4,9,460,6,2,6,7,20170812,20170813.0,20170810,138,3.0,1,Non local,1,3999.99,189872.87,0.05,200.0,9493.64
3034,1052,2,4,7,460,2,2,6,103,20170812,20170813.0,20170810,138,3.0,1,Non local,1,551.99,26202.05,0.05,27.6,1310.1
3035,1052,3,4,1,460,2,2,6,26,20170812,20170813.0,20170810,138,3.0,1,Non local,2,599.99,28480.53,0.07,84.0,3987.27
3036,1053,1,4,9,1439,7,2,6,49,20170811,20170812.0,20170810,165,2.0,1,Non local,2,3499.99,166138.7,0.05,350.0,16613.87
3037,1053,2,4,1,1439,2,2,6,26,20170811,20170812.0,20170810,165,2.0,1,Non local,2,599.99,28480.53,0.2,240.0,11392.21
3038,1053,3,4,1,1439,1,2,6,23,20170811,20170812.0,20170810,165,2.0,1,Non local,2,299.99,14240.03,0.2,120.0,5696.01
3039,1053,4,4,7,1439,3,2,6,68,20170811,20170812.0,20170810,165,2.0,1,Non local,1,449.99,21360.28,0.1,45.0,2136.03
3040,1053,5,4,7,1439,3,2,6,73,20170811,20170812.0,20170810,165,2.0,1,Non local,2,749.99,35600.78,0.05,75.0,3560.08
3041,1054,1,4,8,189,6,2,7,36,20170812,20170812.0,20170811,33,1.0,0,Non local,2,832.99,39540.65,0.1,166.6,7908.13
3042,1054,2,4,1,189,3,2,7,16,20170812,20170812.0,20170811,33,1.0,0,Non local,1,599.99,28480.53,0.05,30.0,1424.03
3043,1055,1,4,9,140,6,2,6,43,20170815,20170815.0,20170812,45,3.0,0,Non local,2,5299.99,251581.7,0.07,742.0,35221.44
3044,1055,2,4,1,140,1,2,6,101,20170815,20170815.0,20170812,45,3.0,0,Non local,2,339.99,16138.76,0.2,136.0,6455.5
3045,1055,3,4,1,140,3,2,6,12,20170815,20170815.0,20170812,45,3.0,0,Non local,2,549.99,26107.11,0.1,110.0,5221.42
3046,1055,4,4,9,140,1,2,6,83,20170815,20170815.0,20170812,45,3.0,0,Non local,2,149.99,7119.78,0.1,30.0,1423.96
3047,1055,5,4,7,140,5,2,6,60,20170815,20170815.0,20170812,45,3.0,0,Non local,1,1559.99,74050.13,0.2,312.0,14810.03
3048,1056,1,4,8,325,6,2,7,3,20170815,20170813.0,20170812,48,1.0,0,Non local,1,999.99,47467.86,0.05,50.0,2373.39
3049,1057,1,4,7,456,2,2,7,105,20170815,20170813.0,20170812,118,1.0,0,Non local,1,533.99,25347.62,0.2,106.8,5069.52
3050,1057,2,4,1,456,1,2,7,97,20170815,20170813.0,20170812,118,1.0,0,Non local,1,349.99,16613.44,0.05,17.5,830.67
3051,1057,3,4,1,456,1,2,7,98,20170815,20170813.0,20170812,118,1.0,0,Non local,2,489.99,23259.01,0.05,49.0,2325.9
3052,1058,1,4,9,782,6,2,6,43,20170816,20170814.0,20170813,106,1.0,0,Non local,1,5299.99,251581.7,0.1,530.0,25158.17
3053,1058,2,4,9,782,6,2,6,29,20170816,20170814.0,20170813,106,1.0,0,Non local,2,999.99,47467.86,0.05,100.0,4746.79
3054,1058,3,4,7,782,2,2,6,103,20170816,20170814.0,20170813,106,1.0,0,Non local,1,551.99,26202.05,0.07,38.64,1834.14
3055,1059,1,4,2,6,6,2,7,46,20170817,20170817.0,20170814,6,3.0,0,Non local,2,1409.99,66929.88,0.05,141.0,6692.99
3056,1059,2,4,9,6,6,2,7,7,20170817,20170817.0,20170814,6,3.0,0,Non local,1,3999.99,189872.87,0.1,400.0,18987.29
3057,1059,3,4,1,6,3,2,7,13,20170817,20170817.0,20170814,6,3.0,0,Non local,1,269.99,12815.98,0.07,18.9,897.12
3058,1060,1,4,9,182,6,2,6,7,20170818,20170817.0,20170815,103,2.0,0,Non local,1,3999.99,189872.87,0.07,280.0,13291.1
3059,1060,2,4,8,182,4,2,6,11,20170818,20170817.0,20170815,103,2.0,0,Non local,2,1680.99,79793.8,0.07,235.34,11171.13
3060,1060,3,4,9,182,5,2,6,61,20170818,20170817.0,20170815,103,2.0,0,Non local,2,4999.99,237341.2,0.1,1000.0,47468.24
3061,1060,4,4,8,182,6,2,6,30,20170818,20170817.0,20170815,103,2.0,0,Non local,2,999.99,47467.86,0.05,100.0,4746.79
3062,1061,1,4,1,655,3,2,7,14,20170818,20170818.0,20170815,17,3.0,0,Non local,1,269.99,12815.98,0.07,18.9,897.12
3063,1061,2,4,4,655,3,2,7,19,20170818,20170818.0,20170815,17,3.0,0,Non local,1,449.0,21313.28,0.1,44.9,2131.33
3064,1062,1,4,1,1210,3,2,6,13,20170817,20170818.0,20170815,106,3.0,1,Non local,1,269.99,12815.98,0.05,13.5,640.8
3065,1062,2,4,7,1210,2,2,6,111,20170817,20170818.0,20170815,106,3.0,1,Non local,2,470.99,22357.11,0.2,188.4,8942.84
3066,1062,3,4,3,1210,6,2,6,5,20170817,20170818.0,20170815,106,3.0,1,Non local,1,1320.99,62705.2,0.05,66.05,3135.26
3067,1062,4,4,1,1210,3,2,6,12,20170817,20170818.0,20170815,106,3.0,1,Non local,1,549.99,26107.11,0.2,110.0,5221.42
3068,1063,1,4,8,198,6,3,8,33,20170819,20170819.0,20170816,115,3.0,0,Non local,2,469.99,22309.64,0.1,94.0,4461.93
3069,1063,2,4,1,198,1,3,8,100,20170819,20170819.0,20170816,115,3.0,0,Non local,2,489.99,23259.01,0.07,68.6,3256.26
3070,1063,3,4,7,198,3,3,8,72,20170819,20170819.0,20170816,115,3.0,0,Non local,2,619.99,29429.89,0.2,248.0,11771.96
3071,1064,1,4,4,898,3,3,9,18,20170818,20170819.0,20170816,40,3.0,1,Non local,1,449.0,21313.28,0.07,31.43,1491.93
3072,1064,2,4,9,898,7,3,9,49,20170818,20170819.0,20170816,40,3.0,1,Non local,1,3499.99,166138.7,0.1,350.0,16613.87
3073,1065,1,4,9,25,7,2,7,48,20170819,20170819.0,20170817,24,2.0,0,Non local,2,1499.99,71202.03,0.07,210.0,9968.28
3074,1065,2,4,7,25,2,2,7,103,20170819,20170819.0,20170817,24,2.0,0,Non local,2,551.99,26202.05,0.05,55.2,2620.2
3075,1065,3,4,9,25,4,2,7,63,20170819,20170819.0,20170817,24,2.0,0,Non local,1,3499.99,166138.7,0.07,245.0,11629.71
3076,1066,1,4,1,106,3,2,7,15,20170820,20170819.0,20170817,80,2.0,0,Non local,2,529.99,25157.74,0.05,53.0,2515.77
3077,1066,2,4,2,106,6,2,7,46,20170820,20170819.0,20170817,80,2.0,0,Non local,1,1409.99,66929.88,0.1,141.0,6692.99
3078,1066,3,4,1,106,3,2,7,12,20170820,20170819.0,20170817,80,2.0,0,Non local,1,549.99,26107.11,0.1,55.0,2610.71
3079,1067,1,4,1,225,3,2,7,74,20170819,20170819.0,20170817,101,2.0,0,Non local,2,439.99,20885.59,0.07,61.6,2923.98
3080,1067,2,4,9,225,5,2,7,9,20170819,20170819.0,20170817,101,2.0,0,Non local,2,2999.99,142404.53,0.2,1200.0,56961.81
3081,1067,3,4,7,225,3,2,7,72,20170819,20170819.0,20170817,101,2.0,0,Non local,2,619.99,29429.89,0.1,124.0,5885.98
3082,1067,4,4,8,225,6,2,7,6,20170819,20170819.0,20170817,101,2.0,0,Non local,2,469.99,22309.64,0.2,188.0,8923.86
3083,1068,1,4,9,453,1,2,7,87,20170820,20170819.0,20170817,138,2.0,0,Non local,2,189.99,9018.51,0.2,76.0,3607.4
3084,1068,2,4,1,453,3,2,7,82,20170820,20170819.0,20170817,138,2.0,0,Non local,1,659.99,31328.63,0.2,132.0,6265.73
3085,1068,3,4,9,453,7,2,7,49,20170820,20170819.0,20170817,138,2.0,0,Non local,2,3499.99,166138.7,0.2,1400.0,66455.48
3086,1068,4,4,2,453,6,2,7,45,20170820,20170819.0,20170817,138,2.0,0,Non local,2,869.99,41296.98,0.2,348.0,16518.79
3087,1069,1,4,7,493,2,2,6,109,20170819,20170818.0,20170817,92,1.0,0,Non local,1,416.99,19793.82,0.07,29.19,1385.57
3088,1069,2,4,2,493,1,2,6,93,20170819,20170818.0,20170817,92,1.0,0,Non local,1,209.99,9967.88,0.1,21.0,996.79
3089,1070,1,4,7,596,2,2,7,110,20170820,20170818.0,20170817,92,1.0,0,Non local,1,470.99,22357.11,0.2,94.2,4471.42
3090,1070,2,4,4,596,3,2,7,18,20170820,20170818.0,20170817,92,1.0,0,Non local,2,449.0,21313.28,0.1,89.8,4262.66
3091,1070,3,4,2,596,1,2,7,94,20170820,20170818.0,20170817,92,1.0,0,Non local,1,249.99,11866.61,0.05,12.5,593.33
3092,1071,1,4,1,602,2,3,8,25,20170820,20170818.0,20170817,115,1.0,0,Non local,2,499.99,23733.69,0.2,200.0,9493.48
3093,1072,1,3,9,47,1,1,3,83,20170818,,20170818,43,,0,Non local,1,149.99,7119.78,0.2,30.0,1423.96
3094,1072,2,3,9,47,1,1,3,89,20170818,,20170818,43,,0,Non local,2,209.99,9967.88,0.07,29.4,1395.5
3095,1072,3,3,8,47,6,1,3,36,20170818,,20170818,43,,0,Non local,2,832.99,39540.65,0.07,116.62,5535.69
3096,1073,1,4,1,911,3,2,7,81,20170819,20170821.0,20170818,86,3.0,1,Non local,1,1099.99,52214.69,0.2,220.0,10442.94
3097,1073,2,4,1,911,3,2,7,13,20170819,20170821.0,20170818,86,3.0,1,Non local,1,269.99,12815.98,0.07,18.9,897.12
3098,1073,3,4,1,911,3,2,7,20,20170819,20170821.0,20170818,86,3.0,1,Non local,1,599.99,28480.53,0.2,120.0,5696.11
3099,1074,1,3,9,11,7,2,6,59,20170819,,20170819,11,,0,Non local,1,2599.99,123417.2,0.1,260.0,12341.72
3100,1074,2,3,9,11,1,2,6,87,20170819,,20170819,11,,0,Non local,1,189.99,9018.51,0.07,13.3,631.3
3101,1074,3,3,9,11,1,2,6,89,20170819,,20170819,11,,0,Non local,2,209.99,9967.88,0.1,42.0,1993.58
3102,1075,1,4,9,1003,7,1,3,48,20170821,20170822.0,20170819,168,3.0,1,Non local,2,1499.99,71202.03,0.1,300.0,14240.41
3103,1075,2,4,7,1003,2,1,3,111,20170821,20170822.0,20170819,168,3.0,1,Non local,2,470.99,22357.11,0.05,47.1,2235.71
3104,1076,1,4,1,42,1,2,6,95,20170822,20170822.0,20170819,39,3.0,0,Non local,1,299.99,14240.03,0.1,30.0,1424.0
3105,1076,2,4,1,42,2,2,6,102,20170822,20170822.0,20170819,39,3.0,0,Non local,1,489.99,23259.01,0.07,34.3,1628.13
3106,1076,3,4,7,42,3,2,6,73,20170822,20170822.0,20170819,39,3.0,0,Non local,2,749.99,35600.78,0.07,105.0,4984.11
3107,1077,1,4,7,412,5,2,6,60,20170820,20170821.0,20170819,26,2.0,1,Non local,2,1559.99,74050.13,0.05,156.0,7405.01
3108,1078,1,4,1,793,3,2,6,76,20170821,20170820.0,20170819,80,1.0,0,Non local,2,299.99,14240.03,0.07,42.0,1993.6
3109,1078,2,4,7,793,5,2,6,60,20170821,20170820.0,20170819,80,1.0,0,Non local,2,1559.99,74050.13,0.2,624.0,29620.05
3110,1078,3,4,1,793,3,2,6,15,20170821,20170820.0,20170819,80,1.0,0,Non local,1,529.99,25157.74,0.07,37.1,1761.04
3111,1078,4,4,8,793,4,2,6,10,20170821,20170820.0,20170819,80,1.0,0,Non local,2,1549.0,73528.45,0.1,309.8,14705.69
3112,1078,5,4,7,793,3,2,6,72,20170821,20170820.0,20170819,80,1.0,0,Non local,2,619.99,29429.89,0.2,248.0,11771.96
3113,1079,1,4,1,812,3,2,7,70,20170820,20170820.0,20170819,79,1.0,0,Non local,2,659.99,31328.63,0.07,92.4,4386.01
3114,1080,1,4,8,1086,6,2,7,31,20170820,20170820.0,20170819,118,1.0,0,Non local,1,1632.99,77515.32,0.2,326.6,15503.06
3115,1080,2,4,9,1086,6,2,7,40,20170820,20170820.0,20170819,118,1.0,0,Non local,1,4999.99,237341.2,0.1,500.0,23734.12
3116,1080,3,4,9,1086,7,2,7,50,20170820,20170820.0,20170819,118,1.0,0,Non local,1,5999.99,284809.54,0.05,300.0,14240.48
3117,1080,4,4,9,1086,6,2,7,32,20170820,20170820.0,20170819,118,1.0,0,Non local,2,469.99,22309.64,0.2,188.0,8923.86
3118,1080,5,4,9,1086,1,2,7,86,20170820,20170820.0,20170819,118,1.0,0,Non local,1,149.99,7119.78,0.05,7.5,355.99
3119,1081,1,4,8,1106,7,2,6,52,20170822,20170822.0,20170819,95,3.0,0,Non local,2,875.99,41581.79,0.1,175.2,8316.36
3120,1082,1,4,9,1327,6,2,6,29,20170822,20170821.0,20170820,10,1.0,0,Non local,2,999.99,47467.86,0.2,400.0,18987.14
3121,1083,1,4,7,1372,3,2,6,65,20170823,20170823.0,20170820,107,3.0,0,Non local,2,346.99,16471.04,0.2,138.8,6588.42
3122,1083,2,4,1,1372,3,2,6,77,20170823,20170823.0,20170820,107,3.0,0,Non local,2,799.99,37974.19,0.1,160.0,7594.84
3123,1083,3,4,9,1372,5,2,6,61,20170823,20170823.0,20170820,107,3.0,0,Non local,1,4999.99,237341.2,0.07,350.0,16613.88
3124,1083,4,4,8,1372,6,2,6,33,20170823,20170823.0,20170820,107,3.0,0,Non local,1,469.99,22309.64,0.2,94.0,4461.93
3125,1084,1,4,8,2,6,1,2,30,20170824,20170823.0,20170821,2,2.0,0,Non local,1,999.99,47467.86,0.05,50.0,2373.39
3126,1084,2,4,1,2,3,1,2,70,20170824,20170823.0,20170821,2,2.0,0,Non local,1,659.99,31328.63,0.05,33.0,1566.43
3127,1084,3,4,1,2,1,1,2,98,20170824,20170823.0,20170821,2,2.0,0,Non local,2,489.99,23259.01,0.2,196.0,9303.6
3128,1084,4,4,7,2,3,1,2,65,20170824,20170823.0,20170821,2,2.0,0,Non local,2,346.99,16471.04,0.07,48.58,2305.95
3129,1084,5,4,7,2,5,1,2,60,20170824,20170823.0,20170821,2,2.0,0,Non local,1,1559.99,74050.13,0.1,156.0,7405.01
3130,1085,1,4,7,305,3,1,3,66,20170823,20170823.0,20170821,3,2.0,0,Non local,2,250.99,11914.08,0.2,100.4,4765.63
3131,1085,2,4,1,305,3,1,3,64,20170823,20170823.0,20170821,3,2.0,0,Non local,1,489.99,23259.01,0.1,49.0,2325.9
3132,1085,3,4,1,305,3,1,3,74,20170823,20170823.0,20170821,3,2.0,0,Non local,1,439.99,20885.59,0.1,44.0,2088.56
3133,1086,1,4,7,220,2,2,7,108,20170823,20170824.0,20170821,99,3.0,1,Non local,1,449.99,21360.28,0.07,31.5,1495.22
3134,1086,2,4,7,220,3,2,7,67,20170823,20170824.0,20170821,99,3.0,1,Non local,1,250.99,11914.08,0.1,25.1,1191.41
3135,1086,3,4,1,220,3,2,7,81,20170823,20170824.0,20170821,99,3.0,1,Non local,2,1099.99,52214.69,0.05,110.0,5221.47
3136,1086,4,4,8,220,4,2,7,10,20170823,20170824.0,20170821,99,3.0,1,Non local,2,1549.0,73528.45,0.07,216.86,10293.98
3137,1086,5,4,3,220,6,2,7,5,20170823,20170824.0,20170821,99,3.0,1,Non local,1,1320.99,62705.2,0.2,264.2,12541.04
3138,1087,1,4,1,675,3,3,8,15,20170823,20170825.0,20170822,135,3.0,1,Non local,1,529.99,25157.74,0.07,37.1,1761.04
3139,1087,2,4,1,675,2,3,8,102,20170823,20170825.0,20170822,135,3.0,1,Non local,2,489.99,23259.01,0.07,68.6,3256.26
3140,1087,3,4,9,675,7,3,8,59,20170823,20170825.0,20170822,135,3.0,1,Non local,2,2599.99,123417.2,0.1,520.0,24683.44
3141,1087,4,4,1,675,3,3,8,13,20170823,20170825.0,20170822,135,3.0,1,Non local,2,269.99,12815.98,0.07,37.8,1794.24
3142,1087,5,4,7,675,2,3,8,109,20170823,20170825.0,20170822,135,3.0,1,Non local,2,416.99,19793.82,0.2,166.8,7917.53
3143,1088,1,4,1,1160,3,3,8,64,20170823,20170823.0,20170822,85,1.0,0,Non local,1,489.99,23259.01,0.1,49.0,2325.9
3144,1088,2,4,8,1160,6,3,8,30,20170823,20170823.0,20170822,85,1.0,0,Non local,1,999.99,47467.86,0.1,100.0,4746.79
3145,1088,3,4,8,1160,6,3,8,33,20170823,20170823.0,20170822,85,1.0,0,Non local,1,469.99,22309.64,0.07,32.9,1561.67
3146,1088,4,4,8,1160,6,3,8,36,20170823,20170823.0,20170822,85,1.0,0,Non local,2,832.99,39540.65,0.2,333.2,15816.26
3147,1089,1,3,1,46,3,1,2,70,20170823,,20170823,37,,0,Non local,2,659.99,31328.63,0.07,92.4,4386.01
3148,1089,2,3,8,46,6,1,2,30,20170823,,20170823,37,,0,Non local,2,999.99,47467.86,0.05,100.0,4746.79
3149,1090,1,4,1,1427,3,1,2,74,20170826,20170826.0,20170824,23,2.0,0,Non local,1,439.99,20885.59,0.2,88.0,4177.12
3150,1091,1,4,1,1260,1,2,7,97,20170825,20170825.0,20170824,150,1.0,0,Non local,1,349.99,16613.44,0.05,17.5,830.67
3151,1091,2,4,9,1260,7,2,7,56,20170825,20170825.0,20170824,150,1.0,0,Non local,1,5499.99,261075.37,0.1,550.0,26107.54
3152,1091,3,4,4,1260,3,2,7,19,20170825,20170825.0,20170824,150,1.0,0,Non local,1,449.0,21313.28,0.1,44.9,2131.33
3153,1092,1,4,9,40,6,1,2,34,20170828,20170827.0,20170825,37,2.0,0,Non local,1,469.99,22309.64,0.05,23.5,1115.48
3154,1092,2,4,8,40,6,1,2,30,20170828,20170827.0,20170825,37,2.0,0,Non local,2,999.99,47467.86,0.07,140.0,6645.5
3155,1092,3,4,5,40,6,1,2,2,20170828,20170827.0,20170825,37,2.0,0,Non local,2,749.99,35600.78,0.1,150.0,7120.16
3156,1092,4,4,4,40,3,1,2,18,20170828,20170827.0,20170825,37,2.0,0,Non local,1,449.0,21313.28,0.2,89.8,4262.66
3157,1093,1,4,2,326,6,1,3,45,20170828,20170826.0,20170825,58,1.0,0,Non local,2,869.99,41296.98,0.07,121.8,5781.58
3158,1093,2,4,4,326,3,1,3,17,20170828,20170826.0,20170825,58,1.0,0,Non local,2,429.0,20363.92,0.1,85.8,4072.78
3159,1093,3,4,9,326,1,1,3,90,20170828,20170826.0,20170825,58,1.0,0,Non local,2,209.99,9967.88,0.1,42.0,1993.58
3160,1094,1,4,7,828,3,2,6,71,20170827,20170828.0,20170825,152,3.0,1,Non local,1,416.99,19793.82,0.1,41.7,1979.38
3161,1094,2,4,8,828,4,2,6,11,20170827,20170828.0,20170825,152,3.0,1,Non local,1,1680.99,79793.8,0.1,168.1,7979.38
3162,1094,3,4,1,828,2,2,6,24,20170827,20170828.0,20170825,152,3.0,1,Non local,1,549.99,26107.11,0.1,55.0,2610.71
3163,1094,4,4,7,828,2,2,6,107,20170827,20170828.0,20170825,152,3.0,1,Non local,1,416.99,19793.82,0.2,83.4,3958.76
3164,1095,1,4,7,1382,3,3,9,78,20170828,20170827.0,20170826,164,1.0,0,Non local,2,647.99,30759.01,0.05,64.8,3075.9
3165,1095,2,4,8,1382,6,3,9,3,20170828,20170827.0,20170826,164,1.0,0,Non local,2,999.99,47467.86,0.2,400.0,18987.14
3166,1095,3,4,1,1382,3,3,9,15,20170828,20170827.0,20170826,164,1.0,0,Non local,2,529.99,25157.74,0.1,106.0,5031.55
3167,1095,4,4,8,1382,6,3,9,31,20170828,20170827.0,20170826,164,1.0,0,Non local,1,1632.99,77515.32,0.2,326.6,15503.06
3168,1095,5,4,9,1382,7,3,9,50,20170828,20170827.0,20170826,164,1.0,0,Non local,2,5999.99,284809.54,0.05,600.0,28480.95
3169,1096,1,4,8,589,4,1,2,11,20170829,20170829.0,20170827,137,2.0,0,Non local,1,1680.99,79793.8,0.1,168.1,7979.38
3170,1097,1,4,1,1311,1,2,6,99,20170830,20170828.0,20170827,93,1.0,0,Non local,1,299.99,14240.03,0.05,15.0,712.0
3171,1097,2,4,7,1311,2,2,6,106,20170830,20170828.0,20170827,93,1.0,0,Non local,2,449.99,21360.28,0.07,63.0,2990.44
3172,1097,3,4,1,1311,1,2,6,98,20170830,20170828.0,20170827,93,1.0,0,Non local,2,489.99,23259.01,0.07,68.6,3256.26
3173,1097,4,4,4,1311,3,2,6,19,20170830,20170828.0,20170827,93,1.0,0,Non local,1,449.0,21313.28,0.2,89.8,4262.66
3174,1097,5,4,7,1311,6,2,6,35,20170830,20170828.0,20170827,93,1.0,0,Non local,2,832.99,39540.65,0.05,83.3,3954.06
3175,1098,1,4,9,752,1,1,2,88,20170830,20170830.0,20170828,37,2.0,0,Non local,1,189.99,9018.51,0.1,19.0,901.85
3176,1099,1,4,1,1128,3,2,6,64,20170829,20170830.0,20170828,24,2.0,1,Non local,1,489.99,23259.01,0.1,49.0,2325.9
3177,1099,2,4,1,1128,3,2,6,13,20170829,20170830.0,20170828,24,2.0,1,Non local,2,269.99,12815.98,0.05,27.0,1281.6
3178,1099,3,4,2,1128,6,2,6,46,20170829,20170830.0,20170828,24,2.0,1,Non local,1,1409.99,66929.88,0.07,98.7,4685.09
3179,1099,4,4,9,1128,1,2,6,89,20170829,20170830.0,20170828,24,2.0,1,Non local,2,209.99,9967.88,0.1,42.0,1993.58
3180,1100,1,4,1,1392,3,2,7,12,20170829,20170829.0,20170828,6,1.0,0,Non local,1,549.99,26107.11,0.05,27.5,1305.36
3181,1100,2,4,9,1392,5,2,7,9,20170829,20170829.0,20170828,6,1.0,0,Non local,2,2999.99,142404.53,0.1,600.0,28480.91
3182,1101,1,4,7,379,2,2,7,105,20170830,20170830.0,20170829,4,1.0,0,Non local,1,533.99,25347.62,0.07,37.38,1774.33
3183,1101,2,4,9,379,7,2,7,51,20170830,20170830.0,20170829,4,1.0,0,Non local,1,6499.99,308543.7,0.05,325.0,15427.19
3184,1102,1,4,9,1317,1,2,6,91,20170831,20170831.0,20170829,78,2.0,0,Non local,1,349.99,16613.44,0.07,24.5,1162.94
3185,1103,1,4,7,1394,2,2,7,106,20170902,20170902.0,20170831,53,2.0,0,Non local,1,449.99,21360.28,0.2,90.0,4272.06
3186,1103,2,4,2,1394,6,2,7,46,20170902,20170902.0,20170831,53,2.0,0,Non local,2,1409.99,66929.88,0.2,564.0,26771.95
3187,1104,1,4,4,268,3,2,6,17,20170904,20170903.0,20170901,117,2.0,0,Non local,1,429.0,20363.92,0.1,42.9,2036.39
3188,1104,2,4,1,268,3,2,6,70,20170904,20170903.0,20170901,117,2.0,0,Non local,2,659.99,31328.63,0.1,132.0,6265.73
3189,1104,3,4,9,268,6,2,6,43,20170904,20170903.0,20170901,117,2.0,0,Non local,1,5299.99,251581.7,0.07,371.0,17610.72
3190,1104,4,4,7,268,3,2,6,80,20170904,20170903.0,20170901,117,2.0,0,Non local,1,761.99,36170.4,0.07,53.34,2531.93
3191,1105,1,4,7,747,5,3,8,60,20170904,20170903.0,20170901,14,2.0,0,Non local,1,1559.99,74050.13,0.05,78.0,3702.51
3192,1105,2,4,9,747,7,3,8,56,20170904,20170903.0,20170901,14,2.0,0,Non local,2,5499.99,261075.37,0.2,2200.0,104430.15
3193,1105,3,4,7,747,6,3,8,35,20170904,20170903.0,20170901,14,2.0,0,Non local,2,832.99,39540.65,0.07,116.62,5535.69
3194,1106,1,4,1,1009,1,2,6,96,20170904,20170904.0,20170902,157,2.0,0,Non local,1,349.99,16613.44,0.1,35.0,1661.34
3195,1107,1,4,9,1424,6,2,7,43,20170905,20170905.0,20170902,11,3.0,0,Non local,1,5299.99,251581.7,0.2,1060.0,50316.34
3196,1107,2,4,2,1424,6,2,7,41,20170905,20170905.0,20170902,11,3.0,0,Non local,2,1469.99,69777.98,0.2,588.0,27911.19
3197,1108,1,4,2,735,6,1,3,45,20170905,20170904.0,20170903,23,1.0,0,Non local,2,869.99,41296.98,0.05,87.0,4129.7
3198,1108,2,4,1,735,1,1,3,100,20170905,20170904.0,20170903,23,1.0,0,Non local,1,489.99,23259.01,0.07,34.3,1628.13
3199,1108,3,4,7,735,2,1,3,105,20170905,20170904.0,20170903,23,1.0,0,Non local,1,533.99,25347.62,0.07,37.38,1774.33
3200,1109,1,4,7,23,3,2,6,72,20170904,20170904.0,20170903,22,1.0,0,Non local,2,619.99,29429.89,0.1,124.0,5885.98
3201,1110,1,4,9,912,7,2,6,56,20170907,20170907.0,20170904,136,3.0,0,Non local,1,5499.99,261075.37,0.1,550.0,26107.54
3202,1111,1,4,1,930,1,2,6,95,20170906,20170905.0,20170904,186,1.0,0,Non local,1,299.99,14240.03,0.05,15.0,712.0
3203,1111,2,4,7,930,3,2,6,66,20170906,20170905.0,20170904,186,1.0,0,Non local,2,250.99,11914.08,0.1,50.2,2382.82
3204,1111,3,4,1,930,3,2,6,14,20170906,20170905.0,20170904,186,1.0,0,Non local,1,269.99,12815.98,0.2,54.0,2563.2
3205,1111,4,4,1,930,2,2,6,24,20170906,20170905.0,20170904,186,1.0,0,Non local,1,549.99,26107.11,0.07,38.5,1827.5
3206,1112,1,4,7,798,3,2,7,71,20170908,20170907.0,20170905,136,2.0,0,Non local,2,416.99,19793.82,0.05,41.7,1979.38
3207,1112,2,4,9,798,6,2,7,42,20170908,20170907.0,20170905,136,2.0,0,Non local,1,2299.99,109176.7,0.07,161.0,7642.37
3208,1112,3,4,3,798,6,2,7,5,20170908,20170907.0,20170905,136,2.0,0,Non local,2,1320.99,62705.2,0.1,264.2,12541.04
3209,1112,4,4,9,798,1,2,7,87,20170908,20170907.0,20170905,136,2.0,0,Non local,2,189.99,9018.51,0.07,26.6,1262.59
3210,1112,5,4,9,798,5,2,7,9,20170908,20170907.0,20170905,136,2.0,0,Non local,2,2999.99,142404.53,0.1,600.0,28480.91
3211,1113,1,4,7,388,2,2,7,106,20170908,20170907.0,20170906,123,1.0,0,Non local,1,449.99,21360.28,0.07,31.5,1495.22
3212,1114,1,4,8,1036,7,2,6,52,20170908,20170908.0,20170906,146,2.0,0,Non local,1,875.99,41581.79,0.2,175.2,8316.36
3213,1115,1,4,1,1100,1,2,6,97,20170909,20170909.0,20170907,117,2.0,0,Non local,2,349.99,16613.44,0.2,140.0,6645.38
3214,1115,2,4,9,1100,7,2,6,50,20170909,20170909.0,20170907,117,2.0,0,Non local,2,5999.99,284809.54,0.07,840.0,39873.33
3215,1115,3,4,9,1100,1,2,6,91,20170909,20170909.0,20170907,117,2.0,0,Non local,2,349.99,16613.44,0.07,49.0,2325.88
3216,1115,4,4,9,1100,7,2,6,49,20170909,20170909.0,20170907,117,2.0,0,Non local,2,3499.99,166138.7,0.1,700.0,33227.74
3217,1116,1,4,8,52,4,2,7,11,20170910,20170910.0,20170908,45,2.0,0,Non local,2,1680.99,79793.8,0.07,235.34,11171.13
3218,1117,1,4,2,334,6,2,6,37,20170910,20170910.0,20170908,66,2.0,0,Non local,2,379.99,18037.49,0.1,76.0,3607.5
3219,1117,2,4,9,334,1,2,6,91,20170910,20170910.0,20170908,66,2.0,0,Non local,1,349.99,16613.44,0.2,70.0,3322.69
3220,1117,3,4,9,334,7,2,6,51,20170910,20170910.0,20170908,66,2.0,0,Non local,2,6499.99,308543.7,0.1,1300.0,61708.74
3221,1118,1,4,9,1023,7,2,6,55,20170911,20170911.0,20170908,117,3.0,0,Non local,2,2699.99,128164.03,0.2,1080.0,51265.61
3222,1118,2,4,9,1023,7,2,6,50,20170911,20170911.0,20170908,117,3.0,0,Non local,1,5999.99,284809.54,0.07,420.0,19936.67
3223,1118,3,4,9,1023,6,2,6,29,20170911,20170911.0,20170908,117,3.0,0,Non local,1,999.99,47467.86,0.05,50.0,2373.39
3224,1118,4,4,9,1023,6,2,6,47,20170911,20170911.0,20170908,117,3.0,0,Non local,2,5299.99,251581.7,0.2,2120.0,100632.68
3225,1119,1,4,2,749,1,1,2,93,20170912,20170913.0,20170910,69,3.0,1,Non local,2,209.99,9967.88,0.1,42.0,1993.58
3226,1119,2,4,9,749,7,1,2,55,20170912,20170913.0,20170910,69,3.0,1,Non local,2,2699.99,128164.03,0.05,270.0,12816.4
3227,1119,3,4,7,749,2,1,2,104,20170912,20170913.0,20170910,69,3.0,1,Non local,1,481.99,22879.26,0.2,96.4,4575.85
3228,1120,1,4,2,1269,1,2,7,92,20170912,20170913.0,20170910,9,3.0,1,Non local,2,209.99,9967.88,0.07,29.4,1395.5
3229,1120,2,4,8,1269,6,2,7,31,20170912,20170913.0,20170910,9,3.0,1,Non local,1,1632.99,77515.32,0.07,114.31,5426.07
3230,1120,3,4,8,1269,6,2,7,30,20170912,20170913.0,20170910,9,3.0,1,Non local,2,999.99,47467.86,0.05,100.0,4746.79
3231,1120,4,4,2,1269,1,2,7,93,20170912,20170913.0,20170910,9,3.0,1,Non local,1,209.99,9967.88,0.07,14.7,697.75
3232,1120,5,4,2,1269,1,2,7,94,20170912,20170913.0,20170910,9,3.0,1,Non local,1,249.99,11866.61,0.2,50.0,2373.32
3233,1121,1,4,8,143,4,2,7,11,20170913,20170912.0,20170911,8,1.0,0,Non local,2,1680.99,79793.8,0.1,336.2,15958.76
3234,1121,2,4,7,143,2,2,7,110,20170913,20170912.0,20170911,8,1.0,0,Non local,2,470.99,22357.11,0.05,47.1,2235.71
3235,1122,1,4,9,1132,5,2,6,9,20170914,20170914.0,20170912,156,2.0,0,Non local,2,2999.99,142404.53,0.07,420.0,19936.63
3236,1122,2,4,8,1132,7,2,6,53,20170914,20170914.0,20170912,156,2.0,0,Non local,1,749.99,35600.78,0.1,75.0,3560.08
3237,1122,3,4,9,1132,7,2,6,49,20170914,20170914.0,20170912,156,2.0,0,Non local,2,3499.99,166138.7,0.2,1400.0,66455.48
3238,1122,4,4,2,1132,6,2,6,41,20170914,20170914.0,20170912,156,2.0,0,Non local,2,1469.99,69777.98,0.05,147.0,6977.8
3239,1122,5,4,7,1132,3,2,6,72,20170914,20170914.0,20170912,156,2.0,0,Non local,1,619.99,29429.89,0.1,62.0,2942.99
3240,1123,1,4,7,598,3,2,7,65,20170914,20170914.0,20170913,161,1.0,0,Non local,2,346.99,16471.04,0.07,48.58,2305.95
3241,1123,2,4,9,598,5,2,7,61,20170914,20170914.0,20170913,161,1.0,0,Non local,2,4999.99,237341.2,0.1,1000.0,47468.24
3242,1124,1,4,9,275,6,3,9,7,20170914,20170916.0,20170913,52,3.0,1,Non local,2,3999.99,189872.87,0.1,800.0,37974.57
3243,1124,2,4,8,275,6,3,9,6,20170914,20170916.0,20170913,52,3.0,1,Non local,1,469.99,22309.64,0.1,47.0,2230.96
3244,1124,3,4,7,275,2,3,9,109,20170914,20170916.0,20170913,52,3.0,1,Non local,2,416.99,19793.82,0.07,58.38,2771.13
3245,1124,4,4,2,275,6,3,9,45,20170914,20170916.0,20170913,52,3.0,1,Non local,2,869.99,41296.98,0.05,87.0,4129.7
3246,1124,5,4,5,275,6,3,9,2,20170914,20170916.0,20170913,52,3.0,1,Non local,2,749.99,35600.78,0.05,75.0,3560.08
3247,1125,1,4,1,945,3,2,7,16,20170915,20170915.0,20170914,9,1.0,0,Non local,2,599.99,28480.53,0.05,60.0,2848.05
3248,1125,2,4,1,945,1,2,7,21,20170915,20170915.0,20170914,9,1.0,0,Non local,1,269.99,12815.98,0.1,27.0,1281.6
3249,1125,3,4,1,945,3,2,7,81,20170915,20170915.0,20170914,9,1.0,0,Non local,2,1099.99,52214.69,0.07,154.0,7310.06
3250,1125,4,4,1,945,2,2,7,24,20170915,20170915.0,20170914,9,1.0,0,Non local,1,549.99,26107.11,0.07,38.5,1827.5
3251,1125,5,4,9,945,6,2,7,32,20170915,20170915.0,20170914,9,1.0,0,Non local,2,469.99,22309.64,0.07,65.8,3123.35
3252,1126,1,4,8,1213,6,3,8,33,20170916,20170915.0,20170914,52,1.0,0,Non local,2,469.99,22309.64,0.1,94.0,4461.93
3253,1126,2,4,9,1213,7,3,8,58,20170916,20170915.0,20170914,52,1.0,0,Non local,1,4999.99,237341.2,0.2,1000.0,47468.24
3254,1126,3,4,9,1213,1,3,8,89,20170916,20170915.0,20170914,52,1.0,0,Non local,2,209.99,9967.88,0.05,21.0,996.79
3255,1127,1,4,1,494,1,2,7,23,20170916,20170916.0,20170915,4,1.0,0,Non local,2,299.99,14240.03,0.1,60.0,2848.01
3256,1127,2,4,1,494,1,2,7,96,20170916,20170916.0,20170915,4,1.0,0,Non local,2,349.99,16613.44,0.07,49.0,2325.88
3257,1127,3,4,2,494,6,2,7,37,20170916,20170916.0,20170915,4,1.0,0,Non local,1,379.99,18037.49,0.2,76.0,3607.5
3258,1128,1,4,2,936,6,2,6,44,20170917,20170916.0,20170915,27,1.0,0,Non local,1,539.99,25632.43,0.05,27.0,1281.62
3259,1128,2,4,8,936,4,2,6,10,20170917,20170916.0,20170915,27,1.0,0,Non local,1,1549.0,73528.45,0.2,309.8,14705.69
3260,1128,3,4,7,936,3,2,6,65,20170917,20170916.0,20170915,27,1.0,0,Non local,2,346.99,16471.04,0.05,34.7,1647.1
3261,1129,1,4,7,663,3,2,6,71,20170918,20170920.0,20170917,116,3.0,1,Non local,2,416.99,19793.82,0.2,166.8,7917.53
3262,1129,2,4,9,663,7,2,6,56,20170918,20170920.0,20170917,116,3.0,1,Non local,1,5499.99,261075.37,0.2,1100.0,52215.07
3263,1129,3,4,9,663,5,2,6,61,20170918,20170920.0,20170917,116,3.0,1,Non local,2,4999.99,237341.2,0.05,500.0,23734.12
3264,1130,1,4,9,69,7,1,3,54,20170920,20170920.0,20170918,58,2.0,0,Non local,2,3199.99,151898.2,0.2,1280.0,60759.28
3265,1131,1,4,7,1178,5,1,3,60,20170920,20170919.0,20170918,108,1.0,0,Non local,2,1559.99,74050.13,0.07,218.4,10367.02
3266,1131,2,4,7,1178,2,1,3,103,20170920,20170919.0,20170918,108,1.0,0,Non local,2,551.99,26202.05,0.05,55.2,2620.2
3267,1132,1,4,9,351,6,2,6,43,20170920,20170920.0,20170919,11,1.0,0,Non local,1,5299.99,251581.7,0.05,265.0,12579.09
3268,1132,2,4,8,351,4,2,6,10,20170920,20170920.0,20170919,11,1.0,0,Non local,1,1549.0,73528.45,0.1,154.9,7352.85
3269,1132,3,4,8,351,6,2,6,36,20170920,20170920.0,20170919,11,1.0,0,Non local,2,832.99,39540.65,0.1,166.6,7908.13
3270,1132,4,4,1,351,3,2,6,16,20170920,20170920.0,20170919,11,1.0,0,Non local,1,599.99,28480.53,0.05,30.0,1424.03
3271,1133,1,4,9,517,6,2,7,4,20170921,20170921.0,20170919,139,2.0,0,Non local,2,2899.99,137657.7,0.05,290.0,13765.77
3272,1133,2,4,4,517,3,2,7,17,20170921,20170921.0,20170919,139,2.0,0,Non local,1,429.0,20363.92,0.07,30.03,1425.47
3273,1133,3,4,9,517,1,2,7,90,20170921,20170921.0,20170919,139,2.0,0,Non local,2,209.99,9967.88,0.2,84.0,3987.15
3274,1133,4,4,9,517,4,2,7,62,20170921,20170921.0,20170919,139,2.0,0,Non local,1,3499.99,166138.7,0.2,700.0,33227.74
3275,1134,1,4,1,978,1,2,6,97,20170922,20170920.0,20170919,48,1.0,0,Non local,1,349.99,16613.44,0.1,35.0,1661.34
3276,1134,2,4,8,978,6,2,6,36,20170922,20170920.0,20170919,48,1.0,0,Non local,1,832.99,39540.65,0.1,83.3,3954.06
3277,1135,1,4,1,1347,1,2,6,101,20170921,20170920.0,20170919,74,1.0,0,Non local,2,339.99,16138.76,0.05,34.0,1613.88
3278,1135,2,4,9,1347,7,2,6,51,20170921,20170920.0,20170919,74,1.0,0,Non local,1,6499.99,308543.7,0.1,650.0,30854.37
3279,1136,1,4,7,1050,2,2,6,105,20170921,20170921.0,20170920,162,1.0,0,Non local,1,533.99,25347.62,0.1,53.4,2534.76
3280,1137,1,4,8,810,6,3,8,28,20170923,20170923.0,20170920,40,3.0,0,Non local,1,2499.99,118670.36,0.2,500.0,23734.07
3281,1137,2,4,9,810,7,3,8,58,20170923,20170923.0,20170920,40,3.0,0,Non local,2,4999.99,237341.2,0.2,2000.0,94936.48
3282,1137,3,4,7,810,1,3,8,84,20170923,20170923.0,20170920,40,3.0,0,Non local,2,109.99,5221.04,0.2,44.0,2088.42
3283,1137,4,4,7,810,3,3,8,69,20170923,20170923.0,20170920,40,3.0,0,Non local,2,416.99,19793.82,0.07,58.38,2771.13
3284,1138,1,4,1,254,3,1,2,13,20170923,20170922.0,20170921,127,1.0,0,Non local,2,269.99,12815.98,0.05,27.0,1281.6
3285,1138,2,4,7,254,2,1,2,105,20170923,20170922.0,20170921,127,1.0,0,Non local,2,533.99,25347.62,0.05,53.4,2534.76
3286,1138,3,4,2,254,1,1,2,93,20170923,20170922.0,20170921,127,1.0,0,Non local,1,209.99,9967.88,0.1,21.0,996.79
3287,1139,1,4,7,1006,2,1,2,106,20170922,20170923.0,20170921,111,2.0,1,Non local,2,449.99,21360.28,0.05,45.0,2136.03
3288,1139,2,4,2,1006,6,1,2,44,20170922,20170923.0,20170921,111,2.0,1,Non local,2,539.99,25632.43,0.1,108.0,5126.49
3289,1139,3,4,7,1006,3,1,2,69,20170922,20170923.0,20170921,111,2.0,1,Non local,1,416.99,19793.82,0.05,20.85,989.69
3290,1139,4,4,1,1006,2,1,2,25,20170922,20170923.0,20170921,111,2.0,1,Non local,2,499.99,23733.69,0.1,100.0,4746.74
3291,1139,5,4,9,1006,6,1,2,7,20170922,20170923.0,20170921,111,2.0,1,Non local,1,3999.99,189872.87,0.1,400.0,18987.29
3292,1140,1,4,9,1063,6,3,8,39,20170922,20170922.0,20170921,173,1.0,0,Non local,2,1499.99,71202.03,0.1,300.0,14240.41
3293,1140,2,4,7,1063,3,3,8,71,20170922,20170922.0,20170921,173,1.0,0,Non local,2,416.99,19793.82,0.07,58.38,2771.13
3294,1140,3,4,2,1063,6,3,8,38,20170922,20170922.0,20170921,173,1.0,0,Non local,2,549.99,26107.11,0.1,110.0,5221.42
3295,1140,4,4,9,1063,6,3,8,40,20170922,20170922.0,20170921,173,1.0,0,Non local,2,4999.99,237341.2,0.07,700.0,33227.77
3296,1141,1,4,9,1076,6,1,2,8,20170923,20170924.0,20170922,168,2.0,1,Non local,1,1799.99,85442.53,0.1,180.0,8544.25
3297,1142,1,4,1,554,3,1,3,20,20170926,20170926.0,20170923,2,3.0,0,Non local,2,599.99,28480.53,0.07,84.0,3987.27
3298,1142,2,4,8,554,6,1,3,30,20170926,20170926.0,20170923,2,3.0,0,Non local,1,999.99,47467.86,0.1,100.0,4746.79
3299,1142,3,4,7,554,2,1,3,109,20170926,20170926.0,20170923,2,3.0,0,Non local,2,416.99,19793.82,0.05,41.7,1979.38
3300,1142,4,4,7,554,2,1,3,108,20170926,20170926.0,20170923,2,3.0,0,Non local,2,449.99,21360.28,0.2,180.0,8544.11
3301,1142,5,4,1,554,1,1,3,100,20170926,20170926.0,20170923,2,3.0,0,Non local,2,489.99,23259.01,0.05,49.0,2325.9
3302,1143,1,4,1,1087,1,1,2,99,20170926,20170927.0,20170924,137,3.0,1,Non local,1,299.99,14240.03,0.2,60.0,2848.01
3303,1143,2,4,9,1087,7,1,2,48,20170926,20170927.0,20170924,137,3.0,1,Non local,1,1499.99,71202.03,0.2,300.0,14240.41
3304,1143,3,4,7,1087,3,1,2,69,20170926,20170927.0,20170924,137,3.0,1,Non local,2,416.99,19793.82,0.1,83.4,3958.76
3305,1144,1,4,9,1414,1,2,7,88,20170927,20170927.0,20170924,38,3.0,0,Non local,1,189.99,9018.51,0.07,13.3,631.3
3306,1145,1,4,7,617,2,2,6,105,20170927,20170926.0,20170925,185,1.0,0,Non local,2,533.99,25347.62,0.07,74.76,3548.67
3307,1146,1,4,8,757,6,2,7,36,20170926,20170928.0,20170925,145,3.0,1,Non local,1,832.99,39540.65,0.07,58.31,2767.85
3308,1146,2,4,1,757,3,2,7,64,20170926,20170928.0,20170925,145,3.0,1,Non local,1,489.99,23259.01,0.2,98.0,4651.8
3309,1146,3,4,8,757,4,2,7,11,20170926,20170928.0,20170925,145,3.0,1,Non local,1,1680.99,79793.8,0.2,336.2,15958.76
3310,1147,1,4,1,1344,3,2,6,82,20170926,20170927.0,20170925,88,2.0,1,Non local,1,659.99,31328.63,0.2,132.0,6265.73
3311,1147,2,4,9,1344,6,2,6,39,20170926,20170927.0,20170925,88,2.0,1,Non local,2,1499.99,71202.03,0.05,150.0,7120.2
3312,1148,1,4,1,1379,3,2,7,82,20170926,20170927.0,20170925,26,2.0,1,Non local,1,659.99,31328.63,0.07,46.2,2193.0
3313,1148,2,4,1,1379,1,2,7,22,20170926,20170927.0,20170925,26,2.0,1,Non local,1,269.99,12815.98,0.07,18.9,897.12
3314,1148,3,4,1,1379,3,2,7,77,20170926,20170927.0,20170925,26,2.0,1,Non local,2,799.99,37974.19,0.05,80.0,3797.42
3315,1148,4,4,2,1379,1,2,7,94,20170926,20170927.0,20170925,26,2.0,1,Non local,2,249.99,11866.61,0.1,50.0,2373.32
3316,1149,1,4,1,787,1,2,7,98,20170930,20170930.0,20170927,152,3.0,0,Non local,2,489.99,23259.01,0.07,68.6,3256.26
3317,1149,2,4,9,787,7,2,7,48,20170930,20170930.0,20170927,152,3.0,0,Non local,1,1499.99,71202.03,0.05,75.0,3560.1
3318,1149,3,4,9,787,7,2,7,58,20170930,20170930.0,20170927,152,3.0,0,Non local,1,4999.99,237341.2,0.05,250.0,11867.06
3319,1149,4,4,2,787,1,2,7,85,20170930,20170930.0,20170927,152,3.0,0,Non local,1,329.99,15664.08,0.2,66.0,3132.82
3320,1149,5,4,2,787,1,2,7,94,20170930,20170930.0,20170927,152,3.0,0,Non local,1,249.99,11866.61,0.1,25.0,1186.66
3321,1150,1,4,9,1183,6,2,7,29,20171001,20170930.0,20170928,44,2.0,0,Non local,1,999.99,47467.86,0.05,50.0,2373.39
3322,1150,2,4,9,1183,1,2,7,91,20171001,20170930.0,20170928,44,2.0,0,Non local,1,349.99,16613.44,0.05,17.5,830.67
3323,1150,3,4,7,1183,2,2,7,104,20171001,20170930.0,20170928,44,2.0,0,Non local,2,481.99,22879.26,0.07,67.48,3203.1
3324,1150,4,4,1,1183,1,2,7,21,20171001,20170930.0,20170928,44,2.0,0,Non local,2,269.99,12815.98,0.1,54.0,2563.2
3325,1151,1,4,8,708,6,1,3,30,20170930,20170930.0,20170929,111,1.0,0,Non local,2,999.99,47467.86,0.05,100.0,4746.79
3326,1152,1,4,9,1244,7,2,6,58,20171002,20171001.0,20170929,161,2.0,0,Non local,1,4999.99,237341.2,0.07,350.0,16613.88
3327,1152,2,4,9,1244,1,2,6,91,20171002,20171001.0,20170929,161,2.0,0,Non local,2,349.99,16613.44,0.2,140.0,6645.38
3328,1152,3,4,1,1244,2,2,6,24,20171002,20171001.0,20170929,161,2.0,0,Non local,1,549.99,26107.11,0.05,27.5,1305.36
3329,1153,1,4,7,720,2,2,7,103,20171003,20171003.0,20170930,169,3.0,0,Non local,1,551.99,26202.05,0.1,55.2,2620.2
3330,1153,2,4,8,720,6,2,7,6,20171003,20171003.0,20170930,169,3.0,0,Non local,2,469.99,22309.64,0.05,47.0,2230.96
3331,1154,1,4,4,789,3,2,7,17,20171003,20171003.0,20170930,134,3.0,0,Non local,1,429.0,20363.92,0.2,85.8,4072.78
3332,1154,2,4,7,789,5,2,7,60,20171003,20171003.0,20170930,134,3.0,0,Non local,1,1559.99,74050.13,0.07,109.2,5183.51
3333,1154,3,4,7,789,3,2,7,67,20171003,20171003.0,20170930,134,3.0,0,Non local,2,250.99,11914.08,0.2,100.4,4765.63
3334,1155,1,4,7,865,3,2,7,68,20171001,20171001.0,20170930,35,1.0,0,Non local,2,449.99,21360.28,0.05,45.0,2136.03
3335,1155,2,4,8,865,6,2,7,6,20171001,20171001.0,20170930,35,1.0,0,Non local,2,469.99,22309.64,0.1,94.0,4461.93
3336,1155,3,4,7,865,6,2,7,35,20171001,20171001.0,20170930,35,1.0,0,Non local,1,832.99,39540.65,0.07,58.31,2767.85
3337,1155,4,4,1,865,3,2,7,77,20171001,20171001.0,20170930,35,1.0,0,Non local,2,799.99,37974.19,0.05,80.0,3797.42
3338,1156,1,4,7,869,2,2,7,111,20171003,20171003.0,20170930,39,3.0,0,Non local,2,470.99,22357.11,0.05,47.1,2235.71
3339,1156,2,4,9,869,1,2,7,86,20171003,20171003.0,20170930,39,3.0,0,Non local,1,149.99,7119.78,0.05,7.5,355.99
3340,1157,1,4,1,24,3,1,3,20,20171003,20171004.0,20171001,23,3.0,1,Non local,1,599.99,28480.53,0.1,60.0,2848.05
3341,1157,2,4,8,24,6,1,3,31,20171003,20171004.0,20171001,23,3.0,1,Non local,2,1632.99,77515.32,0.1,326.6,15503.06
3342,1157,3,4,2,24,6,1,3,37,20171003,20171004.0,20171001,23,3.0,1,Non local,2,379.99,18037.49,0.2,152.0,7215.0
3343,1157,4,4,2,24,6,1,3,41,20171003,20171004.0,20171001,23,3.0,1,Non local,1,1469.99,69777.98,0.07,102.9,4884.46
3344,1158,1,4,1,889,1,1,2,95,20171003,20171002.0,20171001,51,1.0,0,Non local,2,299.99,14240.03,0.1,60.0,2848.01
3345,1158,2,4,1,889,3,1,2,74,20171003,20171002.0,20171001,51,1.0,0,Non local,1,439.99,20885.59,0.07,30.8,1461.99
3346,1159,1,4,1,1221,3,1,3,12,20171002,20171003.0,20171001,111,2.0,1,Non local,2,549.99,26107.11,0.1,110.0,5221.42
3347,1160,1,4,2,1262,6,1,2,41,20171002,20171004.0,20171001,133,3.0,1,Non local,1,1469.99,69777.98,0.1,147.0,6977.8
3348,1160,2,4,9,1262,5,1,2,9,20171002,20171004.0,20171001,133,3.0,1,Non local,1,2999.99,142404.53,0.2,600.0,28480.91
3349,1161,1,4,7,41,3,2,7,71,20171004,20171002.0,20171001,38,1.0,0,Non local,2,416.99,19793.82,0.1,83.4,3958.76
3350,1161,2,4,2,41,6,2,7,38,20171004,20171002.0,20171001,38,1.0,0,Non local,1,549.99,26107.11,0.07,38.5,1827.5
3351,1161,3,4,1,41,1,2,7,22,20171004,20171002.0,20171001,38,1.0,0,Non local,1,269.99,12815.98,0.2,54.0,2563.2
3352,1161,4,4,9,41,6,2,7,29,20171004,20171002.0,20171001,38,1.0,0,Non local,2,999.99,47467.86,0.1,200.0,9493.57
3353,1162,1,4,9,888,1,2,6,88,20171003,20171003.0,20171001,110,2.0,0,Non local,1,189.99,9018.51,0.2,38.0,1803.7
3354,1162,2,4,9,888,6,2,6,40,20171003,20171003.0,20171001,110,2.0,0,Non local,2,4999.99,237341.2,0.2,2000.0,94936.48
3355,1162,3,4,9,888,1,2,6,86,20171003,20171003.0,20171001,110,2.0,0,Non local,1,149.99,7119.78,0.1,15.0,711.98
3356,1162,4,4,2,888,6,2,6,41,20171003,20171003.0,20171001,110,2.0,0,Non local,1,1469.99,69777.98,0.05,73.5,3488.9
3357,1162,5,4,1,888,3,2,6,12,20171003,20171003.0,20171001,110,2.0,0,Non local,2,549.99,26107.11,0.05,55.0,2610.71
3358,1163,1,4,9,934,4,2,6,63,20171002,20171002.0,20171001,92,1.0,0,Non local,2,3499.99,166138.7,0.05,350.0,16613.87
3359,1163,2,4,8,934,7,2,6,53,20171002,20171002.0,20171001,92,1.0,0,Non local,2,749.99,35600.78,0.1,150.0,7120.16
3360,1164,1,4,9,1067,6,2,6,8,20171002,20171003.0,20171001,114,2.0,1,Non local,1,1799.99,85442.53,0.2,360.0,17088.51
3361,1164,2,4,7,1067,3,2,6,78,20171002,20171003.0,20171001,114,2.0,1,Non local,1,647.99,30759.01,0.05,32.4,1537.95
3362,1164,3,4,7,1067,2,2,6,103,20171002,20171003.0,20171001,114,2.0,1,Non local,2,551.99,26202.05,0.05,55.2,2620.2
3363,1164,4,4,2,1067,6,2,6,44,20171002,20171003.0,20171001,114,2.0,1,Non local,2,539.99,25632.43,0.05,54.0,2563.24
3364,1165,1,4,7,652,3,2,7,65,20171003,20171005.0,20171002,73,3.0,1,Non local,2,346.99,16471.04,0.07,48.58,2305.95
3365,1165,2,4,7,652,3,2,7,68,20171003,20171005.0,20171002,73,3.0,1,Non local,1,449.99,21360.28,0.07,31.5,1495.22
3366,1166,1,4,7,286,2,2,7,103,20171004,20171004.0,20171003,145,1.0,0,Non local,2,551.99,26202.05,0.07,77.28,3668.29
3367,1167,1,4,9,900,6,1,2,29,20171007,20171006.0,20171004,51,2.0,0,Non local,2,999.99,47467.86,0.05,100.0,4746.79
3368,1167,2,4,1,900,3,1,2,81,20171007,20171006.0,20171004,51,2.0,0,Non local,2,1099.99,52214.69,0.1,220.0,10442.94
3369,1167,3,4,7,900,3,1,2,68,20171007,20171006.0,20171004,51,2.0,0,Non local,1,449.99,21360.28,0.07,31.5,1495.22
3370,1168,1,4,1,1031,1,2,6,23,20171005,20171006.0,20171004,6,2.0,1,Non local,2,299.99,14240.03,0.1,60.0,2848.01
3371,1168,2,4,1,1031,3,2,6,82,20171005,20171006.0,20171004,6,2.0,1,Non local,1,659.99,31328.63,0.2,132.0,6265.73
3372,1168,3,4,9,1031,7,2,6,51,20171005,20171006.0,20171004,6,2.0,1,Non local,1,6499.99,308543.7,0.07,455.0,21598.06
3373,1168,4,4,7,1031,2,2,6,107,20171005,20171006.0,20171004,6,2.0,1,Non local,2,416.99,19793.82,0.2,166.8,7917.53
3374,1168,5,4,1,1031,3,2,6,15,20171005,20171006.0,20171004,6,2.0,1,Non local,2,529.99,25157.74,0.05,53.0,2515.77
3375,1169,1,4,9,1421,1,2,7,91,20171006,20171007.0,20171004,15,3.0,1,Non local,2,349.99,16613.44,0.2,140.0,6645.38
3376,1169,2,4,9,1421,7,2,7,51,20171006,20171007.0,20171004,15,3.0,1,Non local,1,6499.99,308543.7,0.05,325.0,15427.19
3377,1169,3,4,9,1421,7,2,7,58,20171006,20171007.0,20171004,15,3.0,1,Non local,2,4999.99,237341.2,0.1,1000.0,47468.24
3378,1169,4,4,1,1421,3,2,7,81,20171006,20171007.0,20171004,15,3.0,1,Non local,2,1099.99,52214.69,0.2,440.0,20885.88
3379,1170,1,4,1,534,3,2,6,15,20171007,20171006.0,20171005,153,1.0,0,Non local,1,529.99,25157.74,0.1,53.0,2515.77
3380,1170,2,4,9,534,6,2,6,47,20171007,20171006.0,20171005,153,1.0,0,Non local,2,5299.99,251581.7,0.05,530.0,25158.17
3381,1170,3,4,9,534,4,2,6,62,20171007,20171006.0,20171005,153,1.0,0,Non local,2,3499.99,166138.7,0.1,700.0,33227.74
3382,1171,1,4,2,826,1,2,6,94,20171006,20171008.0,20171005,99,3.0,1,Non local,2,249.99,11866.61,0.2,100.0,4746.64
3383,1171,2,4,2,826,1,2,6,92,20171006,20171008.0,20171005,99,3.0,1,Non local,2,209.99,9967.88,0.07,29.4,1395.5
3384,1171,3,4,8,826,4,2,6,10,20171006,20171008.0,20171005,99,3.0,1,Non local,2,1549.0,73528.45,0.07,216.86,10293.98
3385,1172,1,4,7,1339,3,2,7,78,20171010,20171009.0,20171007,124,2.0,0,Non local,2,647.99,30759.01,0.07,90.72,4306.26
3386,1172,2,4,7,1339,2,2,7,104,20171010,20171009.0,20171007,124,2.0,0,Non local,1,481.99,22879.26,0.2,96.4,4575.85
3387,1173,1,4,1,548,1,2,7,95,20171010,20171009.0,20171008,140,1.0,0,Non local,1,299.99,14240.03,0.2,60.0,2848.01
3388,1173,2,4,4,548,3,2,7,17,20171010,20171009.0,20171008,140,1.0,0,Non local,1,429.0,20363.92,0.07,30.03,1425.47
3389,1173,3,4,7,548,3,2,7,68,20171010,20171009.0,20171008,140,1.0,0,Non local,1,449.99,21360.28,0.05,22.5,1068.01
3390,1173,4,4,7,548,2,2,7,103,20171010,20171009.0,20171008,140,1.0,0,Non local,2,551.99,26202.05,0.2,220.8,10480.82
3391,1174,1,4,7,1109,2,2,6,110,20171010,20171011.0,20171008,130,3.0,1,Non local,2,470.99,22357.11,0.2,188.4,8942.84
3392,1174,2,4,8,1109,6,2,6,6,20171010,20171011.0,20171008,130,3.0,1,Non local,1,469.99,22309.64,0.07,32.9,1561.67
3393,1174,3,4,7,1109,2,2,6,106,20171010,20171011.0,20171008,130,3.0,1,Non local,1,449.99,21360.28,0.1,45.0,2136.03
3394,1175,1,4,9,292,7,2,6,58,20171011,20171012.0,20171009,12,3.0,1,Non local,2,4999.99,237341.2,0.07,700.0,33227.77
3395,1175,2,4,7,292,3,2,6,65,20171011,20171012.0,20171009,12,3.0,1,Non local,1,346.99,16471.04,0.2,69.4,3294.21
3396,1175,3,4,1,292,3,2,6,20,20171011,20171012.0,20171009,12,3.0,1,Non local,1,599.99,28480.53,0.05,30.0,1424.03
3397,1175,4,4,8,292,6,2,6,3,20171011,20171012.0,20171009,12,3.0,1,Non local,1,999.99,47467.86,0.05,50.0,2373.39
3398,1175,5,4,9,292,5,2,6,9,20171011,20171012.0,20171009,12,3.0,1,Non local,1,2999.99,142404.53,0.05,150.0,7120.23
3399,1176,1,4,9,1111,1,3,9,87,20171013,20171011.0,20171010,62,1.0,0,Non local,1,189.99,9018.51,0.1,19.0,901.85
3400,1177,1,3,9,21,4,3,9,62,20171012,,20171012,20,,0,Non local,2,3499.99,166138.7,0.07,490.0,23259.42
3401,1177,2,3,1,21,3,3,9,74,20171012,,20171012,20,,0,Non local,1,439.99,20885.59,0.1,44.0,2088.56
3402,1178,1,4,2,771,6,2,6,46,20171015,20171013.0,20171012,7,1.0,0,Non local,1,1409.99,66929.88,0.07,98.7,4685.09
3403,1178,2,4,1,771,3,2,6,77,20171015,20171013.0,20171012,7,1.0,0,Non local,1,799.99,37974.19,0.2,160.0,7594.84
3404,1178,3,4,7,771,2,2,6,108,20171015,20171013.0,20171012,7,1.0,0,Non local,1,449.99,21360.28,0.05,22.5,1068.01
3405,1178,4,4,1,771,3,2,6,13,20171015,20171013.0,20171012,7,1.0,0,Non local,2,269.99,12815.98,0.05,27.0,1281.6
3406,1179,1,4,2,1150,1,3,9,93,20171015,20171015.0,20171012,89,3.0,0,Non local,2,209.99,9967.88,0.05,21.0,996.79
3407,1179,2,4,9,1150,1,3,9,88,20171015,20171015.0,20171012,89,3.0,0,Non local,2,189.99,9018.51,0.05,19.0,901.85
3408,1179,3,4,8,1150,6,3,9,33,20171015,20171015.0,20171012,89,3.0,0,Non local,2,469.99,22309.64,0.2,188.0,8923.86
3409,1179,4,4,9,1150,7,3,9,50,20171015,20171015.0,20171012,89,3.0,0,Non local,1,5999.99,284809.54,0.07,420.0,19936.67
3410,1180,1,4,7,1065,3,1,3,66,20171016,20171016.0,20171013,43,3.0,0,Non local,2,250.99,11914.08,0.07,35.14,1667.97
3411,1181,1,4,1,1022,1,2,7,98,20171016,20171015.0,20171013,24,2.0,0,Non local,1,489.99,23259.01,0.1,49.0,2325.9
3412,1182,1,4,7,1422,6,2,7,35,20171014,20171016.0,20171013,99,3.0,1,Non local,1,832.99,39540.65,0.1,83.3,3954.06
3413,1182,2,4,9,1422,7,2,7,49,20171014,20171016.0,20171013,99,3.0,1,Non local,2,3499.99,166138.7,0.1,700.0,33227.74
3414,1183,1,4,9,216,4,2,6,63,20171017,20171017.0,20171014,42,3.0,0,Non local,1,3499.99,166138.7,0.2,700.0,33227.74
3415,1183,2,4,7,216,3,2,6,80,20171017,20171017.0,20171014,42,3.0,0,Non local,2,761.99,36170.4,0.2,304.8,14468.16
3416,1183,3,4,8,216,6,2,6,6,20171017,20171017.0,20171014,42,3.0,0,Non local,2,469.99,22309.64,0.05,47.0,2230.96
3417,1184,1,4,1,369,3,2,6,16,20171015,20171016.0,20171014,106,2.0,1,Non local,2,599.99,28480.53,0.05,60.0,2848.05
3418,1184,2,4,7,369,3,2,6,71,20171015,20171016.0,20171014,106,2.0,1,Non local,1,416.99,19793.82,0.05,20.85,989.69
3419,1185,1,4,4,960,3,2,6,19,20171016,20171017.0,20171014,12,3.0,1,Non local,2,449.0,21313.28,0.07,62.86,2983.86
3420,1185,2,4,1,960,1,2,6,21,20171016,20171017.0,20171014,12,3.0,1,Non local,1,269.99,12815.98,0.07,18.9,897.12
3421,1185,3,4,9,960,4,2,6,63,20171016,20171017.0,20171014,12,3.0,1,Non local,2,3499.99,166138.7,0.1,700.0,33227.74
3422,1185,4,4,7,960,3,2,6,80,20171016,20171017.0,20171014,12,3.0,1,Non local,1,761.99,36170.4,0.2,152.4,7234.08
3423,1186,1,4,9,1120,7,2,6,48,20171016,20171015.0,20171014,21,1.0,0,Non local,2,1499.99,71202.03,0.1,300.0,14240.41
3424,1186,2,4,9,1120,7,2,6,49,20171016,20171015.0,20171014,21,1.0,0,Non local,1,3499.99,166138.7,0.07,245.0,11629.71
3425,1186,3,4,7,1120,2,2,6,106,20171016,20171015.0,20171014,21,1.0,0,Non local,1,449.99,21360.28,0.1,45.0,2136.03
3426,1186,4,4,8,1120,6,2,6,27,20171016,20171015.0,20171014,21,1.0,0,Non local,1,999.99,47467.86,0.2,200.0,9493.57
3427,1187,1,4,8,486,6,2,6,36,20171018,20171016.0,20171015,131,1.0,0,Non local,2,832.99,39540.65,0.1,166.6,7908.13
3428,1187,2,4,7,486,3,2,6,79,20171018,20171016.0,20171015,131,1.0,0,Non local,1,402.99,19129.26,0.07,28.21,1339.05
3429,1187,3,4,9,486,6,2,6,4,20171018,20171016.0,20171015,131,1.0,0,Non local,1,2899.99,137657.7,0.1,290.0,13765.77
3430,1187,4,4,8,486,7,2,6,53,20171018,20171016.0,20171015,131,1.0,0,Non local,2,749.99,35600.78,0.1,150.0,7120.16
3431,1188,1,4,7,647,3,2,7,66,20171018,20171017.0,20171015,39,2.0,0,Non local,2,250.99,11914.08,0.1,50.2,2382.82
3432,1188,2,4,9,647,1,2,7,91,20171018,20171017.0,20171015,39,2.0,0,Non local,2,349.99,16613.44,0.2,140.0,6645.38
3433,1188,3,4,9,647,1,2,7,87,20171018,20171017.0,20171015,39,2.0,0,Non local,2,189.99,9018.51,0.1,38.0,1803.7
3434,1189,1,4,9,1090,7,2,6,55,20171017,20171018.0,20171015,61,3.0,1,Non local,1,2699.99,128164.03,0.07,189.0,8971.48
3435,1189,2,4,1,1090,2,2,6,102,20171017,20171018.0,20171015,61,3.0,1,Non local,2,489.99,23259.01,0.1,98.0,4651.8
3436,1189,3,4,9,1090,6,2,6,40,20171017,20171018.0,20171015,61,3.0,1,Non local,2,4999.99,237341.2,0.1,1000.0,47468.24
3437,1190,1,4,7,34,3,2,6,71,20171019,20171017.0,20171016,21,1.0,0,Non local,1,416.99,19793.82,0.07,29.19,1385.57
3438,1191,1,4,9,186,6,2,6,40,20171018,20171018.0,20171017,11,1.0,0,Non local,2,4999.99,237341.2,0.1,1000.0,47468.24
3439,1191,2,4,9,186,1,2,6,89,20171018,20171018.0,20171017,11,1.0,0,Non local,2,209.99,9967.88,0.1,42.0,1993.58
3440,1191,3,4,1,186,1,2,6,100,20171018,20171018.0,20171017,11,1.0,0,Non local,1,489.99,23259.01,0.07,34.3,1628.13
3441,1192,1,4,1,1114,2,2,6,24,20171019,20171018.0,20171017,122,1.0,0,Non local,2,549.99,26107.11,0.1,110.0,5221.42
3442,1192,2,4,9,1114,1,2,6,88,20171019,20171018.0,20171017,122,1.0,0,Non local,2,189.99,9018.51,0.07,26.6,1262.59
3443,1192,3,4,2,1114,6,2,6,37,20171019,20171018.0,20171017,122,1.0,0,Non local,2,379.99,18037.49,0.2,152.0,7215.0
3444,1193,1,4,9,1412,1,2,7,83,20171019,20171019.0,20171017,114,2.0,0,Non local,2,149.99,7119.78,0.05,15.0,711.98
3445,1193,2,4,8,1412,6,2,7,27,20171019,20171019.0,20171017,114,2.0,0,Non local,1,999.99,47467.86,0.05,50.0,2373.39
3446,1194,1,4,7,192,3,1,2,71,20171022,20171022.0,20171019,28,3.0,0,Non local,1,416.99,19793.82,0.05,20.85,989.69
3447,1194,2,4,9,192,6,1,2,7,20171022,20171022.0,20171019,28,3.0,0,Non local,2,3999.99,189872.87,0.07,560.0,26582.2
3448,1194,3,4,7,192,2,1,2,105,20171022,20171022.0,20171019,28,3.0,0,Non local,2,533.99,25347.62,0.1,106.8,5069.52
3449,1194,4,4,7,192,1,1,2,84,20171022,20171022.0,20171019,28,3.0,0,Non local,1,109.99,5221.04,0.05,5.5,261.05
3450,1195,1,4,8,229,7,2,7,52,20171021,20171021.0,20171019,129,2.0,0,Non local,1,875.99,41581.79,0.07,61.32,2910.73
3451,1196,1,4,8,508,7,2,6,53,20171021,20171020.0,20171019,36,1.0,0,Non local,1,749.99,35600.78,0.07,52.5,2492.05
3452,1197,1,4,1,269,3,2,6,13,20171023,20171023.0,20171021,139,2.0,0,Non local,1,269.99,12815.98,0.07,18.9,897.12
3453,1197,2,4,7,269,2,2,6,108,20171023,20171023.0,20171021,139,2.0,0,Non local,2,449.99,21360.28,0.05,45.0,2136.03
3454,1197,3,4,9,269,5,2,6,9,20171023,20171023.0,20171021,139,2.0,0,Non local,2,2999.99,142404.53,0.05,300.0,14240.45
3455,1197,4,4,7,269,2,2,6,106,20171023,20171023.0,20171021,139,2.0,0,Non local,2,449.99,21360.28,0.2,180.0,8544.11
3456,1198,1,4,7,1289,2,2,7,105,20171024,20171024.0,20171022,42,2.0,0,Non local,1,533.99,25347.62,0.05,26.7,1267.38
3457,1199,1,4,9,318,6,1,2,32,20171024,20171026.0,20171023,30,3.0,1,Non local,1,469.99,22309.64,0.05,23.5,1115.48
3458,1199,2,4,2,318,1,1,2,94,20171024,20171026.0,20171023,30,3.0,1,Non local,2,249.99,11866.61,0.07,35.0,1661.33
3459,1199,3,4,7,318,2,1,2,109,20171024,20171026.0,20171023,30,3.0,1,Non local,2,416.99,19793.82,0.1,83.4,3958.76
3460,1200,1,4,9,48,6,2,6,42,20171025,20171026.0,20171023,33,3.0,1,Non local,2,2299.99,109176.7,0.2,920.0,43670.68
3461,1201,1,4,1,201,1,2,6,95,20171024,20171024.0,20171023,117,1.0,0,Non local,1,299.99,14240.03,0.07,21.0,996.8
3462,1201,2,4,1,201,3,2,6,13,20171024,20171024.0,20171023,117,1.0,0,Non local,1,269.99,12815.98,0.05,13.5,640.8
3463,1201,3,4,1,201,2,2,6,26,20171024,20171024.0,20171023,117,1.0,0,Non local,1,599.99,28480.53,0.2,120.0,5696.11
3464,1201,4,4,4,201,3,2,6,17,20171024,20171024.0,20171023,117,1.0,0,Non local,2,429.0,20363.92,0.05,42.9,2036.39
3465,1201,5,4,4,201,3,2,6,19,20171024,20171024.0,20171023,117,1.0,0,Non local,2,449.0,21313.28,0.2,179.6,8525.31
3466,1202,1,4,7,593,1,2,6,84,20171025,20171025.0,20171024,99,1.0,0,Non local,2,109.99,5221.04,0.05,11.0,522.1
3467,1203,1,4,8,1191,6,2,7,6,20171027,20171026.0,20171025,169,1.0,0,Non local,2,469.99,22309.64,0.07,65.8,3123.35
3468,1203,2,4,9,1191,7,2,7,55,20171027,20171026.0,20171025,169,1.0,0,Non local,1,2699.99,128164.03,0.05,135.0,6408.2
3469,1204,1,4,2,1277,6,2,6,37,20171028,20171028.0,20171025,93,3.0,0,Non local,2,379.99,18037.49,0.07,53.2,2525.25
3470,1205,1,4,7,1091,2,1,2,105,20171028,20171028.0,20171026,58,2.0,0,Non local,2,533.99,25347.62,0.2,213.6,10139.05
3471,1205,2,4,2,1091,6,1,2,46,20171028,20171028.0,20171026,58,2.0,0,Non local,2,1409.99,66929.88,0.2,564.0,26771.95
3472,1205,3,4,7,1091,3,1,2,71,20171028,20171028.0,20171026,58,2.0,0,Non local,1,416.99,19793.82,0.05,20.85,989.69
3473,1205,4,4,7,1091,3,1,2,79,20171028,20171028.0,20171026,58,2.0,0,Non local,2,402.99,19129.26,0.07,56.42,2678.1
3474,1205,5,4,2,1091,1,1,2,92,20171028,20171028.0,20171026,58,2.0,0,Non local,1,209.99,9967.88,0.1,21.0,996.79
3475,1206,1,4,7,222,3,2,6,73,20171029,20171029.0,20171026,21,3.0,0,Non local,1,749.99,35600.78,0.07,52.5,2492.05
3476,1206,2,4,9,222,6,2,6,29,20171029,20171029.0,20171026,21,3.0,0,Non local,1,999.99,47467.86,0.2,200.0,9493.57
3477,1207,1,4,7,1002,2,2,6,104,20171028,20171027.0,20171026,94,1.0,0,Non local,1,481.99,22879.26,0.05,24.1,1143.96
3478,1207,2,4,7,1002,2,2,6,103,20171028,20171027.0,20171026,94,1.0,0,Non local,1,551.99,26202.05,0.1,55.2,2620.2
3479,1207,3,4,1,1002,1,2,6,23,20171028,20171027.0,20171026,94,1.0,0,Non local,1,299.99,14240.03,0.07,21.0,996.8
3480,1208,1,4,1,1226,3,2,7,12,20171028,20171027.0,20171026,21,1.0,0,Non local,1,549.99,26107.11,0.2,110.0,5221.42
3481,1208,2,4,7,1226,3,2,7,65,20171028,20171027.0,20171026,21,1.0,0,Non local,2,346.99,16471.04,0.07,48.58,2305.95
3482,1208,3,4,9,1226,1,2,7,86,20171028,20171027.0,20171026,21,1.0,0,Non local,2,149.99,7119.78,0.2,60.0,2847.91
3483,1208,4,4,1,1226,3,2,7,13,20171028,20171027.0,20171026,21,1.0,0,Non local,2,269.99,12815.98,0.1,54.0,2563.2
3484,1208,5,4,9,1226,1,2,7,87,20171028,20171027.0,20171026,21,1.0,0,Non local,1,189.99,9018.51,0.07,13.3,631.3
3485,1209,1,4,9,1342,1,2,7,89,20171027,20171029.0,20171026,172,3.0,1,Non local,1,209.99,9967.88,0.07,14.7,697.75
3486,1209,2,4,1,1342,1,2,7,97,20171027,20171029.0,20171026,172,3.0,1,Non local,1,349.99,16613.44,0.05,17.5,830.67
3487,1210,1,4,1,730,2,3,8,26,20171027,20171029.0,20171026,115,3.0,1,Non local,1,599.99,28480.53,0.1,60.0,2848.05
3488,1210,2,4,8,730,6,3,8,6,20171027,20171029.0,20171026,115,3.0,1,Non local,2,469.99,22309.64,0.07,65.8,3123.35
3489,1210,3,4,7,730,3,3,8,78,20171027,20171029.0,20171026,115,3.0,1,Non local,2,647.99,30759.01,0.05,64.8,3075.9
3490,1210,4,4,7,730,1,3,8,84,20171027,20171029.0,20171026,115,3.0,1,Non local,1,109.99,5221.04,0.1,11.0,522.1
3491,1210,5,4,7,730,6,3,8,35,20171027,20171029.0,20171026,115,3.0,1,Non local,2,832.99,39540.65,0.05,83.3,3954.06
3492,1211,1,4,1,19,3,2,7,15,20171028,20171029.0,20171027,1,2.0,1,Non local,2,529.99,25157.74,0.2,212.0,10063.1
3493,1211,2,4,9,19,7,2,7,59,20171028,20171029.0,20171027,1,2.0,1,Non local,1,2599.99,123417.2,0.05,130.0,6170.86
3494,1211,3,4,2,19,1,2,7,92,20171028,20171029.0,20171027,1,2.0,1,Non local,1,209.99,9967.88,0.2,42.0,1993.58
3495,1211,4,4,2,19,1,2,7,93,20171028,20171029.0,20171027,1,2.0,1,Non local,1,209.99,9967.88,0.1,21.0,996.79
3496,1211,5,4,7,19,2,2,7,108,20171028,20171029.0,20171027,1,2.0,1,Non local,2,449.99,21360.28,0.2,180.0,8544.11
3497,1212,1,4,1,213,3,2,6,74,20171030,20171029.0,20171027,92,2.0,0,Non local,1,439.99,20885.59,0.1,44.0,2088.56
3498,1212,2,4,2,213,6,2,6,37,20171030,20171029.0,20171027,92,2.0,0,Non local,2,379.99,18037.49,0.07,53.2,2525.25
3499,1212,3,4,9,213,6,2,6,39,20171030,20171029.0,20171027,92,2.0,0,Non local,2,1499.99,71202.03,0.05,150.0,7120.2
3500,1212,4,4,7,213,3,2,6,68,20171030,20171029.0,20171027,92,2.0,0,Non local,2,449.99,21360.28,0.07,63.0,2990.44
3501,1213,1,4,1,669,3,3,9,64,20171029,20171029.0,20171027,164,2.0,0,Non local,2,489.99,23259.01,0.07,68.6,3256.26
3502,1213,2,4,7,669,3,3,9,78,20171029,20171029.0,20171027,164,2.0,0,Non local,1,647.99,30759.01,0.07,45.36,2153.13
3503,1213,3,4,1,669,2,3,9,102,20171029,20171029.0,20171027,164,2.0,0,Non local,2,489.99,23259.01,0.1,98.0,4651.8
3504,1213,4,4,1,669,3,3,9,15,20171029,20171029.0,20171027,164,2.0,0,Non local,1,529.99,25157.74,0.05,26.5,1257.89
3505,1214,1,4,9,783,5,2,6,9,20171029,20171029.0,20171028,36,1.0,0,Non local,2,2999.99,142404.53,0.05,300.0,14240.45
3506,1214,2,4,9,783,6,2,6,7,20171029,20171029.0,20171028,36,1.0,0,Non local,1,3999.99,189872.87,0.2,800.0,37974.57
3507,1214,3,4,1,783,1,2,6,22,20171029,20171029.0,20171028,36,1.0,0,Non local,1,269.99,12815.98,0.05,13.5,640.8
3508,1214,4,4,1,783,3,2,6,77,20171029,20171029.0,20171028,36,1.0,0,Non local,2,799.99,37974.19,0.1,160.0,7594.84
3509,1214,5,4,7,783,3,2,6,67,20171029,20171029.0,20171028,36,1.0,0,Non local,2,250.99,11914.08,0.2,100.4,4765.63
3510,1215,1,4,7,807,3,2,7,73,20171031,20171030.0,20171028,104,2.0,0,Non local,2,749.99,35600.78,0.1,150.0,7120.16
3511,1215,2,4,8,807,4,2,7,10,20171031,20171030.0,20171028,104,2.0,0,Non local,2,1549.0,73528.45,0.07,216.86,10293.98
3512,1216,1,4,1,886,3,2,7,64,20171030,20171029.0,20171028,60,1.0,0,Non local,2,489.99,23259.01,0.1,98.0,4651.8
3513,1216,2,4,9,886,7,2,7,54,20171030,20171029.0,20171028,60,1.0,0,Non local,1,3199.99,151898.2,0.05,160.0,7594.91
3514,1216,3,4,4,886,3,2,7,19,20171030,20171029.0,20171028,60,1.0,0,Non local,1,449.0,21313.28,0.2,89.8,4262.66
3515,1216,4,4,7,886,2,2,7,110,20171030,20171029.0,20171028,60,1.0,0,Non local,2,470.99,22357.11,0.07,65.94,3130.0
3516,1216,5,4,9,886,6,2,7,43,20171030,20171029.0,20171028,60,1.0,0,Non local,1,5299.99,251581.7,0.1,530.0,25158.17
3517,1217,1,4,7,1155,3,2,7,73,20171031,20171030.0,20171028,194,2.0,0,Non local,1,749.99,35600.78,0.05,37.5,1780.04
3518,1217,2,4,7,1155,2,2,7,106,20171031,20171030.0,20171028,194,2.0,0,Non local,2,449.99,21360.28,0.05,45.0,2136.03
3519,1218,1,4,9,1017,6,1,2,32,20171101,20171031.0,20171030,29,1.0,0,Non local,1,469.99,22309.64,0.07,32.9,1561.67
3520,1218,2,4,1,1017,2,1,2,102,20171101,20171031.0,20171030,29,1.0,0,Non local,2,489.99,23259.01,0.05,49.0,2325.9
3521,1219,1,4,4,840,3,2,7,17,20171102,20171102.0,20171030,45,3.0,0,Non local,2,429.0,20363.92,0.07,60.06,2850.95
3522,1219,2,4,9,840,4,2,7,62,20171102,20171102.0,20171030,45,3.0,0,Non local,2,3499.99,166138.7,0.1,700.0,33227.74
3523,1219,3,4,9,840,6,2,7,40,20171102,20171102.0,20171030,45,3.0,0,Non local,2,4999.99,237341.2,0.2,2000.0,94936.48
3524,1220,1,4,9,803,6,2,6,47,20171103,20171103.0,20171031,123,3.0,0,Non local,2,5299.99,251581.7,0.1,1060.0,50316.34
3525,1220,2,4,9,803,7,2,6,49,20171103,20171103.0,20171031,123,3.0,0,Non local,1,3499.99,166138.7,0.2,700.0,33227.74
3526,1220,3,4,2,803,1,2,6,85,20171103,20171103.0,20171031,123,3.0,0,Non local,2,329.99,15664.08,0.2,132.0,6265.63
3527,1221,1,4,1,1290,1,2,7,100,20171102,20171101.0,20171031,175,1.0,0,Non local,1,489.99,23259.01,0.05,24.5,1162.95
3528,1221,2,4,1,1290,3,2,7,81,20171102,20171101.0,20171031,175,1.0,0,Non local,2,1099.99,52214.69,0.05,110.0,5221.47
3529,1221,3,4,9,1290,6,2,7,42,20171102,20171101.0,20171031,175,1.0,0,Non local,2,2299.99,109176.7,0.1,460.0,21835.34
3530,1221,4,4,2,1290,6,2,7,38,20171102,20171101.0,20171031,175,1.0,0,Non local,2,549.99,26107.11,0.1,110.0,5221.42
3531,1221,5,4,1,1290,1,2,7,97,20171102,20171101.0,20171031,175,1.0,0,Non local,2,349.99,16613.44,0.07,49.0,2325.88
3532,1222,1,4,1,482,1,3,9,97,20171104,20171103.0,20171101,115,2.0,0,Non local,1,349.99,16613.44,0.2,70.0,3322.69
3533,1223,1,4,7,1207,2,2,6,103,20171103,20171103.0,20171102,128,1.0,0,Non local,1,551.99,26202.05,0.05,27.6,1310.1
3534,1224,1,4,9,544,4,2,6,62,20171104,20171104.0,20171103,104,1.0,0,Non local,1,3499.99,166138.7,0.07,245.0,11629.71
3535,1224,2,4,9,544,7,2,6,51,20171104,20171104.0,20171103,104,1.0,0,Non local,1,6499.99,308543.7,0.1,650.0,30854.37
3536,1224,3,4,7,544,2,2,6,108,20171104,20171104.0,20171103,104,1.0,0,Non local,1,449.99,21360.28,0.05,22.5,1068.01
3537,1224,4,4,9,544,6,2,6,32,20171104,20171104.0,20171103,104,1.0,0,Non local,1,469.99,22309.64,0.2,94.0,4461.93
3538,1225,1,4,1,768,3,1,2,81,20171105,20171107.0,20171104,133,3.0,1,Non local,1,1099.99,52214.69,0.1,110.0,5221.47
3539,1225,2,4,9,768,7,1,2,59,20171105,20171107.0,20171104,133,3.0,1,Non local,2,2599.99,123417.2,0.1,520.0,24683.44
3540,1225,3,4,8,768,6,1,2,6,20171105,20171107.0,20171104,133,3.0,1,Non local,2,469.99,22309.64,0.1,94.0,4461.93
3541,1226,1,4,1,226,3,2,7,77,20171107,20171106.0,20171104,39,2.0,0,Non local,2,799.99,37974.19,0.05,80.0,3797.42
3542,1226,2,4,1,226,1,2,7,101,20171107,20171106.0,20171104,39,2.0,0,Non local,1,339.99,16138.76,0.2,68.0,3227.75
3543,1226,3,4,8,226,4,2,7,11,20171107,20171106.0,20171104,39,2.0,0,Non local,2,1680.99,79793.8,0.07,235.34,11171.13
3544,1226,4,4,9,226,7,2,7,51,20171107,20171106.0,20171104,39,2.0,0,Non local,1,6499.99,308543.7,0.07,455.0,21598.06
3545,1226,5,4,9,226,6,2,7,42,20171107,20171106.0,20171104,39,2.0,0,Non local,1,2299.99,109176.7,0.1,230.0,10917.67
3546,1227,1,4,9,702,1,2,6,90,20171107,20171106.0,20171104,44,2.0,0,Non local,2,209.99,9967.88,0.2,84.0,3987.15
3547,1227,2,4,2,702,6,2,6,44,20171107,20171106.0,20171104,44,2.0,0,Non local,1,539.99,25632.43,0.07,37.8,1794.27
3548,1227,3,4,1,702,2,2,6,26,20171107,20171106.0,20171104,44,2.0,0,Non local,1,599.99,28480.53,0.05,30.0,1424.03
3549,1227,4,4,9,702,6,2,6,8,20171107,20171106.0,20171104,44,2.0,0,Non local,1,1799.99,85442.53,0.07,126.0,5980.98
3550,1227,5,4,9,702,6,2,6,42,20171107,20171106.0,20171104,44,2.0,0,Non local,2,2299.99,109176.7,0.2,920.0,43670.68
3551,1228,1,4,2,1041,1,2,6,92,20171106,20171106.0,20171104,67,2.0,0,Non local,1,209.99,9967.88,0.2,42.0,1993.58
3552,1228,2,4,9,1041,7,2,6,55,20171106,20171106.0,20171104,67,2.0,0,Non local,2,2699.99,128164.03,0.2,1080.0,51265.61
3553,1228,3,4,1,1041,3,2,6,20,20171106,20171106.0,20171104,67,2.0,0,Non local,2,599.99,28480.53,0.05,60.0,2848.05
3554,1229,1,4,8,89,6,1,3,36,20171108,20171106.0,20171105,69,1.0,0,Non local,2,832.99,39540.65,0.07,116.62,5535.69
3555,1229,2,4,9,89,5,1,3,61,20171108,20171106.0,20171105,69,1.0,0,Non local,2,4999.99,237341.2,0.1,1000.0,47468.24
3556,1230,1,4,9,1107,6,2,6,32,20171106,20171107.0,20171105,74,2.0,1,Non local,2,469.99,22309.64,0.1,94.0,4461.93
3557,1230,2,4,2,1107,6,2,6,38,20171106,20171107.0,20171105,74,2.0,1,Non local,2,549.99,26107.11,0.07,77.0,3655.0
3558,1231,1,4,1,1180,3,2,6,75,20171107,20171106.0,20171105,72,1.0,0,Non local,2,599.99,28480.53,0.05,60.0,2848.05
3559,1231,2,4,1,1180,3,2,6,70,20171107,20171106.0,20171105,72,1.0,0,Non local,1,659.99,31328.63,0.07,46.2,2193.0
3560,1232,1,4,9,665,6,1,3,4,20171107,20171109.0,20171106,29,3.0,1,Non local,2,2899.99,137657.7,0.07,406.0,19272.08
3561,1232,2,4,7,665,2,1,3,110,20171107,20171109.0,20171106,29,3.0,1,Non local,2,470.99,22357.11,0.05,47.1,2235.71
3562,1232,3,4,8,665,6,1,3,6,20171107,20171109.0,20171106,29,3.0,1,Non local,2,469.99,22309.64,0.2,188.0,8923.86
3563,1233,1,4,9,462,1,2,6,87,20171107,20171108.0,20171106,171,2.0,1,Non local,2,189.99,9018.51,0.2,76.0,3607.4
3564,1233,2,4,9,462,5,2,6,61,20171107,20171108.0,20171106,171,2.0,1,Non local,2,4999.99,237341.2,0.1,1000.0,47468.24
3565,1233,3,4,9,462,7,2,6,55,20171107,20171108.0,20171106,171,2.0,1,Non local,1,2699.99,128164.03,0.2,540.0,25632.81
3566,1234,1,3,9,19,7,2,6,56,20171107,,20171107,1,,0,Non local,2,5499.99,261075.37,0.07,770.0,36550.55
3567,1234,2,3,7,19,3,2,6,71,20171107,,20171107,1,,0,Non local,2,416.99,19793.82,0.07,58.38,2771.13
3568,1235,1,4,9,210,6,2,6,7,20171108,20171109.0,20171107,122,2.0,1,Non local,1,3999.99,189872.87,0.1,400.0,18987.29
3569,1236,1,4,7,243,5,2,7,60,20171111,20171109.0,20171108,117,1.0,0,Non local,1,1559.99,74050.13,0.07,109.2,5183.51
3570,1236,2,4,9,243,6,2,7,32,20171111,20171109.0,20171108,117,1.0,0,Non local,2,469.99,22309.64,0.05,47.0,2230.96
3571,1236,3,4,9,243,1,2,7,91,20171111,20171109.0,20171108,117,1.0,0,Non local,1,349.99,16613.44,0.1,35.0,1661.34
3572,1237,1,4,1,571,1,1,2,23,20171112,20171111.0,20171109,31,2.0,0,Non local,1,299.99,14240.03,0.1,30.0,1424.0
3573,1237,2,4,9,571,1,1,2,87,20171112,20171111.0,20171109,31,2.0,0,Non local,2,189.99,9018.51,0.1,38.0,1803.7
3574,1237,3,4,1,571,1,1,2,95,20171112,20171111.0,20171109,31,2.0,0,Non local,2,299.99,14240.03,0.2,120.0,5696.01
3575,1237,4,4,9,571,7,1,2,55,20171112,20171111.0,20171109,31,2.0,0,Non local,2,2699.99,128164.03,0.07,378.0,17942.96
3576,1237,5,4,1,571,2,1,2,25,20171112,20171111.0,20171109,31,2.0,0,Non local,1,499.99,23733.69,0.07,35.0,1661.36
3577,1238,1,4,9,998,6,2,6,40,20171110,20171111.0,20171109,187,2.0,1,Non local,1,4999.99,237341.2,0.1,500.0,23734.12
3578,1238,2,4,1,998,3,2,6,14,20171110,20171111.0,20171109,187,2.0,1,Non local,1,269.99,12815.98,0.1,27.0,1281.6
3579,1238,3,4,1,998,1,2,6,99,20171110,20171111.0,20171109,187,2.0,1,Non local,2,299.99,14240.03,0.2,120.0,5696.01
3580,1238,4,4,1,998,1,2,6,101,20171110,20171111.0,20171109,187,2.0,1,Non local,1,339.99,16138.76,0.1,34.0,1613.88
3581,1239,1,4,1,1197,3,2,7,15,20171110,20171111.0,20171109,9,2.0,1,Non local,2,529.99,25157.74,0.2,212.0,10063.1
3582,1239,2,4,9,1197,1,2,7,91,20171110,20171111.0,20171109,9,2.0,1,Non local,1,349.99,16613.44,0.1,35.0,1661.34
3583,1239,3,4,9,1197,6,2,7,34,20171110,20171111.0,20171109,9,2.0,1,Non local,2,469.99,22309.64,0.1,94.0,4461.93
3584,1239,4,4,8,1197,6,2,7,36,20171110,20171111.0,20171109,9,2.0,1,Non local,1,832.99,39540.65,0.05,41.65,1977.03
3585,1240,1,4,7,903,2,2,7,107,20171111,20171111.0,20171110,112,1.0,0,Non local,2,416.99,19793.82,0.1,83.4,3958.76
3586,1240,2,4,1,903,1,2,7,23,20171111,20171111.0,20171110,112,1.0,0,Non local,2,299.99,14240.03,0.05,30.0,1424.0
3587,1240,3,4,1,903,3,2,7,15,20171111,20171111.0,20171110,112,1.0,0,Non local,2,529.99,25157.74,0.2,212.0,10063.1
3588,1240,4,4,1,903,3,2,7,77,20171111,20171111.0,20171110,112,1.0,0,Non local,2,799.99,37974.19,0.05,80.0,3797.42
3589,1240,5,4,9,903,7,2,7,57,20171111,20171111.0,20171110,112,1.0,0,Non local,1,1999.99,94936.2,0.05,100.0,4746.81
3590,1241,1,4,1,1170,3,2,7,74,20171112,20171111.0,20171110,39,1.0,0,Non local,1,439.99,20885.59,0.05,22.0,1044.28
3591,1241,2,4,7,1170,3,2,7,71,20171112,20171111.0,20171110,39,1.0,0,Non local,2,416.99,19793.82,0.05,41.7,1979.38
3592,1242,1,4,2,303,1,2,6,94,20171112,20171112.0,20171111,79,1.0,0,Non local,1,249.99,11866.61,0.05,12.5,593.33
3593,1242,2,4,8,303,6,2,6,27,20171112,20171112.0,20171111,79,1.0,0,Non local,1,999.99,47467.86,0.07,70.0,3322.75
3594,1242,3,4,8,303,4,2,6,10,20171112,20171112.0,20171111,79,1.0,0,Non local,1,1549.0,73528.45,0.07,108.43,5146.99
3595,1242,4,4,1,303,3,2,6,70,20171112,20171112.0,20171111,79,1.0,0,Non local,1,659.99,31328.63,0.2,132.0,6265.73
3596,1243,1,4,2,346,6,2,6,44,20171113,20171114.0,20171111,34,3.0,1,Non local,1,539.99,25632.43,0.07,37.8,1794.27
3597,1244,1,4,2,333,6,2,6,45,20171114,20171113.0,20171112,26,1.0,0,Non local,1,869.99,41296.98,0.2,174.0,8259.4
3598,1244,2,4,2,333,6,2,6,38,20171114,20171113.0,20171112,26,1.0,0,Non local,2,549.99,26107.11,0.07,77.0,3655.0
3599,1244,3,4,8,333,6,2,6,33,20171114,20171113.0,20171112,26,1.0,0,Non local,1,469.99,22309.64,0.07,32.9,1561.67
3600,1244,4,4,2,333,6,2,6,37,20171114,20171113.0,20171112,26,1.0,0,Non local,2,379.99,18037.49,0.1,76.0,3607.5
3601,1245,1,4,1,1166,3,2,7,13,20171116,20171114.0,20171113,103,1.0,0,Non local,1,269.99,12815.98,0.1,27.0,1281.6
3602,1246,1,4,7,1329,3,2,7,78,20171116,20171116.0,20171113,22,3.0,0,Non local,2,647.99,30759.01,0.2,259.2,12303.6
3603,1246,2,4,2,1329,6,2,7,46,20171116,20171116.0,20171113,22,3.0,0,Non local,1,1409.99,66929.88,0.05,70.5,3346.49
3604,1246,3,4,2,1329,6,2,7,45,20171116,20171116.0,20171113,22,3.0,0,Non local,2,869.99,41296.98,0.07,121.8,5781.58
3605,1247,1,4,1,426,3,1,2,15,20171118,20171117.0,20171116,154,1.0,0,Non local,2,529.99,25157.74,0.1,106.0,5031.55
3606,1247,2,4,8,426,6,1,2,28,20171118,20171117.0,20171116,154,1.0,0,Non local,2,2499.99,118670.36,0.1,500.0,23734.07
3607,1247,3,4,1,426,2,1,2,26,20171118,20171117.0,20171116,154,1.0,0,Non local,1,599.99,28480.53,0.05,30.0,1424.03
3608,1248,1,4,2,1367,1,1,3,94,20171117,20171118.0,20171116,2,2.0,1,Non local,2,249.99,11866.61,0.05,25.0,1186.66
3609,1248,2,4,8,1367,6,1,3,33,20171117,20171118.0,20171116,2,2.0,1,Non local,2,469.99,22309.64,0.1,94.0,4461.93
3610,1248,3,4,2,1367,1,1,3,92,20171117,20171118.0,20171116,2,2.0,1,Non local,1,209.99,9967.88,0.1,21.0,996.79
3611,1248,4,4,1,1367,3,1,3,12,20171117,20171118.0,20171116,2,2.0,1,Non local,1,549.99,26107.11,0.05,27.5,1305.36
3612,1249,1,4,9,545,4,2,6,62,20171118,20171120.0,20171117,67,3.0,1,Non local,1,3499.99,166138.7,0.05,175.0,8306.93
3613,1249,2,4,7,545,2,2,6,104,20171118,20171120.0,20171117,67,3.0,1,Non local,1,481.99,22879.26,0.05,24.1,1143.96
3614,1249,3,4,9,545,5,2,6,61,20171118,20171120.0,20171117,67,3.0,1,Non local,1,4999.99,237341.2,0.2,1000.0,47468.24
3615,1250,1,4,7,1188,3,2,6,78,20171119,20171118.0,20171117,166,1.0,0,Non local,2,647.99,30759.01,0.05,64.8,3075.9
3616,1250,2,4,7,1188,3,2,6,66,20171119,20171118.0,20171117,166,1.0,0,Non local,2,250.99,11914.08,0.1,50.2,2382.82
3617,1250,3,4,1,1188,3,2,6,20,20171119,20171118.0,20171117,166,1.0,0,Non local,2,599.99,28480.53,0.05,60.0,2848.05
3618,1250,4,4,8,1188,6,2,6,6,20171119,20171118.0,20171117,166,1.0,0,Non local,2,469.99,22309.64,0.1,94.0,4461.93
3619,1251,1,4,9,289,6,3,9,40,20171119,20171119.0,20171117,62,2.0,0,Non local,2,4999.99,237341.2,0.1,1000.0,47468.24
3620,1251,2,4,9,289,7,3,9,56,20171119,20171119.0,20171117,62,2.0,0,Non local,1,5499.99,261075.37,0.07,385.0,18275.28
3621,1251,3,4,9,289,6,3,9,7,20171119,20171119.0,20171117,62,2.0,0,Non local,1,3999.99,189872.87,0.07,280.0,13291.1
3622,1252,1,4,7,110,3,1,3,79,20171120,20171121.0,20171118,83,3.0,1,Non local,1,402.99,19129.26,0.2,80.6,3825.85
3623,1252,2,4,7,110,1,1,3,84,20171120,20171121.0,20171118,83,3.0,1,Non local,1,109.99,5221.04,0.2,22.0,1044.21
3624,1252,3,4,9,110,7,1,3,57,20171120,20171121.0,20171118,83,3.0,1,Non local,2,1999.99,94936.2,0.05,200.0,9493.62
3625,1253,1,4,1,44,2,2,6,25,20171121,20171121.0,20171118,41,3.0,0,Non local,2,499.99,23733.69,0.1,100.0,4746.74
3626,1253,2,4,1,44,1,2,6,21,20171121,20171121.0,20171118,41,3.0,0,Non local,1,269.99,12815.98,0.07,18.9,897.12
3627,1253,3,4,9,44,1,2,6,88,20171121,20171121.0,20171118,41,3.0,0,Non local,1,189.99,9018.51,0.2,38.0,1803.7
3628,1254,1,4,7,1098,3,2,7,80,20171119,20171119.0,20171118,50,1.0,0,Non local,1,761.99,36170.4,0.2,152.4,7234.08
3629,1254,2,4,9,1098,1,2,7,91,20171119,20171119.0,20171118,50,1.0,0,Non local,1,349.99,16613.44,0.2,70.0,3322.69
3630,1255,1,4,9,375,6,2,6,43,20171120,20171121.0,20171119,4,2.0,1,Non local,2,5299.99,251581.7,0.2,2120.0,100632.68
3631,1255,2,4,8,375,7,2,6,53,20171120,20171121.0,20171119,4,2.0,1,Non local,1,749.99,35600.78,0.05,37.5,1780.04
3632,1255,3,4,1,375,3,2,6,14,20171120,20171121.0,20171119,4,2.0,1,Non local,2,269.99,12815.98,0.2,108.0,5126.39
3633,1255,4,4,1,375,2,2,6,26,20171120,20171121.0,20171119,4,2.0,1,Non local,2,599.99,28480.53,0.05,60.0,2848.05
3634,1255,5,4,1,375,3,2,6,82,20171120,20171121.0,20171119,4,2.0,1,Non local,1,659.99,31328.63,0.05,33.0,1566.43
3635,1256,1,4,2,458,6,2,6,44,20171120,20171122.0,20171119,129,3.0,1,Non local,2,539.99,25632.43,0.2,216.0,10252.97
3636,1256,2,4,1,458,1,2,6,100,20171120,20171122.0,20171119,129,3.0,1,Non local,1,489.99,23259.01,0.1,49.0,2325.9
3637,1257,1,4,8,1136,6,2,7,30,20171122,20171120.0,20171119,169,1.0,0,Non local,2,999.99,47467.86,0.05,100.0,4746.79
3638,1257,2,4,9,1136,5,2,7,61,20171122,20171120.0,20171119,169,1.0,0,Non local,1,4999.99,237341.2,0.05,250.0,11867.06
3639,1257,3,4,4,1136,3,2,7,17,20171122,20171120.0,20171119,169,1.0,0,Non local,2,429.0,20363.92,0.1,85.8,4072.78
3640,1257,4,4,2,1136,6,2,7,41,20171122,20171120.0,20171119,169,1.0,0,Non local,1,1469.99,69777.98,0.05,73.5,3488.9
3641,1257,5,4,9,1136,6,2,7,4,20171122,20171120.0,20171119,169,1.0,0,Non local,1,2899.99,137657.7,0.1,290.0,13765.77
3642,1258,1,4,2,1099,1,2,7,94,20171121,20171122.0,20171120,8,2.0,1,Non local,2,249.99,11866.61,0.1,50.0,2373.32
3643,1258,2,4,1,1099,1,2,7,99,20171121,20171122.0,20171120,8,2.0,1,Non local,2,299.99,14240.03,0.05,30.0,1424.0
3644,1259,1,3,7,4,5,2,7,60,20171121,,20171121,4,,0,Non local,1,1559.99,74050.13,0.1,156.0,7405.01
3645,1259,2,3,4,4,3,2,7,19,20171121,,20171121,4,,0,Non local,1,449.0,21313.28,0.2,89.8,4262.66
3646,1260,1,4,9,1117,6,2,6,8,20171123,20171124.0,20171122,157,2.0,1,Non local,1,1799.99,85442.53,0.1,180.0,8544.25
3647,1260,2,4,7,1117,3,2,6,66,20171123,20171124.0,20171122,157,2.0,1,Non local,1,250.99,11914.08,0.1,25.1,1191.41
3648,1261,1,4,7,435,3,2,7,73,20171125,20171124.0,20171123,79,1.0,0,Non local,1,749.99,35600.78,0.2,150.0,7120.16
3649,1261,2,4,9,435,1,2,7,88,20171125,20171124.0,20171123,79,1.0,0,Non local,2,189.99,9018.51,0.2,76.0,3607.4
3650,1261,3,4,1,435,1,2,7,100,20171125,20171124.0,20171123,79,1.0,0,Non local,1,489.99,23259.01,0.05,24.5,1162.95
3651,1261,4,4,9,435,6,2,7,42,20171125,20171124.0,20171123,79,1.0,0,Non local,1,2299.99,109176.7,0.1,230.0,10917.67
3652,1262,1,4,2,509,6,2,6,37,20171126,20171126.0,20171123,167,3.0,0,Non local,1,379.99,18037.49,0.07,26.6,1262.62
3653,1262,2,4,8,509,7,2,6,52,20171126,20171126.0,20171123,167,3.0,0,Non local,1,875.99,41581.79,0.05,43.8,2079.09
3654,1262,3,4,9,509,6,2,6,43,20171126,20171126.0,20171123,167,3.0,0,Non local,2,5299.99,251581.7,0.07,742.0,35221.44
3655,1262,4,4,1,509,3,2,6,77,20171126,20171126.0,20171123,167,3.0,0,Non local,1,799.99,37974.19,0.07,56.0,2658.19
3656,1263,1,4,2,1408,6,2,6,45,20171126,20171126.0,20171123,97,3.0,0,Non local,1,869.99,41296.98,0.2,174.0,8259.4
3657,1263,2,4,9,1408,4,2,6,62,20171126,20171126.0,20171123,97,3.0,0,Non local,1,3499.99,166138.7,0.05,175.0,8306.93
3658,1263,3,4,4,1408,3,2,6,19,20171126,20171126.0,20171123,97,3.0,0,Non local,2,449.0,21313.28,0.1,89.8,4262.66
3659,1264,1,4,1,113,1,2,6,101,20171127,20171125.0,20171124,72,1.0,0,Non local,1,339.99,16138.76,0.07,23.8,1129.71
3660,1264,2,4,1,113,3,2,6,77,20171127,20171125.0,20171124,72,1.0,0,Non local,2,799.99,37974.19,0.07,112.0,5316.39
3661,1264,3,4,9,113,6,2,6,29,20171127,20171125.0,20171124,72,1.0,0,Non local,2,999.99,47467.86,0.2,400.0,18987.14
3662,1264,4,4,8,113,7,2,6,52,20171127,20171125.0,20171124,72,1.0,0,Non local,1,875.99,41581.79,0.05,43.8,2079.09
3663,1265,1,4,2,950,6,2,7,41,20171127,20171127.0,20171124,169,3.0,0,Non local,2,1469.99,69777.98,0.1,294.0,13955.6
3664,1265,2,4,7,950,3,2,7,72,20171127,20171127.0,20171124,169,3.0,0,Non local,2,619.99,29429.89,0.07,86.8,4120.19
3665,1266,1,4,9,387,1,2,6,90,20171128,20171127.0,20171125,80,2.0,0,Non local,1,209.99,9967.88,0.2,42.0,1993.58
3666,1266,2,4,9,387,7,2,6,48,20171128,20171127.0,20171125,80,2.0,0,Non local,1,1499.99,71202.03,0.2,300.0,14240.41
3667,1267,1,4,2,467,6,2,6,45,20171126,20171126.0,20171125,24,1.0,0,Non local,1,869.99,41296.98,0.1,87.0,4129.7
3668,1267,2,4,8,467,6,2,6,27,20171126,20171126.0,20171125,24,1.0,0,Non local,1,999.99,47467.86,0.07,70.0,3322.75
3669,1267,3,4,7,467,2,2,6,108,20171126,20171126.0,20171125,24,1.0,0,Non local,1,449.99,21360.28,0.2,90.0,4272.06
3670,1267,4,4,1,467,1,2,6,95,20171126,20171126.0,20171125,24,1.0,0,Non local,1,299.99,14240.03,0.05,15.0,712.0
3671,1268,1,4,7,774,3,1,3,68,20171128,20171129.0,20171126,127,3.0,1,Non local,2,449.99,21360.28,0.07,63.0,2990.44
3672,1268,2,4,9,774,1,1,3,87,20171128,20171129.0,20171126,127,3.0,1,Non local,2,189.99,9018.51,0.07,26.6,1262.59
3673,1268,3,4,9,774,7,1,3,59,20171128,20171129.0,20171126,127,3.0,1,Non local,2,2599.99,123417.2,0.2,1040.0,49366.88
3674,1268,4,4,1,774,1,1,3,100,20171128,20171129.0,20171126,127,3.0,1,Non local,1,489.99,23259.01,0.07,34.3,1628.13
3675,1269,1,4,9,1236,6,2,6,4,20171129,20171129.0,20171126,152,3.0,0,Non local,2,2899.99,137657.7,0.2,1160.0,55063.08
3676,1269,2,4,9,1236,6,2,6,7,20171129,20171129.0,20171126,152,3.0,0,Non local,1,3999.99,189872.87,0.2,800.0,37974.57
3677,1269,3,4,7,1236,2,2,6,111,20171129,20171129.0,20171126,152,3.0,0,Non local,1,470.99,22357.11,0.1,47.1,2235.71
3678,1270,1,4,9,1388,7,2,6,54,20171129,20171129.0,20171126,131,3.0,0,Non local,1,3199.99,151898.2,0.2,640.0,30379.64
3679,1271,1,4,1,734,2,2,6,25,20171130,20171130.0,20171127,126,3.0,0,Non local,2,499.99,23733.69,0.1,100.0,4746.74
3680,1271,2,4,9,734,7,2,6,50,20171130,20171130.0,20171127,126,3.0,0,Non local,2,5999.99,284809.54,0.07,840.0,39873.33
3681,1271,3,4,9,734,1,2,6,87,20171130,20171130.0,20171127,126,3.0,0,Non local,2,189.99,9018.51,0.07,26.6,1262.59
3682,1271,4,4,9,734,6,2,6,32,20171130,20171130.0,20171127,126,3.0,0,Non local,2,469.99,22309.64,0.07,65.8,3123.35
3683,1272,1,4,1,935,3,2,6,16,20171129,20171130.0,20171127,10,3.0,1,Non local,2,599.99,28480.53,0.2,240.0,11392.21
3684,1272,2,4,7,935,3,2,6,71,20171129,20171130.0,20171127,10,3.0,1,Non local,2,416.99,19793.82,0.1,83.4,3958.76
3685,1272,3,4,9,935,1,2,6,86,20171129,20171130.0,20171127,10,3.0,1,Non local,1,149.99,7119.78,0.07,10.5,498.38
3686,1273,1,4,1,1268,1,2,6,95,20171129,20171129.0,20171127,140,2.0,0,Non local,2,299.99,14240.03,0.07,42.0,1993.6
3687,1273,2,4,1,1268,3,2,6,20,20171129,20171129.0,20171127,140,2.0,0,Non local,1,599.99,28480.53,0.07,42.0,1993.64
3688,1273,3,4,9,1268,7,2,6,58,20171129,20171129.0,20171127,140,2.0,0,Non local,1,4999.99,237341.2,0.2,1000.0,47468.24
3689,1274,1,4,1,1364,3,2,7,81,20171129,20171201.0,20171128,117,3.0,1,Non local,1,1099.99,52214.69,0.1,110.0,5221.47
3690,1275,1,4,9,165,7,1,2,58,20171201,20171130.0,20171129,82,1.0,0,Non local,1,4999.99,237341.2,0.07,350.0,16613.88
3691,1275,2,4,8,165,6,1,2,30,20171201,20171130.0,20171129,82,1.0,0,Non local,1,999.99,47467.86,0.1,100.0,4746.79
3692,1276,1,4,4,893,3,2,6,18,20171203,20171202.0,20171130,161,2.0,0,Non local,2,449.0,21313.28,0.2,179.6,8525.31
3693,1276,2,4,9,893,7,2,6,58,20171203,20171202.0,20171130,161,2.0,0,Non local,1,4999.99,237341.2,0.2,1000.0,47468.24
3694,1276,3,4,9,893,6,2,6,42,20171203,20171202.0,20171130,161,2.0,0,Non local,1,2299.99,109176.7,0.05,115.0,5458.83
3695,1276,4,4,1,893,2,2,6,24,20171203,20171202.0,20171130,161,2.0,0,Non local,2,549.99,26107.11,0.2,220.0,10442.84
3696,1276,5,4,7,893,3,2,6,78,20171203,20171202.0,20171130,161,2.0,0,Non local,2,647.99,30759.01,0.2,259.2,12303.6
3697,1277,1,4,9,227,7,2,6,56,20171204,20171202.0,20171201,126,1.0,0,Non local,2,5499.99,261075.37,0.2,2200.0,104430.15
3698,1277,2,4,2,227,1,2,6,93,20171204,20171202.0,20171201,126,1.0,0,Non local,2,209.99,9967.88,0.05,21.0,996.79
3699,1277,3,4,9,227,5,2,6,9,20171204,20171202.0,20171201,126,1.0,0,Non local,2,2999.99,142404.53,0.1,600.0,28480.91
3700,1277,4,4,9,227,6,2,6,4,20171204,20171202.0,20171201,126,1.0,0,Non local,1,2899.99,137657.7,0.1,290.0,13765.77
3701,1277,5,4,8,227,4,2,6,11,20171204,20171202.0,20171201,126,1.0,0,Non local,1,1680.99,79793.8,0.2,336.2,15958.76
3702,1278,1,4,7,980,2,2,7,103,20171202,20171204.0,20171201,97,3.0,1,Non local,2,551.99,26202.05,0.1,110.4,5240.41
3703,1278,2,4,9,980,6,2,7,32,20171202,20171204.0,20171201,97,3.0,1,Non local,1,469.99,22309.64,0.1,47.0,2230.96
3704,1279,1,4,9,1014,5,2,6,9,20171204,20171203.0,20171201,175,2.0,0,Non local,2,2999.99,142404.53,0.05,300.0,14240.45
3705,1280,1,4,7,123,3,3,9,72,20171203,20171203.0,20171201,89,2.0,0,Non local,2,619.99,29429.89,0.07,86.8,4120.19
3706,1280,2,4,1,123,3,3,9,74,20171203,20171203.0,20171201,89,2.0,0,Non local,1,439.99,20885.59,0.05,22.0,1044.28
3707,1280,3,4,8,123,7,3,9,52,20171203,20171203.0,20171201,89,2.0,0,Non local,1,875.99,41581.79,0.07,61.32,2910.73
3708,1280,4,4,9,123,4,3,9,63,20171203,20171203.0,20171201,89,2.0,0,Non local,1,3499.99,166138.7,0.2,700.0,33227.74
3709,1281,1,4,8,1060,6,2,6,36,20171205,20171205.0,20171202,36,3.0,0,Non local,1,832.99,39540.65,0.05,41.65,1977.03
3710,1281,2,4,9,1060,7,2,6,49,20171205,20171205.0,20171202,36,3.0,0,Non local,2,3499.99,166138.7,0.05,350.0,16613.87
3711,1281,3,4,1,1060,3,2,6,75,20171205,20171205.0,20171202,36,3.0,0,Non local,1,599.99,28480.53,0.05,30.0,1424.03
3712,1282,1,4,7,320,2,2,6,111,20171205,20171205.0,20171203,124,2.0,0,Non local,1,470.99,22357.11,0.05,23.55,1117.86
3713,1282,2,4,9,320,7,2,6,50,20171205,20171205.0,20171203,124,2.0,0,Non local,2,5999.99,284809.54,0.2,2400.0,113923.81
3714,1283,1,4,9,85,5,2,7,61,20171207,20171207.0,20171204,66,3.0,0,Non local,2,4999.99,237341.2,0.05,500.0,23734.12
3715,1283,2,4,1,85,3,2,7,81,20171207,20171207.0,20171204,66,3.0,0,Non local,1,1099.99,52214.69,0.2,220.0,10442.94
3716,1283,3,4,9,85,6,2,7,7,20171207,20171207.0,20171204,66,3.0,0,Non local,1,3999.99,189872.87,0.1,400.0,18987.29
3717,1283,4,4,9,85,6,2,7,32,20171207,20171207.0,20171204,66,3.0,0,Non local,1,469.99,22309.64,0.1,47.0,2230.96
3718,1283,5,4,8,85,4,2,7,11,20171207,20171207.0,20171204,66,3.0,0,Non local,1,1680.99,79793.8,0.2,336.2,15958.76
3719,1284,1,4,1,128,1,2,7,101,20171206,20171207.0,20171204,15,3.0,1,Non local,1,339.99,16138.76,0.07,23.8,1129.71
3720,1284,2,4,9,128,6,2,7,8,20171206,20171207.0,20171204,15,3.0,1,Non local,1,1799.99,85442.53,0.05,90.0,4272.13
3721,1284,3,4,9,128,6,2,7,4,20171206,20171207.0,20171204,15,3.0,1,Non local,2,2899.99,137657.7,0.05,290.0,13765.77
3722,1285,1,4,7,262,3,2,7,78,20171207,20171207.0,20171204,7,3.0,0,Non local,2,647.99,30759.01,0.07,90.72,4306.26
3723,1285,2,4,2,262,1,2,7,93,20171207,20171207.0,20171204,7,3.0,0,Non local,1,209.99,9967.88,0.1,21.0,996.79
3724,1285,3,4,7,262,3,2,7,69,20171207,20171207.0,20171204,7,3.0,0,Non local,2,416.99,19793.82,0.2,166.8,7917.53
3725,1285,4,4,8,262,6,2,7,6,20171207,20171207.0,20171204,7,3.0,0,Non local,1,469.99,22309.64,0.1,47.0,2230.96
3726,1286,1,4,7,1033,2,2,7,109,20171207,20171206.0,20171204,151,2.0,0,Non local,2,416.99,19793.82,0.2,166.8,7917.53
3727,1286,2,4,1,1033,3,2,7,81,20171207,20171206.0,20171204,151,2.0,0,Non local,2,1099.99,52214.69,0.07,154.0,7310.06
3728,1286,3,4,9,1033,1,2,7,87,20171207,20171206.0,20171204,151,2.0,0,Non local,1,189.99,9018.51,0.07,13.3,631.3
3729,1287,1,4,8,279,6,1,3,27,20171210,20171209.0,20171207,59,2.0,0,Non local,2,999.99,47467.86,0.2,400.0,18987.14
3730,1287,2,4,9,279,4,1,3,62,20171210,20171209.0,20171207,59,2.0,0,Non local,2,3499.99,166138.7,0.1,700.0,33227.74
3731,1287,3,4,7,279,2,1,3,103,20171210,20171209.0,20171207,59,2.0,0,Non local,1,551.99,26202.05,0.1,55.2,2620.2
3732,1287,4,4,1,279,1,1,3,100,20171210,20171209.0,20171207,59,2.0,0,Non local,2,489.99,23259.01,0.05,49.0,2325.9
3733,1288,1,4,7,778,3,3,9,73,20171210,20171209.0,20171207,20,2.0,0,Non local,1,749.99,35600.78,0.2,150.0,7120.16
3734,1288,2,4,1,778,3,3,9,64,20171210,20171209.0,20171207,20,2.0,0,Non local,2,489.99,23259.01,0.2,196.0,9303.6
3735,1288,3,4,9,778,4,3,9,62,20171210,20171209.0,20171207,20,2.0,0,Non local,2,3499.99,166138.7,0.1,700.0,33227.74
3736,1288,4,4,4,778,3,3,9,17,20171210,20171209.0,20171207,20,2.0,0,Non local,2,429.0,20363.92,0.07,60.06,2850.95
3737,1289,1,4,9,1292,1,1,3,89,20171211,20171210.0,20171208,43,2.0,0,Non local,1,209.99,9967.88,0.05,10.5,498.39
3738,1289,2,4,8,1292,6,1,3,3,20171211,20171210.0,20171208,43,2.0,0,Non local,1,999.99,47467.86,0.1,100.0,4746.79
3739,1290,1,4,1,967,3,2,6,75,20171210,20171210.0,20171208,18,2.0,0,Non local,2,599.99,28480.53,0.05,60.0,2848.05
3740,1290,2,4,8,967,6,2,6,36,20171210,20171210.0,20171208,18,2.0,0,Non local,1,832.99,39540.65,0.05,41.65,1977.03
3741,1290,3,4,2,967,1,2,6,92,20171210,20171210.0,20171208,18,2.0,0,Non local,2,209.99,9967.88,0.1,42.0,1993.58
3742,1291,1,4,9,1284,7,2,6,57,20171211,20171212.0,20171209,119,3.0,1,Non local,1,1999.99,94936.2,0.1,200.0,9493.62
3743,1291,2,4,9,1284,7,2,6,58,20171211,20171212.0,20171209,119,3.0,1,Non local,2,4999.99,237341.2,0.05,500.0,23734.12
3744,1292,1,4,1,285,3,2,6,70,20171213,20171211.0,20171210,35,1.0,0,Non local,1,659.99,31328.63,0.07,46.2,2193.0
3745,1293,1,4,9,1401,1,2,7,88,20171212,20171211.0,20171210,45,1.0,0,Non local,2,189.99,9018.51,0.1,38.0,1803.7
3746,1293,2,4,1,1401,3,2,7,74,20171212,20171211.0,20171210,45,1.0,0,Non local,2,439.99,20885.59,0.05,44.0,2088.56
3747,1293,3,4,2,1401,6,2,7,38,20171212,20171211.0,20171210,45,1.0,0,Non local,2,549.99,26107.11,0.07,77.0,3655.0
3748,1294,1,4,1,947,1,1,2,95,20171213,20171214.0,20171211,31,3.0,1,Non local,2,299.99,14240.03,0.05,30.0,1424.0
3749,1294,2,4,2,947,6,1,2,44,20171213,20171214.0,20171211,31,3.0,1,Non local,1,539.99,25632.43,0.05,27.0,1281.62
3750,1295,1,4,3,37,6,2,7,5,20171212,20171214.0,20171211,34,3.0,1,Non local,2,1320.99,62705.2,0.2,528.4,25082.08
3751,1295,2,4,9,37,5,2,7,61,20171212,20171214.0,20171211,34,3.0,1,Non local,1,4999.99,237341.2,0.2,1000.0,47468.24
3752,1295,3,4,8,37,7,2,7,52,20171212,20171214.0,20171211,34,3.0,1,Non local,1,875.99,41581.79,0.05,43.8,2079.09
3753,1296,1,4,1,231,2,1,3,25,20171217,20171215.0,20171214,5,1.0,0,Non local,2,499.99,23733.69,0.05,50.0,2373.37
3754,1296,2,4,9,231,1,1,3,90,20171217,20171215.0,20171214,5,1.0,0,Non local,1,209.99,9967.88,0.1,21.0,996.79
3755,1296,3,4,1,231,3,1,3,16,20171217,20171215.0,20171214,5,1.0,0,Non local,1,599.99,28480.53,0.05,30.0,1424.03
3756,1296,4,4,5,231,6,1,3,2,20171217,20171215.0,20171214,5,1.0,0,Non local,2,749.99,35600.78,0.1,150.0,7120.16
3757,1297,1,4,7,108,2,2,6,104,20171217,20171216.0,20171214,81,2.0,0,Non local,2,481.99,22879.26,0.07,67.48,3203.1
3758,1297,2,4,9,108,6,2,6,43,20171217,20171216.0,20171214,81,2.0,0,Non local,1,5299.99,251581.7,0.05,265.0,12579.09
3759,1297,3,4,9,108,7,2,6,51,20171217,20171216.0,20171214,81,2.0,0,Non local,2,6499.99,308543.7,0.05,650.0,30854.37
3760,1298,1,4,9,533,7,3,9,59,20171217,20171216.0,20171214,89,2.0,0,Non local,1,2599.99,123417.2,0.05,130.0,6170.86
3761,1298,2,4,7,533,2,3,9,110,20171217,20171216.0,20171214,89,2.0,0,Non local,2,470.99,22357.11,0.07,65.94,3130.0
3762,1299,1,4,1,1216,3,1,2,14,20171218,20171216.0,20171215,137,1.0,0,Non local,2,269.99,12815.98,0.1,54.0,2563.2
3763,1299,2,4,1,1216,1,1,2,101,20171218,20171216.0,20171215,137,1.0,0,Non local,1,339.99,16138.76,0.05,17.0,806.94
3764,1299,3,4,1,1216,3,1,2,75,20171218,20171216.0,20171215,137,1.0,0,Non local,1,599.99,28480.53,0.05,30.0,1424.03
3765,1299,4,4,8,1216,7,1,2,52,20171218,20171216.0,20171215,137,1.0,0,Non local,2,875.99,41581.79,0.2,350.4,16632.71
3766,1300,1,4,1,824,1,2,6,101,20171217,20171217.0,20171215,110,2.0,0,Non local,2,339.99,16138.76,0.07,47.6,2259.43
3767,1300,2,4,9,824,7,2,6,58,20171217,20171217.0,20171215,110,2.0,0,Non local,2,4999.99,237341.2,0.05,500.0,23734.12
3768,1301,1,4,2,1088,6,1,3,45,20171219,20171219.0,20171216,111,3.0,0,Non local,2,869.99,41296.98,0.2,348.0,16518.79
3769,1301,2,4,7,1088,2,1,3,105,20171219,20171219.0,20171216,111,3.0,0,Non local,2,533.99,25347.62,0.1,106.8,5069.52
3770,1301,3,4,9,1088,6,1,3,8,20171219,20171219.0,20171216,111,3.0,0,Non local,1,1799.99,85442.53,0.2,360.0,17088.51
3771,1302,1,4,2,322,6,2,7,38,20171218,20171219.0,20171216,144,3.0,1,Non local,1,549.99,26107.11,0.05,27.5,1305.36
3772,1302,2,4,1,322,3,2,7,20,20171218,20171219.0,20171216,144,3.0,1,Non local,2,599.99,28480.53,0.1,120.0,5696.11
3773,1302,3,4,9,322,7,2,7,56,20171218,20171219.0,20171216,144,3.0,1,Non local,2,5499.99,261075.37,0.07,770.0,36550.55
3774,1303,1,4,1,878,1,2,7,96,20171219,20171218.0,20171216,99,2.0,0,Non local,1,349.99,16613.44,0.1,35.0,1661.34
3775,1303,2,4,9,878,4,2,7,63,20171219,20171218.0,20171216,99,2.0,0,Non local,2,3499.99,166138.7,0.2,1400.0,66455.48
3776,1303,3,4,7,878,2,2,7,108,20171219,20171218.0,20171216,99,2.0,0,Non local,1,449.99,21360.28,0.1,45.0,2136.03
3777,1303,4,4,7,878,3,2,7,73,20171219,20171218.0,20171216,99,2.0,0,Non local,1,749.99,35600.78,0.1,75.0,3560.08
3778,1303,5,4,1,878,2,2,7,24,20171219,20171218.0,20171216,99,2.0,0,Non local,2,549.99,26107.11,0.1,110.0,5221.42
3779,1304,1,4,7,1409,3,2,6,80,20171217,20171217.0,20171216,7,1.0,0,Non local,1,761.99,36170.4,0.05,38.1,1808.52
3780,1304,2,4,1,1409,1,2,6,99,20171217,20171217.0,20171216,7,1.0,0,Non local,2,299.99,14240.03,0.05,30.0,1424.0
3781,1304,3,4,1,1409,2,2,6,102,20171217,20171217.0,20171216,7,1.0,0,Non local,1,489.99,23259.01,0.2,98.0,4651.8
3782,1304,4,4,4,1409,3,2,6,17,20171217,20171217.0,20171216,7,1.0,0,Non local,1,429.0,20363.92,0.05,21.45,1018.2
3783,1305,1,4,2,257,1,2,7,85,20171219,20171218.0,20171217,80,1.0,0,Non local,1,329.99,15664.08,0.2,66.0,3132.82
3784,1305,2,4,9,257,5,2,7,9,20171219,20171218.0,20171217,80,1.0,0,Non local,1,2999.99,142404.53,0.07,210.0,9968.32
3785,1305,3,4,8,257,4,2,7,11,20171219,20171218.0,20171217,80,1.0,0,Non local,1,1680.99,79793.8,0.05,84.05,3989.69
3786,1305,4,4,9,257,1,2,7,91,20171219,20171218.0,20171217,80,1.0,0,Non local,2,349.99,16613.44,0.05,35.0,1661.34
3787,1306,1,4,7,28,2,2,6,103,20171221,20171222.0,20171220,27,2.0,1,Non local,2,551.99,26202.05,0.05,55.2,2620.2
3788,1306,2,4,1,28,3,2,6,81,20171221,20171222.0,20171220,27,2.0,1,Non local,2,1099.99,52214.69,0.07,154.0,7310.06
3789,1306,3,4,2,28,6,2,6,45,20171221,20171222.0,20171220,27,2.0,1,Non local,1,869.99,41296.98,0.2,174.0,8259.4
3790,1306,4,4,9,28,6,2,6,42,20171221,20171222.0,20171220,27,2.0,1,Non local,1,2299.99,109176.7,0.2,460.0,21835.34
3791,1306,5,4,9,28,5,2,6,9,20171221,20171222.0,20171220,27,2.0,1,Non local,2,2999.99,142404.53,0.07,420.0,19936.63
3792,1307,1,4,1,1384,1,1,2,96,20171223,20171225.0,20171222,51,3.0,1,Non local,2,349.99,16613.44,0.07,49.0,2325.88
3793,1307,2,4,8,1384,7,1,2,53,20171223,20171225.0,20171222,51,3.0,1,Non local,2,749.99,35600.78,0.2,300.0,14240.31
3794,1307,3,4,7,1384,3,1,2,69,20171223,20171225.0,20171222,51,3.0,1,Non local,2,416.99,19793.82,0.2,166.8,7917.53
3795,1308,1,4,9,713,7,2,7,54,20171224,20171224.0,20171222,61,2.0,0,Non local,1,3199.99,151898.2,0.05,160.0,7594.91
3796,1308,2,4,7,713,3,2,7,69,20171224,20171224.0,20171222,61,2.0,0,Non local,1,416.99,19793.82,0.2,83.4,3958.76
3797,1308,3,4,1,713,3,2,7,14,20171224,20171224.0,20171222,61,2.0,0,Non local,2,269.99,12815.98,0.07,37.8,1794.24
3798,1308,4,4,9,713,7,2,7,56,20171224,20171224.0,20171222,61,2.0,0,Non local,1,5499.99,261075.37,0.2,1100.0,52215.07
3799,1308,5,4,9,713,6,2,7,32,20171224,20171224.0,20171222,61,2.0,0,Non local,1,469.99,22309.64,0.07,32.9,1561.67
3800,1309,1,4,7,821,3,2,6,65,20171225,20171224.0,20171222,35,2.0,0,Non local,1,346.99,16471.04,0.05,17.35,823.55
3801,1309,2,4,9,821,1,2,6,87,20171225,20171224.0,20171222,35,2.0,0,Non local,2,189.99,9018.51,0.2,76.0,3607.4
3802,1310,1,4,9,444,7,1,3,59,20171225,20171226.0,20171224,43,2.0,1,Non local,1,2599.99,123417.2,0.2,520.0,24683.44
3803,1310,2,4,1,444,3,1,3,77,20171225,20171226.0,20171224,43,2.0,1,Non local,2,799.99,37974.19,0.2,320.0,15189.68
3804,1310,3,4,8,444,4,1,3,11,20171225,20171226.0,20171224,43,2.0,1,Non local,2,1680.99,79793.8,0.1,336.2,15958.76
3805,1310,4,4,9,444,7,1,3,54,20171225,20171226.0,20171224,43,2.0,1,Non local,1,3199.99,151898.2,0.2,640.0,30379.64
3806,1311,1,4,7,1021,3,2,6,69,20171226,20171227.0,20171224,96,3.0,1,Non local,1,416.99,19793.82,0.1,41.7,1979.38
3807,1311,2,4,2,1021,6,2,6,45,20171226,20171227.0,20171224,96,3.0,1,Non local,2,869.99,41296.98,0.07,121.8,5781.58
3808,1311,3,4,8,1021,6,2,6,27,20171226,20171227.0,20171224,96,3.0,1,Non local,2,999.99,47467.86,0.1,200.0,9493.57
3809,1311,4,4,9,1021,6,2,6,42,20171226,20171227.0,20171224,96,3.0,1,Non local,1,2299.99,109176.7,0.1,230.0,10917.67
3810,1312,1,4,7,311,3,1,3,67,20171228,20171226.0,20171225,87,1.0,0,Non local,2,250.99,11914.08,0.05,25.1,1191.41
3811,1312,2,4,1,311,3,1,3,14,20171228,20171226.0,20171225,87,1.0,0,Non local,1,269.99,12815.98,0.2,54.0,2563.2
3812,1312,3,4,1,311,3,1,3,20,20171228,20171226.0,20171225,87,1.0,0,Non local,1,599.99,28480.53,0.07,42.0,1993.64
3813,1313,1,4,1,1294,3,1,3,75,20171227,20171227.0,20171225,180,2.0,0,Non local,1,599.99,28480.53,0.2,120.0,5696.11
3814,1313,2,4,8,1294,6,1,3,33,20171227,20171227.0,20171225,180,2.0,0,Non local,1,469.99,22309.64,0.2,94.0,4461.93
3815,1313,3,4,7,1294,3,1,3,69,20171227,20171227.0,20171225,180,2.0,0,Non local,1,416.99,19793.82,0.07,29.19,1385.57
3816,1314,1,4,8,1027,7,2,7,52,20171226,20171228.0,20171225,96,3.0,1,Non local,1,875.99,41581.79,0.07,61.32,2910.73
3817,1314,2,4,7,1027,3,2,7,72,20171226,20171228.0,20171225,96,3.0,1,Non local,2,619.99,29429.89,0.05,62.0,2942.99
3818,1314,3,4,2,1027,1,2,7,94,20171226,20171228.0,20171225,96,3.0,1,Non local,1,249.99,11866.61,0.1,25.0,1186.66
3819,1315,1,4,7,931,2,3,9,104,20171227,20171228.0,20171225,52,3.0,1,Non local,2,481.99,22879.26,0.07,67.48,3203.1
3820,1315,2,4,2,931,6,3,9,41,20171227,20171228.0,20171225,52,3.0,1,Non local,1,1469.99,69777.98,0.05,73.5,3488.9
3821,1315,3,4,1,931,2,3,9,24,20171227,20171228.0,20171225,52,3.0,1,Non local,1,549.99,26107.11,0.1,55.0,2610.71
3822,1315,4,4,1,931,2,3,9,26,20171227,20171228.0,20171225,52,3.0,1,Non local,1,599.99,28480.53,0.07,42.0,1993.64
3823,1315,5,4,1,931,3,3,9,16,20171227,20171228.0,20171225,52,3.0,1,Non local,2,599.99,28480.53,0.2,240.0,11392.21
3824,1316,1,4,1,846,3,1,3,76,20171229,20171227.0,20171226,58,1.0,0,Non local,2,299.99,14240.03,0.1,60.0,2848.01
3825,1316,2,4,9,846,1,1,3,90,20171229,20171227.0,20171226,58,1.0,0,Non local,1,209.99,9967.88,0.1,21.0,996.79
3826,1317,1,4,1,418,3,1,3,82,20171228,20171229.0,20171227,108,2.0,1,Non local,1,659.99,31328.63,0.1,66.0,3132.86
3827,1318,1,4,1,75,3,2,6,82,20171230,20171229.0,20171227,53,2.0,0,Non local,2,659.99,31328.63,0.2,264.0,12531.45
3828,1318,2,4,9,75,4,2,6,62,20171230,20171229.0,20171227,53,2.0,0,Non local,2,3499.99,166138.7,0.2,1400.0,66455.48
3829,1318,3,4,7,75,2,2,6,111,20171230,20171229.0,20171227,53,2.0,0,Non local,1,470.99,22357.11,0.2,94.2,4471.42
3830,1318,4,4,2,75,1,2,6,92,20171230,20171229.0,20171227,53,2.0,0,Non local,1,209.99,9967.88,0.07,14.7,697.75
3831,1319,1,4,1,604,3,2,6,75,20171230,20171230.0,20171227,53,3.0,0,Non local,1,599.99,28480.53,0.07,42.0,1993.64
3832,1319,2,4,9,604,1,2,6,91,20171230,20171230.0,20171227,53,3.0,0,Non local,1,349.99,16613.44,0.2,70.0,3322.69
3833,1320,1,4,7,244,2,1,3,104,20171230,20171229.0,20171228,133,1.0,0,Non local,1,481.99,22879.26,0.1,48.2,2287.93
3834,1320,2,4,2,244,1,1,3,93,20171230,20171229.0,20171228,133,1.0,0,Non local,1,209.99,9967.88,0.05,10.5,498.39
3835,1320,3,4,1,244,1,1,3,99,20171230,20171229.0,20171228,133,1.0,0,Non local,2,299.99,14240.03,0.2,120.0,5696.01
3836,1321,1,4,9,217,6,1,3,34,20171231,20171231.0,20171230,87,1.0,0,Non local,1,469.99,22309.64,0.1,47.0,2230.96
3837,1321,2,4,7,217,2,1,3,107,20171231,20171231.0,20171230,87,1.0,0,Non local,1,416.99,19793.82,0.1,41.7,1979.38
3838,1321,3,4,8,217,4,1,3,11,20171231,20171231.0,20171230,87,1.0,0,Non local,2,1680.99,79793.8,0.1,336.2,15958.76
3839,1322,1,4,8,39,6,2,7,28,20180103,20180102.0,20171231,36,2.0,0,Non local,2,2499.99,118670.36,0.05,250.0,11867.04
3840,1322,2,4,7,39,2,2,7,104,20180103,20180102.0,20171231,36,2.0,0,Non local,2,481.99,22879.26,0.05,48.2,2287.93
3841,1323,1,4,8,273,6,2,6,27,20180101,20180101.0,20171231,141,1.0,0,Non local,2,999.99,47467.86,0.07,140.0,6645.5
3842,1323,2,4,1,273,3,2,6,20,20180101,20180101.0,20171231,141,1.0,0,Non local,1,599.99,28480.53,0.05,30.0,1424.03
3843,1323,3,4,1,273,3,2,6,70,20180101,20180101.0,20171231,141,1.0,0,Non local,1,659.99,31328.63,0.05,33.0,1566.43
3844,1324,1,4,7,862,3,2,6,66,20180104,20180103.0,20180101,184,2.0,0,Non local,1,250.99,11914.08,0.1,25.1,1191.41
3845,1324,2,4,9,862,6,2,6,120,20180104,20180103.0,20180101,184,2.0,0,Non local,2,2499.99,118670.36,0.2,1000.0,47468.15
3846,1324,3,4,1,862,3,2,6,235,20180104,20180103.0,20180101,184,2.0,0,Non local,1,899.99,42721.03,0.1,90.0,4272.1
3847,1324,4,4,8,862,6,2,6,3,20180104,20180103.0,20180101,184,2.0,0,Non local,1,999.99,47467.86,0.2,200.0,9493.57
3848,1325,1,4,9,68,6,3,8,139,20180102,20180103.0,20180101,57,2.0,1,local,1,2999.99,142404.53,0.05,150.0,7120.23
3849,1325,2,4,1,68,3,3,8,257,20180102,20180103.0,20180101,57,2.0,1,local,1,899.99,42721.03,0.05,45.0,2136.05
3850,1325,3,4,9,68,4,3,8,209,20180102,20180103.0,20180101,57,2.0,1,local,1,2999.99,142404.53,0.1,300.0,14240.45
3851,1325,4,4,8,68,6,3,8,28,20180102,20180103.0,20180101,57,2.0,1,local,1,2499.99,118670.36,0.07,175.0,8306.93
3852,1326,1,4,9,567,5,3,9,190,20180103,20180102.0,20180101,13,1.0,0,Non local,2,2799.99,132910.86,0.07,392.0,18607.52
3853,1326,2,4,9,567,1,3,9,269,20180103,20180102.0,20180101,13,1.0,0,Non local,2,199.99,9493.19,0.07,28.0,1329.05
3854,1327,1,4,9,1026,7,2,6,151,20180103,20180105.0,20180102,189,3.0,1,Non local,2,1549.99,73575.44,0.07,217.0,10300.56
3855,1327,2,4,1,1026,3,2,6,235,20180103,20180105.0,20180102,189,3.0,1,Non local,2,899.99,42721.03,0.1,180.0,8544.21
3856,1327,3,4,9,1026,7,2,6,48,20180103,20180105.0,20180102,189,3.0,1,Non local,2,1499.99,71202.03,0.1,300.0,14240.41
3857,1327,4,4,9,1026,7,2,6,180,20180103,20180105.0,20180102,189,3.0,1,Non local,1,919.99,43670.39,0.2,184.0,8734.08
3858,1328,1,4,1,1083,3,2,6,241,20180103,20180103.0,20180102,153,1.0,0,Non local,1,749.99,35600.78,0.07,52.5,2492.05
3859,1328,2,4,9,1083,6,2,6,129,20180103,20180103.0,20180102,153,1.0,0,Non local,2,919.99,43670.39,0.1,184.0,8734.08
3860,1328,3,4,1,1083,3,2,6,228,20180103,20180103.0,20180102,153,1.0,0,Non local,1,319.99,15189.39,0.07,22.4,1063.26
3861,1328,4,4,1,1083,2,2,6,311,20180103,20180103.0,20180102,153,1.0,0,Non local,1,749.99,35600.78,0.1,75.0,3560.08
3862,1328,5,4,1,1083,3,2,6,247,20180103,20180103.0,20180102,153,1.0,0,Non local,1,599.99,28480.53,0.1,60.0,2848.05
3863,1329,1,4,9,443,7,1,3,143,20180105,20180106.0,20180104,108,2.0,1,Non local,1,1099.99,52214.69,0.07,77.0,3655.03
3864,1329,2,4,7,443,2,1,3,107,20180105,20180106.0,20180104,108,2.0,1,Non local,1,416.99,19793.82,0.05,20.85,989.69
3865,1329,3,4,9,443,7,1,3,55,20180105,20180106.0,20180104,108,2.0,1,Non local,1,2699.99,128164.03,0.07,189.0,8971.48
3866,1329,4,4,1,443,1,1,3,283,20180105,20180106.0,20180104,108,2.0,1,Non local,2,319.99,15189.39,0.2,128.0,6075.76
3867,1329,5,4,1,443,3,1,3,13,20180105,20180106.0,20180104,108,2.0,1,Non local,1,269.99,12815.98,0.1,27.0,1281.6
3868,1330,1,4,1,761,3,2,7,232,20180105,20180107.0,20180104,143,3.0,1,Non local,1,479.99,22784.33,0.2,96.0,4556.87
3869,1330,2,4,1,761,3,2,7,243,20180105,20180107.0,20180104,143,3.0,1,Non local,2,679.99,32277.99,0.05,68.0,3227.8
3870,1330,3,4,1,761,3,2,7,230,20180105,20180107.0,20180104,143,3.0,1,Non local,2,429.99,20410.91,0.2,172.0,8164.36
3871,1330,4,4,1,761,2,2,7,102,20180105,20180107.0,20180104,143,3.0,1,Non local,2,489.99,23259.01,0.05,49.0,2325.9
3872,1330,5,4,1,761,1,2,7,282,20180105,20180107.0,20180104,143,3.0,1,Non local,1,279.99,13290.66,0.1,28.0,1329.07
3873,1331,1,4,1,1122,3,2,6,253,20180106,20180108.0,20180105,136,3.0,1,Non local,1,2599.99,123417.2,0.05,130.0,6170.86
3874,1331,2,4,1,1122,1,2,6,290,20180106,20180108.0,20180105,136,3.0,1,Non local,1,369.99,17562.81,0.05,18.5,878.14
3875,1331,3,4,9,1122,7,2,6,145,20180106,20180108.0,20180105,136,3.0,1,Non local,2,1799.99,85442.53,0.1,360.0,17088.51
3876,1331,4,4,1,1122,2,2,6,300,20180106,20180108.0,20180105,136,3.0,1,Non local,1,799.99,37974.19,0.2,160.0,7594.84
3877,1332,1,4,1,256,1,2,7,296,20180107,20180109.0,20180106,44,3.0,1,Non local,1,369.99,17562.81,0.2,74.0,3512.56
3878,1332,2,4,2,256,1,2,7,93,20180107,20180109.0,20180106,44,3.0,1,Non local,2,209.99,9967.88,0.05,21.0,996.79
3879,1332,3,4,9,256,7,2,7,179,20180107,20180109.0,20180106,44,3.0,1,Non local,2,919.99,43670.39,0.07,128.8,6113.86
3880,1332,4,4,1,256,1,2,7,298,20180107,20180109.0,20180106,44,3.0,1,Non local,1,279.99,13290.66,0.1,28.0,1329.07
3881,1333,1,4,9,203,5,3,8,205,20180107,20180107.0,20180106,40,1.0,0,Non local,2,4999.99,237341.2,0.05,500.0,23734.12
3882,1333,2,4,1,203,2,3,8,304,20180107,20180107.0,20180106,40,1.0,0,Non local,2,679.99,32277.99,0.1,136.0,6455.6
3883,1333,3,4,1,203,1,3,8,99,20180107,20180107.0,20180106,40,1.0,0,Non local,2,299.99,14240.03,0.1,60.0,2848.01
3884,1333,4,4,1,203,3,3,8,12,20180107,20180107.0,20180106,40,1.0,0,Non local,1,549.99,26107.11,0.05,27.5,1305.36
3885,1333,5,4,7,203,3,3,8,78,20180107,20180107.0,20180106,40,1.0,0,Non local,1,647.99,30759.01,0.1,64.8,3075.9
3886,1334,1,4,9,425,5,2,6,203,20180109,20180110.0,20180107,152,3.0,1,Non local,2,4999.99,237341.2,0.05,500.0,23734.12
3887,1334,2,4,9,425,7,2,6,160,20180109,20180110.0,20180107,152,3.0,1,Non local,2,4499.99,213607.03,0.07,630.0,29904.98
3888,1334,3,4,7,425,1,2,6,84,20180109,20180110.0,20180107,152,3.0,1,Non local,2,109.99,5221.04,0.1,22.0,1044.21
3889,1334,4,4,1,425,3,2,6,13,20180109,20180110.0,20180107,152,3.0,1,Non local,1,269.99,12815.98,0.05,13.5,640.8
3890,1334,5,4,9,425,6,2,6,42,20180109,20180110.0,20180107,152,3.0,1,Non local,1,2299.99,109176.7,0.05,115.0,5458.83
3891,1335,1,4,9,955,6,2,7,138,20180108,20180108.0,20180107,188,1.0,0,Non local,2,2249.99,106803.28,0.05,225.0,10680.33
3892,1336,1,4,9,904,6,1,2,29,20180110,20180112.0,20180109,82,3.0,1,Non local,2,999.99,47467.86,0.2,400.0,18987.14
3893,1336,2,4,9,904,7,1,2,157,20180110,20180112.0,20180109,82,3.0,1,Non local,1,6499.99,308543.7,0.05,325.0,15427.19
3894,1336,3,4,1,904,1,1,2,21,20180110,20180112.0,20180109,82,3.0,1,Non local,2,269.99,12815.98,0.07,37.8,1794.24
3895,1336,4,4,9,904,4,1,2,207,20180110,20180112.0,20180109,82,3.0,1,Non local,1,3999.99,189872.87,0.1,400.0,18987.29
3896,1336,5,4,9,904,5,1,2,185,20180110,20180112.0,20180109,82,3.0,1,Non local,1,2799.99,132910.86,0.1,280.0,13291.09
3897,1337,1,4,9,970,7,2,7,153,20180112,20180112.0,20180109,22,3.0,0,Non local,1,4999.99,237341.2,0.1,500.0,23734.12
3898,1338,1,4,9,905,7,2,6,169,20180111,20180113.0,20180110,32,3.0,1,Non local,2,6499.99,308543.7,0.07,910.0,43196.12
3899,1339,1,4,9,580,7,1,3,175,20180114,20180113.0,20180111,182,2.0,0,Non local,1,3199.99,151898.2,0.07,224.0,10632.87
3900,1340,1,4,1,1066,3,1,3,253,20180113,20180113.0,20180112,83,1.0,0,Non local,1,2599.99,123417.2,0.2,520.0,24683.44
3901,1340,2,4,2,1066,1,1,3,92,20180113,20180113.0,20180112,83,1.0,0,Non local,2,209.99,9967.88,0.2,84.0,3987.15
3902,1340,3,4,1,1066,3,1,3,237,20180113,20180113.0,20180112,83,1.0,0,Non local,2,849.99,40347.61,0.05,85.0,4034.76
3903,1341,1,4,1,1258,3,2,7,215,20180113,20180114.0,20180112,103,2.0,1,Non local,2,749.99,35600.78,0.07,105.0,4984.11
3904,1341,2,4,9,1258,7,2,7,56,20180113,20180114.0,20180112,103,2.0,1,Non local,2,5499.99,261075.37,0.2,2200.0,104430.15
3905,1341,3,4,1,1258,3,2,7,234,20180113,20180114.0,20180112,103,2.0,1,Non local,2,899.99,42721.03,0.05,90.0,4272.1
3906,1341,4,4,7,1258,3,2,7,66,20180113,20180114.0,20180112,103,2.0,1,Non local,2,250.99,11914.08,0.05,25.1,1191.41
3907,1342,1,4,7,1393,5,2,7,60,20180113,20180115.0,20180112,118,3.0,1,Non local,1,1559.99,74050.13,0.05,78.0,3702.51
3908,1342,2,4,9,1393,1,2,7,270,20180113,20180115.0,20180112,118,3.0,1,Non local,1,209.99,9967.88,0.05,10.5,498.39
3909,1343,1,4,1,594,3,2,6,244,20180115,20180114.0,20180113,65,1.0,0,Non local,1,559.99,26581.79,0.05,28.0,1329.09
3910,1343,2,4,1,594,1,2,6,99,20180115,20180114.0,20180113,65,1.0,0,Non local,1,299.99,14240.03,0.05,15.0,712.0
3911,1343,3,4,9,594,7,2,6,184,20180115,20180114.0,20180113,65,1.0,0,Non local,2,3499.99,166138.7,0.2,1400.0,66455.48
3912,1343,4,4,7,594,3,2,6,65,20180115,20180114.0,20180113,65,1.0,0,Non local,2,346.99,16471.04,0.2,138.8,6588.42
3913,1343,5,4,9,594,4,2,6,206,20180115,20180114.0,20180113,65,1.0,0,Non local,1,3299.99,156645.03,0.1,330.0,15664.5
3914,1344,1,4,1,916,3,2,6,77,20180116,20180115.0,20180113,152,2.0,0,Non local,2,799.99,37974.19,0.07,112.0,5316.39
3915,1344,2,4,7,916,2,2,6,103,20180116,20180115.0,20180113,152,2.0,0,Non local,2,551.99,26202.05,0.2,220.8,10480.82
3916,1344,3,4,8,916,6,2,6,3,20180116,20180115.0,20180113,152,2.0,0,Non local,1,999.99,47467.86,0.07,70.0,3322.75
3917,1344,4,4,9,916,5,2,6,61,20180116,20180115.0,20180113,152,2.0,0,Non local,1,4999.99,237341.2,0.07,350.0,16613.88
3918,1345,1,4,9,1037,6,2,6,40,20180115,20180115.0,20180114,171,1.0,0,Non local,2,4999.99,237341.2,0.2,2000.0,94936.48
3919,1345,2,4,9,1037,7,2,6,172,20180115,20180115.0,20180114,171,1.0,0,Non local,2,3199.99,151898.2,0.05,320.0,15189.82
3920,1345,3,4,8,1037,7,2,6,164,20180115,20180115.0,20180114,171,1.0,0,Non local,2,1549.0,73528.45,0.2,619.6,29411.38
3921,1345,4,4,5,1037,6,2,6,2,20180115,20180115.0,20180114,171,1.0,0,Non local,2,749.99,35600.78,0.2,300.0,14240.31
3922,1346,1,4,9,136,6,3,8,134,20180115,20180115.0,20180114,14,1.0,0,Non local,2,1499.99,71202.03,0.05,150.0,7120.2
3923,1346,2,4,9,136,7,3,8,150,20180115,20180115.0,20180114,14,1.0,0,Non local,1,4499.99,213607.03,0.05,225.0,10680.35
3924,1346,3,4,4,136,3,3,8,18,20180115,20180115.0,20180114,14,1.0,0,Non local,2,449.0,21313.28,0.05,44.9,2131.33
3925,1346,4,4,1,136,3,3,8,249,20180115,20180115.0,20180114,14,1.0,0,Non local,1,749.99,35600.78,0.1,75.0,3560.08
3926,1346,5,4,6,136,1,3,8,263,20180115,20180115.0,20180114,14,1.0,0,Non local,2,89.99,4271.68,0.2,36.0,1708.67
3927,1347,1,4,9,247,6,1,2,43,20180118,20180118.0,20180115,31,3.0,0,Non local,2,5299.99,251581.7,0.07,742.0,35221.44
3928,1347,2,4,8,247,7,1,2,53,20180118,20180118.0,20180115,31,3.0,0,Non local,1,749.99,35600.78,0.05,37.5,1780.04
3929,1348,1,4,9,1214,5,1,2,203,20180117,20180117.0,20180115,109,2.0,0,Non local,1,4999.99,237341.2,0.05,250.0,11867.06
3930,1348,2,4,9,1214,7,1,2,148,20180117,20180117.0,20180115,109,2.0,0,Non local,1,5499.99,261075.37,0.05,275.0,13053.77
3931,1348,3,4,9,1214,7,1,2,58,20180117,20180117.0,20180115,109,2.0,0,Non local,2,4999.99,237341.2,0.1,1000.0,47468.24
3932,1348,4,4,9,1214,7,1,2,147,20180117,20180117.0,20180115,109,2.0,0,Non local,1,1799.99,85442.53,0.07,126.0,5980.98
3933,1349,1,4,9,464,6,2,6,138,20180117,20180116.0,20180115,138,1.0,0,Non local,2,2249.99,106803.28,0.05,225.0,10680.33
3934,1349,2,4,9,464,5,2,6,205,20180117,20180116.0,20180115,138,1.0,0,Non local,2,4999.99,237341.2,0.07,700.0,33227.77
3935,1349,3,4,8,464,7,2,6,168,20180117,20180116.0,20180115,138,1.0,0,Non local,2,1549.0,73528.45,0.2,619.6,29411.38
3936,1349,4,4,9,464,7,2,6,184,20180117,20180116.0,20180115,138,1.0,0,Non local,1,3499.99,166138.7,0.2,700.0,33227.74
3937,1350,1,4,1,637,2,2,7,305,20180118,20180117.0,20180115,27,2.0,0,Non local,1,749.99,35600.78,0.1,75.0,3560.08
3938,1350,2,4,1,637,3,2,7,250,20180118,20180117.0,20180115,27,2.0,0,Non local,1,2599.99,123417.2,0.07,182.0,8639.2
3939,1350,3,4,1,637,3,2,7,253,20180118,20180117.0,20180115,27,2.0,0,Non local,1,2599.99,123417.2,0.07,182.0,8639.2
3940,1350,4,4,9,637,7,2,7,159,20180118,20180117.0,20180115,27,2.0,0,Non local,1,2299.99,109176.7,0.05,115.0,5458.83
3941,1350,5,4,1,637,3,2,7,13,20180118,20180117.0,20180115,27,2.0,0,Non local,2,269.99,12815.98,0.2,108.0,5126.39
3942,1351,1,4,1,1016,1,2,7,297,20180119,20180119.0,20180116,16,3.0,0,Non local,2,279.99,13290.66,0.2,112.0,5316.26
3943,1351,2,4,9,1016,6,2,7,133,20180119,20180119.0,20180116,16,3.0,0,Non local,1,1499.99,71202.03,0.1,150.0,7120.2
3944,1352,1,4,9,1433,6,2,6,136,20180118,20180118.0,20180116,17,2.0,0,Non local,1,1799.99,85442.53,0.2,360.0,17088.51
3945,1352,2,4,8,1433,7,2,6,52,20180118,20180118.0,20180116,17,2.0,0,Non local,2,875.99,41581.79,0.1,175.2,8316.36
3946,1352,3,4,1,1433,1,2,6,282,20180118,20180118.0,20180116,17,2.0,0,Non local,2,279.99,13290.66,0.1,56.0,2658.13
3947,1352,4,4,9,1433,1,2,6,86,20180118,20180118.0,20180116,17,2.0,0,Non local,2,149.99,7119.78,0.2,60.0,2847.91
3948,1352,5,4,1,1433,1,2,6,100,20180118,20180118.0,20180116,17,2.0,0,Non local,1,489.99,23259.01,0.05,24.5,1162.95
3949,1353,1,4,7,502,2,2,6,107,20180119,20180118.0,20180117,123,1.0,0,Non local,2,416.99,19793.82,0.05,41.7,1979.38
3950,1353,2,4,1,502,3,2,6,233,20180119,20180118.0,20180117,123,1.0,0,Non local,1,639.99,30379.26,0.07,44.8,2126.55
3951,1353,3,4,1,502,2,2,6,300,20180119,20180118.0,20180117,123,1.0,0,Non local,1,799.99,37974.19,0.2,160.0,7594.84
3952,1353,4,4,9,502,1,2,6,86,20180119,20180118.0,20180117,123,1.0,0,Non local,2,149.99,7119.78,0.05,15.0,711.98
3953,1354,1,4,9,476,7,1,3,166,20180120,20180121.0,20180119,113,2.0,1,local,2,749.99,35600.78,0.07,105.0,4984.11
3954,1355,1,4,1,1010,1,2,7,297,20180121,20180120.0,20180119,42,1.0,0,Non local,1,279.99,13290.66,0.1,28.0,1329.07
3955,1355,2,4,1,1010,3,2,7,253,20180121,20180120.0,20180119,42,1.0,0,Non local,1,2599.99,123417.2,0.07,182.0,8639.2
3956,1355,3,4,9,1010,7,2,7,149,20180121,20180120.0,20180119,42,1.0,0,Non local,1,7499.99,356012.04,0.2,1500.0,71202.41
3957,1355,4,4,1,1010,2,2,7,313,20180121,20180120.0,20180119,42,1.0,0,Non local,2,449.99,21360.28,0.1,90.0,4272.06
3958,1356,1,4,1,1161,5,2,6,192,20180121,20180122.0,20180119,155,3.0,1,Non local,1,2599.99,123417.2,0.05,130.0,6170.86
3959,1356,2,4,1,1161,5,2,6,199,20180121,20180122.0,20180119,155,3.0,1,Non local,2,2999.99,142404.53,0.1,600.0,28480.91
3960,1356,3,4,9,1161,1,2,6,276,20180121,20180122.0,20180119,155,3.0,1,Non local,2,319.99,15189.39,0.1,64.0,3037.88
3961,1357,1,4,9,440,7,2,6,145,20180123,20180121.0,20180120,117,1.0,0,Non local,2,1799.99,85442.53,0.2,720.0,34177.01
3962,1357,2,4,7,440,5,2,6,60,20180123,20180121.0,20180120,117,1.0,0,Non local,1,1559.99,74050.13,0.2,312.0,14810.03
3963,1357,3,4,9,440,6,2,6,130,20180123,20180121.0,20180120,117,1.0,0,Non local,1,919.99,43670.39,0.2,184.0,8734.08
3964,1358,1,4,1,253,3,1,2,257,20180123,20180124.0,20180121,23,3.0,1,Non local,2,899.99,42721.03,0.2,360.0,17088.41
3965,1359,1,4,1,1008,1,3,9,282,20180122,20180122.0,20180121,14,1.0,0,Non local,1,279.99,13290.66,0.05,14.0,664.53
3966,1359,2,4,1,1008,3,3,9,82,20180122,20180122.0,20180121,14,1.0,0,Non local,1,659.99,31328.63,0.05,33.0,1566.43
3967,1360,1,4,8,71,6,2,6,31,20180125,20180124.0,20180122,48,2.0,0,Non local,1,1632.99,77515.32,0.05,81.65,3875.77
3968,1361,1,4,1,1084,2,2,7,307,20180124,20180123.0,20180122,70,1.0,0,Non local,2,749.99,35600.78,0.07,105.0,4984.11
3969,1361,2,4,9,1084,7,2,7,153,20180124,20180123.0,20180122,70,1.0,0,Non local,1,4999.99,237341.2,0.05,250.0,11867.06
3970,1361,3,4,8,1084,7,2,7,163,20180124,20180123.0,20180122,70,1.0,0,Non local,2,1349.0,64034.78,0.2,539.6,25613.91
3971,1362,1,4,8,310,6,2,6,27,20180124,20180125.0,20180123,149,2.0,1,Non local,2,999.99,47467.86,0.2,400.0,18987.14
3972,1362,2,4,9,310,5,2,6,204,20180124,20180125.0,20180123,149,2.0,1,Non local,2,3599.99,170885.53,0.07,504.0,23923.97
3973,1362,3,4,9,310,6,2,6,4,20180124,20180125.0,20180123,149,2.0,1,Non local,2,2899.99,137657.7,0.2,1160.0,55063.08
3974,1363,1,4,7,860,3,2,6,66,20180125,20180125.0,20180124,107,1.0,0,Non local,2,250.99,11914.08,0.1,50.2,2382.82
3975,1364,1,4,7,122,3,2,6,78,20180128,20180128.0,20180125,88,3.0,0,Non local,1,647.99,30759.01,0.07,45.36,2153.13
3976,1364,2,4,9,122,7,2,6,155,20180128,20180128.0,20180125,88,3.0,0,Non local,2,11999.99,569619.55,0.1,2400.0,113923.91
3977,1364,3,4,9,122,7,2,6,152,20180128,20180128.0,20180125,88,3.0,0,Non local,1,2499.99,118670.36,0.1,250.0,11867.04
3978,1364,4,4,7,122,2,2,6,110,20180128,20180128.0,20180125,88,3.0,0,Non local,1,470.99,22357.11,0.07,32.97,1565.0
3979,1365,1,4,9,689,7,2,7,144,20180128,20180127.0,20180125,47,2.0,0,Non local,1,1549.99,73575.44,0.07,108.5,5150.28
3980,1365,2,4,9,689,7,2,7,58,20180128,20180127.0,20180125,47,2.0,0,Non local,1,4999.99,237341.2,0.07,350.0,16613.88
3981,1365,3,4,1,689,3,2,7,236,20180128,20180127.0,20180125,47,2.0,0,Non local,1,749.99,35600.78,0.05,37.5,1780.04
3982,1366,1,4,9,1441,6,2,6,115,20180127,20180128.0,20180126,98,2.0,1,Non local,1,3199.99,151898.2,0.1,320.0,15189.82
3983,1366,2,4,8,1441,6,2,6,128,20180127,20180128.0,20180126,98,2.0,1,Non local,2,1899.0,90142.37,0.2,759.6,36056.95
3984,1366,3,4,9,1441,5,2,6,200,20180127,20180128.0,20180126,98,2.0,1,Non local,1,3499.99,166138.7,0.07,245.0,11629.71
3985,1367,1,4,9,1118,6,1,3,132,20180128,20180128.0,20180127,132,1.0,0,Non local,1,1499.99,71202.03,0.1,150.0,7120.2
3986,1367,2,4,3,1118,6,1,3,131,20180128,20180128.0,20180127,132,1.0,0,Non local,2,2599.0,123370.2,0.2,1039.6,49348.08
3987,1367,3,4,8,1118,6,1,3,124,20180128,20180128.0,20180127,132,1.0,0,Non local,1,1499.0,71155.03,0.07,104.93,4980.85
3988,1367,4,4,1,1118,2,1,3,24,20180128,20180128.0,20180127,132,1.0,0,Non local,2,549.99,26107.11,0.05,55.0,2610.71
3989,1368,1,4,7,765,3,2,6,66,20180128,20180129.0,20180127,27,2.0,1,Non local,1,250.99,11914.08,0.1,25.1,1191.41
3990,1368,2,4,9,765,6,2,6,113,20180128,20180129.0,20180127,27,2.0,1,Non local,2,489.99,23259.01,0.07,68.6,3256.26
3991,1368,3,4,9,765,5,2,6,186,20180128,20180129.0,20180127,27,2.0,1,Non local,1,4499.99,213607.03,0.2,900.0,42721.41
3992,1369,1,4,1,92,3,2,6,213,20180130,20180130.0,20180128,72,2.0,0,Non local,2,269.99,12815.98,0.05,27.0,1281.6
3993,1370,1,4,9,115,6,2,7,7,20180129,20180129.0,20180128,10,1.0,0,Non local,1,3999.99,189872.87,0.07,280.0,13291.1
3994,1370,2,4,9,115,1,2,7,89,20180129,20180129.0,20180128,10,1.0,0,Non local,2,209.99,9967.88,0.1,42.0,1993.58
3995,1370,3,4,9,115,4,2,7,208,20180129,20180129.0,20180128,10,1.0,0,Non local,2,1799.99,85442.53,0.2,720.0,34177.01
3996,1370,4,4,9,115,6,2,7,134,20180129,20180129.0,20180128,10,1.0,0,Non local,1,1499.99,71202.03,0.1,150.0,7120.2
3997,1371,1,4,1,937,3,2,7,223,20180130,20180201.0,20180129,84,3.0,1,Non local,2,529.99,25157.74,0.07,74.2,3522.08
3998,1371,2,4,9,937,6,2,7,8,20180130,20180201.0,20180129,84,3.0,1,Non local,2,1799.99,85442.53,0.2,720.0,34177.01
3999,1372,1,4,1,1013,2,2,6,307,20180201,20180130.0,20180129,174,1.0,0,Non local,1,749.99,35600.78,0.07,52.5,2492.05
4000,1372,2,4,1,1013,1,2,6,283,20180201,20180130.0,20180129,174,1.0,0,Non local,2,319.99,15189.39,0.2,128.0,6075.76
4001,1373,1,4,9,427,4,3,9,63,20180131,20180131.0,20180129,56,2.0,0,Non local,1,3499.99,166138.7,0.1,350.0,16613.87
4002,1374,1,4,9,1330,7,1,3,181,20180201,20180201.0,20180130,51,2.0,0,Non local,2,2199.99,104429.86,0.05,220.0,10442.99
4003,1374,2,4,9,1330,6,1,3,130,20180201,20180201.0,20180130,51,2.0,0,Non local,2,919.99,43670.39,0.07,128.8,6113.86
4004,1375,1,4,9,312,7,3,8,147,20180201,20180201.0,20180130,13,2.0,0,Non local,2,1799.99,85442.53,0.05,180.0,8544.25
4005,1375,2,4,9,312,7,3,8,182,20180201,20180201.0,20180130,13,2.0,0,Non local,1,2499.99,118670.36,0.2,500.0,23734.07
4006,1376,1,4,3,1186,6,1,2,5,20180202,20180203.0,20180201,51,2.0,1,Non local,1,1320.99,62705.2,0.07,92.47,4389.36
4007,1377,1,4,9,1007,7,2,7,153,20180203,20180203.0,20180201,88,2.0,0,Non local,2,4999.99,237341.2,0.05,500.0,23734.12
4008,1377,2,4,9,1007,6,2,7,130,20180203,20180203.0,20180201,88,2.0,0,Non local,1,919.99,43670.39,0.05,46.0,2183.52
4009,1377,3,4,9,1007,7,2,7,48,20180203,20180203.0,20180201,88,2.0,0,Non local,1,1499.99,71202.03,0.07,105.0,4984.14
4010,1377,4,4,9,1007,5,2,7,188,20180203,20180203.0,20180201,88,2.0,0,Non local,2,3499.99,166138.7,0.07,490.0,23259.42
4011,1378,1,4,1,983,1,1,2,96,20180205,20180204.0,20180202,30,2.0,0,Non local,2,349.99,16613.44,0.07,49.0,2325.88
4012,1378,2,4,9,983,6,1,2,142,20180205,20180204.0,20180202,30,2.0,0,Non local,2,3199.99,151898.2,0.07,448.0,21265.75
4013,1378,3,4,5,983,6,1,2,2,20180205,20180204.0,20180202,30,2.0,0,Non local,2,749.99,35600.78,0.2,300.0,14240.31
4014,1378,4,4,7,983,2,1,2,110,20180205,20180204.0,20180202,30,2.0,0,Non local,1,470.99,22357.11,0.07,32.97,1565.0
4015,1378,5,4,9,983,6,1,2,129,20180205,20180204.0,20180202,30,2.0,0,Non local,2,919.99,43670.39,0.2,368.0,17468.16
4016,1379,1,4,1,1256,3,2,6,15,20180205,20180205.0,20180202,143,3.0,0,Non local,1,529.99,25157.74,0.1,53.0,2515.77
4017,1379,2,4,9,1256,6,2,6,118,20180205,20180205.0,20180202,143,3.0,0,Non local,1,999.99,47467.86,0.1,100.0,4746.79
4018,1379,3,4,6,1256,1,2,6,263,20180205,20180205.0,20180202,143,3.0,0,Non local,2,89.99,4271.68,0.1,18.0,854.34
4019,1380,1,4,1,818,3,1,3,255,20180208,20180208.0,20180205,71,3.0,0,Non local,2,899.99,42721.03,0.1,180.0,8544.21
4020,1380,2,4,1,818,3,1,3,229,20180208,20180208.0,20180205,71,3.0,0,Non local,2,429.99,20410.91,0.07,60.2,2857.53
4021,1381,1,4,9,680,1,2,7,274,20180206,20180208.0,20180205,178,3.0,1,Non local,2,229.99,10917.24,0.2,92.0,4366.9
4022,1381,2,4,1,680,3,2,7,214,20180206,20180208.0,20180205,178,3.0,1,Non local,2,899.99,42721.03,0.1,180.0,8544.21
4023,1382,1,4,1,1303,3,2,6,232,20180209,20180208.0,20180206,106,2.0,0,Non local,1,479.99,22784.33,0.2,96.0,4556.87
4024,1382,2,4,1,1303,3,2,6,81,20180209,20180208.0,20180206,106,2.0,0,Non local,2,1099.99,52214.69,0.05,110.0,5221.47
4025,1382,3,4,1,1303,3,2,6,225,20180209,20180208.0,20180206,106,2.0,0,Non local,1,959.99,45569.13,0.1,96.0,4556.91
4026,1382,4,4,9,1303,6,2,6,135,20180209,20180208.0,20180206,106,2.0,0,Non local,1,1499.99,71202.03,0.07,105.0,4984.14
4027,1382,5,4,1,1303,3,2,6,238,20180209,20180208.0,20180206,106,2.0,0,Non local,1,749.99,35600.78,0.2,150.0,7120.16
4028,1383,1,4,9,488,5,1,3,188,20180208,20180208.0,20180207,83,1.0,0,Non local,2,3499.99,166138.7,0.2,1400.0,66455.48
4029,1383,2,4,7,488,3,1,3,65,20180208,20180208.0,20180207,83,1.0,0,Non local,2,346.99,16471.04,0.05,34.7,1647.1
4030,1384,1,4,9,1126,6,2,7,32,20180210,20180209.0,20180208,95,1.0,0,Non local,1,469.99,22309.64,0.07,32.9,1561.67
4031,1384,2,4,9,1126,6,2,7,142,20180210,20180209.0,20180208,95,1.0,0,Non local,2,3199.99,151898.2,0.1,640.0,30379.64
4032,1384,3,4,9,1126,1,2,7,89,20180210,20180209.0,20180208,95,1.0,0,Non local,1,209.99,9967.88,0.1,21.0,996.79
4033,1384,4,4,1,1126,1,2,7,97,20180210,20180209.0,20180208,95,1.0,0,Non local,1,349.99,16613.44,0.05,17.5,830.67
4034,1385,1,4,1,866,2,3,9,24,20180211,20180209.0,20180208,13,1.0,0,Non local,2,549.99,26107.11,0.05,55.0,2610.71
4035,1385,2,4,9,866,7,3,9,145,20180211,20180209.0,20180208,13,1.0,0,Non local,1,1799.99,85442.53,0.07,126.0,5980.98
4036,1385,3,4,9,866,6,3,9,39,20180211,20180209.0,20180208,13,1.0,0,Non local,2,1499.99,71202.03,0.1,300.0,14240.41
4037,1385,4,4,9,866,6,3,9,135,20180211,20180209.0,20180208,13,1.0,0,Non local,1,1499.99,71202.03,0.05,75.0,3560.1
4038,1386,1,4,1,1254,1,1,2,292,20180210,20180211.0,20180209,132,2.0,1,Non local,1,369.99,17562.81,0.2,74.0,3512.56
4039,1386,2,4,9,1254,1,1,2,262,20180210,20180211.0,20180209,132,2.0,1,Non local,1,249.99,11866.61,0.1,25.0,1186.66
4040,1386,3,4,1,1254,2,1,2,306,20180210,20180211.0,20180209,132,2.0,1,Non local,1,899.99,42721.03,0.1,90.0,4272.1
4041,1386,4,4,9,1254,7,1,2,150,20180210,20180211.0,20180209,132,2.0,1,Non local,1,4499.99,213607.03,0.07,315.0,14952.49
4042,1387,1,4,7,11,2,2,7,106,20180211,20180211.0,20180209,11,2.0,0,Non local,1,449.99,21360.28,0.1,45.0,2136.03
4043,1388,1,4,1,323,3,2,7,251,20180212,20180212.0,20180209,150,3.0,0,Non local,1,2999.99,142404.53,0.1,300.0,14240.45
4044,1389,1,4,2,491,1,2,7,85,20180212,20180214.0,20180211,94,3.0,1,Non local,2,329.99,15664.08,0.1,66.0,3132.82
4045,1389,2,4,9,491,7,2,7,171,20180212,20180214.0,20180211,94,3.0,1,Non local,2,3199.99,151898.2,0.05,320.0,15189.82
4046,1389,3,4,1,491,3,2,7,227,20180212,20180214.0,20180211,94,3.0,1,Non local,1,319.99,15189.39,0.07,22.4,1063.26
4047,1390,1,4,2,63,6,2,7,41,20180213,20180213.0,20180212,53,1.0,0,Non local,2,1469.99,69777.98,0.05,147.0,6977.8
4048,1390,2,4,8,63,6,2,7,27,20180213,20180213.0,20180212,53,1.0,0,Non local,2,999.99,47467.86,0.05,100.0,4746.79
4049,1390,3,4,1,63,2,2,7,306,20180213,20180213.0,20180212,53,1.0,0,Non local,1,899.99,42721.03,0.1,90.0,4272.1
4050,1390,4,4,7,63,2,2,7,104,20180213,20180213.0,20180212,53,1.0,0,Non local,1,481.99,22879.26,0.05,24.1,1143.96
4051,1390,5,4,9,63,7,2,7,147,20180213,20180213.0,20180212,53,1.0,0,Non local,2,1799.99,85442.53,0.1,360.0,17088.51
4052,1391,1,4,1,914,3,2,7,223,20180214,20180214.0,20180213,50,1.0,0,Non local,2,529.99,25157.74,0.07,74.2,3522.08
4053,1391,2,4,1,914,1,2,7,295,20180214,20180214.0,20180213,50,1.0,0,Non local,2,319.99,15189.39,0.2,128.0,6075.76
4054,1391,3,4,9,914,1,2,7,277,20180214,20180214.0,20180213,50,1.0,0,Non local,1,369.99,17562.81,0.2,74.0,3512.56
4055,1392,1,4,9,1187,1,2,6,87,20180214,20180214.0,20180213,159,1.0,0,Non local,2,189.99,9018.51,0.2,76.0,3607.4
4056,1392,2,4,1,1187,3,2,6,240,20180214,20180214.0,20180213,159,1.0,0,Non local,2,899.99,42721.03,0.05,90.0,4272.1
4057,1393,1,4,2,547,1,2,7,92,20180215,20180215.0,20180214,90,1.0,0,Non local,1,209.99,9967.88,0.07,14.7,697.75
4058,1393,2,4,1,547,3,2,7,82,20180215,20180215.0,20180214,90,1.0,0,Non local,1,659.99,31328.63,0.07,46.2,2193.0
4059,1393,3,4,9,547,6,2,7,47,20180215,20180215.0,20180214,90,1.0,0,Non local,2,5299.99,251581.7,0.05,530.0,25158.17
4060,1393,4,4,9,547,1,2,7,268,20180215,20180215.0,20180214,90,1.0,0,Non local,2,159.99,7594.46,0.05,16.0,759.45
4061,1394,1,4,9,906,7,3,8,165,20180216,20180216.0,20180214,19,2.0,0,Non local,2,2499.99,118670.36,0.05,250.0,11867.04
4062,1395,1,4,9,1052,5,1,3,204,20180218,20180216.0,20180215,5,1.0,0,Non local,1,3599.99,170885.53,0.2,720.0,34177.11
4063,1395,2,4,9,1052,7,1,3,48,20180218,20180216.0,20180215,5,1.0,0,Non local,2,1499.99,71202.03,0.1,300.0,14240.41
4064,1395,3,4,9,1052,7,1,3,180,20180218,20180216.0,20180215,5,1.0,0,Non local,2,919.99,43670.39,0.2,368.0,17468.16
4065,1395,4,4,1,1052,3,1,3,226,20180218,20180216.0,20180215,5,1.0,0,Non local,1,679.99,32277.99,0.1,68.0,3227.8
4066,1396,1,4,9,856,7,2,7,57,20180218,20180216.0,20180215,143,1.0,0,Non local,1,1999.99,94936.2,0.05,100.0,4746.81
4067,1396,2,4,9,856,7,2,7,181,20180218,20180216.0,20180215,143,1.0,0,Non local,1,2199.99,104429.86,0.2,440.0,20885.97
4068,1397,1,4,8,920,6,2,6,127,20180217,20180216.0,20180215,60,1.0,0,Non local,2,469.99,22309.64,0.1,94.0,4461.93
4069,1397,2,4,9,920,6,2,6,139,20180217,20180216.0,20180215,60,1.0,0,Non local,1,2999.99,142404.53,0.07,210.0,9968.32
4070,1397,3,4,9,920,6,2,6,7,20180217,20180216.0,20180215,60,1.0,0,Non local,1,3999.99,189872.87,0.05,200.0,9493.64
4071,1397,4,4,1,920,3,2,6,249,20180217,20180216.0,20180215,60,1.0,0,Non local,1,749.99,35600.78,0.05,37.5,1780.04
4072,1397,5,4,7,920,3,2,6,78,20180217,20180216.0,20180215,60,1.0,0,Non local,2,647.99,30759.01,0.1,129.6,6151.8
4073,1398,1,4,7,1383,3,1,3,69,20180219,20180219.0,20180216,170,3.0,0,Non local,2,416.99,19793.82,0.05,41.7,1979.38
4074,1398,2,4,8,1383,7,1,3,53,20180219,20180219.0,20180216,170,3.0,0,Non local,1,749.99,35600.78,0.2,150.0,7120.16
4075,1399,1,4,8,146,4,2,6,210,20180218,20180218.0,20180216,74,2.0,0,Non local,2,1549.0,73528.45,0.2,619.6,29411.38
4076,1399,2,4,1,146,3,2,6,224,20180218,20180218.0,20180216,74,2.0,0,Non local,1,479.99,22784.33,0.05,24.0,1139.22
4077,1399,3,4,8,146,6,2,6,127,20180218,20180218.0,20180216,74,2.0,0,Non local,2,469.99,22309.64,0.07,65.8,3123.35
4078,1399,4,4,8,146,6,2,6,28,20180218,20180218.0,20180216,74,2.0,0,Non local,1,2499.99,118670.36,0.05,125.0,5933.52
4079,1400,1,4,1,987,2,2,6,24,20180218,20180218.0,20180217,98,1.0,0,Non local,2,549.99,26107.11,0.2,220.0,10442.84
4080,1400,2,4,1,987,3,2,6,217,20180218,20180218.0,20180217,98,1.0,0,Non local,2,909.99,43195.71,0.2,364.0,17278.28
4081,1400,3,4,9,987,1,2,6,275,20180218,20180218.0,20180217,98,1.0,0,Non local,1,229.99,10917.24,0.1,23.0,1091.72
4082,1400,4,4,9,987,1,2,6,90,20180218,20180218.0,20180217,98,1.0,0,Non local,1,209.99,9967.88,0.07,14.7,697.75
4083,1401,1,4,9,15,6,2,7,112,20180219,20180220.0,20180218,15,2.0,1,Non local,1,379.99,18037.49,0.07,26.6,1262.62
4084,1401,2,4,1,15,3,2,7,230,20180219,20180220.0,20180218,15,2.0,1,Non local,1,429.99,20410.91,0.05,21.5,1020.55
4085,1401,3,4,1,15,3,2,7,254,20180219,20180220.0,20180218,15,2.0,1,Non local,2,749.99,35600.78,0.2,300.0,14240.31
4086,1402,1,4,9,1171,5,2,6,189,20180221,20180221.0,20180219,55,2.0,0,Non local,2,2799.99,132910.86,0.2,1120.0,53164.35
4087,1402,2,4,8,1171,6,2,6,28,20180221,20180221.0,20180219,55,2.0,0,Non local,2,2499.99,118670.36,0.05,250.0,11867.04
4088,1402,3,4,9,1171,5,2,6,203,20180221,20180221.0,20180219,55,2.0,0,Non local,1,4999.99,237341.2,0.05,250.0,11867.06
4089,1402,4,4,9,1171,1,2,6,273,20180221,20180221.0,20180219,55,2.0,0,Non local,1,289.99,13765.34,0.07,20.3,963.57
4090,1403,1,4,2,452,1,2,7,93,20180222,20180222.0,20180221,112,1.0,0,Non local,2,209.99,9967.88,0.1,42.0,1993.58
4091,1404,1,4,9,1240,6,1,3,112,20180226,20180224.0,20180223,68,1.0,0,Non local,2,379.99,18037.49,0.05,38.0,1803.75
4092,1404,2,4,1,1240,3,1,3,220,20180226,20180224.0,20180223,68,1.0,0,Non local,1,269.99,12815.98,0.1,27.0,1281.6
4093,1404,3,4,9,1240,5,1,3,193,20180226,20180224.0,20180223,68,1.0,0,Non local,2,2799.99,132910.86,0.2,1120.0,53164.35
4094,1405,1,4,9,100,7,2,6,162,20180228,20180227.0,20180225,77,2.0,0,Non local,2,2999.99,142404.53,0.1,600.0,28480.91
4095,1406,1,4,1,1053,3,2,7,230,20180227,20180227.0,20180225,24,2.0,0,Non local,2,429.99,20410.91,0.05,43.0,2041.09
4096,1406,2,4,9,1053,6,2,7,113,20180227,20180227.0,20180225,24,2.0,0,Non local,1,489.99,23259.01,0.1,49.0,2325.9
4097,1407,1,3,1,18,2,2,6,300,20180226,,20180226,18,,0,Non local,1,799.99,37974.19,0.05,40.0,1898.71
4098,1407,2,3,8,18,6,2,6,36,20180226,,20180226,18,,0,Non local,2,832.99,39540.65,0.1,166.6,7908.13
4099,1407,3,3,9,18,1,2,6,266,20180226,,20180226,18,,0,Non local,1,399.99,18986.86,0.1,40.0,1898.69
4100,1407,4,3,7,18,6,2,6,35,20180226,,20180226,18,,0,Non local,1,832.99,39540.65,0.2,166.6,7908.13
4101,1408,1,4,1,1172,1,2,6,23,20180227,20180301.0,20180226,86,3.0,1,Non local,2,299.99,14240.03,0.2,120.0,5696.01
4102,1408,2,4,9,1172,7,2,6,166,20180227,20180301.0,20180226,86,3.0,1,Non local,1,749.99,35600.78,0.2,150.0,7120.16
4103,1408,3,4,9,1172,6,2,6,114,20180227,20180301.0,20180226,86,3.0,1,Non local,1,579.99,27531.16,0.07,40.6,1927.18
4104,1408,4,4,3,1172,6,2,6,137,20180227,20180301.0,20180226,86,3.0,1,Non local,2,2599.0,123370.2,0.2,1039.6,49348.08
4105,1409,1,4,1,21,2,3,8,301,20180228,20180228.0,20180226,20,2.0,0,Non local,2,899.99,42721.03,0.07,126.0,5980.94
4106,1409,2,4,9,21,7,3,8,170,20180228,20180228.0,20180226,20,2.0,0,Non local,1,1299.99,61708.36,0.07,91.0,4319.59
4107,1409,3,4,9,21,7,3,8,171,20180228,20180228.0,20180226,20,2.0,0,Non local,2,3199.99,151898.2,0.05,320.0,15189.82
4108,1409,4,4,6,21,1,3,8,265,20180228,20180228.0,20180226,20,2.0,0,Non local,1,289.99,13765.34,0.05,14.5,688.27
4109,1409,5,4,1,21,3,3,8,222,20180228,20180228.0,20180226,20,2.0,0,Non local,1,269.99,12815.98,0.1,27.0,1281.6
4110,1410,1,4,9,1005,5,2,7,205,20180228,20180228.0,20180227,35,1.0,0,Non local,2,4999.99,237341.2,0.1,1000.0,47468.24
4111,1410,2,4,9,1005,5,2,7,203,20180228,20180228.0,20180227,35,1.0,0,Non local,2,4999.99,237341.2,0.2,2000.0,94936.48
4112,1410,3,4,1,1005,2,2,7,304,20180228,20180228.0,20180227,35,1.0,0,Non local,1,679.99,32277.99,0.1,68.0,3227.8
4113,1411,1,4,9,109,5,1,2,9,20180302,20180302.0,20180301,82,1.0,0,Non local,1,2999.99,142404.53,0.1,300.0,14240.45
4114,1411,2,4,1,109,2,1,2,308,20180302,20180302.0,20180301,82,1.0,0,Non local,2,749.99,35600.78,0.2,300.0,14240.31
4115,1412,1,4,9,1043,7,2,7,180,20180302,20180304.0,20180301,184,3.0,1,Non local,2,919.99,43670.39,0.07,128.8,6113.86
4116,1412,2,4,9,1043,6,2,7,43,20180302,20180304.0,20180301,184,3.0,1,Non local,1,5299.99,251581.7,0.1,530.0,25158.17
4117,1412,3,4,7,1043,2,2,7,109,20180302,20180304.0,20180301,184,3.0,1,Non local,2,416.99,19793.82,0.07,58.38,2771.13
4118,1413,1,4,1,56,1,3,8,297,20180303,20180304.0,20180301,40,3.0,1,Non local,2,279.99,13290.66,0.05,28.0,1329.07
4119,1414,1,4,9,293,7,2,7,162,20180305,20180306.0,20180303,101,3.0,1,Non local,2,2999.99,142404.53,0.1,600.0,28480.91
4120,1414,2,4,1,293,1,2,7,292,20180305,20180306.0,20180303,101,3.0,1,Non local,2,369.99,17562.81,0.05,37.0,1756.28
4121,1415,1,4,8,839,6,2,7,31,20180304,20180305.0,20180303,177,2.0,1,Non local,2,1632.99,77515.32,0.07,228.62,10852.14
4122,1415,2,4,4,839,3,2,7,17,20180304,20180305.0,20180303,177,2.0,1,Non local,1,429.0,20363.92,0.05,21.45,1018.2
4123,1415,3,4,6,839,1,2,7,264,20180304,20180305.0,20180303,177,2.0,1,Non local,2,249.99,11866.61,0.1,50.0,2373.32
4124,1415,4,4,1,839,3,2,7,245,20180304,20180305.0,20180303,177,2.0,1,Non local,1,659.99,31328.63,0.05,33.0,1566.43
4125,1416,1,4,9,566,5,3,8,194,20180304,20180306.0,20180303,173,3.0,1,Non local,1,3499.99,166138.7,0.2,700.0,33227.74
4126,1416,2,4,1,566,3,3,8,242,20180304,20180306.0,20180303,173,3.0,1,Non local,2,699.99,33227.36,0.1,140.0,6645.47
4127,1416,3,4,2,566,1,3,8,92,20180304,20180306.0,20180303,173,3.0,1,Non local,2,209.99,9967.88,0.05,21.0,996.79
4128,1417,1,4,1,300,3,1,2,219,20180306,20180307.0,20180304,147,3.0,1,Non local,2,639.99,30379.26,0.2,256.0,12151.7
4129,1418,1,4,9,364,6,2,6,120,20180305,20180307.0,20180304,156,3.0,1,Non local,2,2499.99,118670.36,0.2,1000.0,47468.15
4130,1418,2,4,1,364,3,2,6,243,20180305,20180307.0,20180304,156,3.0,1,Non local,2,679.99,32277.99,0.05,68.0,3227.8
4131,1419,1,4,8,474,6,2,6,124,20180307,20180307.0,20180304,110,3.0,0,Non local,1,1499.0,71155.03,0.07,104.93,4980.85
4132,1419,2,4,1,474,3,2,6,235,20180307,20180307.0,20180304,110,3.0,0,Non local,2,899.99,42721.03,0.2,360.0,17088.41
4133,1419,3,4,1,474,3,2,6,234,20180307,20180307.0,20180304,110,3.0,0,Non local,1,899.99,42721.03,0.1,90.0,4272.1
4134,1420,1,4,9,838,5,2,7,197,20180305,20180307.0,20180304,88,3.0,1,Non local,1,2299.99,109176.7,0.2,460.0,21835.34
4135,1420,2,4,9,838,5,2,7,194,20180305,20180307.0,20180304,88,3.0,1,Non local,2,3499.99,166138.7,0.1,700.0,33227.74
4136,1420,3,4,8,838,6,2,7,128,20180305,20180307.0,20180304,88,3.0,1,Non local,1,1899.0,90142.37,0.1,189.9,9014.24
4137,1421,1,4,1,1176,1,2,7,298,20180307,20180307.0,20180305,38,2.0,0,Non local,2,279.99,13290.66,0.05,28.0,1329.07
4138,1422,1,4,7,599,3,3,8,80,20180306,20180308.0,20180305,115,3.0,1,Non local,2,761.99,36170.4,0.07,106.68,5063.86
4139,1422,2,4,9,599,7,3,8,180,20180306,20180308.0,20180305,115,3.0,1,Non local,2,919.99,43670.39,0.2,368.0,17468.16
4140,1422,3,4,1,599,3,3,8,243,20180306,20180308.0,20180305,115,3.0,1,Non local,1,679.99,32277.99,0.05,34.0,1613.9
4141,1423,1,4,1,1231,3,1,2,249,20180307,20180307.0,20180306,2,1.0,0,Non local,1,749.99,35600.78,0.2,150.0,7120.16
4142,1423,2,4,7,1231,3,1,2,71,20180307,20180307.0,20180306,2,1.0,0,Non local,1,416.99,19793.82,0.1,41.7,1979.38
4143,1423,3,4,1,1231,2,1,2,302,20180307,20180307.0,20180306,2,1.0,0,Non local,1,449.99,21360.28,0.2,90.0,4272.06
4144,1423,4,4,9,1231,6,1,2,113,20180307,20180307.0,20180306,2,1.0,0,Non local,2,489.99,23259.01,0.2,196.0,9303.6
4145,1424,1,4,9,1445,6,1,2,140,20180310,20180310.0,20180307,43,3.0,0,Non local,2,4999.99,237341.2,0.2,2000.0,94936.48
4146,1425,1,4,1,126,3,2,6,227,20180309,20180309.0,20180307,90,2.0,0,Non local,2,319.99,15189.39,0.05,32.0,1518.94
4147,1425,2,4,6,126,1,2,6,263,20180309,20180309.0,20180307,90,2.0,0,Non local,1,89.99,4271.68,0.07,6.3,299.02
4148,1425,3,4,2,126,1,2,6,93,20180309,20180309.0,20180307,90,2.0,0,Non local,1,209.99,9967.88,0.07,14.7,697.75
4149,1425,4,4,9,126,7,2,6,54,20180309,20180309.0,20180307,90,2.0,0,Non local,2,3199.99,151898.2,0.05,320.0,15189.82
4150,1425,5,4,9,126,7,2,6,145,20180309,20180309.0,20180307,90,2.0,0,Non local,2,1799.99,85442.53,0.07,252.0,11961.95
4151,1426,1,4,1,938,3,2,6,215,20180308,20180310.0,20180307,169,3.0,1,Non local,1,749.99,35600.78,0.07,52.5,2492.05
4152,1426,2,4,1,938,3,2,6,20,20180308,20180310.0,20180307,169,3.0,1,Non local,2,599.99,28480.53,0.05,60.0,2848.05
4153,1426,3,4,1,938,1,2,6,281,20180308,20180310.0,20180307,169,3.0,1,Non local,1,319.99,15189.39,0.07,22.4,1063.26
4154,1427,1,4,1,999,3,2,6,230,20180308,20180308.0,20180307,117,1.0,0,Non local,2,429.99,20410.91,0.07,60.2,2857.53
4155,1427,2,4,9,999,6,2,6,139,20180308,20180308.0,20180307,117,1.0,0,Non local,1,2999.99,142404.53,0.05,150.0,7120.23
4156,1427,3,4,8,999,7,2,6,164,20180308,20180308.0,20180307,117,1.0,0,Non local,2,1549.0,73528.45,0.07,216.86,10293.98
4157,1428,1,4,1,195,3,2,7,216,20180310,20180311.0,20180308,70,3.0,1,Non local,2,899.99,42721.03,0.2,360.0,17088.41
4158,1428,2,4,8,195,6,2,7,126,20180310,20180311.0,20180308,70,3.0,1,Non local,1,469.99,22309.64,0.07,32.9,1561.67
4159,1428,3,4,9,195,5,2,7,187,20180310,20180311.0,20180308,70,3.0,1,Non local,2,2799.99,132910.86,0.07,392.0,18607.52
4160,1428,4,4,8,195,6,2,7,28,20180310,20180311.0,20180308,70,3.0,1,Non local,1,2499.99,118670.36,0.1,250.0,11867.04
4161,1428,5,4,9,195,5,2,7,194,20180310,20180311.0,20180308,70,3.0,1,Non local,2,3499.99,166138.7,0.2,1400.0,66455.48
4162,1429,1,4,1,1116,3,2,6,70,20180309,20180309.0,20180308,35,1.0,0,Non local,2,659.99,31328.63,0.2,264.0,12531.45
4163,1430,1,4,1,1239,3,2,7,221,20180313,20180311.0,20180310,65,1.0,0,Non local,1,319.99,15189.39,0.05,16.0,759.47
4164,1430,2,4,1,1239,1,2,7,281,20180313,20180311.0,20180310,65,1.0,0,Non local,1,319.99,15189.39,0.07,22.4,1063.26
4165,1431,1,4,9,308,4,2,6,207,20180312,20180314.0,20180311,110,3.0,1,Non local,1,3999.99,189872.87,0.1,400.0,18987.29
4166,1431,2,4,8,308,7,2,6,53,20180312,20180314.0,20180311,110,3.0,1,Non local,1,749.99,35600.78,0.07,52.5,2492.05
4167,1431,3,4,1,308,3,2,6,252,20180312,20180314.0,20180311,110,3.0,1,Non local,1,2999.99,142404.53,0.2,600.0,28480.91
4168,1431,4,4,1,308,3,2,6,254,20180312,20180314.0,20180311,110,3.0,1,Non local,1,749.99,35600.78,0.07,52.5,2492.05
4169,1432,1,4,8,483,7,2,6,161,20180312,20180314.0,20180311,65,3.0,1,Non local,1,1899.0,90142.37,0.2,379.8,18028.47
4170,1433,1,4,6,1142,1,2,7,264,20180313,20180312.0,20180311,86,1.0,0,Non local,1,249.99,11866.61,0.07,17.5,830.66
4171,1434,1,4,1,595,3,2,6,229,20180316,20180316.0,20180314,156,2.0,0,Non local,2,429.99,20410.91,0.2,172.0,8164.36
4172,1434,2,4,1,595,5,2,6,198,20180316,20180316.0,20180314,156,2.0,0,Non local,1,2999.99,142404.53,0.1,300.0,14240.45
4173,1434,3,4,1,595,1,2,6,286,20180316,20180316.0,20180314,156,2.0,0,Non local,2,279.99,13290.66,0.1,56.0,2658.13
4174,1434,4,4,9,595,5,2,6,61,20180316,20180316.0,20180314,156,2.0,0,Non local,2,4999.99,237341.2,0.07,700.0,33227.77
4175,1435,1,4,9,744,6,2,6,141,20180315,20180316.0,20180314,152,2.0,1,Non local,2,1599.99,75948.86,0.07,224.0,10632.84
4176,1435,2,4,9,744,6,2,6,29,20180315,20180316.0,20180314,152,2.0,1,Non local,1,999.99,47467.86,0.2,200.0,9493.57
4177,1435,3,4,7,744,5,2,6,60,20180315,20180316.0,20180314,152,2.0,1,Non local,1,1559.99,74050.13,0.1,156.0,7405.01
4178,1435,4,4,1,744,3,2,6,260,20180315,20180316.0,20180314,152,2.0,1,Non local,1,799.99,37974.19,0.07,56.0,2658.19
4179,1436,1,4,1,1044,3,2,6,244,20180317,20180316.0,20180314,157,2.0,0,Non local,2,559.99,26581.79,0.07,78.4,3721.45
4180,1437,1,4,9,518,6,1,2,141,20180316,20180316.0,20180315,31,1.0,0,Non local,2,1599.99,75948.86,0.05,160.0,7594.89
4181,1438,1,4,1,263,3,2,6,225,20180317,20180316.0,20180315,124,1.0,0,Non local,1,959.99,45569.13,0.2,192.0,9113.83
4182,1438,2,4,9,263,6,2,6,140,20180317,20180316.0,20180315,124,1.0,0,Non local,1,4999.99,237341.2,0.2,1000.0,47468.24
4183,1438,3,4,1,263,3,2,6,81,20180317,20180316.0,20180315,124,1.0,0,Non local,2,1099.99,52214.69,0.05,110.0,5221.47
4184,1438,4,4,3,263,6,2,6,137,20180317,20180316.0,20180315,124,1.0,0,Non local,1,2599.0,123370.2,0.1,259.9,12337.02
4185,1438,5,4,9,263,5,2,6,190,20180317,20180316.0,20180315,124,1.0,0,Non local,2,2799.99,132910.86,0.07,392.0,18607.52
4186,1439,1,4,9,463,6,2,7,42,20180316,20180317.0,20180315,101,2.0,1,Non local,1,2299.99,109176.7,0.07,161.0,7642.37
4187,1439,2,4,6,463,1,2,7,263,20180316,20180317.0,20180315,101,2.0,1,Non local,1,89.99,4271.68,0.2,18.0,854.34
4188,1439,3,4,1,463,2,2,7,102,20180316,20180317.0,20180315,101,2.0,1,Non local,2,489.99,23259.01,0.05,49.0,2325.9
4189,1439,4,4,9,463,7,2,7,149,20180316,20180317.0,20180315,101,2.0,1,Non local,1,7499.99,356012.04,0.05,375.0,17800.6
4190,1440,1,4,9,859,6,3,8,116,20180318,20180316.0,20180315,19,1.0,0,Non local,2,749.99,35600.78,0.07,105.0,4984.11
4191,1440,2,4,7,859,2,3,8,109,20180318,20180316.0,20180315,19,1.0,0,Non local,1,416.99,19793.82,0.07,29.19,1385.57
4192,1440,3,4,9,859,5,3,8,186,20180318,20180316.0,20180315,19,1.0,0,Non local,1,4499.99,213607.03,0.1,450.0,21360.7
4193,1440,4,4,9,859,7,3,8,178,20180318,20180316.0,20180315,19,1.0,0,Non local,2,749.99,35600.78,0.05,75.0,3560.08
4194,1440,5,4,7,859,3,3,8,67,20180318,20180316.0,20180315,19,1.0,0,Non local,2,250.99,11914.08,0.2,100.4,4765.63
4195,1441,1,4,8,982,6,3,8,6,20180316,20180318.0,20180315,52,3.0,1,Non local,1,469.99,22309.64,0.05,23.5,1115.48
4196,1441,2,4,1,982,3,3,8,242,20180316,20180318.0,20180315,52,3.0,1,Non local,2,699.99,33227.36,0.2,280.0,13290.94
4197,1441,3,4,2,982,6,3,8,46,20180316,20180318.0,20180315,52,3.0,1,Non local,1,1409.99,66929.88,0.07,98.7,4685.09
4198,1442,1,4,9,478,7,2,7,160,20180317,20180317.0,20180316,172,1.0,0,Non local,1,4499.99,213607.03,0.1,450.0,21360.7
4199,1442,2,4,1,478,3,2,7,220,20180317,20180317.0,20180316,172,1.0,0,Non local,1,269.99,12815.98,0.07,18.9,897.12
4200,1442,3,4,9,478,1,2,7,271,20180317,20180317.0,20180316,172,1.0,0,Non local,2,209.99,9967.88,0.05,21.0,996.79
4201,1443,1,4,9,972,7,2,7,160,20180317,20180317.0,20180316,25,1.0,0,Non local,1,4499.99,213607.03,0.07,315.0,14952.49
4202,1443,2,4,9,972,7,2,7,57,20180317,20180317.0,20180316,25,1.0,0,Non local,1,1999.99,94936.2,0.2,400.0,18987.24
4203,1443,3,4,1,972,1,2,7,101,20180317,20180317.0,20180316,25,1.0,0,Non local,2,339.99,16138.76,0.1,68.0,3227.75
4204,1444,1,4,9,1154,1,2,6,90,20180317,20180319.0,20180316,181,3.0,1,Non local,1,209.99,9967.88,0.1,21.0,996.79
4205,1444,2,4,8,1154,6,2,6,128,20180317,20180319.0,20180316,181,3.0,1,Non local,2,1899.0,90142.37,0.2,759.6,36056.95
4206,1445,1,4,1,515,3,2,7,219,20180318,20180320.0,20180317,17,3.0,1,Non local,2,639.99,30379.26,0.1,128.0,6075.85
4207,1445,2,4,8,515,7,2,7,52,20180318,20180320.0,20180317,17,3.0,1,Non local,1,875.99,41581.79,0.07,61.32,2910.73
4208,1445,3,4,9,515,6,2,7,123,20180318,20180320.0,20180317,17,3.0,1,Non local,2,999.99,47467.86,0.1,200.0,9493.57
4209,1446,1,4,1,820,3,2,6,227,20180318,20180318.0,20180317,150,1.0,0,Non local,1,319.99,15189.39,0.05,16.0,759.47
4210,1446,2,4,1,820,3,2,6,233,20180318,20180318.0,20180317,150,1.0,0,Non local,2,639.99,30379.26,0.05,64.0,3037.93
4211,1446,3,4,1,820,3,2,6,234,20180318,20180318.0,20180317,150,1.0,0,Non local,2,899.99,42721.03,0.05,90.0,4272.1
4212,1447,1,4,9,1419,7,1,3,148,20180320,20180320.0,20180318,137,2.0,0,Non local,1,5499.99,261075.37,0.2,1100.0,52215.07
4213,1448,1,4,1,228,3,2,6,239,20180319,20180321.0,20180318,128,3.0,1,Non local,1,749.99,35600.78,0.1,75.0,3560.08
4214,1449,1,4,9,330,7,2,7,159,20180319,20180320.0,20180318,106,2.0,1,Non local,1,2299.99,109176.7,0.07,161.0,7642.37
4215,1449,2,4,9,330,7,2,7,55,20180319,20180320.0,20180318,106,2.0,1,Non local,1,2699.99,128164.03,0.2,540.0,25632.81
4216,1449,3,4,1,330,3,2,7,260,20180319,20180320.0,20180318,106,2.0,1,Non local,2,799.99,37974.19,0.07,112.0,5316.39
4217,1449,4,4,1,330,3,2,7,252,20180319,20180320.0,20180318,106,2.0,1,Non local,2,2999.99,142404.53,0.05,300.0,14240.45
4218,1449,5,4,1,330,3,2,7,14,20180319,20180320.0,20180318,106,2.0,1,Non local,2,269.99,12815.98,0.1,54.0,2563.2
4219,1450,1,4,1,296,1,2,7,98,20180320,20180322.0,20180319,4,3.0,1,Non local,1,489.99,23259.01,0.07,34.3,1628.13
4220,1450,2,4,9,296,7,2,7,173,20180320,20180322.0,20180319,4,3.0,1,Non local,2,3199.99,151898.2,0.1,640.0,30379.64
4221,1450,3,4,1,296,2,2,7,299,20180320,20180322.0,20180319,4,3.0,1,Non local,1,559.99,26581.79,0.2,112.0,5316.36
4222,1450,4,4,9,296,4,2,7,209,20180320,20180322.0,20180319,4,3.0,1,Non local,2,2999.99,142404.53,0.1,600.0,28480.91
4223,1450,5,4,1,296,3,2,7,235,20180320,20180322.0,20180319,4,3.0,1,Non local,2,899.99,42721.03,0.05,90.0,4272.1
4224,1451,1,4,9,822,6,2,6,117,20180322,20180320.0,20180319,88,1.0,0,Non local,1,1469.99,69777.98,0.05,73.5,3488.9
4225,1452,1,4,1,287,1,1,3,99,20180323,20180323.0,20180320,108,3.0,0,Non local,2,299.99,14240.03,0.1,60.0,2848.01
4226,1452,2,4,1,287,3,1,3,234,20180323,20180323.0,20180320,108,3.0,0,Non local,1,899.99,42721.03,0.2,180.0,8544.21
4227,1452,3,4,9,287,1,1,3,86,20180323,20180323.0,20180320,108,3.0,0,Non local,2,149.99,7119.78,0.05,15.0,711.98
4228,1452,4,4,7,287,2,1,3,109,20180323,20180323.0,20180320,108,3.0,0,Non local,2,416.99,19793.82,0.07,58.38,2771.13
4229,1453,1,4,9,601,1,1,3,89,20180323,20180322.0,20180320,37,2.0,0,Non local,2,209.99,9967.88,0.1,42.0,1993.58
4230,1454,1,4,1,395,1,2,6,283,20180321,20180322.0,20180320,33,2.0,1,Non local,1,319.99,15189.39,0.07,22.4,1063.26
4231,1454,2,4,7,395,6,2,6,35,20180321,20180322.0,20180320,33,2.0,1,Non local,2,832.99,39540.65,0.1,166.6,7908.13
4232,1454,3,4,8,395,6,2,6,124,20180321,20180322.0,20180320,33,2.0,1,Non local,1,1499.0,71155.03,0.2,299.8,14231.01
4233,1454,4,4,2,395,6,2,6,38,20180321,20180322.0,20180320,33,2.0,1,Non local,2,549.99,26107.11,0.05,55.0,2610.71
4234,1455,1,4,1,405,1,2,6,101,20180322,20180321.0,20180320,77,1.0,0,Non local,2,339.99,16138.76,0.05,34.0,1613.88
4235,1455,2,4,1,405,3,2,6,254,20180322,20180321.0,20180320,77,1.0,0,Non local,1,749.99,35600.78,0.2,150.0,7120.16
4236,1456,1,4,9,754,5,2,7,193,20180321,20180323.0,20180320,155,3.0,1,Non local,2,2799.99,132910.86,0.05,280.0,13291.09
4237,1456,2,4,1,754,3,2,7,246,20180321,20180323.0,20180320,155,3.0,1,Non local,1,639.99,30379.26,0.07,44.8,2126.55
4238,1456,3,4,9,754,1,2,7,268,20180321,20180323.0,20180320,155,3.0,1,Non local,2,159.99,7594.46,0.1,32.0,1518.89
4239,1456,4,4,9,754,1,2,7,272,20180321,20180323.0,20180320,155,3.0,1,Non local,1,289.99,13765.34,0.1,29.0,1376.53
4240,1456,5,4,8,754,6,2,7,126,20180321,20180323.0,20180320,155,3.0,1,Non local,1,469.99,22309.64,0.1,47.0,2230.96
4241,1457,1,4,9,1411,6,2,6,113,20180323,20180323.0,20180320,172,3.0,0,Non local,1,489.99,23259.01,0.07,34.3,1628.13
4242,1457,2,4,7,1411,2,2,6,111,20180323,20180323.0,20180320,172,3.0,0,Non local,1,470.99,22357.11,0.2,94.2,4471.42
4243,1457,3,4,9,1411,1,2,6,268,20180323,20180323.0,20180320,172,3.0,0,Non local,1,159.99,7594.46,0.2,32.0,1518.89
4244,1457,4,4,9,1411,7,2,6,152,20180323,20180323.0,20180320,172,3.0,0,Non local,2,2499.99,118670.36,0.2,1000.0,47468.15
4245,1458,1,4,1,1029,1,3,8,295,20180322,20180321.0,20180320,57,1.0,0,local,2,319.99,15189.39,0.05,32.0,1518.94
4246,1458,2,4,7,1029,2,3,8,105,20180322,20180321.0,20180320,57,1.0,0,local,1,533.99,25347.62,0.05,26.7,1267.38
4247,1458,3,4,1,1029,3,3,8,12,20180322,20180321.0,20180320,57,1.0,0,local,1,549.99,26107.11,0.05,27.5,1305.36
4248,1458,4,4,7,1029,3,3,8,78,20180322,20180321.0,20180320,57,1.0,0,local,2,647.99,30759.01,0.1,129.6,6151.8
4249,1459,1,4,1,9,3,2,7,258,20180322,20180322.0,20180321,9,1.0,0,Non local,1,1259.9,59805.36,0.1,125.99,5980.54
4250,1460,1,4,9,1131,5,2,7,201,20180323,20180323.0,20180321,152,2.0,0,Non local,1,4499.99,213607.03,0.05,225.0,10680.35
4251,1460,2,4,1,1131,3,2,7,76,20180323,20180323.0,20180321,152,2.0,0,Non local,1,299.99,14240.03,0.07,21.0,996.8
4252,1460,3,4,8,1131,7,2,7,167,20180323,20180323.0,20180321,152,2.0,0,Non local,1,749.99,35600.78,0.05,37.5,1780.04
4253,1460,4,4,9,1131,6,2,7,7,20180323,20180323.0,20180321,152,2.0,0,Non local,2,3999.99,189872.87,0.07,560.0,26582.2
4254,1460,5,4,9,1131,6,2,7,123,20180323,20180323.0,20180321,152,2.0,0,Non local,2,999.99,47467.86,0.07,140.0,6645.5
4255,1461,1,4,9,139,7,2,6,48,20180325,20180323.0,20180322,95,1.0,0,Non local,1,1499.99,71202.03,0.2,300.0,14240.41
4256,1461,2,4,1,139,3,2,6,242,20180325,20180323.0,20180322,95,1.0,0,Non local,2,699.99,33227.36,0.2,280.0,13290.94
4257,1462,1,4,6,1101,1,2,6,263,20180324,20180324.0,20180322,161,2.0,0,Non local,1,89.99,4271.68,0.2,18.0,854.34
4258,1462,2,4,1,1101,2,2,6,25,20180324,20180324.0,20180322,161,2.0,0,Non local,1,499.99,23733.69,0.07,35.0,1661.36
4259,1462,3,4,1,1101,3,2,6,223,20180324,20180324.0,20180322,161,2.0,0,Non local,1,529.99,25157.74,0.1,53.0,2515.77
4260,1462,4,4,1,1101,1,2,6,294,20180324,20180324.0,20180322,161,2.0,0,Non local,1,369.99,17562.81,0.1,37.0,1756.28
4261,1462,5,4,1,1101,3,2,6,251,20180324,20180324.0,20180322,161,2.0,0,Non local,1,2999.99,142404.53,0.05,150.0,7120.23
4262,1463,1,4,9,692,7,2,7,51,20180324,20180324.0,20180323,35,1.0,0,Non local,2,6499.99,308543.7,0.05,650.0,30854.37
4263,1463,2,4,8,692,7,2,7,168,20180324,20180324.0,20180323,35,1.0,0,Non local,1,1549.0,73528.45,0.05,77.45,3676.42
4264,1464,1,4,7,1279,2,2,7,109,20180325,20180325.0,20180324,18,1.0,0,Non local,2,416.99,19793.82,0.05,41.7,1979.38
4265,1464,2,4,8,1279,6,2,7,124,20180325,20180325.0,20180324,18,1.0,0,Non local,1,1499.0,71155.03,0.2,299.8,14231.01
4266,1464,3,4,9,1279,7,2,7,165,20180325,20180325.0,20180324,18,1.0,0,Non local,2,2499.99,118670.36,0.2,1000.0,47468.15
4267,1464,4,4,9,1279,7,2,7,151,20180325,20180325.0,20180324,18,1.0,0,Non local,2,1549.99,73575.44,0.05,155.0,7357.54
4268,1465,1,4,1,623,3,2,7,70,20180328,20180328.0,20180325,93,3.0,0,Non local,2,659.99,31328.63,0.05,66.0,3132.86
4269,1466,1,4,1,738,2,1,3,310,20180329,20180328.0,20180326,108,2.0,0,Non local,2,899.99,42721.03,0.07,126.0,5980.94
4270,1466,2,4,1,738,3,1,3,251,20180329,20180328.0,20180326,108,2.0,0,Non local,1,2999.99,142404.53,0.05,150.0,7120.23
4271,1466,3,4,8,738,7,1,3,163,20180329,20180328.0,20180326,108,2.0,0,Non local,2,1349.0,64034.78,0.2,539.6,25613.91
4272,1466,4,4,9,738,6,1,3,39,20180329,20180328.0,20180326,108,2.0,0,Non local,2,1499.99,71202.03,0.05,150.0,7120.2
4273,1467,1,4,4,152,3,2,7,18,20180327,20180329.0,20180326,101,3.0,1,Non local,1,449.0,21313.28,0.07,31.43,1491.93
4274,1467,2,4,9,152,6,2,7,115,20180327,20180329.0,20180326,101,3.0,1,Non local,1,3199.99,151898.2,0.2,640.0,30379.64
4275,1467,3,4,9,152,1,2,7,278,20180327,20180329.0,20180326,101,3.0,1,Non local,2,369.99,17562.81,0.1,74.0,3512.56
4276,1468,1,4,9,3,1,1,2,269,20180330,20180329.0,20180327,3,2.0,0,Non local,1,199.99,9493.19,0.05,10.0,474.66
4277,1468,2,4,9,3,7,1,2,58,20180330,20180329.0,20180327,3,2.0,0,Non local,1,4999.99,237341.2,0.07,350.0,16613.88
4278,1468,3,4,9,3,7,1,2,50,20180330,20180329.0,20180327,3,2.0,0,Non local,2,5999.99,284809.54,0.07,840.0,39873.33
4279,1469,1,4,1,1135,3,3,8,77,20180328,20180330.0,20180327,56,3.0,1,Non local,2,799.99,37974.19,0.2,320.0,15189.68
4280,1469,2,4,1,1135,3,3,8,237,20180328,20180330.0,20180327,56,3.0,1,Non local,2,849.99,40347.61,0.05,85.0,4034.76
4281,1469,3,4,9,1135,7,3,8,182,20180328,20180330.0,20180327,56,3.0,1,Non local,1,2499.99,118670.36,0.07,175.0,8306.93
4282,1469,4,4,1,1135,1,3,8,100,20180328,20180330.0,20180327,56,3.0,1,Non local,2,489.99,23259.01,0.05,49.0,2325.9
4283,1470,1,4,7,505,2,2,7,110,20180331,20180331.0,20180328,118,3.0,0,Non local,2,470.99,22357.11,0.1,94.2,4471.42
4284,1470,2,4,1,505,1,2,7,287,20180331,20180331.0,20180328,118,3.0,0,Non local,1,279.99,13290.66,0.05,14.0,664.53
4285,1470,3,4,1,505,3,2,7,252,20180331,20180331.0,20180328,118,3.0,0,Non local,2,2999.99,142404.53,0.05,300.0,14240.45
4286,1471,1,4,9,1310,7,2,7,59,20180330,20180329.0,20180328,150,1.0,0,Non local,2,2599.99,123417.2,0.2,1040.0,49366.88
4287,1471,2,4,9,1310,6,2,7,136,20180330,20180329.0,20180328,150,1.0,0,Non local,1,1799.99,85442.53,0.07,126.0,5980.98
4288,1472,1,4,7,114,1,2,6,84,20180330,20180331.0,20180329,53,2.0,1,Non local,1,109.99,5221.04,0.2,22.0,1044.21
4289,1472,2,4,1,114,2,2,6,300,20180330,20180331.0,20180329,53,2.0,1,Non local,1,799.99,37974.19,0.2,160.0,7594.84
4290,1473,1,4,7,302,1,1,2,84,20180401,20180402.0,20180330,111,3.0,1,Non local,2,109.99,5221.04,0.2,44.0,2088.42
4291,1473,2,4,1,302,2,1,2,102,20180401,20180402.0,20180330,111,3.0,1,Non local,1,489.99,23259.01,0.07,34.3,1628.13
4292,1474,1,4,1,816,2,1,3,301,20180401,20180402.0,20180330,168,3.0,1,Non local,1,899.99,42721.03,0.2,180.0,8544.21
4293,1474,2,4,9,816,6,1,3,123,20180401,20180402.0,20180330,168,3.0,1,Non local,1,999.99,47467.86,0.05,50.0,2373.39
4294,1475,1,4,1,112,2,2,6,306,20180401,20180331.0,20180330,84,1.0,0,Non local,2,899.99,42721.03,0.05,90.0,4272.1
4295,1475,2,4,1,112,3,2,6,261,20180401,20180331.0,20180330,84,1.0,0,Non local,2,899.99,42721.03,0.07,126.0,5980.94
4296,1475,3,4,8,112,7,2,6,161,20180401,20180331.0,20180330,84,1.0,0,Non local,2,1899.0,90142.37,0.05,189.9,9014.24
4297,1475,4,4,1,112,3,2,6,248,20180401,20180331.0,20180330,84,1.0,0,Non local,2,599.99,28480.53,0.2,240.0,11392.21
4298,1476,1,4,9,35,6,2,7,142,20180401,20180401.0,20180331,32,1.0,0,Non local,2,3199.99,151898.2,0.07,448.0,21265.75
4299,1476,2,4,9,35,1,2,7,91,20180401,20180401.0,20180331,32,1.0,0,Non local,2,349.99,16613.44,0.07,49.0,2325.88
4300,1476,3,4,9,35,6,2,7,43,20180401,20180401.0,20180331,32,1.0,0,Non local,1,5299.99,251581.7,0.07,371.0,17610.72
4301,1476,4,4,1,35,5,2,7,191,20180401,20180401.0,20180331,32,1.0,0,Non local,1,2799.99,132910.86,0.1,280.0,13291.09
4302,1476,5,4,6,35,1,2,7,265,20180401,20180401.0,20180331,32,1.0,0,Non local,2,289.99,13765.34,0.1,58.0,2753.07
4303,1477,1,4,8,180,4,2,6,210,20180403,20180401.0,20180331,72,1.0,0,Non local,2,1549.0,73528.45,0.2,619.6,29411.38
4304,1478,1,4,1,392,1,2,6,100,20180402,20180402.0,20180331,80,2.0,0,Non local,2,489.99,23259.01,0.1,98.0,4651.8
4305,1478,2,4,9,392,6,2,6,123,20180402,20180402.0,20180331,80,2.0,0,Non local,1,999.99,47467.86,0.2,200.0,9493.57
4306,1479,1,2,1,23,3,2,7,252,20180401,,20180401,22,,0,Non local,1,2999.99,142404.53,0.05,150.0,7120.23
4307,1479,2,2,1,23,3,2,7,256,20180401,,20180401,22,,0,Non local,1,899.99,42721.03,0.1,90.0,4272.1
4308,1480,1,2,1,27,2,2,7,308,20180401,,20180401,26,,0,Non local,2,749.99,35600.78,0.1,150.0,7120.16
4309,1480,2,2,1,27,3,2,7,82,20180401,,20180401,26,,0,Non local,2,659.99,31328.63,0.1,132.0,6265.73
4310,1480,3,2,2,27,1,2,7,92,20180401,,20180401,26,,0,Non local,2,209.99,9967.88,0.07,29.4,1395.5
4311,1480,4,2,1,27,3,2,7,225,20180401,,20180401,26,,0,Non local,2,959.99,45569.13,0.07,134.4,6379.68
4312,1481,1,1,8,62,7,2,6,53,20180401,,20180401,45,,0,Non local,2,749.99,35600.78,0.07,105.0,4984.11
4313,1481,2,1,9,62,6,2,6,130,20180401,,20180401,45,,0,Non local,1,919.99,43670.39,0.1,92.0,4367.04
4314,1482,1,1,9,94,7,2,7,48,20180401,,20180401,32,,0,Non local,1,1499.99,71202.03,0.1,150.0,7120.2
4315,1482,2,1,9,94,6,2,7,113,20180401,,20180401,32,,0,Non local,1,489.99,23259.01,0.05,24.5,1162.95
4316,1482,3,1,9,94,7,2,7,58,20180401,,20180401,32,,0,Non local,2,4999.99,237341.2,0.07,700.0,33227.77
4317,1482,4,1,9,94,6,2,7,40,20180401,,20180401,32,,0,Non local,1,4999.99,237341.2,0.05,250.0,11867.06
4318,1482,5,1,9,94,5,2,7,205,20180401,,20180401,32,,0,Non local,2,4999.99,237341.2,0.05,500.0,23734.12
4319,1483,1,1,9,15,1,2,7,280,20180402,,20180402,15,,0,Non local,1,489.99,23259.01,0.05,24.5,1162.95
4320,1483,2,1,1,15,3,2,7,226,20180402,,20180402,15,,0,Non local,2,679.99,32277.99,0.07,95.2,4518.92
4321,1484,1,2,1,35,1,2,6,295,20180402,,20180402,32,,0,Non local,2,319.99,15189.39,0.07,44.8,2126.51
4322,1484,2,2,9,35,7,2,6,49,20180402,,20180402,32,,0,Non local,2,3499.99,166138.7,0.2,1400.0,66455.48
4323,1484,3,2,1,35,2,2,6,304,20180402,,20180402,32,,0,Non local,2,679.99,32277.99,0.05,68.0,3227.8
4324,1485,1,2,8,51,6,2,7,122,20180402,,20180402,44,,0,Non local,2,2499.99,118670.36,0.2,1000.0,47468.15
4325,1485,2,2,9,51,1,2,7,276,20180402,,20180402,44,,0,Non local,1,319.99,15189.39,0.2,64.0,3037.88
4326,1486,1,2,7,84,5,2,7,60,20180402,,20180402,65,,0,Non local,2,1559.99,74050.13,0.05,156.0,7405.01
4327,1486,2,2,1,84,1,2,7,98,20180402,,20180402,65,,0,Non local,1,489.99,23259.01,0.05,24.5,1162.95
4328,1486,3,2,9,84,6,2,7,113,20180402,,20180402,65,,0,Non local,1,489.99,23259.01,0.1,49.0,2325.9
4329,1486,4,2,9,84,1,2,7,269,20180402,,20180402,65,,0,Non local,1,199.99,9493.19,0.1,20.0,949.32
4330,1487,1,1,9,33,7,1,3,160,20180403,,20180403,31,,0,Non local,1,4499.99,213607.03,0.07,315.0,14952.49
4331,1487,2,1,9,33,7,1,3,151,20180403,,20180403,31,,0,Non local,2,1549.99,73575.44,0.2,620.0,29430.18
4332,1487,3,1,1,33,5,1,3,198,20180403,,20180403,31,,0,Non local,1,2999.99,142404.53,0.05,150.0,7120.23
4333,1487,4,1,9,33,5,1,3,196,20180403,,20180403,31,,0,Non local,1,2299.99,109176.7,0.05,115.0,5458.83
4334,1487,5,1,1,33,1,1,3,96,20180403,,20180403,31,,0,Non local,2,349.99,16613.44,0.2,140.0,6645.38
4335,1488,1,2,9,181,6,1,3,42,20180403,,20180403,3,,0,Non local,1,2299.99,109176.7,0.07,161.0,7642.37
4336,1488,2,2,8,181,6,1,3,122,20180403,,20180403,3,,0,Non local,1,2499.99,118670.36,0.07,175.0,8306.93
4337,1489,1,1,1,194,5,1,3,198,20180403,,20180403,113,,0,local,1,2999.99,142404.53,0.2,600.0,28480.91
4338,1489,2,1,1,194,1,1,3,282,20180403,,20180403,113,,0,local,2,279.99,13290.66,0.2,112.0,5316.26
4339,1489,3,1,8,194,7,1,3,52,20180403,,20180403,113,,0,local,1,875.99,41581.79,0.1,87.6,4158.18
4340,1490,1,2,1,217,1,1,3,99,20180403,,20180403,87,,0,Non local,1,299.99,14240.03,0.1,30.0,1424.0
4341,1490,2,2,1,217,3,1,3,254,20180403,,20180403,87,,0,Non local,1,749.99,35600.78,0.1,75.0,3560.08
4342,1490,3,2,1,217,3,1,3,218,20180403,,20180403,87,,0,Non local,1,319.99,15189.39,0.05,16.0,759.47
4343,1491,1,1,1,82,1,1,3,95,20180404,,20180404,64,,0,Non local,2,299.99,14240.03,0.2,120.0,5696.01
4344,1491,2,1,1,82,2,1,3,302,20180404,,20180404,64,,0,Non local,1,449.99,21360.28,0.05,22.5,1068.01
4345,1491,3,1,7,82,5,1,3,60,20180404,,20180404,64,,0,Non local,2,1559.99,74050.13,0.07,218.4,10367.02
4346,1491,4,1,9,82,6,1,3,139,20180404,,20180404,64,,0,Non local,2,2999.99,142404.53,0.07,420.0,19936.63
4347,1492,1,1,2,41,6,2,7,37,20180404,,20180404,38,,0,Non local,2,379.99,18037.49,0.1,76.0,3607.5
4348,1493,1,2,1,64,3,3,8,230,20180404,,20180404,54,,0,Non local,1,429.99,20410.91,0.1,43.0,2041.09
4349,1494,1,2,1,69,3,1,3,230,20180405,,20180405,58,,0,Non local,2,429.99,20410.91,0.1,86.0,4082.18
4350,1494,2,2,9,69,7,1,3,178,20180405,,20180405,58,,0,Non local,2,749.99,35600.78,0.2,300.0,14240.31
4351,1494,3,2,6,69,1,1,3,264,20180405,,20180405,58,,0,Non local,2,249.99,11866.61,0.05,25.0,1186.66
4352,1495,1,2,1,86,1,2,7,292,20180405,,20180405,67,,0,Non local,2,369.99,17562.81,0.05,37.0,1756.28
4353,1495,2,2,1,86,2,2,7,308,20180405,,20180405,67,,0,Non local,2,749.99,35600.78,0.2,300.0,14240.31
4354,1495,3,2,3,86,6,2,7,137,20180405,,20180405,67,,0,Non local,1,2599.0,123370.2,0.1,259.9,12337.02
4355,1496,1,1,1,3,3,1,3,248,20180406,,20180406,3,,0,Non local,1,599.99,28480.53,0.07,42.0,1993.64
4356,1496,2,1,1,3,3,1,3,214,20180406,,20180406,3,,0,Non local,1,899.99,42721.03,0.07,63.0,2990.47
4357,1496,3,1,1,3,3,1,3,224,20180406,,20180406,3,,0,Non local,2,479.99,22784.33,0.05,48.0,2278.43
4358,1496,4,1,1,3,2,1,3,302,20180406,,20180406,3,,0,Non local,1,449.99,21360.28,0.05,22.5,1068.01
4359,1496,5,1,1,3,3,1,3,225,20180406,,20180406,3,,0,Non local,2,959.99,45569.13,0.2,384.0,18227.65
4360,1497,1,2,9,31,6,1,2,141,20180406,,20180406,29,,0,Non local,2,1599.99,75948.86,0.2,640.0,30379.54
4361,1497,2,2,1,31,5,1,2,198,20180406,,20180406,29,,0,Non local,2,2999.99,142404.53,0.1,600.0,28480.91
4362,1497,3,2,9,31,5,1,2,204,20180406,,20180406,29,,0,Non local,2,3599.99,170885.53,0.07,504.0,23923.97
4363,1498,1,1,9,81,7,1,2,172,20180406,,20180406,43,,0,Non local,1,3199.99,151898.2,0.05,160.0,7594.91
4364,1498,2,1,1,81,3,1,2,260,20180406,,20180406,43,,0,Non local,2,799.99,37974.19,0.07,112.0,5316.39
4365,1499,1,2,7,120,2,1,2,110,20180406,,20180406,87,,0,Non local,1,470.99,22357.11,0.05,23.55,1117.86
4366,1499,2,2,9,120,4,1,2,208,20180406,,20180406,87,,0,Non local,1,1799.99,85442.53,0.07,126.0,5980.98
4367,1499,3,2,9,120,1,1,2,268,20180406,,20180406,87,,0,Non local,2,159.99,7594.46,0.05,16.0,759.45
4368,1499,4,2,5,120,6,1,2,2,20180406,,20180406,87,,0,Non local,1,749.99,35600.78,0.05,37.5,1780.04
4369,1499,5,2,9,120,7,1,2,171,20180406,,20180406,87,,0,Non local,2,3199.99,151898.2,0.1,640.0,30379.64
4370,1500,1,2,2,151,6,1,3,41,20180406,,20180406,23,,0,Non local,2,1469.99,69777.98,0.07,205.8,9768.92
4371,1500,2,2,1,151,1,1,3,293,20180406,,20180406,23,,0,Non local,1,319.99,15189.39,0.07,22.4,1063.26
4372,1501,1,1,1,52,3,2,6,248,20180406,,20180406,45,,0,Non local,1,599.99,28480.53,0.05,30.0,1424.03
4373,1501,2,1,1,52,3,2,6,219,20180406,,20180406,45,,0,Non local,1,639.99,30379.26,0.07,44.8,2126.55
4374,1501,3,1,1,52,3,2,6,15,20180406,,20180406,45,,0,Non local,1,529.99,25157.74,0.05,26.5,1257.89
4375,1501,4,1,7,52,3,2,6,67,20180406,,20180406,45,,0,Non local,1,250.99,11914.08,0.2,50.2,2382.82
4376,1501,5,1,8,52,4,2,6,210,20180406,,20180406,45,,0,Non local,1,1549.0,73528.45,0.05,77.45,3676.42
4377,1502,1,2,1,83,3,2,6,231,20180406,,20180406,17,,0,Non local,2,529.99,25157.74,0.2,212.0,10063.1
4378,1502,2,2,4,83,3,2,6,19,20180406,,20180406,17,,0,Non local,2,449.0,21313.28,0.07,62.86,2983.86
4379,1502,3,2,1,83,2,2,6,26,20180406,,20180406,17,,0,Non local,2,599.99,28480.53,0.07,84.0,3987.27
4380,1502,4,2,9,83,1,2,6,268,20180406,,20180406,17,,0,Non local,1,159.99,7594.46,0.2,32.0,1518.89
4381,1502,5,2,1,83,3,2,6,255,20180406,,20180406,17,,0,Non local,1,899.99,42721.03,0.07,63.0,2990.47
4382,1503,1,2,1,208,3,1,3,217,20180407,,20180407,120,,0,Non local,1,909.99,43195.71,0.1,91.0,4319.57
4383,1503,2,2,1,208,2,1,3,302,20180407,,20180407,120,,0,Non local,2,449.99,21360.28,0.05,45.0,2136.03
4384,1504,1,2,9,237,1,1,2,276,20180408,,20180408,105,,0,Non local,1,319.99,15189.39,0.07,22.4,1063.26
4385,1505,1,1,1,22,3,2,7,223,20180408,,20180408,21,,0,Non local,2,529.99,25157.74,0.05,53.0,2515.77
4386,1505,2,1,1,22,2,2,7,24,20180408,,20180408,21,,0,Non local,2,549.99,26107.11,0.07,77.0,3655.0
4387,1505,3,1,9,22,6,2,7,43,20180408,,20180408,21,,0,Non local,2,5299.99,251581.7,0.05,530.0,25158.17
4388,1506,1,1,9,75,7,2,7,184,20180408,,20180408,53,,0,Non local,1,3499.99,166138.7,0.05,175.0,8306.93
4389,1506,2,1,9,75,7,2,7,153,20180408,,20180408,53,,0,Non local,2,4999.99,237341.2,0.2,2000.0,94936.48
4390,1506,3,1,9,75,7,2,7,149,20180408,,20180408,53,,0,Non local,2,7499.99,356012.04,0.05,750.0,35601.2
4391,1507,1,2,9,85,6,2,6,39,20180408,,20180408,66,,0,Non local,2,1499.99,71202.03,0.2,600.0,28480.81
4392,1507,2,2,8,85,4,2,6,11,20180408,,20180408,66,,0,Non local,2,1680.99,79793.8,0.1,336.2,15958.76
4393,1507,3,2,1,85,3,2,6,259,20180408,,20180408,66,,0,Non local,1,1199.99,56961.53,0.07,84.0,3987.31
4394,1507,4,2,1,85,1,2,6,281,20180408,,20180408,66,,0,Non local,1,319.99,15189.39,0.07,22.4,1063.26
4395,1507,5,2,1,85,1,2,6,293,20180408,,20180408,66,,0,Non local,2,319.99,15189.39,0.05,32.0,1518.94
4396,1508,1,2,2,92,6,2,6,37,20180408,,20180408,72,,0,Non local,1,379.99,18037.49,0.2,76.0,3607.5
4397,1508,2,2,7,92,2,2,6,109,20180408,,20180408,72,,0,Non local,1,416.99,19793.82,0.1,41.7,1979.38
4398,1508,3,2,8,92,7,2,6,52,20180408,,20180408,72,,0,Non local,2,875.99,41581.79,0.05,87.6,4158.18
4399,1508,4,2,9,92,1,2,6,88,20180408,,20180408,72,,0,Non local,1,189.99,9018.51,0.05,9.5,450.93
4400,1509,1,1,1,2,3,1,3,215,20180409,,20180409,2,,0,Non local,2,749.99,35600.78,0.07,105.0,4984.11
4401,1510,1,2,9,16,6,2,6,142,20180409,,20180409,16,,0,Non local,2,3199.99,151898.2,0.05,320.0,15189.82
4402,1510,2,2,7,16,3,2,6,68,20180409,,20180409,16,,0,Non local,1,449.99,21360.28,0.1,45.0,2136.03
4403,1510,3,2,1,16,3,2,6,251,20180409,,20180409,16,,0,Non local,2,2999.99,142404.53,0.1,600.0,28480.91
4404,1510,4,2,1,16,3,2,6,220,20180409,,20180409,16,,0,Non local,2,269.99,12815.98,0.1,54.0,2563.2
4405,1510,5,2,3,16,6,2,6,137,20180409,,20180409,16,,0,Non local,1,2599.0,123370.2,0.05,129.95,6168.51
4406,1511,1,1,9,25,7,2,6,144,20180409,,20180409,24,,0,Non local,2,1549.99,73575.44,0.2,620.0,29430.18
4407,1511,2,1,1,25,1,2,6,288,20180409,,20180409,24,,0,Non local,1,389.99,18512.18,0.07,27.3,1295.85
4408,1511,3,1,4,25,3,2,6,17,20180409,,20180409,24,,0,Non local,2,429.0,20363.92,0.07,60.06,2850.95
4409,1511,4,1,2,25,6,2,6,41,20180409,,20180409,24,,0,Non local,1,1469.99,69777.98,0.05,73.5,3488.9
4410,1511,5,1,8,25,6,2,6,124,20180409,,20180409,24,,0,Non local,2,1499.0,71155.03,0.2,599.6,28462.01
4411,1512,1,1,1,68,3,3,9,217,20180409,,20180409,57,,0,local,1,909.99,43195.71,0.07,63.7,3023.7
4412,1513,1,2,9,32,7,1,2,166,20180410,,20180410,30,,0,Non local,1,749.99,35600.78,0.1,75.0,3560.08
4413,1513,2,2,9,32,5,1,2,61,20180410,,20180410,30,,0,Non local,2,4999.99,237341.2,0.05,500.0,23734.12
4414,1513,3,2,9,32,7,1,2,159,20180410,,20180410,30,,0,Non local,2,2299.99,109176.7,0.05,230.0,10917.67
4415,1514,1,2,1,87,3,1,3,240,20180410,,20180410,68,,0,Non local,2,899.99,42721.03,0.1,180.0,8544.21
4416,1514,2,2,9,87,5,1,3,203,20180410,,20180410,68,,0,Non local,2,4999.99,237341.2,0.05,500.0,23734.12
4417,1515,1,1,8,61,6,3,9,27,20180410,,20180410,52,,0,Non local,2,999.99,47467.86,0.2,400.0,18987.14
4418,1515,2,1,9,61,5,3,9,202,20180410,,20180410,52,,0,Non local,2,3499.99,166138.7,0.1,700.0,33227.74
4419,1515,3,1,1,61,2,3,9,310,20180410,,20180410,52,,0,Non local,2,899.99,42721.03,0.05,90.0,4272.1
4420,1515,4,1,9,61,6,3,9,40,20180410,,20180410,52,,0,Non local,1,4999.99,237341.2,0.1,500.0,23734.12
4421,1515,5,1,9,61,7,3,9,158,20180410,,20180410,52,,0,Non local,2,959.99,45569.13,0.2,384.0,18227.65
4422,1516,1,2,9,47,7,1,3,172,20180411,,20180411,43,,0,Non local,2,3199.99,151898.2,0.1,640.0,30379.64
4423,1516,2,2,1,47,3,1,3,253,20180411,,20180411,43,,0,Non local,1,2599.99,123417.2,0.1,260.0,12341.72
4424,1516,3,2,9,47,5,1,3,196,20180411,,20180411,43,,0,Non local,2,2299.99,109176.7,0.2,920.0,43670.68
4425,1516,4,2,1,47,3,1,3,259,20180411,,20180411,43,,0,Non local,2,1199.99,56961.53,0.2,480.0,22784.61
4426,1516,5,2,9,47,1,1,3,271,20180411,,20180411,43,,0,Non local,2,209.99,9967.88,0.2,84.0,3987.15
4427,1517,1,1,1,97,2,1,2,303,20180411,,20180411,76,,0,Non local,2,2599.99,123417.2,0.07,364.0,17278.41
4428,1517,2,1,1,97,3,1,2,226,20180411,,20180411,76,,0,Non local,2,679.99,32277.99,0.05,68.0,3227.8
4429,1518,1,1,1,175,2,1,2,304,20180411,,20180411,68,,0,Non local,2,679.99,32277.99,0.1,136.0,6455.6
4430,1518,2,1,9,175,7,1,2,182,20180411,,20180411,68,,0,Non local,2,2499.99,118670.36,0.05,250.0,11867.04
4431,1518,3,1,1,175,3,1,2,252,20180411,,20180411,68,,0,Non local,2,2999.99,142404.53,0.05,300.0,14240.45
4432,1519,1,2,9,26,7,2,7,150,20180411,,20180411,25,,0,Non local,1,4499.99,213607.03,0.2,900.0,42721.41
4433,1519,2,2,2,26,1,2,7,85,20180411,,20180411,25,,0,Non local,2,329.99,15664.08,0.2,132.0,6265.63
4434,1519,3,2,8,26,6,2,7,124,20180411,,20180411,25,,0,Non local,2,1499.0,71155.03,0.07,209.86,9961.7
4435,1519,4,2,7,26,3,2,7,65,20180411,,20180411,25,,0,Non local,1,346.99,16471.04,0.2,69.4,3294.21
4436,1519,5,2,6,26,1,2,7,265,20180411,,20180411,25,,0,Non local,2,289.99,13765.34,0.05,29.0,1376.53
4437,1520,1,2,9,66,5,3,8,186,20180411,,20180411,56,,0,Non local,1,4499.99,213607.03,0.05,225.0,10680.35
4438,1520,2,2,9,66,5,3,8,188,20180411,,20180411,56,,0,Non local,2,3499.99,166138.7,0.2,1400.0,66455.48
4439,1520,3,2,1,66,2,3,8,310,20180411,,20180411,56,,0,Non local,2,899.99,42721.03,0.07,126.0,5980.94
4440,1520,4,2,6,66,1,3,8,263,20180411,,20180411,56,,0,Non local,2,89.99,4271.68,0.1,18.0,854.34
4441,1521,1,1,1,53,1,1,3,100,20180412,,20180412,46,,0,Non local,1,489.99,23259.01,0.2,98.0,4651.8
4442,1521,2,1,1,53,2,1,3,314,20180412,,20180412,46,,0,Non local,2,679.99,32277.99,0.2,272.0,12911.2
4443,1521,3,1,9,53,6,1,3,123,20180412,,20180412,46,,0,Non local,1,999.99,47467.86,0.1,100.0,4746.79
4444,1521,4,1,9,53,6,1,3,135,20180412,,20180412,46,,0,Non local,2,1499.99,71202.03,0.2,600.0,28480.81
4445,1522,1,1,1,78,1,1,3,95,20180412,,20180412,31,,0,Non local,1,299.99,14240.03,0.1,30.0,1424.0
4446,1522,2,1,9,78,6,1,3,141,20180412,,20180412,31,,0,Non local,1,1599.99,75948.86,0.07,112.0,5316.42
4447,1522,3,1,9,78,6,1,3,117,20180412,,20180412,31,,0,Non local,1,1469.99,69777.98,0.07,102.9,4884.46
4448,1523,1,1,1,8,2,2,7,311,20180412,,20180412,8,,0,Non local,2,749.99,35600.78,0.2,300.0,14240.31
4449,1524,1,1,8,37,7,2,6,168,20180412,,20180412,34,,0,Non local,1,1549.0,73528.45,0.1,154.9,7352.85
4450,1524,2,1,1,37,1,2,6,295,20180412,,20180412,34,,0,Non local,2,319.99,15189.39,0.2,128.0,6075.76
4451,1524,3,1,1,37,2,2,6,313,20180412,,20180412,34,,0,Non local,1,449.99,21360.28,0.2,90.0,4272.06
4452,1524,4,1,1,37,3,2,6,252,20180412,,20180412,34,,0,Non local,2,2999.99,142404.53,0.2,1200.0,56961.81
4453,1525,1,2,9,38,7,2,7,156,20180412,,20180412,35,,0,Non local,1,6499.99,308543.7,0.1,650.0,30854.37
4454,1525,2,2,8,38,7,2,7,163,20180412,,20180412,35,,0,Non local,2,1349.0,64034.78,0.07,188.86,8964.87
4455,1525,3,2,9,38,5,2,7,193,20180412,,20180412,35,,0,Non local,1,2799.99,132910.86,0.07,196.0,9303.76
4456,1526,1,2,9,59,7,2,7,151,20180412,,20180412,50,,0,Non local,1,1549.99,73575.44,0.07,108.5,5150.28
4457,1526,2,2,9,59,7,2,7,56,20180412,,20180412,50,,0,Non local,1,5499.99,261075.37,0.1,550.0,26107.54
4458,1526,3,2,1,59,3,2,7,238,20180412,,20180412,50,,0,Non local,1,749.99,35600.78,0.1,75.0,3560.08
4459,1526,4,2,1,59,3,2,7,243,20180412,,20180412,50,,0,Non local,1,679.99,32277.99,0.05,34.0,1613.9
4460,1527,1,2,8,13,6,3,9,33,20180412,,20180412,13,,0,Non local,1,469.99,22309.64,0.1,47.0,2230.96
4461,1527,2,2,7,13,2,3,9,103,20180412,,20180412,13,,0,Non local,1,551.99,26202.05,0.05,27.6,1310.1
4462,1527,3,2,9,13,7,3,9,57,20180412,,20180412,13,,0,Non local,2,1999.99,94936.2,0.05,200.0,9493.62
4463,1528,1,1,1,20,3,3,8,229,20180412,,20180412,19,,0,Non local,2,429.99,20410.91,0.2,172.0,8164.36
4464,1529,1,1,1,50,1,3,8,23,20180412,,20180412,19,,0,Non local,1,299.99,14240.03,0.05,15.0,712.0
4465,1529,2,1,9,50,7,3,8,50,20180412,,20180412,19,,0,Non local,2,5999.99,284809.54,0.1,1200.0,56961.91
4466,1530,1,1,1,110,3,1,2,213,20180413,,20180413,83,,0,Non local,2,269.99,12815.98,0.1,54.0,2563.2
4467,1530,2,1,9,110,6,1,2,116,20180413,,20180413,83,,0,Non local,1,749.99,35600.78,0.1,75.0,3560.08
4468,1531,1,1,8,233,6,1,2,128,20180413,,20180413,109,,0,Non local,1,1899.0,90142.37,0.1,189.9,9014.24
4469,1532,1,2,9,7,4,2,7,209,20180413,,20180413,7,,0,Non local,2,2999.99,142404.53,0.07,420.0,19936.63
4470,1533,1,2,9,28,1,2,6,274,20180413,,20180413,27,,0,Non local,2,229.99,10917.24,0.1,46.0,2183.45
4471,1533,2,2,7,28,3,2,6,78,20180413,,20180413,27,,0,Non local,1,647.99,30759.01,0.1,64.8,3075.9
4472,1533,3,2,1,28,1,2,6,96,20180413,,20180413,27,,0,Non local,1,349.99,16613.44,0.1,35.0,1661.34
4473,1533,4,2,1,28,3,2,6,235,20180413,,20180413,27,,0,Non local,2,899.99,42721.03,0.1,180.0,8544.21
4474,1533,5,2,9,28,7,2,6,51,20180413,,20180413,27,,0,Non local,1,6499.99,308543.7,0.1,650.0,30854.37
4475,1534,1,2,9,18,5,2,7,194,20180414,,20180414,18,,0,Non local,1,3499.99,166138.7,0.1,350.0,16613.87
4476,1534,2,2,9,18,6,2,7,117,20180414,,20180414,18,,0,Non local,1,1469.99,69777.98,0.05,73.5,3488.9
4477,1534,3,2,9,18,1,2,7,269,20180414,,20180414,18,,0,Non local,2,199.99,9493.19,0.2,80.0,3797.28
4478,1534,4,2,9,18,7,2,7,172,20180414,,20180414,18,,0,Non local,2,3199.99,151898.2,0.2,1280.0,60759.28
4479,1535,1,2,2,19,1,2,7,92,20180414,,20180414,1,,0,Non local,1,209.99,9967.88,0.05,10.5,498.39
4480,1535,2,2,1,19,3,2,7,75,20180414,,20180414,1,,0,Non local,2,599.99,28480.53,0.05,60.0,2848.05
4481,1536,1,2,9,34,7,2,7,183,20180414,,20180414,21,,0,Non local,1,2199.99,104429.86,0.2,440.0,20885.97
4482,1536,2,2,9,34,5,2,7,185,20180414,,20180414,21,,0,Non local,2,2799.99,132910.86,0.07,392.0,18607.52
4483,1536,3,2,9,34,5,2,7,196,20180414,,20180414,21,,0,Non local,2,2299.99,109176.7,0.2,920.0,43670.68
4484,1537,1,1,1,36,3,2,6,237,20180415,,20180415,33,,0,Non local,2,849.99,40347.61,0.05,85.0,4034.76
4485,1538,1,2,9,79,4,2,6,206,20180415,,20180415,63,,0,local,1,3299.99,156645.03,0.07,231.0,10965.15
4486,1538,2,2,2,79,6,2,6,46,20180415,,20180415,63,,0,local,2,1409.99,66929.88,0.07,197.4,9370.18
4487,1538,3,2,9,79,6,2,6,117,20180415,,20180415,63,,0,local,1,1469.99,69777.98,0.07,102.9,4884.46
4488,1538,4,2,9,79,5,2,6,197,20180415,,20180415,63,,0,local,1,2299.99,109176.7,0.2,460.0,21835.34
4489,1538,5,2,1,79,2,2,6,306,20180415,,20180415,63,,0,local,2,899.99,42721.03,0.05,90.0,4272.1
4490,1539,1,1,8,116,6,3,9,6,20180415,,20180415,85,,0,Non local,2,469.99,22309.64,0.05,47.0,2230.96
4491,1539,2,1,1,116,3,3,9,12,20180415,,20180415,85,,0,Non local,2,549.99,26107.11,0.05,55.0,2610.71
4492,1540,1,1,7,187,3,1,2,71,20180416,,20180416,111,,0,Non local,2,416.99,19793.82,0.05,41.7,1979.38
4493,1540,2,1,1,187,3,1,2,236,20180416,,20180416,111,,0,Non local,1,749.99,35600.78,0.07,52.5,2492.05
4494,1540,3,1,1,187,3,1,2,224,20180416,,20180416,111,,0,Non local,1,479.99,22784.33,0.05,24.0,1139.22
4495,1540,4,1,9,187,7,1,2,177,20180416,,20180416,111,,0,Non local,2,5499.99,261075.37,0.05,550.0,26107.54
4496,1540,5,1,7,187,3,1,2,78,20180416,,20180416,111,,0,Non local,1,647.99,30759.01,0.2,129.6,6151.8
4497,1541,1,2,9,10,7,2,7,155,20180416,,20180416,10,,0,Non local,2,11999.99,569619.55,0.1,2400.0,113923.91
4498,1541,2,2,1,10,3,2,7,248,20180416,,20180416,10,,0,Non local,2,599.99,28480.53,0.07,84.0,3987.27
4499,1541,3,2,9,10,6,2,7,142,20180416,,20180416,10,,0,Non local,2,3199.99,151898.2,0.1,640.0,30379.64
4500,1541,4,2,4,10,3,2,7,17,20180416,,20180416,10,,0,Non local,1,429.0,20363.92,0.1,42.9,2036.39
4501,1541,5,2,9,10,1,2,7,86,20180416,,20180416,10,,0,Non local,2,149.99,7119.78,0.05,15.0,711.98
4502,1542,1,2,7,58,3,2,6,79,20180416,,20180416,49,,0,Non local,1,402.99,19129.26,0.2,80.6,3825.85
4503,1542,2,2,8,58,6,2,6,122,20180416,,20180416,49,,0,Non local,2,2499.99,118670.36,0.05,250.0,11867.04
4504,1542,3,2,9,58,7,2,6,184,20180416,,20180416,49,,0,Non local,2,3499.99,166138.7,0.2,1400.0,66455.48
4505,1542,4,2,2,58,6,2,6,37,20180416,,20180416,49,,0,Non local,2,379.99,18037.49,0.1,76.0,3607.5
4506,1542,5,2,1,58,1,2,6,297,20180416,,20180416,49,,0,Non local,1,279.99,13290.66,0.2,56.0,2658.13
4507,1543,1,1,7,76,2,2,6,108,20180416,,20180416,61,,0,Non local,2,449.99,21360.28,0.1,90.0,4272.06
4508,1543,2,1,2,76,1,2,6,93,20180416,,20180416,61,,0,Non local,1,209.99,9967.88,0.2,42.0,1993.58
4509,1543,3,1,9,76,7,2,6,158,20180416,,20180416,61,,0,Non local,2,959.99,45569.13,0.07,134.4,6379.68
4510,1543,4,1,1,76,1,2,6,97,20180416,,20180416,61,,0,Non local,2,349.99,16613.44,0.05,35.0,1661.34
4511,1543,5,1,9,76,6,2,6,136,20180416,,20180416,61,,0,Non local,1,1799.99,85442.53,0.2,360.0,17088.51
4512,1544,1,1,9,5,5,1,2,194,20180417,,20180417,5,,0,Non local,2,3499.99,166138.7,0.1,700.0,33227.74
4513,1544,2,1,7,5,2,1,2,107,20180417,,20180417,5,,0,Non local,2,416.99,19793.82,0.2,166.8,7917.53
4514,1545,1,1,2,67,6,1,3,45,20180417,,20180417,5,,0,Non local,1,869.99,41296.98,0.1,87.0,4129.7
4515,1546,1,2,9,91,7,1,3,156,20180417,,20180417,71,,0,Non local,1,6499.99,308543.7,0.1,650.0,30854.37
4516,1546,2,2,9,91,5,1,3,185,20180417,,20180417,71,,0,Non local,2,2799.99,132910.86,0.1,560.0,26582.17
4517,1546,3,2,1,91,3,1,3,215,20180417,,20180417,71,,0,Non local,1,749.99,35600.78,0.1,75.0,3560.08
4518,1546,4,2,1,91,2,1,3,25,20180417,,20180417,71,,0,Non local,1,499.99,23733.69,0.05,25.0,1186.68
4519,1547,1,1,7,169,2,1,3,106,20180417,,20180417,31,,0,Non local,2,449.99,21360.28,0.2,180.0,8544.11
4520,1547,2,1,9,169,5,1,3,204,20180417,,20180417,31,,0,Non local,1,3599.99,170885.53,0.2,720.0,34177.11
4521,1548,1,1,9,170,6,1,2,32,20180417,,20180417,108,,0,Non local,1,469.99,22309.64,0.1,47.0,2230.96
4522,1548,2,1,9,170,5,1,2,202,20180417,,20180417,108,,0,Non local,1,3499.99,166138.7,0.07,245.0,11629.71
4523,1548,3,1,9,170,4,1,2,62,20180417,,20180417,108,,0,Non local,2,3499.99,166138.7,0.2,1400.0,66455.48
4524,1549,1,1,9,17,7,2,7,158,20180417,,20180417,17,,0,Non local,1,959.99,45569.13,0.2,192.0,9113.83
4525,1549,2,1,9,17,6,2,7,119,20180417,,20180417,17,,0,Non local,1,469.99,22309.64,0.05,23.5,1115.48
4526,1549,3,1,1,17,3,2,7,249,20180417,,20180417,17,,0,Non local,2,749.99,35600.78,0.05,75.0,3560.08
4527,1549,4,1,1,17,3,2,7,242,20180417,,20180417,17,,0,Non local,2,699.99,33227.36,0.1,140.0,6645.47
4528,1550,1,1,1,39,2,2,6,315,20180417,,20180417,36,,0,Non local,2,559.99,26581.79,0.05,56.0,2658.18
4529,1550,2,1,1,39,3,2,6,245,20180417,,20180417,36,,0,Non local,1,659.99,31328.63,0.07,46.2,2193.0
4530,1550,3,1,9,39,5,2,6,185,20180417,,20180417,36,,0,Non local,2,2799.99,132910.86,0.1,560.0,26582.17
4531,1550,4,1,9,39,7,2,6,148,20180417,,20180417,36,,0,Non local,1,5499.99,261075.37,0.07,385.0,18275.28
4532,1550,5,1,9,39,1,2,6,86,20180417,,20180417,36,,0,Non local,2,149.99,7119.78,0.05,15.0,711.98
4533,1551,1,1,9,70,4,2,7,207,20180417,,20180417,45,,0,Non local,2,3999.99,189872.87,0.2,1600.0,75949.15
4534,1552,1,1,9,73,5,2,7,197,20180417,,20180417,33,,0,Non local,1,2299.99,109176.7,0.1,230.0,10917.67
4535,1552,2,1,2,73,6,2,7,41,20180417,,20180417,33,,0,Non local,2,1469.99,69777.98,0.05,147.0,6977.8
4536,1553,1,2,1,30,2,1,3,102,20180418,,20180418,28,,0,Non local,1,489.99,23259.01,0.07,34.3,1628.13
4537,1553,2,2,1,30,3,1,3,12,20180418,,20180418,28,,0,Non local,1,549.99,26107.11,0.1,55.0,2610.71
4538,1553,3,2,1,30,3,1,3,251,20180418,,20180418,28,,0,Non local,1,2999.99,142404.53,0.05,150.0,7120.23
4539,1553,4,2,9,30,1,1,3,89,20180418,,20180418,28,,0,Non local,1,209.99,9967.88,0.05,10.5,498.39
4540,1554,1,1,9,172,7,1,3,166,20180418,,20180418,109,,0,Non local,1,749.99,35600.78,0.05,37.5,1780.04
4541,1554,2,1,1,172,1,1,3,285,20180418,,20180418,109,,0,Non local,1,279.99,13290.66,0.2,56.0,2658.13
4542,1555,1,1,1,1,2,2,7,24,20180418,,20180418,1,,0,Non local,2,549.99,26107.11,0.1,110.0,5221.42
4543,1555,2,1,9,1,7,2,7,156,20180418,,20180418,1,,0,Non local,1,6499.99,308543.7,0.1,650.0,30854.37
4544,1555,3,1,8,1,6,2,7,126,20180418,,20180418,1,,0,Non local,1,469.99,22309.64,0.1,47.0,2230.96
4545,1555,4,1,8,1,6,2,7,128,20180418,,20180418,1,,0,Non local,2,1899.0,90142.37,0.05,189.9,9014.24
4546,1555,5,1,9,1,7,2,7,174,20180418,,20180418,1,,0,Non local,1,3199.99,151898.2,0.2,640.0,30379.64
4547,1556,1,2,9,4,7,2,6,49,20180418,,20180418,4,,0,Non local,2,3499.99,166138.7,0.2,1400.0,66455.48
4548,1556,2,2,1,4,3,2,6,82,20180418,,20180418,4,,0,Non local,1,659.99,31328.63,0.07,46.2,2193.0
4549,1556,3,2,6,4,1,2,6,265,20180418,,20180418,4,,0,Non local,1,289.99,13765.34,0.1,29.0,1376.53
4550,1556,4,2,9,4,6,2,6,119,20180418,,20180418,4,,0,Non local,2,469.99,22309.64,0.05,47.0,2230.96
4551,1556,5,2,1,4,3,2,6,235,20180418,,20180418,4,,0,Non local,2,899.99,42721.03,0.1,180.0,8544.21
4552,1557,1,2,8,121,7,1,3,163,20180419,,20180419,31,,0,Non local,2,1349.0,64034.78,0.07,188.86,8964.87
4553,1558,1,1,2,63,6,2,6,46,20180419,,20180419,53,,0,Non local,2,1409.99,66929.88,0.07,197.4,9370.18
4554,1558,2,1,9,63,6,2,6,123,20180419,,20180419,53,,0,Non local,1,999.99,47467.86,0.07,70.0,3322.75
4555,1558,3,1,9,63,6,2,6,4,20180419,,20180419,53,,0,Non local,1,2899.99,137657.7,0.05,145.0,6882.88
4556,1558,4,1,9,63,7,2,6,55,20180419,,20180419,53,,0,Non local,1,2699.99,128164.03,0.2,540.0,25632.81
4557,1558,5,1,1,63,3,2,6,253,20180419,,20180419,53,,0,Non local,1,2599.99,123417.2,0.07,182.0,8639.2
4558,1559,1,2,1,42,1,2,6,101,20180420,,20180420,39,,0,Non local,2,339.99,16138.76,0.07,47.6,2259.43
4559,1559,2,2,4,42,3,2,6,18,20180420,,20180420,39,,0,Non local,1,449.0,21313.28,0.1,44.9,2131.33
4560,1559,3,2,9,42,7,2,6,54,20180420,,20180420,39,,0,Non local,2,3199.99,151898.2,0.1,640.0,30379.64
4561,1559,4,2,1,42,3,2,6,221,20180420,,20180420,39,,0,Non local,1,319.99,15189.39,0.1,32.0,1518.94
4562,1560,1,1,9,57,6,2,7,118,20180420,,20180420,48,,0,Non local,2,999.99,47467.86,0.2,400.0,18987.14
4563,1560,2,1,2,57,6,2,7,41,20180420,,20180420,48,,0,Non local,1,1469.99,69777.98,0.2,294.0,13955.6
4564,1561,1,2,9,65,7,2,7,181,20180420,,20180420,55,,0,Non local,2,2199.99,104429.86,0.07,308.0,14620.18
4565,1561,2,2,1,65,1,2,7,297,20180420,,20180420,55,,0,Non local,2,279.99,13290.66,0.05,28.0,1329.07
4566,1562,1,1,9,88,7,2,7,54,20180420,,20180420,22,,0,Non local,1,3199.99,151898.2,0.2,640.0,30379.64
4567,1562,2,1,7,88,3,2,7,66,20180420,,20180420,22,,0,Non local,1,250.99,11914.08,0.2,50.2,2382.82
4568,1562,3,1,9,88,6,2,7,115,20180420,,20180420,22,,0,Non local,2,3199.99,151898.2,0.07,448.0,21265.75
4569,1563,1,2,9,77,5,3,9,188,20180420,,20180420,62,,0,Non local,1,3499.99,166138.7,0.07,245.0,11629.71
4570,1564,1,1,1,46,2,1,3,309,20180421,,20180421,37,,0,Non local,1,899.99,42721.03,0.07,63.0,2990.47
4571,1564,2,1,1,46,3,1,3,14,20180421,,20180421,37,,0,Non local,1,269.99,12815.98,0.1,27.0,1281.6
4572,1565,1,2,2,60,6,1,2,37,20180421,,20180421,51,,0,Non local,1,379.99,18037.49,0.07,26.6,1262.62
4573,1565,2,2,2,60,1,1,2,92,20180421,,20180421,51,,0,Non local,1,209.99,9967.88,0.1,21.0,996.79
4574,1565,3,2,1,60,3,1,2,261,20180421,,20180421,51,,0,Non local,1,899.99,42721.03,0.1,90.0,4272.1
4575,1565,4,2,1,60,1,1,2,95,20180421,,20180421,51,,0,Non local,1,299.99,14240.03,0.07,21.0,996.8
4576,1565,5,2,1,60,3,1,2,226,20180421,,20180421,51,,0,Non local,2,679.99,32277.99,0.2,272.0,12911.2
4577,1566,1,1,9,72,7,1,3,179,20180421,,20180421,59,,0,Non local,1,919.99,43670.39,0.05,46.0,2183.52
4578,1566,2,1,9,72,5,1,3,61,20180421,,20180421,59,,0,Non local,2,4999.99,237341.2,0.05,500.0,23734.12
4579,1567,1,2,9,89,1,1,2,279,20180421,,20180421,69,,0,Non local,1,319.99,15189.39,0.2,64.0,3037.88
4580,1568,1,2,9,192,7,1,3,146,20180421,,20180421,28,,0,Non local,1,4999.99,237341.2,0.2,1000.0,47468.24
4581,1568,2,2,7,192,2,1,3,105,20180421,,20180421,28,,0,Non local,1,533.99,25347.62,0.07,37.38,1774.33
4582,1568,3,2,1,192,2,1,3,301,20180421,,20180421,28,,0,Non local,1,899.99,42721.03,0.1,90.0,4272.1
4583,1569,1,2,1,29,3,2,7,252,20180422,,20180422,24,,0,Non local,1,2999.99,142404.53,0.1,300.0,14240.45
4584,1570,1,2,9,54,7,2,7,155,20180422,,20180422,47,,0,Non local,1,11999.99,569619.55,0.07,840.0,39873.37
4585,1571,1,1,1,80,2,2,7,312,20180422,,20180422,7,,0,Non local,2,699.99,33227.36,0.1,140.0,6645.47
4586,1571,2,1,1,80,3,2,7,212,20180422,,20180422,7,,0,Non local,1,559.99,26581.79,0.07,39.2,1860.73
4587,1571,3,1,1,80,3,2,7,20,20180422,,20180422,7,,0,Non local,2,599.99,28480.53,0.2,240.0,11392.21
4588,1572,1,1,1,14,3,3,9,216,20180422,,20180422,14,,0,Non local,2,899.99,42721.03,0.05,90.0,4272.1
4589,1572,2,1,1,14,5,3,9,198,20180422,,20180422,14,,0,Non local,1,2999.99,142404.53,0.2,600.0,28480.91
4590,1572,3,1,9,14,6,3,9,115,20180422,,20180422,14,,0,Non local,1,3199.99,151898.2,0.05,160.0,7594.91
4591,1572,4,1,1,14,2,3,9,304,20180422,,20180422,14,,0,Non local,2,679.99,32277.99,0.2,272.0,12911.2
4592,1573,1,2,9,24,5,1,2,9,20180423,,20180423,23,,0,Non local,1,2999.99,142404.53,0.05,150.0,7120.23
4593,1573,2,2,9,24,6,1,2,129,20180423,,20180423,23,,0,Non local,1,919.99,43670.39,0.07,64.4,3056.93
4594,1573,3,2,1,24,3,1,2,15,20180423,,20180423,23,,0,Non local,2,529.99,25157.74,0.1,106.0,5031.55
4595,1573,4,2,1,24,3,1,2,216,20180423,,20180423,23,,0,Non local,2,899.99,42721.03,0.07,126.0,5980.94
4596,1573,5,2,6,24,1,1,2,263,20180423,,20180423,23,,0,Non local,2,89.99,4271.68,0.1,18.0,854.34
4597,1574,1,1,8,124,6,1,2,127,20180423,,20180423,59,,0,Non local,1,469.99,22309.64,0.1,47.0,2230.96
4598,1575,1,2,2,224,6,1,3,44,20180423,,20180423,127,,0,Non local,1,539.99,25632.43,0.07,37.8,1794.27
4599,1575,2,2,9,224,4,1,3,207,20180423,,20180423,127,,0,Non local,2,3999.99,189872.87,0.1,800.0,37974.57
4600,1575,3,2,1,224,3,1,3,213,20180423,,20180423,127,,0,Non local,1,269.99,12815.98,0.07,18.9,897.12
4601,1575,4,2,8,224,6,1,3,126,20180423,,20180423,127,,0,Non local,2,469.99,22309.64,0.05,47.0,2230.96
4602,1575,5,2,2,224,1,1,3,92,20180423,,20180423,127,,0,Non local,2,209.99,9967.88,0.2,84.0,3987.15
4603,1576,1,2,7,12,3,2,7,69,20180423,,20180423,12,,0,Non local,1,416.99,19793.82,0.05,20.85,989.69
4604,1576,2,2,1,12,1,2,7,293,20180423,,20180423,12,,0,Non local,1,319.99,15189.39,0.05,16.0,759.47
4605,1576,3,2,9,12,5,2,7,202,20180423,,20180423,12,,0,Non local,2,3499.99,166138.7,0.05,350.0,16613.87
4606,1577,1,1,1,48,1,2,7,298,20180423,,20180423,33,,0,Non local,2,279.99,13290.66,0.05,28.0,1329.07
4607,1577,2,1,7,48,2,2,7,111,20180423,,20180423,33,,0,Non local,2,470.99,22357.11,0.1,94.2,4471.42
4608,1577,3,1,1,48,2,2,7,300,20180423,,20180423,33,,0,Non local,2,799.99,37974.19,0.2,320.0,15189.68
4609,1577,4,1,3,48,6,2,7,131,20180423,,20180423,33,,0,Non local,2,2599.0,123370.2,0.07,363.86,17271.83
4610,1577,5,1,1,48,1,2,7,282,20180423,,20180423,33,,0,Non local,2,279.99,13290.66,0.05,28.0,1329.07
4611,1578,1,2,9,93,5,2,7,204,20180423,,20180423,73,,0,Non local,2,3599.99,170885.53,0.07,504.0,23923.97
4612,1578,2,2,1,93,2,2,7,310,20180423,,20180423,73,,0,Non local,1,899.99,42721.03,0.05,45.0,2136.05
4613,1578,3,2,1,93,3,2,7,241,20180423,,20180423,73,,0,Non local,2,749.99,35600.78,0.2,300.0,14240.31
4614,1579,1,2,9,104,7,1,2,49,20180424,,20180424,2,,0,Non local,1,3499.99,166138.7,0.05,175.0,8306.93
4615,1579,2,2,1,104,3,1,2,214,20180424,,20180424,2,,0,Non local,1,899.99,42721.03,0.1,90.0,4272.1
4616,1579,3,2,1,104,1,1,2,286,20180424,,20180424,2,,0,Non local,1,279.99,13290.66,0.07,19.6,930.35
4617,1579,4,2,7,104,3,1,2,65,20180424,,20180424,2,,0,Non local,2,346.99,16471.04,0.1,69.4,3294.21
4618,1580,1,2,9,191,6,1,2,119,20180424,,20180424,108,,0,Non local,2,469.99,22309.64,0.07,65.8,3123.35
4619,1580,2,2,9,191,1,1,2,86,20180424,,20180424,108,,0,Non local,2,149.99,7119.78,0.2,60.0,2847.91
4620,1581,1,2,1,188,3,1,2,64,20180425,,20180425,108,,0,Non local,1,489.99,23259.01,0.1,49.0,2325.9
4621,1581,2,2,9,188,1,1,2,272,20180425,,20180425,108,,0,Non local,1,289.99,13765.34,0.2,58.0,2753.07
4622,1582,1,1,1,240,3,1,3,75,20180425,,20180425,105,,0,Non local,1,599.99,28480.53,0.07,42.0,1993.64
4623,1582,2,1,9,240,6,1,3,133,20180425,,20180425,105,,0,Non local,2,1499.99,71202.03,0.07,210.0,9968.28
4624,1583,1,1,1,44,3,2,6,15,20180425,,20180425,41,,0,Non local,1,529.99,25157.74,0.05,26.5,1257.89
4625,1583,2,1,6,44,1,2,6,265,20180425,,20180425,41,,0,Non local,2,289.99,13765.34,0.2,116.0,5506.14
4626,1584,1,2,2,109,6,1,3,45,20180426,,20180426,82,,0,Non local,2,869.99,41296.98,0.1,174.0,8259.4
4627,1584,2,2,1,109,3,1,3,216,20180426,,20180426,82,,0,Non local,2,899.99,42721.03,0.1,180.0,8544.21
4628,1584,3,2,9,109,6,1,3,43,20180426,,20180426,82,,0,Non local,1,5299.99,251581.7,0.2,1060.0,50316.34
4629,1584,4,2,9,109,5,1,3,187,20180426,,20180426,82,,0,Non local,1,2799.99,132910.86,0.1,280.0,13291.09
4630,1584,5,2,9,109,7,1,3,147,20180426,,20180426,82,,0,Non local,2,1799.99,85442.53,0.07,252.0,11961.95
4631,1585,1,1,1,157,2,1,3,313,20180426,,20180426,105,,0,Non local,1,449.99,21360.28,0.1,45.0,2136.03
4632,1585,2,1,7,157,2,1,3,106,20180426,,20180426,105,,0,Non local,2,449.99,21360.28,0.1,90.0,4272.06
4633,1585,3,1,9,157,4,1,3,207,20180426,,20180426,105,,0,Non local,2,3999.99,189872.87,0.07,560.0,26582.2
4634,1585,4,1,1,157,1,1,3,95,20180426,,20180426,105,,0,Non local,1,299.99,14240.03,0.1,30.0,1424.0
4635,1585,5,1,1,157,5,1,3,191,20180426,,20180426,105,,0,Non local,1,2799.99,132910.86,0.1,280.0,13291.09
4636,1586,1,1,1,176,1,1,2,22,20180426,,20180426,59,,0,Non local,2,269.99,12815.98,0.1,54.0,2563.2
4637,1586,2,1,9,176,1,1,2,277,20180426,,20180426,59,,0,Non local,1,369.99,17562.81,0.07,25.9,1229.4
4638,1586,3,1,1,176,1,1,2,295,20180426,,20180426,59,,0,Non local,1,319.99,15189.39,0.05,16.0,759.47
4639,1586,4,1,9,176,7,1,2,173,20180426,,20180426,59,,0,Non local,1,3199.99,151898.2,0.2,640.0,30379.64
4640,1586,5,1,8,176,6,1,2,36,20180426,,20180426,59,,0,Non local,1,832.99,39540.65,0.1,83.3,3954.06
4641,1587,1,2,7,231,2,1,2,104,20180426,,20180426,5,,0,Non local,1,481.99,22879.26,0.1,48.2,2287.93
4642,1587,2,2,9,231,4,1,2,63,20180426,,20180426,5,,0,Non local,2,3499.99,166138.7,0.05,350.0,16613.87
4643,1587,3,2,7,231,3,1,2,78,20180426,,20180426,5,,0,Non local,2,647.99,30759.01,0.05,64.8,3075.9
4644,1587,4,2,1,231,2,1,2,300,20180426,,20180426,5,,0,Non local,2,799.99,37974.19,0.07,112.0,5316.39
4645,1588,1,1,2,11,1,2,6,93,20180426,,20180426,11,,0,Non local,2,209.99,9967.88,0.07,29.4,1395.5
4646,1589,1,2,1,40,3,1,3,246,20180427,,20180427,37,,0,Non local,2,639.99,30379.26,0.05,64.0,3037.93
4647,1589,2,2,1,40,3,1,3,260,20180427,,20180427,37,,0,Non local,1,799.99,37974.19,0.2,160.0,7594.84
4648,1589,3,2,8,40,6,1,3,28,20180427,,20180427,37,,0,Non local,2,2499.99,118670.36,0.1,500.0,23734.07
4649,1590,1,1,9,138,7,1,3,175,20180427,,20180427,83,,0,Non local,2,3199.99,151898.2,0.07,448.0,21265.75
4650,1590,2,1,1,138,3,1,3,248,20180427,,20180427,83,,0,Non local,1,599.99,28480.53,0.2,120.0,5696.11
4651,1590,3,1,1,138,1,1,3,23,20180427,,20180427,83,,0,Non local,1,299.99,14240.03,0.07,21.0,996.8
4652,1591,1,2,1,165,1,1,2,286,20180427,,20180427,82,,0,Non local,2,279.99,13290.66,0.2,112.0,5316.26
4653,1591,2,2,8,165,6,1,2,126,20180427,,20180427,82,,0,Non local,2,469.99,22309.64,0.2,188.0,8923.86
4654,1591,3,2,1,165,1,1,2,97,20180427,,20180427,82,,0,Non local,2,349.99,16613.44,0.07,49.0,2325.88
4655,1591,4,2,9,165,6,1,2,138,20180427,,20180427,82,,0,Non local,2,2249.99,106803.28,0.05,225.0,10680.33
4656,1591,5,2,6,165,1,1,2,265,20180427,,20180427,82,,0,Non local,1,289.99,13765.34,0.2,58.0,2753.07
4657,1592,1,2,8,6,4,2,7,211,20180427,,20180427,6,,0,Non local,2,1549.0,73528.45,0.05,154.9,7352.85
4658,1592,2,2,9,6,7,2,7,159,20180427,,20180427,6,,0,Non local,1,2299.99,109176.7,0.07,161.0,7642.37
4659,1592,3,2,9,6,6,2,7,40,20180427,,20180427,6,,0,Non local,2,4999.99,237341.2,0.07,700.0,33227.77
4660,1592,4,2,9,6,5,2,7,9,20180427,,20180427,6,,0,Non local,1,2999.99,142404.53,0.2,600.0,28480.91
4661,1592,5,2,9,6,1,2,7,271,20180427,,20180427,6,,0,Non local,2,209.99,9967.88,0.05,21.0,996.79
4662,1593,1,1,1,9,1,2,6,97,20180427,,20180427,9,,0,Non local,2,349.99,16613.44,0.2,140.0,6645.38
4663,1593,2,1,9,9,6,2,6,34,20180427,,20180427,9,,0,Non local,1,469.99,22309.64,0.07,32.9,1561.67
4664,1593,3,1,9,9,5,2,6,190,20180427,,20180427,9,,0,Non local,2,2799.99,132910.86,0.1,560.0,26582.17
4665,1593,4,1,7,9,2,2,6,107,20180427,,20180427,9,,0,Non local,1,416.99,19793.82,0.05,20.85,989.69
4666,1593,5,1,9,9,7,2,6,169,20180427,,20180427,9,,0,Non local,2,6499.99,308543.7,0.07,910.0,43196.12
4667,1594,1,1,7,45,3,2,7,79,20180428,,20180428,42,,0,Non local,2,402.99,19129.26,0.1,80.6,3825.85
4668,1594,2,1,7,45,2,2,7,105,20180428,,20180428,42,,0,Non local,1,533.99,25347.62,0.1,53.4,2534.76
4669,1595,1,2,9,71,6,2,7,112,20180428,,20180428,48,,0,Non local,1,379.99,18037.49,0.2,76.0,3607.5
4670,1596,1,2,9,21,1,3,8,91,20180428,,20180428,20,,0,Non local,1,349.99,16613.44,0.05,17.5,830.67
4671,1596,2,2,4,21,3,3,8,18,20180428,,20180428,20,,0,Non local,1,449.0,21313.28,0.1,44.9,2131.33
4672,1597,1,1,9,56,7,3,9,176,20180428,,20180428,40,,0,Non local,1,3199.99,151898.2,0.07,224.0,10632.87
4673,1597,2,1,9,56,7,3,9,59,20180428,,20180428,40,,0,Non local,1,2599.99,123417.2,0.07,182.0,8639.2
4674,1598,1,2,1,239,3,1,3,247,20180429,,20180429,132,,0,Non local,1,599.99,28480.53,0.2,120.0,5696.11
4675,1598,2,2,9,239,7,1,3,49,20180429,,20180429,132,,0,Non local,2,3499.99,166138.7,0.07,490.0,23259.42
4676,1598,3,2,9,239,1,1,3,88,20180429,,20180429,132,,0,Non local,1,189.99,9018.51,0.2,38.0,1803.7
4677,1599,1,1,7,49,2,2,7,104,20180429,,20180429,6,,0,Non local,2,481.99,22879.26,0.2,192.8,9151.71
4678,1600,1,1,9,90,7,2,6,146,20180429,,20180429,70,,0,Non local,1,4999.99,237341.2,0.1,500.0,23734.12
4679,1600,2,1,1,90,1,2,6,295,20180429,,20180429,70,,0,Non local,1,319.99,15189.39,0.05,16.0,759.47
4680,1600,3,1,8,90,6,2,6,36,20180429,,20180429,70,,0,Non local,1,832.99,39540.65,0.2,166.6,7908.13
4681,1601,1,1,9,43,6,3,8,114,20180429,,20180429,40,,0,Non local,2,579.99,27531.16,0.2,232.0,11012.46
4682,1601,2,1,8,43,4,3,8,10,20180429,,20180429,40,,0,Non local,1,1549.0,73528.45,0.2,309.8,14705.69
4683,1601,3,1,1,43,3,3,8,220,20180429,,20180429,40,,0,Non local,2,269.99,12815.98,0.07,37.8,1794.24
4684,1601,4,1,9,43,6,3,8,7,20180429,,20180429,40,,0,Non local,2,3999.99,189872.87,0.07,560.0,26582.2
4685,1601,5,1,9,43,7,3,8,180,20180429,,20180429,40,,0,Non local,1,919.99,43670.39,0.1,92.0,4367.04
4686,1602,1,1,7,55,3,2,6,71,20180430,,20180430,44,,0,Non local,2,416.99,19793.82,0.05,41.7,1979.38
4687,1602,2,1,2,55,6,2,6,37,20180430,,20180430,44,,0,Non local,1,379.99,18037.49,0.07,26.6,1262.62
4688,1602,3,1,9,55,1,2,6,275,20180430,,20180430,44,,0,Non local,2,229.99,10917.24,0.2,92.0,4366.9
4689,1602,4,1,1,55,3,2,6,257,20180430,,20180430,44,,0,Non local,2,899.99,42721.03,0.05,90.0,4272.1
4690,1603,1,2,9,74,1,2,6,275,20180430,,20180430,60,,0,Non local,2,229.99,10917.24,0.05,23.0,1091.72
4691,1604,1,3,9,7,1,2,7,271,20180617,,20180617,7,,0,Non local,1,209.99,9967.88,0.1,21.0,996.79
4692,1605,1,3,7,123,3,3,8,72,20180701,,20180701,89,,0,Non local,1,619.99,29429.89,0.1,62.0,2942.99
4693,1605,2,3,9,123,5,3,8,186,20180701,,20180701,89,,0,Non local,1,4499.99,213607.03,0.2,900.0,42721.41
4694,1605,3,3,9,123,6,3,8,132,20180701,,20180701,89,,0,Non local,2,1499.99,71202.03,0.1,300.0,14240.41
4695,1605,4,3,1,123,2,3,8,301,20180701,,20180701,89,,0,Non local,1,899.99,42721.03,0.1,90.0,4272.1
4696,1605,5,3,9,123,6,3,8,29,20180701,,20180701,89,,0,Non local,1,999.99,47467.86,0.07,70.0,3322.75
4697,1606,1,3,1,119,3,3,8,245,20180710,,20180710,52,,0,Non local,1,659.99,31328.63,0.1,66.0,3132.86
4698,1606,2,3,9,119,1,3,8,271,20180710,,20180710,52,,0,Non local,1,209.99,9967.88,0.1,21.0,996.79
4699,1607,1,3,9,33,6,1,2,29,20180711,,20180711,31,,0,Non local,1,999.99,47467.86,0.05,50.0,2373.39
4700,1608,1,3,1,53,3,1,2,231,20180712,,20180712,46,,0,Non local,2,529.99,25157.74,0.05,53.0,2515.77
4701,1609,1,3,1,10,1,2,7,96,20180823,,20180823,10,,0,Non local,1,349.99,16613.44,0.2,70.0,3322.69
4702,1609,2,3,1,10,3,2,7,238,20180823,,20180823,10,,0,Non local,2,749.99,35600.78,0.2,300.0,14240.31
4703,1609,3,3,1,10,3,2,7,228,20180823,,20180823,10,,0,Non local,2,319.99,15189.39,0.1,64.0,3037.88
4704,1609,4,3,7,10,2,2,7,105,20180823,,20180823,10,,0,Non local,1,533.99,25347.62,0.2,106.8,5069.52
4705,1610,1,3,8,15,6,2,7,36,20180825,,20180825,15,,0,Non local,1,832.99,39540.65,0.07,58.31,2767.85
4706,1610,2,3,9,15,7,2,7,173,20180825,,20180825,15,,0,Non local,2,3199.99,151898.2,0.2,1280.0,60759.28
4707,1611,1,3,1,6,5,2,7,191,20180906,,20180906,6,,0,Non local,1,2799.99,132910.86,0.07,196.0,9303.76
4708,1611,2,3,9,6,7,2,7,171,20180906,,20180906,6,,0,Non local,2,3199.99,151898.2,0.1,640.0,30379.64
4709,1611,3,3,1,6,3,2,7,236,20180906,,20180906,6,,0,Non local,1,749.99,35600.78,0.2,150.0,7120.16
4710,1612,1,3,1,3,3,1,3,242,20181021,,20181021,3,,0,Non local,1,699.99,33227.36,0.1,70.0,3322.74
4711,1612,2,3,1,3,1,1,3,289,20181021,,20181021,3,,0,Non local,2,319.99,15189.39,0.05,32.0,1518.94
4712,1612,3,3,1,3,1,1,3,101,20181021,,20181021,3,,0,Non local,2,339.99,16138.76,0.2,136.0,6455.5
4713,1612,4,3,1,3,1,1,3,293,20181021,,20181021,3,,0,Non local,2,319.99,15189.39,0.07,44.8,2126.51
4714,1612,5,3,7,3,5,1,3,60,20181021,,20181021,3,,0,Non local,1,1559.99,74050.13,0.1,156.0,7405.01
4715,1613,1,3,9,1,7,2,6,153,20181118,,20181118,1,,0,Non local,1,4999.99,237341.2,0.07,350.0,16613.88
4716,1613,2,3,1,1,1,2,6,283,20181118,,20181118,1,,0,Non local,2,319.99,15189.39,0.05,32.0,1518.94
4717,1614,1,3,8,135,6,3,8,124,20181128,,20181128,40,,0,Non local,1,1499.0,71155.03,0.07,104.93,4980.85
4718,1614,2,3,9,135,7,3,8,159,20181128,,20181128,40,,0,Non local,2,2299.99,109176.7,0.07,322.0,15284.74
4719,1614,3,3,1,135,3,3,8,213,20181128,,20181128,40,,0,Non local,2,269.99,12815.98,0.2,108.0,5126.39
4720,1615,1,3,9,136,5,3,8,197,20181228,,20181228,14,,0,Non local,2,2299.99,109176.7,0.2,920.0,43670.68
4721,1615,2,3,1,136,3,3,8,214,20181228,,20181228,14,,0,Non local,1,899.99,42721.03,0.07,63.0,2990.47
4722,1615,3,3,9,136,7,3,8,182,20181228,,20181228,14,,0,Non local,1,2499.99,118670.36,0.2,500.0,23734.07
