order_id,customer_id,order_status,order_date,required_date,shipped_date,store_id,staff_id,extracted_date,data_source
1,259,4,2016-01-01,2016-01-03,2016-01-03,1,2,2025-11-24 02:06:42,mysql_database
2,1212,4,2016-01-01,2016-01-04,2016-01-03,2,6,2025-11-24 02:06:42,mysql_database
3,523,4,2016-01-02,2016-01-05,2016-01-03,2,7,2025-11-24 02:06:42,mysql_database
4,175,4,2016-01-03,2016-01-04,2016-01-05,1,3,2025-11-24 02:06:42,mysql_database
5,1324,4,2016-01-03,2016-01-06,2016-01-06,2,6,2025-11-24 02:06:42,mysql_database
6,94,4,2016-01-04,2016-01-07,2016-01-05,2,6,2025-11-24 02:06:42,mysql_database
7,324,4,2016-01-04,2016-01-07,2016-01-05,2,6,2025-11-24 02:06:42,mysql_database
8,1204,4,2016-01-04,2016-01-05,2016-01-05,2,7,2025-11-24 02:06:42,mysql_database
9,60,4,2016-01-05,2016-01-08,2016-01-08,1,2,2025-11-24 02:06:42,mysql_database
10,442,4,2016-01-05,2016-01-06,2016-01-06,2,6,2025-11-24 02:06:42,mysql_database
11,1326,4,2016-01-05,2016-01-08,2016-01-07,2,7,2025-11-24 02:06:42,mysql_database
12,91,4,2016-01-06,2016-01-08,2016-01-09,1,2,2025-11-24 02:06:42,mysql_database
13,873,4,2016-01-08,2016-01-11,2016-01-11,2,6,2025-11-24 02:06:42,mysql_database
14,258,4,2016-01-09,2016-01-11,2016-01-12,1,3,2025-11-24 02:06:42,mysql_database
15,450,4,2016-01-09,2016-01-10,2016-01-12,2,7,2025-11-24 02:06:42,mysql_database
16,552,4,2016-01-12,2016-01-15,2016-01-15,1,3,2025-11-24 02:06:42,mysql_database
17,1175,4,2016-01-12,2016-01-14,2016-01-14,1,3,2025-11-24 02:06:42,mysql_database
18,541,4,2016-01-14,2016-01-17,2016-01-15,1,3,2025-11-24 02:06:42,mysql_database
19,696,4,2016-01-14,2016-01-17,2016-01-16,1,2,2025-11-24 02:06:42,mysql_database
20,923,4,2016-01-14,2016-01-16,2016-01-17,1,2,2025-11-24 02:06:42,mysql_database
21,1250,4,2016-01-15,2016-01-16,2016-01-18,2,6,2025-11-24 02:06:42,mysql_database
22,1035,4,2016-01-16,2016-01-18,2016-01-17,1,2,2025-11-24 02:06:42,mysql_database
23,1149,4,2016-01-16,2016-01-19,2016-01-19,1,2,2025-11-24 02:06:42,mysql_database
24,636,4,2016-01-18,2016-01-20,2016-01-19,2,7,2025-11-24 02:06:42,mysql_database
25,657,4,2016-01-18,2016-01-21,2016-01-21,2,6,2025-11-24 02:06:42,mysql_database
26,1280,4,2016-01-18,2016-01-21,2016-01-19,2,7,2025-11-24 02:06:42,mysql_database
27,57,4,2016-01-19,2016-01-21,2016-01-20,2,7,2025-11-24 02:06:42,mysql_database
28,252,4,2016-01-19,2016-01-20,2016-01-21,2,6,2025-11-24 02:06:42,mysql_database
29,437,4,2016-01-20,2016-01-22,2016-01-21,2,6,2025-11-24 02:06:42,mysql_database
30,1348,4,2016-01-20,2016-01-21,2016-01-21,2,6,2025-11-24 02:06:42,mysql_database
31,1238,4,2016-01-20,2016-01-22,2016-01-22,3,8,2025-11-24 02:06:42,mysql_database
32,1259,4,2016-01-21,2016-01-24,2016-01-22,1,3,2025-11-24 02:06:42,mysql_database
33,236,4,2016-01-21,2016-01-22,2016-01-22,2,6,2025-11-24 02:06:42,mysql_database
34,80,4,2016-01-22,2016-01-25,2016-01-23,2,6,2025-11-24 02:06:42,mysql_database
35,813,4,2016-01-22,2016-01-25,2016-01-24,2,7,2025-11-24 02:06:42,mysql_database
36,1321,4,2016-01-23,2016-01-24,2016-01-24,2,6,2025-11-24 02:06:42,mysql_database
37,164,4,2016-01-25,2016-01-28,2016-01-26,2,6,2025-11-24 02:06:42,mysql_database
38,583,4,2016-01-25,2016-01-27,2016-01-26,2,7,2025-11-24 02:06:42,mysql_database
39,1296,4,2016-01-25,2016-01-26,2016-01-26,2,7,2025-11-24 02:06:42,mysql_database
40,348,4,2016-01-27,2016-01-28,2016-01-29,1,3,2025-11-24 02:06:42,mysql_database
41,979,4,2016-01-27,2016-01-30,2016-01-29,2,6,2025-11-24 02:06:42,mysql_database
42,1095,4,2016-01-27,2016-01-28,2016-01-30,2,7,2025-11-24 02:06:42,mysql_database
43,1434,4,2016-01-27,2016-01-28,2016-01-30,2,7,2025-11-24 02:06:42,mysql_database
44,861,4,2016-01-28,2016-01-31,2016-01-30,2,7,2025-11-24 02:06:42,mysql_database
45,1220,4,2016-01-28,2016-01-31,2016-01-31,2,7,2025-11-24 02:06:42,mysql_database
46,746,4,2016-01-29,2016-01-31,2016-01-31,2,7,2025-11-24 02:06:42,mysql_database
47,1234,4,2016-01-29,2016-01-30,2016-01-31,2,7,2025-11-24 02:06:42,mysql_database
48,1012,4,2016-01-30,2016-02-01,2016-02-02,2,7,2025-11-24 02:06:42,mysql_database
49,608,4,2016-01-31,2016-02-01,2016-02-02,2,6,2025-11-24 02:06:42,mysql_database
50,872,4,2016-01-31,2016-02-03,2016-02-02,3,8,2025-11-24 02:06:42,mysql_database
51,1047,4,2016-02-01,2016-02-02,2016-02-03,2,7,2025-11-24 02:06:42,mysql_database
52,767,4,2016-02-03,2016-02-04,2016-02-05,1,2,2025-11-24 02:06:42,mysql_database
53,965,4,2016-02-03,2016-02-04,2016-02-05,2,6,2025-11-24 02:06:42,mysql_database
54,535,4,2016-02-04,2016-02-07,2016-02-07,2,7,2025-11-24 02:06:42,mysql_database
55,1173,4,2016-02-04,2016-02-07,2016-02-06,2,6,2025-11-24 02:06:42,mysql_database
56,1241,4,2016-02-04,2016-02-06,2016-02-07,2,6,2025-11-24 02:06:42,mysql_database
57,1305,4,2016-02-04,2016-02-06,2016-02-06,2,7,2025-11-24 02:06:42,mysql_database
58,504,4,2016-02-05,2016-02-07,2016-02-07,2,6,2025-11-24 02:06:42,mysql_database
59,563,4,2016-02-05,2016-02-07,2016-02-06,2,7,2025-11-24 02:06:42,mysql_database
60,151,4,2016-02-06,2016-02-08,2016-02-07,1,3,2025-11-24 02:06:42,mysql_database
61,277,4,2016-02-06,2016-02-09,2016-02-09,2,7,2025-11-24 02:06:42,mysql_database
62,208,4,2016-02-07,2016-02-10,2016-02-10,1,2,2025-11-24 02:06:42,mysql_database
63,1075,4,2016-02-07,2016-02-09,2016-02-09,2,7,2025-11-24 02:06:42,mysql_database
64,1185,4,2016-02-07,2016-02-08,2016-02-09,2,6,2025-11-24 02:06:42,mysql_database
65,996,4,2016-02-08,2016-02-09,2016-02-11,2,6,2025-11-24 02:06:42,mysql_database
66,1253,4,2016-02-09,2016-02-12,2016-02-12,2,7,2025-11-24 02:06:42,mysql_database
67,526,4,2016-02-09,2016-02-11,2016-02-10,3,8,2025-11-24 02:06:42,mysql_database
68,381,4,2016-02-10,2016-02-11,2016-02-13,2,6,2025-11-24 02:06:42,mysql_database
69,1413,4,2016-02-10,2016-02-12,2016-02-11,2,7,2025-11-24 02:06:42,mysql_database
70,50,3,2016-02-11,2016-02-11,,3,9,2025-11-24 02:06:42,mysql_database
71,797,4,2016-02-11,2016-02-14,2016-02-12,2,7,2025-11-24 02:06:42,mysql_database
72,1386,4,2016-02-12,2016-02-15,2016-02-13,1,2,2025-11-24 02:06:42,mysql_database
73,612,4,2016-02-12,2016-02-15,2016-02-14,2,7,2025-11-24 02:06:42,mysql_database
74,264,4,2016-02-13,2016-02-15,2016-02-15,2,7,2025-11-24 02:06:42,mysql_database
75,587,4,2016-02-14,2016-02-15,2016-02-17,2,6,2025-11-24 02:06:42,mysql_database
76,9,3,2016-02-16,2016-02-16,,2,6,2025-11-24 02:06:42,mysql_database
77,385,4,2016-02-16,2016-02-19,2016-02-19,1,2,2025-11-24 02:06:42,mysql_database
78,1182,4,2016-02-16,2016-02-18,2016-02-19,2,7,2025-11-24 02:06:42,mysql_database
79,529,4,2016-02-17,2016-02-20,2016-02-20,1,3,2025-11-24 02:06:42,mysql_database
80,397,4,2016-02-17,2016-02-20,2016-02-19,2,6,2025-11-24 02:06:42,mysql_database
81,521,4,2016-02-17,2016-02-19,2016-02-18,2,6,2025-11-24 02:06:42,mysql_database
82,1223,4,2016-02-18,2016-02-21,2016-02-20,2,6,2025-11-24 02:06:42,mysql_database
83,393,4,2016-02-19,2016-02-20,2016-02-20,1,3,2025-11-24 02:06:42,mysql_database
84,317,4,2016-02-20,2016-02-22,2016-02-21,2,7,2025-11-24 02:06:42,mysql_database
85,1174,4,2016-02-20,2016-02-23,2016-02-21,2,7,2025-11-24 02:06:42,mysql_database
86,276,4,2016-02-21,2016-02-22,2016-02-23,2,7,2025-11-24 02:06:42,mysql_database
87,516,4,2016-02-21,2016-02-22,2016-02-23,2,6,2025-11-24 02:06:42,mysql_database
88,1069,4,2016-02-21,2016-02-22,2016-02-23,2,6,2025-11-24 02:06:42,mysql_database
89,668,4,2016-02-21,2016-02-24,2016-02-24,3,8,2025-11-24 02:06:42,mysql_database
90,414,4,2016-02-23,2016-02-25,2016-02-24,2,7,2025-11-24 02:06:42,mysql_database
91,648,4,2016-02-25,2016-02-27,2016-02-28,1,2,2025-11-24 02:06:42,mysql_database
92,1309,4,2016-02-25,2016-02-28,2016-02-28,2,7,2025-11-24 02:06:42,mysql_database
93,1328,4,2016-02-26,2016-02-28,2016-02-27,1,3,2025-11-24 02:06:42,mysql_database
94,929,4,2016-02-27,2016-02-28,2016-02-29,1,2,2025-11-24 02:06:42,mysql_database
95,218,4,2016-02-27,2016-02-29,2016-02-28,2,7,2025-11-24 02:06:42,mysql_database
96,1094,4,2016-02-27,2016-02-29,2016-02-28,2,7,2025-11-24 02:06:42,mysql_database
97,204,4,2016-02-28,2016-02-29,2016-03-01,2,7,2025-11-24 02:06:42,mysql_database
98,1194,4,2016-02-28,2016-02-29,2016-02-29,2,6,2025-11-24 02:06:42,mysql_database
99,1165,4,2016-02-29,2016-03-01,2016-03-03,3,9,2025-11-24 02:06:42,mysql_database
100,1237,4,2016-03-01,2016-03-04,2016-03-03,2,7,2025-11-24 02:06:42,mysql_database
101,271,4,2016-03-01,2016-03-04,2016-03-04,3,8,2025-11-24 02:06:42,mysql_database
102,336,4,2016-03-02,2016-03-05,2016-03-03,2,7,2025-11-24 02:06:42,mysql_database
103,991,4,2016-03-03,2016-03-06,2016-03-05,1,2,2025-11-24 02:06:42,mysql_database
104,7,4,2016-03-03,2016-03-05,2016-03-05,2,7,2025-11-24 02:06:42,mysql_database
105,306,4,2016-03-03,2016-03-05,2016-03-04,2,7,2025-11-24 02:06:42,mysql_database
106,422,4,2016-03-04,2016-03-05,2016-03-05,3,9,2025-11-24 02:06:42,mysql_database
107,633,4,2016-03-06,2016-03-09,2016-03-09,1,2,2025-11-24 02:06:42,mysql_database
108,12,4,2016-03-06,2016-03-09,2016-03-07,2,6,2025-11-24 02:06:42,mysql_database
109,1255,4,2016-03-06,2016-03-09,2016-03-09,2,6,2025-11-24 02:06:42,mysql_database
110,677,4,2016-03-06,2016-03-08,2016-03-09,3,9,2025-11-24 02:06:42,mysql_database
111,630,4,2016-03-07,2016-03-10,2016-03-10,2,6,2025-11-24 02:06:42,mysql_database
112,469,4,2016-03-08,2016-03-11,2016-03-10,2,6,2025-11-24 02:06:42,mysql_database
113,1078,4,2016-03-08,2016-03-11,2016-03-11,2,6,2025-11-24 02:06:42,mysql_database
114,1431,4,2016-03-08,2016-03-10,2016-03-11,2,7,2025-11-24 02:06:42,mysql_database
115,1369,4,2016-03-09,2016-03-11,2016-03-11,2,7,2025-11-24 02:06:42,mysql_database
116,471,4,2016-03-10,2016-03-11,2016-03-11,2,7,2025-11-24 02:06:42,mysql_database
117,740,4,2016-03-10,2016-03-13,2016-03-11,2,6,2025-11-24 02:06:42,mysql_database
118,577,4,2016-03-12,2016-03-14,2016-03-13,1,2,2025-11-24 02:06:42,mysql_database
119,925,4,2016-03-12,2016-03-14,2016-03-14,2,7,2025-11-24 02:06:42,mysql_database
120,327,4,2016-03-14,2016-03-15,2016-03-17,2,7,2025-11-24 02:06:42,mysql_database
121,755,4,2016-03-14,2016-03-15,2016-03-16,2,6,2025-11-24 02:06:42,mysql_database
122,786,4,2016-03-14,2016-03-16,2016-03-15,2,6,2025-11-24 02:06:42,mysql_database
123,766,4,2016-03-15,2016-03-18,2016-03-17,2,6,2025-11-24 02:06:42,mysql_database
124,403,4,2016-03-16,2016-03-18,2016-03-17,1,3,2025-11-24 02:06:42,mysql_database
125,685,4,2016-03-16,2016-03-19,2016-03-17,2,6,2025-11-24 02:06:42,mysql_database
126,1365,4,2016-03-16,2016-03-18,2016-03-18,2,7,2025-11-24 02:06:42,mysql_database
127,484,4,2016-03-17,2016-03-18,2016-03-19,3,8,2025-11-24 02:06:42,mysql_database
128,86,4,2016-03-18,2016-03-20,2016-03-21,2,6,2025-11-24 02:06:42,mysql_database
129,84,4,2016-03-19,2016-03-21,2016-03-21,2,7,2025-11-24 02:06:42,mysql_database
130,1049,4,2016-03-19,2016-03-22,2016-03-20,2,6,2025-11-24 02:06:42,mysql_database
131,316,4,2016-03-19,2016-03-22,2016-03-20,3,8,2025-11-24 02:06:42,mysql_database
132,46,4,2016-03-20,2016-03-22,2016-03-23,1,3,2025-11-24 02:06:42,mysql_database
133,409,4,2016-03-20,2016-03-22,2016-03-21,2,7,2025-11-24 02:06:42,mysql_database
134,679,4,2016-03-20,2016-03-21,2016-03-21,2,7,2025-11-24 02:06:42,mysql_database
135,1354,4,2016-03-21,2016-03-23,2016-03-23,2,7,2025-11-24 02:06:42,mysql_database
136,1192,4,2016-03-21,2016-03-24,2016-03-23,3,8,2025-11-24 02:06:42,mysql_database
137,370,4,2016-03-23,2016-03-26,2016-03-25,2,7,2025-11-24 02:06:42,mysql_database
138,438,4,2016-03-23,2016-03-24,2016-03-25,2,7,2025-11-24 02:06:42,mysql_database
139,710,4,2016-03-23,2016-03-24,2016-03-26,2,7,2025-11-24 02:06:42,mysql_database
140,1264,4,2016-03-23,2016-03-26,2016-03-26,2,7,2025-11-24 02:06:42,mysql_database
141,557,4,2016-03-25,2016-03-27,2016-03-26,2,7,2025-11-24 02:06:42,mysql_database
142,170,4,2016-03-26,2016-03-27,2016-03-27,1,3,2025-11-24 02:06:42,mysql_database
143,693,4,2016-03-26,2016-03-28,2016-03-28,2,7,2025-11-24 02:06:42,mysql_database
144,1124,4,2016-03-26,2016-03-29,2016-03-29,2,7,2025-11-24 02:06:42,mysql_database
145,366,4,2016-03-27,2016-03-29,2016-03-30,2,6,2025-11-24 02:06:42,mysql_database
146,288,4,2016-03-28,2016-03-30,2016-03-30,1,3,2025-11-24 02:06:42,mysql_database
147,55,4,2016-03-28,2016-03-31,2016-03-31,2,7,2025-11-24 02:06:42,mysql_database
148,714,4,2016-03-28,2016-03-30,2016-03-30,2,6,2025-11-24 02:06:42,mysql_database
149,763,4,2016-03-28,2016-03-30,2016-03-29,2,6,2025-11-24 02:06:42,mysql_database
150,332,4,2016-03-29,2016-03-31,2016-04-01,1,2,2025-11-24 02:06:42,mysql_database
151,926,4,2016-03-29,2016-04-01,2016-03-31,1,2,2025-11-24 02:06:42,mysql_database
152,76,4,2016-03-29,2016-03-30,2016-03-30,2,6,2025-11-24 02:06:42,mysql_database
153,498,4,2016-03-30,2016-04-02,2016-04-01,2,6,2025-11-24 02:06:42,mysql_database
154,1286,4,2016-03-31,2016-04-01,2016-04-01,1,2,2025-11-24 02:06:42,mysql_database
155,371,4,2016-04-02,2016-04-03,2016-04-04,2,6,2025-11-24 02:06:42,mysql_database
156,357,4,2016-04-03,2016-04-06,2016-04-05,1,3,2025-11-24 02:06:42,mysql_database
157,43,4,2016-04-03,2016-04-06,2016-04-06,3,8,2025-11-24 02:06:42,mysql_database
158,117,3,2016-04-04,2016-04-04,,3,9,2025-11-24 02:06:42,mysql_database
159,32,4,2016-04-04,2016-04-06,2016-04-06,1,2,2025-11-24 02:06:42,mysql_database
160,205,4,2016-04-04,2016-04-06,2016-04-06,2,7,2025-11-24 02:06:42,mysql_database
161,251,4,2016-04-04,2016-04-07,2016-04-05,2,7,2025-11-24 02:06:42,mysql_database
162,31,4,2016-04-06,2016-04-08,2016-04-07,1,3,2025-11-24 02:06:42,mysql_database
163,1325,4,2016-04-06,2016-04-07,2016-04-07,2,7,2025-11-24 02:06:42,mysql_database
164,610,4,2016-04-07,2016-04-08,2016-04-09,2,7,2025-11-24 02:06:42,mysql_database
165,574,4,2016-04-08,2016-04-10,2016-04-10,1,3,2025-11-24 02:06:42,mysql_database
166,338,4,2016-04-08,2016-04-11,2016-04-11,2,6,2025-11-24 02:06:42,mysql_database
167,1034,4,2016-04-08,2016-04-09,2016-04-11,2,7,2025-11-24 02:06:42,mysql_database
168,1147,4,2016-04-09,2016-04-12,2016-04-11,1,3,2025-11-24 02:06:42,mysql_database
169,99,4,2016-04-10,2016-04-11,2016-04-11,2,7,2025-11-24 02:06:42,mysql_database
170,1200,4,2016-04-10,2016-04-11,2016-04-13,2,7,2025-11-24 02:06:42,mysql_database
171,237,4,2016-04-11,2016-04-14,2016-04-14,1,3,2025-11-24 02:06:42,mysql_database
172,1079,4,2016-04-11,2016-04-12,2016-04-14,2,7,2025-11-24 02:06:42,mysql_database
173,117,4,2016-04-11,2016-04-14,2016-04-13,3,8,2025-11-24 02:06:42,mysql_database
174,1361,4,2016-04-12,2016-04-13,2016-04-15,2,7,2025-11-24 02:06:42,mysql_database
175,951,4,2016-04-13,2016-04-14,2016-04-14,2,6,2025-11-24 02:06:42,mysql_database
176,643,4,2016-04-15,2016-04-16,2016-04-17,2,7,2025-11-24 02:06:42,mysql_database
177,121,4,2016-04-16,2016-04-19,2016-04-19,1,2,2025-11-24 02:06:42,mysql_database
178,756,4,2016-04-16,2016-04-17,2016-04-18,2,6,2025-11-24 02:06:42,mysql_database
179,616,4,2016-04-17,2016-04-19,2016-04-19,2,6,2025-11-24 02:06:42,mysql_database
180,918,4,2016-04-17,2016-04-20,2016-04-19,2,7,2025-11-24 02:06:42,mysql_database
181,459,4,2016-04-18,2016-04-20,2016-04-20,1,3,2025-11-24 02:06:42,mysql_database
182,854,4,2016-04-18,2016-04-19,2016-04-20,2,6,2025-11-24 02:06:42,mysql_database
183,22,4,2016-04-19,2016-04-20,2016-04-20,2,7,2025-11-24 02:06:42,mysql_database
184,134,4,2016-04-19,2016-04-21,2016-04-22,2,7,2025-11-24 02:06:42,mysql_database
185,24,3,2016-04-20,2016-04-20,,1,2,2025-11-24 02:06:42,mysql_database
186,1127,4,2016-04-21,2016-04-22,2016-04-24,2,6,2025-11-24 02:06:42,mysql_database
187,183,4,2016-04-22,2016-04-23,2016-04-24,2,6,2025-11-24 02:06:42,mysql_database
188,390,4,2016-04-22,2016-04-23,2016-04-25,2,6,2025-11-24 02:06:42,mysql_database
189,1288,4,2016-04-23,2016-04-24,2016-04-26,1,2,2025-11-24 02:06:42,mysql_database
190,98,4,2016-04-23,2016-04-25,2016-04-25,2,6,2025-11-24 02:06:42,mysql_database
191,919,4,2016-04-27,2016-04-28,2016-04-28,1,2,2025-11-24 02:06:42,mysql_database
192,728,4,2016-04-27,2016-04-28,2016-04-29,2,7,2025-11-24 02:06:42,mysql_database
193,1366,4,2016-04-28,2016-04-30,2016-04-30,1,3,2025-11-24 02:06:42,mysql_database
194,558,4,2016-04-28,2016-04-30,2016-05-01,2,7,2025-11-24 02:06:42,mysql_database
195,727,4,2016-04-28,2016-05-01,2016-05-01,2,7,2025-11-24 02:06:42,mysql_database
196,1247,4,2016-04-28,2016-04-30,2016-05-01,2,6,2025-11-24 02:06:42,mysql_database
197,127,4,2016-04-30,2016-05-03,2016-05-03,2,7,2025-11-24 02:06:42,mysql_database
198,640,4,2016-05-01,2016-05-04,2016-05-03,2,6,2025-11-24 02:06:42,mysql_database
199,760,4,2016-05-01,2016-05-04,2016-05-04,2,7,2025-11-24 02:06:42,mysql_database
200,1074,4,2016-05-01,2016-05-03,2016-05-03,2,6,2025-11-24 02:06:42,mysql_database
201,280,4,2016-05-01,2016-05-04,2016-05-02,3,9,2025-11-24 02:06:42,mysql_database
202,600,4,2016-05-03,2016-05-05,2016-05-04,1,2,2025-11-24 02:06:42,mysql_database
203,1102,4,2016-05-03,2016-05-05,2016-05-06,3,9,2025-11-24 02:06:42,mysql_database
204,591,4,2016-05-04,2016-05-07,2016-05-06,2,7,2025-11-24 02:06:42,mysql_database
205,635,4,2016-05-04,2016-05-05,2016-05-06,2,6,2025-11-24 02:06:42,mysql_database
206,743,4,2016-05-04,2016-05-06,2016-05-05,3,9,2025-11-24 02:06:42,mysql_database
207,105,4,2016-05-05,2016-05-07,2016-05-07,2,7,2025-11-24 02:06:42,mysql_database
208,815,4,2016-05-06,2016-05-07,2016-05-09,2,7,2025-11-24 02:06:42,mysql_database
209,514,4,2016-05-07,2016-05-08,2016-05-08,2,6,2025-11-24 02:06:42,mysql_database
210,943,4,2016-05-07,2016-05-08,2016-05-09,2,6,2025-11-24 02:06:42,mysql_database
211,1140,4,2016-05-07,2016-05-09,2016-05-08,2,6,2025-11-24 02:06:42,mysql_database
212,1373,4,2016-05-08,2016-05-09,2016-05-11,2,6,2025-11-24 02:06:42,mysql_database
213,788,4,2016-05-08,2016-05-09,2016-05-09,3,8,2025-11-24 02:06:42,mysql_database
214,363,4,2016-05-10,2016-05-12,2016-05-11,2,6,2025-11-24 02:06:42,mysql_database
215,1420,4,2016-05-10,2016-05-13,2016-05-12,2,7,2025-11-24 02:06:42,mysql_database
216,267,4,2016-05-11,2016-05-14,2016-05-13,1,3,2025-11-24 02:06:42,mysql_database
217,716,4,2016-05-11,2016-05-12,2016-05-14,2,7,2025-11-24 02:06:42,mysql_database
218,1179,4,2016-05-12,2016-05-14,2016-05-14,2,7,2025-11-24 02:06:42,mysql_database
219,1338,4,2016-05-12,2016-05-15,2016-05-15,2,6,2025-11-24 02:06:42,mysql_database
220,1358,4,2016-05-12,2016-05-14,2016-05-15,2,6,2025-11-24 02:06:42,mysql_database
221,1218,4,2016-05-13,2016-05-16,2016-05-14,1,2,2025-11-24 02:06:42,mysql_database
222,51,4,2016-05-13,2016-05-16,2016-05-14,2,6,2025-11-24 02:06:42,mysql_database
223,1368,4,2016-05-15,2016-05-16,2016-05-17,2,7,2025-11-24 02:06:42,mysql_database
224,157,4,2016-05-17,2016-05-18,2016-05-19,1,3,2025-11-24 02:06:42,mysql_database
225,307,4,2016-05-17,2016-05-20,2016-05-19,1,3,2025-11-24 02:06:42,mysql_database
226,501,4,2016-05-17,2016-05-19,2016-05-20,1,2,2025-11-24 02:06:42,mysql_database
227,489,4,2016-05-17,2016-05-18,2016-05-20,2,7,2025-11-24 02:06:42,mysql_database
228,615,4,2016-05-17,2016-05-20,2016-05-20,2,7,2025-11-24 02:06:42,mysql_database
229,742,4,2016-05-19,2016-05-21,2016-05-20,2,6,2025-11-24 02:06:42,mysql_database
230,1167,4,2016-05-19,2016-05-20,2016-05-21,2,6,2025-11-24 02:06:42,mysql_database
231,1257,4,2016-05-19,2016-05-22,2016-05-21,2,6,2025-11-24 02:06:42,mysql_database
232,1360,4,2016-05-20,2016-05-23,2016-05-23,1,3,2025-11-24 02:06:42,mysql_database
233,737,4,2016-05-21,2016-05-22,2016-05-24,2,6,2025-11-24 02:06:42,mysql_database
234,1435,4,2016-05-22,2016-05-24,2016-05-24,2,6,2025-11-24 02:06:42,mysql_database
235,649,4,2016-05-24,2016-05-25,2016-05-25,2,6,2025-11-24 02:06:42,mysql_database
236,206,4,2016-05-25,2016-05-27,2016-05-26,2,6,2025-11-24 02:06:42,mysql_database
237,1351,4,2016-05-25,2016-05-26,2016-05-27,2,7,2025-11-24 02:06:42,mysql_database
238,1350,4,2016-05-26,2016-05-29,2016-05-29,2,6,2025-11-24 02:06:42,mysql_database
239,13,3,2016-05-27,2016-05-27,,3,9,2025-11-24 02:06:42,mysql_database
240,65,4,2016-05-27,2016-05-29,2016-05-30,2,6,2025-11-24 02:06:42,mysql_database
241,1082,4,2016-05-27,2016-05-29,2016-05-29,2,7,2025-11-24 02:06:42,mysql_database
242,1168,4,2016-05-27,2016-05-30,2016-05-30,2,7,2025-11-24 02:06:42,mysql_database
243,802,4,2016-05-27,2016-05-30,2016-05-28,3,8,2025-11-24 02:06:42,mysql_database
244,956,4,2016-05-28,2016-05-29,2016-05-29,2,6,2025-11-24 02:06:42,mysql_database
245,223,4,2016-05-29,2016-05-31,2016-05-30,2,7,2025-11-24 02:06:42,mysql_database
246,17,3,2016-05-30,2016-05-30,,2,6,2025-11-24 02:06:42,mysql_database
247,928,4,2016-05-30,2016-06-01,2016-06-01,1,3,2025-11-24 02:06:42,mysql_database
248,1376,4,2016-05-30,2016-06-01,2016-05-31,2,7,2025-11-24 02:06:42,mysql_database
249,145,4,2016-06-01,2016-06-04,2016-06-04,2,6,2025-11-24 02:06:42,mysql_database
250,150,4,2016-06-01,2016-06-02,2016-06-04,2,7,2025-11-24 02:06:42,mysql_database
251,851,4,2016-06-01,2016-06-04,2016-06-04,2,7,2025-11-24 02:06:42,mysql_database
252,66,4,2016-06-01,2016-06-04,2016-06-02,3,8,2025-11-24 02:06:42,mysql_database
253,1267,4,2016-06-02,2016-06-05,2016-06-05,2,6,2025-11-24 02:06:42,mysql_database
254,510,4,2016-06-03,2016-06-06,2016-06-05,2,7,2025-11-24 02:06:42,mysql_database
255,801,4,2016-06-03,2016-06-06,2016-06-05,2,7,2025-11-24 02:06:42,mysql_database
256,26,4,2016-06-04,2016-06-05,2016-06-07,2,7,2025-11-24 02:06:42,mysql_database
257,1314,4,2016-06-05,2016-06-06,2016-06-08,1,3,2025-11-24 02:06:42,mysql_database
258,107,4,2016-06-06,2016-06-07,2016-06-07,2,7,2025-11-24 02:06:42,mysql_database
259,413,4,2016-06-06,2016-06-09,2016-06-09,2,7,2025-11-24 02:06:42,mysql_database
260,632,4,2016-06-06,2016-06-08,2016-06-08,2,6,2025-11-24 02:06:42,mysql_database
261,1045,4,2016-06-08,2016-06-10,2016-06-09,1,2,2025-11-24 02:06:42,mysql_database
262,579,4,2016-06-08,2016-06-11,2016-06-10,3,9,2025-11-24 02:06:42,mysql_database
263,1322,4,2016-06-09,2016-06-10,2016-06-12,2,6,2025-11-24 02:06:42,mysql_database
264,5,3,2016-06-10,2016-06-10,,1,3,2025-11-24 02:06:42,mysql_database
265,682,4,2016-06-10,2016-06-12,2016-06-11,2,7,2025-11-24 02:06:42,mysql_database
266,933,4,2016-06-10,2016-06-13,2016-06-13,2,7,2025-11-24 02:06:42,mysql_database
267,282,4,2016-06-11,2016-06-14,2016-06-14,1,3,2025-11-24 02:06:42,mysql_database
268,540,4,2016-06-11,2016-06-14,2016-06-12,1,3,2025-11-24 02:06:42,mysql_database
269,764,4,2016-06-12,2016-06-13,2016-06-15,2,6,2025-11-24 02:06:42,mysql_database
270,879,4,2016-06-12,2016-06-15,2016-06-13,2,7,2025-11-24 02:06:42,mysql_database
271,350,4,2016-06-13,2016-06-16,2016-06-14,2,7,2025-11-24 02:06:42,mysql_database
272,497,4,2016-06-15,2016-06-18,2016-06-16,2,7,2025-11-24 02:06:42,mysql_database
273,1340,4,2016-06-16,2016-06-19,2016-06-17,2,7,2025-11-24 02:06:42,mysql_database
274,411,4,2016-06-17,2016-06-20,2016-06-18,2,7,2025-11-24 02:06:42,mysql_database
275,1341,4,2016-06-17,2016-06-19,2016-06-18,2,7,2025-11-24 02:06:42,mysql_database
276,1227,4,2016-06-18,2016-06-19,2016-06-19,2,6,2025-11-24 02:06:42,mysql_database
277,546,4,2016-06-19,2016-06-20,2016-06-20,2,7,2025-11-24 02:06:42,mysql_database
278,1301,4,2016-06-20,2016-06-23,2016-06-21,1,3,2025-11-24 02:06:42,mysql_database
279,378,4,2016-06-21,2016-06-22,2016-06-22,2,6,2025-11-24 02:06:42,mysql_database
280,638,4,2016-06-21,2016-06-22,2016-06-23,2,7,2025-11-24 02:06:42,mysql_database
281,800,4,2016-06-21,2016-06-22,2016-06-23,2,7,2025-11-24 02:06:42,mysql_database
282,159,4,2016-06-22,2016-06-25,2016-06-25,3,9,2025-11-24 02:06:42,mysql_database
283,181,4,2016-06-23,2016-06-26,2016-06-26,1,2,2025-11-24 02:06:42,mysql_database
284,1356,4,2016-06-23,2016-06-25,2016-06-25,2,7,2025-11-24 02:06:42,mysql_database
285,319,4,2016-06-25,2016-06-26,2016-06-27,1,2,2025-11-24 02:06:42,mysql_database
286,59,4,2016-06-25,2016-06-26,2016-06-26,2,6,2025-11-24 02:06:42,mysql_database
287,133,4,2016-06-25,2016-06-26,2016-06-27,2,6,2025-11-24 02:06:42,mysql_database
288,780,4,2016-06-25,2016-06-28,2016-06-28,2,6,2025-11-24 02:06:42,mysql_database
289,849,4,2016-06-27,2016-06-28,2016-06-30,2,6,2025-11-24 02:06:42,mysql_database
290,202,4,2016-06-28,2016-06-29,2016-06-30,2,6,2025-11-24 02:06:42,mysql_database
291,158,4,2016-06-29,2016-06-30,2016-07-01,2,6,2025-11-24 02:06:42,mysql_database
292,360,4,2016-06-29,2016-06-30,2016-07-02,3,9,2025-11-24 02:06:42,mysql_database
293,573,4,2016-06-30,2016-07-03,2016-07-02,2,7,2025-11-24 02:06:42,mysql_database
294,732,4,2016-07-01,2016-07-02,2016-07-02,2,7,2025-11-24 02:06:42,mysql_database
295,1130,4,2016-07-01,2016-07-04,2016-07-04,2,7,2025-11-24 02:06:42,mysql_database
296,1245,4,2016-07-04,2016-07-07,2016-07-06,2,6,2025-11-24 02:06:42,mysql_database
297,1425,4,2016-07-04,2016-07-05,2016-07-06,2,7,2025-11-24 02:06:42,mysql_database
298,885,4,2016-07-04,2016-07-07,2016-07-07,3,9,2025-11-24 02:06:42,mysql_database
299,281,4,2016-07-05,2016-07-06,2016-07-07,2,6,2025-11-24 02:06:42,mysql_database
300,1205,4,2016-07-05,2016-07-08,2016-07-08,2,6,2025-11-24 02:06:42,mysql_database
301,17,4,2016-07-06,2016-07-09,2016-07-08,2,6,2025-11-24 02:06:42,mysql_database
302,1375,4,2016-07-06,2016-07-07,2016-07-09,2,6,2025-11-24 02:06:42,mysql_database
303,36,4,2016-07-07,2016-07-08,2016-07-09,2,7,2025-11-24 02:06:42,mysql_database
304,230,4,2016-07-07,2016-07-08,2016-07-08,2,6,2025-11-24 02:06:42,mysql_database
305,705,4,2016-07-07,2016-07-08,2016-07-08,2,7,2025-11-24 02:06:42,mysql_database
306,424,4,2016-07-09,2016-07-10,2016-07-12,2,7,2025-11-24 02:06:42,mysql_database
307,695,4,2016-07-09,2016-07-11,2016-07-11,2,6,2025-11-24 02:06:42,mysql_database
308,156,4,2016-07-11,2016-07-12,2016-07-14,2,6,2025-11-24 02:06:42,mysql_database
309,211,4,2016-07-11,2016-07-13,2016-07-13,2,6,2025-11-24 02:06:42,mysql_database
310,627,4,2016-07-12,2016-07-13,2016-07-13,1,2,2025-11-24 02:06:42,mysql_database
311,1400,4,2016-07-12,2016-07-14,2016-07-13,2,6,2025-11-24 02:06:42,mysql_database
312,299,4,2016-07-13,2016-07-15,2016-07-16,2,6,2025-11-24 02:06:42,mysql_database
313,565,4,2016-07-14,2016-07-15,2016-07-15,3,9,2025-11-24 02:06:42,mysql_database
314,1019,4,2016-07-15,2016-07-17,2016-07-17,2,7,2025-11-24 02:06:42,mysql_database
315,1263,4,2016-07-16,2016-07-19,2016-07-17,2,6,2025-11-24 02:06:42,mysql_database
316,670,4,2016-07-17,2016-07-20,2016-07-19,2,7,2025-11-24 02:06:42,mysql_database
317,795,4,2016-07-17,2016-07-20,2016-07-19,2,7,2025-11-24 02:06:42,mysql_database
318,1141,4,2016-07-17,2016-07-19,2016-07-20,2,7,2025-11-24 02:06:42,mysql_database
319,941,4,2016-07-18,2016-07-21,2016-07-21,2,6,2025-11-24 02:06:42,mysql_database
320,1428,4,2016-07-19,2016-07-20,2016-07-21,1,2,2025-11-24 02:06:42,mysql_database
321,568,4,2016-07-19,2016-07-22,2016-07-21,2,6,2025-11-24 02:06:42,mysql_database
322,924,4,2016-07-19,2016-07-22,2016-07-20,2,6,2025-11-24 02:06:42,mysql_database
323,1243,4,2016-07-19,2016-07-22,2016-07-21,2,6,2025-11-24 02:06:42,mysql_database
324,480,4,2016-07-20,2016-07-22,2016-07-23,2,6,2025-11-24 02:06:42,mysql_database
325,848,4,2016-07-20,2016-07-21,2016-07-21,2,6,2025-11-24 02:06:42,mysql_database
326,1337,4,2016-07-20,2016-07-21,2016-07-22,3,9,2025-11-24 02:06:42,mysql_database
327,83,4,2016-07-21,2016-07-24,2016-07-22,2,6,2025-11-24 02:06:42,mysql_database
328,528,4,2016-07-23,2016-07-26,2016-07-25,2,6,2025-11-24 02:06:42,mysql_database
329,274,4,2016-07-24,2016-07-27,2016-07-26,2,6,2025-11-24 02:06:42,mysql_database
330,622,4,2016-07-24,2016-07-27,2016-07-27,2,6,2025-11-24 02:06:42,mysql_database
331,642,4,2016-07-24,2016-07-26,2016-07-25,2,6,2025-11-24 02:06:42,mysql_database
332,659,4,2016-07-24,2016-07-26,2016-07-26,2,7,2025-11-24 02:06:42,mysql_database
333,779,4,2016-07-25,2016-07-27,2016-07-26,2,6,2025-11-24 02:06:42,mysql_database
334,1112,4,2016-07-25,2016-07-28,2016-07-27,2,7,2025-11-24 02:06:42,mysql_database
335,1193,4,2016-07-25,2016-07-27,2016-07-26,2,6,2025-11-24 02:06:42,mysql_database
336,1030,4,2016-07-26,2016-07-29,2016-07-27,2,7,2025-11-24 02:06:42,mysql_database
337,1252,4,2016-07-26,2016-07-27,2016-07-28,2,7,2025-11-24 02:06:42,mysql_database
338,1333,4,2016-07-28,2016-07-29,2016-07-30,1,3,2025-11-24 02:06:42,mysql_database
339,1110,4,2016-07-28,2016-07-31,2016-07-29,2,7,2025-11-24 02:06:42,mysql_database
340,963,4,2016-07-29,2016-07-30,2016-07-31,2,7,2025-11-24 02:06:42,mysql_database
341,1357,4,2016-07-31,2016-08-03,2016-08-01,1,3,2025-11-24 02:06:42,mysql_database
342,806,4,2016-07-31,2016-08-01,2016-08-03,2,7,2025-11-24 02:06:42,mysql_database
343,961,4,2016-07-31,2016-08-02,2016-08-01,2,7,2025-11-24 02:06:42,mysql_database
344,750,4,2016-08-01,2016-08-03,2016-08-02,2,6,2025-11-24 02:06:42,mysql_database
345,1299,4,2016-08-01,2016-08-04,2016-08-03,2,6,2025-11-24 02:06:42,mysql_database
346,584,4,2016-08-01,2016-08-03,2016-08-02,3,9,2025-11-24 02:06:42,mysql_database
347,1004,4,2016-08-02,2016-08-03,2016-08-05,2,6,2025-11-24 02:06:42,mysql_database
348,907,4,2016-08-02,2016-08-05,2016-08-04,3,9,2025-11-24 02:06:42,mysql_database
349,30,3,2016-08-03,2016-08-03,,1,3,2025-11-24 02:06:42,mysql_database
350,31,3,2016-08-03,2016-08-03,,1,3,2025-11-24 02:06:42,mysql_database
351,1307,4,2016-08-03,2016-08-06,2016-08-04,1,2,2025-11-24 02:06:42,mysql_database
352,16,4,2016-08-03,2016-08-04,2016-08-06,2,7,2025-11-24 02:06:42,mysql_database
353,1387,4,2016-08-03,2016-08-06,2016-08-06,2,7,2025-11-24 02:06:42,mysql_database
354,551,4,2016-08-03,2016-08-05,2016-08-06,3,8,2025-11-24 02:06:42,mysql_database
355,1011,4,2016-08-03,2016-08-05,2016-08-05,3,8,2025-11-24 02:06:42,mysql_database
356,1189,4,2016-08-04,2016-08-07,2016-08-06,2,6,2025-11-24 02:06:42,mysql_database
357,14,3,2016-08-05,2016-08-05,,3,8,2025-11-24 02:06:42,mysql_database
358,1042,4,2016-08-05,2016-08-07,2016-08-07,2,7,2025-11-24 02:06:42,mysql_database
359,441,4,2016-08-07,2016-08-10,2016-08-10,2,7,2025-11-24 02:06:42,mysql_database
360,1300,4,2016-08-07,2016-08-09,2016-08-10,2,6,2025-11-24 02:06:42,mysql_database
361,994,4,2016-08-08,2016-08-09,2016-08-11,2,6,2025-11-24 02:06:42,mysql_database
362,187,4,2016-08-09,2016-08-11,2016-08-11,1,2,2025-11-24 02:06:42,mysql_database
363,834,4,2016-08-11,2016-08-12,2016-08-13,3,8,2025-11-24 02:06:42,mysql_database
364,373,4,2016-08-12,2016-08-14,2016-08-13,2,6,2025-11-24 02:06:42,mysql_database
365,981,4,2016-08-13,2016-08-14,2016-08-15,2,6,2025-11-24 02:06:42,mysql_database
366,1054,4,2016-08-13,2016-08-14,2016-08-14,3,9,2025-11-24 02:06:42,mysql_database
367,527,4,2016-08-14,2016-08-15,2016-08-15,2,7,2025-11-24 02:06:42,mysql_database
368,995,4,2016-08-14,2016-08-15,2016-08-17,2,7,2025-11-24 02:06:42,mysql_database
369,1285,4,2016-08-15,2016-08-18,2016-08-18,1,3,2025-11-24 02:06:42,mysql_database
370,758,4,2016-08-15,2016-08-18,2016-08-18,2,7,2025-11-24 02:06:42,mysql_database
371,891,4,2016-08-15,2016-08-16,2016-08-18,2,7,2025-11-24 02:06:42,mysql_database
372,132,4,2016-08-16,2016-08-18,2016-08-18,2,6,2025-11-24 02:06:42,mysql_database
373,337,4,2016-08-16,2016-08-19,2016-08-17,2,7,2025-11-24 02:06:42,mysql_database
374,1313,4,2016-08-17,2016-08-19,2016-08-18,1,2,2025-11-24 02:06:42,mysql_database
375,536,4,2016-08-17,2016-08-20,2016-08-20,2,7,2025-11-24 02:06:42,mysql_database
376,825,4,2016-08-17,2016-08-19,2016-08-18,2,6,2025-11-24 02:06:42,mysql_database
377,1355,4,2016-08-17,2016-08-19,2016-08-20,2,6,2025-11-24 02:06:42,mysql_database
378,475,4,2016-08-17,2016-08-20,2016-08-20,3,9,2025-11-24 02:06:42,mysql_database
379,954,4,2016-08-18,2016-08-21,2016-08-21,2,7,2025-11-24 02:06:42,mysql_database
380,1156,4,2016-08-19,2016-08-20,2016-08-21,2,7,2025-11-24 02:06:42,mysql_database
381,1297,4,2016-08-19,2016-08-21,2016-08-21,2,7,2025-11-24 02:06:42,mysql_database
382,199,4,2016-08-20,2016-08-23,2016-08-23,2,6,2025-11-24 02:06:42,mysql_database
383,331,4,2016-08-20,2016-08-23,2016-08-22,2,7,2025-11-24 02:06:42,mysql_database
384,410,4,2016-08-20,2016-08-22,2016-08-23,2,7,2025-11-24 02:06:42,mysql_database
385,1274,4,2016-08-20,2016-08-23,2016-08-22,2,7,2025-11-24 02:06:42,mysql_database
386,1362,4,2016-08-20,2016-08-23,2016-08-23,2,6,2025-11-24 02:06:42,mysql_database
387,451,4,2016-08-20,2016-08-21,2016-08-21,3,8,2025-11-24 02:06:42,mysql_database
388,1080,4,2016-08-21,2016-08-24,2016-08-23,3,8,2025-11-24 02:06:42,mysql_database
389,53,4,2016-08-22,2016-08-24,2016-08-25,1,3,2025-11-24 02:06:42,mysql_database
390,576,4,2016-08-22,2016-08-24,2016-08-25,3,9,2025-11-24 02:06:42,mysql_database
391,61,3,2016-08-23,2016-08-23,,3,9,2025-11-24 02:06:42,mysql_database
392,176,4,2016-08-23,2016-08-26,2016-08-24,1,3,2025-11-24 02:06:42,mysql_database
393,368,4,2016-08-25,2016-08-26,2016-08-27,2,6,2025-11-24 02:06:42,mysql_database
394,522,4,2016-08-26,2016-08-28,2016-08-29,1,3,2025-11-24 02:06:42,mysql_database
395,144,4,2016-08-26,2016-08-27,2016-08-29,2,6,2025-11-24 02:06:42,mysql_database
396,542,4,2016-08-27,2016-08-30,2016-08-29,2,6,2025-11-24 02:06:42,mysql_database
397,1437,4,2016-08-28,2016-08-31,2016-08-29,2,7,2025-11-24 02:06:42,mysql_database
398,447,4,2016-08-29,2016-08-30,2016-09-01,1,2,2025-11-24 02:06:42,mysql_database
399,1001,4,2016-08-29,2016-09-01,2016-09-01,2,7,2025-11-24 02:06:42,mysql_database
400,1295,4,2016-08-29,2016-08-30,2016-08-31,2,6,2025-11-24 02:06:42,mysql_database
401,103,4,2016-08-30,2016-09-02,2016-09-01,2,6,2025-11-24 02:06:42,mysql_database
402,1335,4,2016-08-30,2016-09-01,2016-08-31,2,6,2025-11-24 02:06:42,mysql_database
403,578,4,2016-08-31,2016-09-01,2016-09-02,1,3,2025-11-24 02:06:42,mysql_database
404,396,4,2016-08-31,2016-09-03,2016-09-01,2,7,2025-11-24 02:06:42,mysql_database
405,603,4,2016-08-31,2016-09-01,2016-09-01,2,6,2025-11-24 02:06:42,mysql_database
406,1380,4,2016-08-31,2016-09-02,2016-09-01,2,7,2025-11-24 02:06:42,mysql_database
407,77,3,2016-09-01,2016-09-01,,3,8,2025-11-24 02:06:42,mysql_database
408,1071,4,2016-09-01,2016-09-02,2016-09-02,1,2,2025-11-24 02:06:42,mysql_database
409,416,4,2016-09-01,2016-09-04,2016-09-04,2,7,2025-11-24 02:06:42,mysql_database
410,1151,4,2016-09-01,2016-09-03,2016-09-02,2,6,2025-11-24 02:06:42,mysql_database
411,261,4,2016-09-02,2016-09-04,2016-09-04,1,3,2025-11-24 02:06:42,mysql_database
412,1202,4,2016-09-02,2016-09-04,2016-09-04,1,3,2025-11-24 02:06:42,mysql_database
413,717,4,2016-09-02,2016-09-05,2016-09-03,2,6,2025-11-24 02:06:42,mysql_database
414,917,4,2016-09-03,2016-09-06,2016-09-06,2,7,2025-11-24 02:06:42,mysql_database
415,1265,4,2016-09-03,2016-09-06,2016-09-06,2,7,2025-11-24 02:06:42,mysql_database
416,1377,4,2016-09-03,2016-09-04,2016-09-06,2,7,2025-11-24 02:06:42,mysql_database
417,359,4,2016-09-04,2016-09-05,2016-09-06,1,3,2025-11-24 02:06:42,mysql_database
418,88,4,2016-09-04,2016-09-05,2016-09-05,2,6,2025-11-24 02:06:42,mysql_database
419,14,4,2016-09-04,2016-09-07,2016-09-06,3,8,2025-11-24 02:06:42,mysql_database
420,72,4,2016-09-05,2016-09-06,2016-09-07,1,3,2025-11-24 02:06:42,mysql_database
421,240,4,2016-09-05,2016-09-06,2016-09-08,1,3,2025-11-24 02:06:42,mysql_database
422,398,4,2016-09-06,2016-09-07,2016-09-09,2,6,2025-11-24 02:06:42,mysql_database
423,1397,4,2016-09-06,2016-09-09,2016-09-09,2,7,2025-11-24 02:06:42,mysql_database
424,67,4,2016-09-08,2016-09-11,2016-09-11,1,3,2025-11-24 02:06:42,mysql_database
425,843,4,2016-09-08,2016-09-11,2016-09-11,2,6,2025-11-24 02:06:42,mysql_database
426,944,4,2016-09-08,2016-09-10,2016-09-10,2,6,2025-11-24 02:06:42,mysql_database
427,434,4,2016-09-09,2016-09-10,2016-09-11,1,2,2025-11-24 02:06:42,mysql_database
428,1039,4,2016-09-09,2016-09-12,2016-09-10,2,6,2025-11-24 02:06:42,mysql_database
429,153,4,2016-09-10,2016-09-12,2016-09-12,3,8,2025-11-24 02:06:42,mysql_database
430,272,4,2016-09-11,2016-09-13,2016-09-12,2,6,2025-11-24 02:06:42,mysql_database
431,1217,4,2016-09-11,2016-09-12,2016-09-12,2,6,2025-11-24 02:06:42,mysql_database
432,169,4,2016-09-12,2016-09-15,2016-09-14,1,2,2025-11-24 02:06:42,mysql_database
433,1062,4,2016-09-12,2016-09-15,2016-09-13,2,6,2025-11-24 02:06:42,mysql_database
434,726,4,2016-09-13,2016-09-15,2016-09-14,2,6,2025-11-24 02:06:42,mysql_database
435,77,4,2016-09-14,2016-09-15,2016-09-16,3,9,2025-11-24 02:06:42,mysql_database
436,791,4,2016-09-16,2016-09-19,2016-09-19,2,7,2025-11-24 02:06:42,mysql_database
437,1085,4,2016-09-16,2016-09-18,2016-09-18,2,7,2025-11-24 02:06:42,mysql_database
438,314,4,2016-09-16,2016-09-19,2016-09-18,3,8,2025-11-24 02:06:42,mysql_database
439,149,4,2016-09-17,2016-09-20,2016-09-18,2,6,2025-11-24 02:06:42,mysql_database
440,882,4,2016-09-17,2016-09-18,2016-09-19,2,7,2025-11-24 02:06:42,mysql_database
441,704,4,2016-09-18,2016-09-19,2016-09-19,1,2,2025-11-24 02:06:42,mysql_database
442,667,4,2016-09-18,2016-09-21,2016-09-21,2,7,2025-11-24 02:06:42,mysql_database
443,1371,4,2016-09-18,2016-09-19,2016-09-20,2,6,2025-11-24 02:06:42,mysql_database
444,30,4,2016-09-19,2016-09-20,2016-09-21,1,2,2025-11-24 02:06:42,mysql_database
445,362,4,2016-09-19,2016-09-22,2016-09-22,2,6,2025-11-24 02:06:42,mysql_database
446,399,4,2016-09-19,2016-09-21,2016-09-20,2,7,2025-11-24 02:06:42,mysql_database
447,808,4,2016-09-20,2016-09-23,2016-09-22,3,8,2025-11-24 02:06:42,mysql_database
448,101,4,2016-09-21,2016-09-22,2016-09-24,2,6,2025-11-24 02:06:42,mysql_database
449,492,4,2016-09-21,2016-09-24,2016-09-22,2,7,2025-11-24 02:06:42,mysql_database
450,575,4,2016-09-21,2016-09-24,2016-09-23,2,7,2025-11-24 02:06:42,mysql_database
451,1146,4,2016-09-21,2016-09-23,2016-09-22,2,7,2025-11-24 02:06:42,mysql_database
452,997,4,2016-09-22,2016-09-23,2016-09-24,2,7,2025-11-24 02:06:42,mysql_database
453,1028,4,2016-09-22,2016-09-24,2016-09-25,2,7,2025-11-24 02:06:42,mysql_database
454,988,4,2016-09-23,2016-09-25,2016-09-26,2,6,2025-11-24 02:06:42,mysql_database
455,1055,4,2016-09-23,2016-09-24,2016-09-24,2,7,2025-11-24 02:06:42,mysql_database
456,1061,4,2016-09-23,2016-09-26,2016-09-25,3,9,2025-11-24 02:06:42,mysql_database
457,1349,4,2016-09-24,2016-09-27,2016-09-27,1,3,2025-11-24 02:06:42,mysql_database
458,197,4,2016-09-25,2016-09-28,2016-09-26,2,6,2025-11-24 02:06:42,mysql_database
459,874,4,2016-09-25,2016-09-28,2016-09-26,2,6,2025-11-24 02:06:42,mysql_database
460,691,4,2016-09-25,2016-09-27,2016-09-26,3,8,2025-11-24 02:06:42,mysql_database
461,853,4,2016-09-26,2016-09-27,2016-09-27,2,7,2025-11-24 02:06:42,mysql_database
462,852,4,2016-09-27,2016-09-28,2016-09-29,2,6,2025-11-24 02:06:42,mysql_database
463,964,4,2016-09-27,2016-09-28,2016-09-28,3,8,2025-11-24 02:06:42,mysql_database
464,74,4,2016-09-28,2016-09-30,2016-09-29,2,7,2025-11-24 02:06:42,mysql_database
465,1198,4,2016-09-28,2016-10-01,2016-10-01,2,6,2025-11-24 02:06:42,mysql_database
466,1440,4,2016-09-28,2016-09-29,2016-10-01,2,7,2025-11-24 02:06:42,mysql_database
467,555,4,2016-09-28,2016-09-30,2016-09-30,3,8,2025-11-24 02:06:42,mysql_database
468,1261,4,2016-09-29,2016-10-02,2016-09-30,1,3,2025-11-24 02:06:42,mysql_database
469,1089,4,2016-09-29,2016-10-02,2016-10-02,2,7,2025-11-24 02:06:42,mysql_database
470,641,4,2016-09-30,2016-10-02,2016-10-02,1,3,2025-11-24 02:06:42,mysql_database
471,697,4,2016-09-30,2016-10-02,2016-10-01,1,3,2025-11-24 02:06:42,mysql_database
472,468,4,2016-09-30,2016-10-01,2016-10-01,2,7,2025-11-24 02:06:42,mysql_database
473,549,4,2016-09-30,2016-10-02,2016-10-03,2,7,2025-11-24 02:06:42,mysql_database
474,553,4,2016-10-01,2016-10-04,2016-10-04,1,3,2025-11-24 02:06:42,mysql_database
475,241,4,2016-10-01,2016-10-04,2016-10-03,2,7,2025-11-24 02:06:42,mysql_database
476,559,4,2016-10-01,2016-10-04,2016-10-02,2,6,2025-11-24 02:06:42,mysql_database
477,449,4,2016-10-02,2016-10-05,2016-10-04,1,2,2025-11-24 02:06:42,mysql_database
478,304,4,2016-10-02,2016-10-05,2016-10-03,2,7,2025-11-24 02:06:42,mysql_database
479,984,4,2016-10-03,2016-10-04,2016-10-04,2,6,2025-11-24 02:06:42,mysql_database
480,686,4,2016-10-04,2016-10-07,2016-10-05,1,3,2025-11-24 02:06:42,mysql_database
481,481,4,2016-10-04,2016-10-07,2016-10-06,3,9,2025-11-24 02:06:42,mysql_database
482,513,4,2016-10-05,2016-10-06,2016-10-06,2,6,2025-11-24 02:06:42,mysql_database
483,703,4,2016-10-06,2016-10-07,2016-10-09,1,2,2025-11-24 02:06:42,mysql_database
484,421,4,2016-10-06,2016-10-09,2016-10-07,2,7,2025-11-24 02:06:42,mysql_database
485,465,4,2016-10-06,2016-10-08,2016-10-07,2,7,2025-11-24 02:06:42,mysql_database
486,709,4,2016-10-06,2016-10-08,2016-10-09,2,7,2025-11-24 02:06:42,mysql_database
487,827,4,2016-10-06,2016-10-09,2016-10-09,2,6,2025-11-24 02:06:42,mysql_database
488,921,4,2016-10-06,2016-10-09,2016-10-08,2,6,2025-11-24 02:06:42,mysql_database
489,899,4,2016-10-06,2016-10-08,2016-10-08,3,8,2025-11-24 02:06:42,mysql_database
490,876,4,2016-10-07,2016-10-10,2016-10-09,2,6,2025-11-24 02:06:42,mysql_database
491,1048,4,2016-10-08,2016-10-10,2016-10-11,1,2,2025-11-24 02:06:42,mysql_database
492,191,4,2016-10-09,2016-10-10,2016-10-12,1,2,2025-11-24 02:06:42,mysql_database
493,796,4,2016-10-09,2016-10-12,2016-10-11,1,3,2025-11-24 02:06:42,mysql_database
494,875,4,2016-10-09,2016-10-10,2016-10-11,2,6,2025-11-24 02:06:42,mysql_database
495,712,4,2016-10-10,2016-10-12,2016-10-13,1,3,2025-11-24 02:06:42,mysql_database
496,193,4,2016-10-10,2016-10-12,2016-10-11,2,6,2025-11-24 02:06:42,mysql_database
497,785,4,2016-10-10,2016-10-11,2016-10-11,2,6,2025-11-24 02:06:42,mysql_database
498,1331,4,2016-10-10,2016-10-12,2016-10-11,2,6,2025-11-24 02:06:42,mysql_database
499,260,4,2016-10-11,2016-10-14,2016-10-13,1,2,2025-11-24 02:06:42,mysql_database
500,148,4,2016-10-11,2016-10-12,2016-10-13,2,6,2025-11-24 02:06:42,mysql_database
501,977,4,2016-10-11,2016-10-12,2016-10-13,2,7,2025-11-24 02:06:42,mysql_database
502,401,4,2016-10-12,2016-10-13,2016-10-13,3,9,2025-11-24 02:06:42,mysql_database
503,932,4,2016-10-13,2016-10-16,2016-10-14,2,6,2025-11-24 02:06:42,mysql_database
504,1381,4,2016-10-14,2016-10-15,2016-10-15,1,2,2025-11-24 02:06:42,mysql_database
505,721,4,2016-10-14,2016-10-16,2016-10-17,2,6,2025-11-24 02:06:42,mysql_database
506,831,4,2016-10-14,2016-10-16,2016-10-16,2,6,2025-11-24 02:06:42,mysql_database
507,1378,4,2016-10-15,2016-10-17,2016-10-17,1,3,2025-11-24 02:06:42,mysql_database
508,1359,4,2016-10-15,2016-10-18,2016-10-18,2,6,2025-11-24 02:06:42,mysql_database
509,235,4,2016-10-16,2016-10-17,2016-10-17,2,7,2025-11-24 02:06:42,mysql_database
510,586,4,2016-10-17,2016-10-18,2016-10-18,2,7,2025-11-24 02:06:42,mysql_database
511,377,4,2016-10-18,2016-10-20,2016-10-19,2,7,2025-11-24 02:06:42,mysql_database
512,8,4,2016-10-19,2016-10-22,2016-10-20,2,7,2025-11-24 02:06:42,mysql_database
513,155,4,2016-10-19,2016-10-21,2016-10-21,2,6,2025-11-24 02:06:42,mysql_database
514,927,4,2016-10-19,2016-10-21,2016-10-20,2,7,2025-11-24 02:06:42,mysql_database
515,986,4,2016-10-19,2016-10-20,2016-10-22,2,6,2025-11-24 02:06:42,mysql_database
516,111,4,2016-10-21,2016-10-23,2016-10-24,2,6,2025-11-24 02:06:42,mysql_database
517,613,4,2016-10-21,2016-10-22,2016-10-24,2,6,2025-11-24 02:06:42,mysql_database
518,1374,4,2016-10-22,2016-10-24,2016-10-25,1,2,2025-11-24 02:06:42,mysql_database
519,54,4,2016-10-22,2016-10-23,2016-10-24,2,7,2025-11-24 02:06:42,mysql_database
520,639,4,2016-10-23,2016-10-26,2016-10-24,2,7,2025-11-24 02:06:42,mysql_database
521,664,4,2016-10-23,2016-10-25,2016-10-25,2,6,2025-11-24 02:06:42,mysql_database
522,724,4,2016-10-23,2016-10-24,2016-10-24,2,7,2025-11-24 02:06:42,mysql_database
523,1056,4,2016-10-24,2016-10-26,2016-10-27,2,6,2025-11-24 02:06:42,mysql_database
524,569,4,2016-10-25,2016-10-26,2016-10-27,1,2,2025-11-24 02:06:42,mysql_database
525,1315,4,2016-10-26,2016-10-28,2016-10-29,1,3,2025-11-24 02:06:42,mysql_database
526,1096,4,2016-10-26,2016-10-28,2016-10-28,2,6,2025-11-24 02:06:42,mysql_database
527,506,4,2016-10-27,2016-10-29,2016-10-28,1,2,2025-11-24 02:06:42,mysql_database
528,676,4,2016-10-28,2016-10-31,2016-10-31,2,7,2025-11-24 02:06:42,mysql_database
529,753,4,2016-10-28,2016-10-30,2016-10-31,2,7,2025-11-24 02:06:42,mysql_database
530,773,4,2016-10-28,2016-10-31,2016-10-31,2,6,2025-11-24 02:06:42,mysql_database
531,116,4,2016-10-28,2016-10-29,2016-10-30,3,8,2025-11-24 02:06:42,mysql_database
532,817,4,2016-10-29,2016-10-31,2016-10-30,2,7,2025-11-24 02:06:42,mysql_database
533,1334,4,2016-10-29,2016-11-01,2016-11-01,2,6,2025-11-24 02:06:42,mysql_database
534,1406,4,2016-10-29,2016-10-30,2016-10-31,2,7,2025-11-24 02:06:42,mysql_database
535,835,4,2016-10-29,2016-10-31,2016-11-01,3,9,2025-11-24 02:06:42,mysql_database
536,759,4,2016-10-31,2016-11-02,2016-11-01,1,3,2025-11-24 02:06:42,mysql_database
537,1353,4,2016-10-31,2016-11-01,2016-11-03,1,2,2025-11-24 02:06:42,mysql_database
538,341,4,2016-11-02,2016-11-05,2016-11-05,2,6,2025-11-24 02:06:42,mysql_database
539,1144,4,2016-11-02,2016-11-04,2016-11-03,2,7,2025-11-24 02:06:42,mysql_database
540,1429,4,2016-11-03,2016-11-05,2016-11-06,1,3,2025-11-24 02:06:42,mysql_database
541,1228,4,2016-11-04,2016-11-07,2016-11-07,1,3,2025-11-24 02:06:42,mysql_database
542,313,4,2016-11-04,2016-11-06,2016-11-05,2,7,2025-11-24 02:06:42,mysql_database
543,62,4,2016-11-06,2016-11-09,2016-11-08,2,6,2025-11-24 02:06:42,mysql_database
544,321,4,2016-11-06,2016-11-07,2016-11-08,2,7,2025-11-24 02:06:42,mysql_database
545,1108,4,2016-11-08,2016-11-10,2016-11-09,3,9,2025-11-24 02:06:42,mysql_database
546,470,4,2016-11-09,2016-11-12,2016-11-10,2,7,2025-11-24 02:06:42,mysql_database
547,20,4,2016-11-09,2016-11-11,2016-11-10,3,8,2025-11-24 02:06:42,mysql_database
548,739,4,2016-11-11,2016-11-13,2016-11-13,2,7,2025-11-24 02:06:42,mysql_database
549,64,3,2016-11-12,2016-11-12,,3,9,2025-11-24 02:06:42,mysql_database
550,892,4,2016-11-12,2016-11-14,2016-11-15,2,7,2025-11-24 02:06:42,mysql_database
551,1169,4,2016-11-12,2016-11-13,2016-11-13,2,6,2025-11-24 02:06:42,mysql_database
552,1282,4,2016-11-12,2016-11-15,2016-11-13,2,7,2025-11-24 02:06:42,mysql_database
553,913,4,2016-11-12,2016-11-13,2016-11-15,3,9,2025-11-24 02:06:42,mysql_database
554,104,4,2016-11-13,2016-11-14,2016-11-16,1,3,2025-11-24 02:06:42,mysql_database
555,212,4,2016-11-13,2016-11-14,2016-11-16,2,7,2025-11-24 02:06:42,mysql_database
556,61,4,2016-11-13,2016-11-14,2016-11-15,3,9,2025-11-24 02:06:42,mysql_database
557,1248,4,2016-11-14,2016-11-17,2016-11-15,2,6,2025-11-24 02:06:42,mysql_database
558,1443,4,2016-11-15,2016-11-16,2016-11-17,2,7,2025-11-24 02:06:42,mysql_database
559,959,4,2016-11-16,2016-11-17,2016-11-17,1,2,2025-11-24 02:06:42,mysql_database
560,1405,4,2016-11-18,2016-11-19,2016-11-21,2,6,2025-11-24 02:06:42,mysql_database
561,90,4,2016-11-19,2016-11-22,2016-11-22,2,6,2025-11-24 02:06:42,mysql_database
562,942,4,2016-11-19,2016-11-20,2016-11-22,2,7,2025-11-24 02:06:42,mysql_database
563,365,4,2016-11-20,2016-11-22,2016-11-21,2,6,2025-11-24 02:06:42,mysql_database
564,1058,4,2016-11-20,2016-11-23,2016-11-22,2,7,2025-11-24 02:06:42,mysql_database
565,894,4,2016-11-21,2016-11-22,2016-11-22,2,7,2025-11-24 02:06:42,mysql_database
566,298,4,2016-11-22,2016-11-25,2016-11-23,1,3,2025-11-24 02:06:42,mysql_database
567,1430,4,2016-11-22,2016-11-23,2016-11-23,1,2,2025-11-24 02:06:42,mysql_database
568,1275,4,2016-11-23,2016-11-25,2016-11-24,1,3,2025-11-24 02:06:42,mysql_database
569,707,4,2016-11-23,2016-11-24,2016-11-25,2,6,2025-11-24 02:06:42,mysql_database
570,989,4,2016-11-23,2016-11-24,2016-11-25,2,6,2025-11-24 02:06:42,mysql_database
571,5,4,2016-11-24,2016-11-25,2016-11-27,1,2,2025-11-24 02:06:42,mysql_database
572,178,4,2016-11-24,2016-11-26,2016-11-26,2,6,2025-11-24 02:06:42,mysql_database
573,423,4,2016-11-24,2016-11-26,2016-11-27,2,6,2025-11-24 02:06:42,mysql_database
574,833,4,2016-11-26,2016-11-27,2016-11-29,2,7,2025-11-24 02:06:42,mysql_database
575,33,4,2016-11-27,2016-11-28,2016-11-30,1,3,2025-11-24 02:06:42,mysql_database
576,1272,4,2016-11-27,2016-11-30,2016-11-28,1,3,2025-11-24 02:06:42,mysql_database
577,445,4,2016-11-27,2016-11-30,2016-11-29,2,6,2025-11-24 02:06:42,mysql_database
578,819,4,2016-11-27,2016-11-28,2016-11-29,2,7,2025-11-24 02:06:42,mysql_database
579,160,4,2016-11-27,2016-11-30,2016-11-29,3,8,2025-11-24 02:06:42,mysql_database
580,581,4,2016-11-30,2016-12-02,2016-12-02,1,3,2025-11-24 02:06:42,mysql_database
581,688,4,2016-12-03,2016-12-05,2016-12-06,1,3,2025-11-24 02:06:42,mysql_database
582,32,3,2016-12-04,2016-12-04,,1,2,2025-11-24 02:06:42,mysql_database
583,792,4,2016-12-04,2016-12-05,2016-12-07,2,7,2025-11-24 02:06:42,mysql_database
584,1209,4,2016-12-04,2016-12-05,2016-12-05,2,7,2025-11-24 02:06:42,mysql_database
585,1219,4,2016-12-04,2016-12-05,2016-12-05,2,7,2025-11-24 02:06:42,mysql_database
586,1306,4,2016-12-04,2016-12-06,2016-12-05,2,6,2025-11-24 02:06:42,mysql_database
587,487,4,2016-12-06,2016-12-08,2016-12-08,1,2,2025-11-24 02:06:42,mysql_database
588,102,4,2016-12-06,2016-12-07,2016-12-07,2,7,2025-11-24 02:06:42,mysql_database
589,719,4,2016-12-06,2016-12-07,2016-12-07,2,7,2025-11-24 02:06:42,mysql_database
590,990,4,2016-12-06,2016-12-09,2016-12-07,2,7,2025-11-24 02:06:42,mysql_database
591,1211,4,2016-12-06,2016-12-09,2016-12-09,2,7,2025-11-24 02:06:42,mysql_database
592,1232,4,2016-12-06,2016-12-08,2016-12-08,2,7,2025-11-24 02:06:42,mysql_database
593,50,4,2016-12-07,2016-12-10,2016-12-08,3,8,2025-11-24 02:06:42,mysql_database
594,1318,4,2016-12-07,2016-12-08,2016-12-08,3,8,2025-11-24 02:06:42,mysql_database
595,538,4,2016-12-08,2016-12-09,2016-12-11,1,2,2025-11-24 02:06:42,mysql_database
596,952,4,2016-12-08,2016-12-09,2016-12-09,1,3,2025-11-24 02:06:42,mysql_database
597,1121,4,2016-12-08,2016-12-09,2016-12-10,2,6,2025-11-24 02:06:42,mysql_database
598,40,3,2016-12-09,2016-12-09,,1,3,2025-11-24 02:06:42,mysql_database
599,1,4,2016-12-09,2016-12-10,2016-12-12,2,6,2025-11-24 02:06:42,mysql_database
600,624,4,2016-12-09,2016-12-12,2016-12-11,2,7,2025-11-24 02:06:42,mysql_database
601,683,4,2016-12-09,2016-12-10,2016-12-10,2,6,2025-11-24 02:06:42,mysql_database
602,823,4,2016-12-09,2016-12-10,2016-12-11,2,6,2025-11-24 02:06:42,mysql_database
603,1032,4,2016-12-09,2016-12-10,2016-12-10,2,7,2025-11-24 02:06:42,mysql_database
604,96,4,2016-12-10,2016-12-13,2016-12-12,2,7,2025-11-24 02:06:42,mysql_database
605,1208,4,2016-12-10,2016-12-11,2016-12-12,2,6,2025-11-24 02:06:42,mysql_database
606,18,4,2016-12-11,2016-12-12,2016-12-13,2,7,2025-11-24 02:06:42,mysql_database
607,309,4,2016-12-11,2016-12-14,2016-12-13,2,6,2025-11-24 02:06:42,mysql_database
608,1103,4,2016-12-12,2016-12-15,2016-12-14,1,3,2025-11-24 02:06:42,mysql_database
609,896,4,2016-12-12,2016-12-13,2016-12-14,2,7,2025-11-24 02:06:42,mysql_database
610,711,4,2016-12-13,2016-12-15,2016-12-14,2,6,2025-11-24 02:06:42,mysql_database
611,1073,4,2016-12-15,2016-12-17,2016-12-18,2,7,2025-11-24 02:06:42,mysql_database
612,634,4,2016-12-16,2016-12-17,2016-12-17,2,7,2025-11-24 02:06:42,mysql_database
613,1159,4,2016-12-17,2016-12-19,2016-12-19,2,7,2025-11-24 02:06:42,mysql_database
614,654,4,2016-12-18,2016-12-21,2016-12-21,1,2,2025-11-24 02:06:42,mysql_database
615,560,4,2016-12-19,2016-12-22,2016-12-21,3,9,2025-11-24 02:06:42,mysql_database
616,1444,4,2016-12-20,2016-12-23,2016-12-23,2,6,2025-11-24 02:06:42,mysql_database
617,118,4,2016-12-21,2016-12-23,2016-12-23,2,7,2025-11-24 02:06:42,mysql_database
618,131,4,2016-12-21,2016-12-22,2016-12-22,2,6,2025-11-24 02:06:42,mysql_database
619,454,4,2016-12-22,2016-12-25,2016-12-25,2,7,2025-11-24 02:06:42,mysql_database
620,466,4,2016-12-22,2016-12-24,2016-12-24,2,6,2025-11-24 02:06:42,mysql_database
621,1157,4,2016-12-23,2016-12-25,2016-12-24,2,6,2025-11-24 02:06:42,mysql_database
622,1398,4,2016-12-23,2016-12-26,2016-12-25,2,7,2025-11-24 02:06:42,mysql_database
623,678,4,2016-12-24,2016-12-26,2016-12-27,2,6,2025-11-24 02:06:42,mysql_database
624,814,4,2016-12-24,2016-12-25,2016-12-27,2,6,2025-11-24 02:06:42,mysql_database
625,1163,4,2016-12-25,2016-12-28,2016-12-26,1,2,2025-11-24 02:06:42,mysql_database
626,130,4,2016-12-25,2016-12-28,2016-12-27,2,7,2025-11-24 02:06:42,mysql_database
627,1119,4,2016-12-25,2016-12-26,2016-12-28,2,6,2025-11-24 02:06:42,mysql_database
628,561,4,2016-12-26,2016-12-29,2016-12-27,1,3,2025-11-24 02:06:42,mysql_database
629,973,4,2016-12-26,2016-12-27,2016-12-29,1,2,2025-11-24 02:06:42,mysql_database
630,1404,4,2016-12-26,2016-12-27,2016-12-28,2,6,2025-11-24 02:06:42,mysql_database
631,855,4,2016-12-27,2016-12-29,2016-12-29,1,3,2025-11-24 02:06:42,mysql_database
632,163,4,2016-12-27,2016-12-29,2016-12-29,2,7,2025-11-24 02:06:42,mysql_database
633,1040,4,2016-12-28,2016-12-31,2016-12-30,3,8,2025-11-24 02:06:42,mysql_database
634,27,4,2016-12-29,2017-01-01,2016-12-30,2,6,2025-11-24 02:06:42,mysql_database
635,520,4,2016-12-30,2017-01-02,2016-12-31,2,6,2025-11-24 02:06:42,mysql_database
636,532,4,2017-01-03,2017-01-04,2017-01-05,1,2,2025-11-24 02:06:42,mysql_database
637,512,4,2017-01-03,2017-01-05,2017-01-05,2,6,2025-11-24 02:06:42,mysql_database
638,1302,4,2017-01-04,2017-01-05,2017-01-06,2,7,2025-11-24 02:06:42,mysql_database
639,550,4,2017-01-06,2017-01-07,2017-01-07,2,6,2025-11-24 02:06:42,mysql_database
640,1093,4,2017-01-06,2017-01-08,2017-01-07,2,6,2025-11-24 02:06:42,mysql_database
641,673,4,2017-01-07,2017-01-10,2017-01-08,1,3,2025-11-24 02:06:42,mysql_database
642,847,4,2017-01-07,2017-01-09,2017-01-10,2,7,2025-11-24 02:06:42,mysql_database
643,901,4,2017-01-08,2017-01-09,2017-01-11,1,3,2025-11-24 02:06:42,mysql_database
644,439,4,2017-01-08,2017-01-11,2017-01-10,2,6,2025-11-24 02:06:42,mysql_database
645,1199,4,2017-01-08,2017-01-11,2017-01-10,2,6,2025-11-24 02:06:42,mysql_database
646,975,4,2017-01-09,2017-01-12,2017-01-11,1,2,2025-11-24 02:06:42,mysql_database
647,283,4,2017-01-09,2017-01-10,2017-01-11,2,7,2025-11-24 02:06:42,mysql_database
648,684,4,2017-01-09,2017-01-11,2017-01-11,2,6,2025-11-24 02:06:42,mysql_database
649,1153,4,2017-01-10,2017-01-11,2017-01-13,1,3,2025-11-24 02:06:42,mysql_database
650,729,4,2017-01-11,2017-01-14,2017-01-12,1,2,2025-11-24 02:06:42,mysql_database
651,190,4,2017-01-11,2017-01-13,2017-01-13,2,7,2025-11-24 02:06:42,mysql_database
652,985,4,2017-01-12,2017-01-15,2017-01-13,3,9,2025-11-24 02:06:42,mysql_database
653,1249,4,2017-01-14,2017-01-17,2017-01-15,1,2,2025-11-24 02:06:42,mysql_database
654,1129,4,2017-01-14,2017-01-15,2017-01-17,2,7,2025-11-24 02:06:42,mysql_database
655,347,4,2017-01-16,2017-01-17,2017-01-18,1,3,2025-11-24 02:06:42,mysql_database
656,949,4,2017-01-16,2017-01-17,2017-01-18,2,7,2025-11-24 02:06:42,mysql_database
657,349,4,2017-01-17,2017-01-19,2017-01-20,1,2,2025-11-24 02:06:42,mysql_database
658,1051,4,2017-01-17,2017-01-18,2017-01-18,2,7,2025-11-24 02:06:42,mysql_database
659,1391,4,2017-01-17,2017-01-19,2017-01-18,2,7,2025-11-24 02:06:42,mysql_database
660,383,4,2017-01-18,2017-01-19,2017-01-19,2,7,2025-11-24 02:06:42,mysql_database
661,626,4,2017-01-18,2017-01-19,2017-01-20,2,6,2025-11-24 02:06:42,mysql_database
662,1125,4,2017-01-19,2017-01-20,2017-01-20,1,3,2025-11-24 02:06:42,mysql_database
663,344,4,2017-01-20,2017-01-22,2017-01-23,1,3,2025-11-24 02:06:42,mysql_database
664,681,4,2017-01-20,2017-01-23,2017-01-22,2,7,2025-11-24 02:06:42,mysql_database
665,29,4,2017-01-21,2017-01-22,2017-01-23,2,6,2025-11-24 02:06:42,mysql_database
666,770,4,2017-01-21,2017-01-22,2017-01-24,2,7,2025-11-24 02:06:42,mysql_database
667,858,4,2017-01-22,2017-01-24,2017-01-25,2,7,2025-11-24 02:06:42,mysql_database
668,297,4,2017-01-22,2017-01-23,2017-01-24,3,8,2025-11-24 02:06:42,mysql_database
669,745,4,2017-01-23,2017-01-24,2017-01-26,2,7,2025-11-24 02:06:42,mysql_database
670,361,4,2017-01-24,2017-01-25,2017-01-25,2,6,2025-11-24 02:06:42,mysql_database
671,922,4,2017-01-25,2017-01-28,2017-01-26,2,7,2025-11-24 02:06:42,mysql_database
672,908,4,2017-01-26,2017-01-29,2017-01-29,2,6,2025-11-24 02:06:42,mysql_database
673,64,4,2017-01-26,2017-01-28,2017-01-27,3,9,2025-11-24 02:06:42,mysql_database
674,733,4,2017-01-27,2017-01-28,2017-01-29,2,6,2025-11-24 02:06:42,mysql_database
675,291,4,2017-01-28,2017-01-31,2017-01-30,2,7,2025-11-24 02:06:42,mysql_database
676,790,4,2017-01-28,2017-01-30,2017-01-31,2,7,2025-11-24 02:06:42,mysql_database
677,809,4,2017-01-28,2017-01-31,2017-01-30,2,7,2025-11-24 02:06:42,mysql_database
678,250,4,2017-01-28,2017-01-29,2017-01-31,3,9,2025-11-24 02:06:42,mysql_database
679,81,4,2017-01-29,2017-01-30,2017-01-30,1,3,2025-11-24 02:06:42,mysql_database
680,245,4,2017-01-29,2017-02-01,2017-01-30,1,3,2025-11-24 02:06:42,mysql_database
681,499,4,2017-01-29,2017-02-01,2017-01-31,2,7,2025-11-24 02:06:42,mysql_database
682,614,4,2017-01-29,2017-01-30,2017-01-30,2,6,2025-11-24 02:06:42,mysql_database
683,741,4,2017-01-29,2017-01-31,2017-02-01,2,6,2025-11-24 02:06:42,mysql_database
684,762,4,2017-01-31,2017-02-01,2017-02-02,2,6,2025-11-24 02:06:42,mysql_database
685,976,4,2017-01-31,2017-02-03,2017-02-02,2,7,2025-11-24 02:06:42,mysql_database
686,380,4,2017-02-01,2017-02-03,2017-02-04,2,7,2025-11-24 02:06:42,mysql_database
687,530,4,2017-02-02,2017-02-05,2017-02-04,1,3,2025-11-24 02:06:42,mysql_database
688,343,4,2017-02-02,2017-02-03,2017-02-05,2,7,2025-11-24 02:06:42,mysql_database
689,884,4,2017-02-02,2017-02-03,2017-02-05,2,7,2025-11-24 02:06:42,mysql_database
690,1097,4,2017-02-03,2017-02-04,2017-02-06,1,2,2025-11-24 02:06:42,mysql_database
691,1081,4,2017-02-04,2017-02-06,2017-02-06,2,7,2025-11-24 02:06:42,mysql_database
692,2,3,2017-02-05,2017-02-05,,1,3,2025-11-24 02:06:42,mysql_database
693,1233,4,2017-02-05,2017-02-07,2017-02-06,1,3,2025-11-24 02:06:42,mysql_database
694,58,4,2017-02-05,2017-02-06,2017-02-08,2,7,2025-11-24 02:06:42,mysql_database
695,606,4,2017-02-05,2017-02-08,2017-02-07,2,7,2025-11-24 02:06:42,mysql_database
696,1242,4,2017-02-05,2017-02-08,2017-02-08,2,7,2025-11-24 02:06:42,mysql_database
697,562,4,2017-02-06,2017-02-08,2017-02-09,1,2,2025-11-24 02:06:42,mysql_database
698,543,4,2017-02-06,2017-02-08,2017-02-09,3,8,2025-11-24 02:06:42,mysql_database
699,958,4,2017-02-06,2017-02-08,2017-02-09,3,9,2025-11-24 02:06:42,mysql_database
700,4,4,2017-02-07,2017-02-10,2017-02-08,2,6,2025-11-24 02:06:42,mysql_database
701,850,4,2017-02-07,2017-02-08,2017-02-09,3,9,2025-11-24 02:06:42,mysql_database
702,1352,4,2017-02-08,2017-02-09,2017-02-11,1,3,2025-11-24 02:06:42,mysql_database
703,417,4,2017-02-08,2017-02-09,2017-02-09,2,7,2025-11-24 02:06:42,mysql_database
704,1137,4,2017-02-08,2017-02-09,2017-02-11,2,6,2025-11-24 02:06:42,mysql_database
705,1196,4,2017-02-08,2017-02-11,2017-02-11,2,7,2025-11-24 02:06:42,mysql_database
706,1271,4,2017-02-09,2017-02-12,2017-02-10,1,2,2025-11-24 02:06:42,mysql_database
707,79,4,2017-02-09,2017-02-11,2017-02-11,2,7,2025-11-24 02:06:42,mysql_database
708,660,4,2017-02-10,2017-02-12,2017-02-11,1,2,2025-11-24 02:06:42,mysql_database
709,1162,4,2017-02-11,2017-02-13,2017-02-12,2,6,2025-11-24 02:06:42,mysql_database
710,295,4,2017-02-13,2017-02-15,2017-02-16,2,6,2025-11-24 02:06:42,mysql_database
711,1246,4,2017-02-13,2017-02-16,2017-02-14,2,6,2025-11-24 02:06:42,mysql_database
712,173,4,2017-02-13,2017-02-14,2017-02-16,3,9,2025-11-24 02:06:42,mysql_database
713,207,4,2017-02-13,2017-02-14,2017-02-15,3,8,2025-11-24 02:06:42,mysql_database
714,805,4,2017-02-14,2017-02-17,2017-02-15,2,7,2025-11-24 02:06:42,mysql_database
715,12,3,2017-02-15,2017-02-15,,2,6,2025-11-24 02:06:42,mysql_database
716,672,4,2017-02-15,2017-02-17,2017-02-18,2,6,2025-11-24 02:06:42,mysql_database
717,1312,4,2017-02-15,2017-02-18,2017-02-17,2,6,2025-11-24 02:06:42,mysql_database
718,38,4,2017-02-16,2017-02-17,2017-02-17,2,7,2025-11-24 02:06:42,mysql_database
719,200,4,2017-02-16,2017-02-19,2017-02-18,2,6,2025-11-24 02:06:42,mysql_database
720,382,4,2017-02-16,2017-02-19,2017-02-19,2,6,2025-11-24 02:06:42,mysql_database
721,625,4,2017-02-16,2017-02-19,2017-02-17,2,7,2025-11-24 02:06:42,mysql_database
722,1399,4,2017-02-18,2017-02-20,2017-02-21,2,7,2025-11-24 02:06:42,mysql_database
723,845,4,2017-02-19,2017-02-21,2017-02-22,2,6,2025-11-24 02:06:42,mysql_database
724,864,4,2017-02-19,2017-02-22,2017-02-21,2,6,2025-11-24 02:06:42,mysql_database
725,870,4,2017-02-19,2017-02-22,2017-02-22,2,7,2025-11-24 02:06:42,mysql_database
726,969,4,2017-02-19,2017-02-22,2017-02-20,2,6,2025-11-24 02:06:42,mysql_database
727,962,4,2017-02-19,2017-02-22,2017-02-21,3,9,2025-11-24 02:06:42,mysql_database
728,1138,4,2017-02-20,2017-02-21,2017-02-23,1,3,2025-11-24 02:06:42,mysql_database
729,897,4,2017-02-20,2017-02-22,2017-02-21,2,7,2025-11-24 02:06:42,mysql_database
730,500,4,2017-02-21,2017-02-24,2017-02-22,2,6,2025-11-24 02:06:42,mysql_database
731,910,4,2017-02-25,2017-02-27,2017-02-27,3,9,2025-11-24 02:06:42,mysql_database
732,147,4,2017-02-26,2017-02-27,2017-03-01,2,7,2025-11-24 02:06:42,mysql_database
733,832,4,2017-02-26,2017-03-01,2017-02-27,2,7,2025-11-24 02:06:42,mysql_database
734,939,4,2017-02-26,2017-02-28,2017-03-01,3,9,2025-11-24 02:06:42,mysql_database
735,20,3,2017-02-27,2017-02-27,,3,9,2025-11-24 02:06:42,mysql_database
736,184,4,2017-02-27,2017-02-28,2017-02-28,2,7,2025-11-24 02:06:42,mysql_database
737,694,4,2017-02-27,2017-03-01,2017-02-28,2,6,2025-11-24 02:06:42,mysql_database
738,124,4,2017-02-28,2017-03-01,2017-03-03,1,2,2025-11-24 02:06:42,mysql_database
739,49,4,2017-02-28,2017-03-01,2017-03-02,2,6,2025-11-24 02:06:42,mysql_database
740,1113,4,2017-02-28,2017-03-01,2017-03-02,2,6,2025-11-24 02:06:42,mysql_database
741,119,4,2017-02-28,2017-03-01,2017-03-01,3,8,2025-11-24 02:06:42,mysql_database
742,433,4,2017-02-28,2017-03-01,2017-03-01,3,9,2025-11-24 02:06:42,mysql_database
743,137,4,2017-03-01,2017-03-04,2017-03-04,2,6,2025-11-24 02:06:42,mysql_database
744,166,4,2017-03-01,2017-03-02,2017-03-02,2,7,2025-11-24 02:06:42,mysql_database
745,698,4,2017-03-01,2017-03-03,2017-03-03,2,7,2025-11-24 02:06:42,mysql_database
746,391,4,2017-03-02,2017-03-04,2017-03-05,1,3,2025-11-24 02:06:42,mysql_database
747,87,4,2017-03-03,2017-03-04,2017-03-05,1,3,2025-11-24 02:06:42,mysql_database
748,1072,4,2017-03-03,2017-03-05,2017-03-04,3,8,2025-11-24 02:06:42,mysql_database
749,255,4,2017-03-04,2017-03-07,2017-03-05,2,7,2025-11-24 02:06:42,mysql_database
750,232,4,2017-03-04,2017-03-07,2017-03-05,3,8,2025-11-24 02:06:42,mysql_database
751,731,4,2017-03-05,2017-03-08,2017-03-07,1,3,2025-11-24 02:06:42,mysql_database
752,335,4,2017-03-05,2017-03-06,2017-03-07,2,6,2025-11-24 02:06:42,mysql_database
753,1201,4,2017-03-05,2017-03-08,2017-03-08,2,7,2025-11-24 02:06:42,mysql_database
754,646,4,2017-03-06,2017-03-07,2017-03-08,1,2,2025-11-24 02:06:42,mysql_database
755,531,4,2017-03-06,2017-03-07,2017-03-07,2,6,2025-11-24 02:06:42,mysql_database
756,1143,4,2017-03-06,2017-03-07,2017-03-09,2,6,2025-11-24 02:06:42,mysql_database
757,1336,4,2017-03-06,2017-03-08,2017-03-09,2,7,2025-11-24 02:06:42,mysql_database
758,953,4,2017-03-06,2017-03-08,2017-03-07,3,9,2025-11-24 02:06:42,mysql_database
759,284,4,2017-03-07,2017-03-09,2017-03-08,2,7,2025-11-24 02:06:42,mysql_database
760,1104,4,2017-03-07,2017-03-10,2017-03-10,2,6,2025-11-24 02:06:42,mysql_database
761,1291,4,2017-03-07,2017-03-08,2017-03-10,2,7,2025-11-24 02:06:42,mysql_database
762,572,4,2017-03-08,2017-03-09,2017-03-09,2,6,2025-11-24 02:06:42,mysql_database
763,842,4,2017-03-08,2017-03-10,2017-03-09,3,9,2025-11-24 02:06:42,mysql_database
764,701,4,2017-03-09,2017-03-10,2017-03-12,1,2,2025-11-24 02:06:42,mysql_database
765,1152,4,2017-03-09,2017-03-11,2017-03-12,1,2,2025-11-24 02:06:42,mysql_database
766,141,4,2017-03-09,2017-03-11,2017-03-12,2,6,2025-11-24 02:06:42,mysql_database
767,564,4,2017-03-09,2017-03-10,2017-03-11,2,7,2025-11-24 02:06:42,mysql_database
768,841,4,2017-03-09,2017-03-12,2017-03-10,2,7,2025-11-24 02:06:42,mysql_database
769,946,4,2017-03-09,2017-03-11,2017-03-11,2,6,2025-11-24 02:06:42,mysql_database
770,135,4,2017-03-09,2017-03-11,2017-03-11,3,9,2025-11-24 02:06:42,mysql_database
771,671,4,2017-03-11,2017-03-14,2017-03-12,1,3,2025-11-24 02:06:42,mysql_database
772,448,4,2017-03-11,2017-03-12,2017-03-13,2,7,2025-11-24 02:06:42,mysql_database
773,1385,4,2017-03-11,2017-03-12,2017-03-12,2,6,2025-11-24 02:06:42,mysql_database
774,690,4,2017-03-12,2017-03-14,2017-03-14,2,6,2025-11-24 02:06:42,mysql_database
775,968,4,2017-03-12,2017-03-13,2017-03-13,2,6,2025-11-24 02:06:42,mysql_database
776,490,4,2017-03-13,2017-03-15,2017-03-16,2,6,2025-11-24 02:06:42,mysql_database
777,496,4,2017-03-13,2017-03-16,2017-03-16,2,6,2025-11-24 02:06:42,mysql_database
778,56,3,2017-03-15,2017-03-15,,3,9,2025-11-24 02:06:42,mysql_database
779,367,4,2017-03-15,2017-03-16,2017-03-18,2,6,2025-11-24 02:06:42,mysql_database
780,592,4,2017-03-15,2017-03-17,2017-03-17,2,6,2025-11-24 02:06:42,mysql_database
781,1018,4,2017-03-15,2017-03-16,2017-03-17,2,6,2025-11-24 02:06:42,mysql_database
782,1298,4,2017-03-15,2017-03-16,2017-03-18,2,7,2025-11-24 02:06:42,mysql_database
783,1343,4,2017-03-16,2017-03-19,2017-03-17,1,2,2025-11-24 02:06:42,mysql_database
784,430,4,2017-03-16,2017-03-19,2017-03-19,2,7,2025-11-24 02:06:42,mysql_database
785,794,4,2017-03-18,2017-03-19,2017-03-20,1,2,2025-11-24 02:06:42,mysql_database
786,249,4,2017-03-18,2017-03-20,2017-03-19,2,6,2025-11-24 02:06:42,mysql_database
787,700,4,2017-03-18,2017-03-20,2017-03-19,3,9,2025-11-24 02:06:42,mysql_database
788,1363,4,2017-03-18,2017-03-20,2017-03-20,3,9,2025-11-24 02:06:42,mysql_database
789,772,4,2017-03-19,2017-03-20,2017-03-20,2,6,2025-11-24 02:06:42,mysql_database
790,1015,4,2017-03-19,2017-03-21,2017-03-22,2,7,2025-11-24 02:06:42,mysql_database
791,432,4,2017-03-20,2017-03-22,2017-03-23,2,6,2025-11-24 02:06:42,mysql_database
792,479,4,2017-03-22,2017-03-23,2017-03-24,2,6,2025-11-24 02:06:42,mysql_database
793,653,4,2017-03-23,2017-03-24,2017-03-24,2,6,2025-11-24 02:06:42,mysql_database
794,863,4,2017-03-23,2017-03-25,2017-03-24,2,7,2025-11-24 02:06:42,mysql_database
795,992,4,2017-03-23,2017-03-25,2017-03-26,2,7,2025-11-24 02:06:42,mysql_database
796,154,4,2017-03-23,2017-03-26,2017-03-25,3,9,2025-11-24 02:06:42,mysql_database
797,374,4,2017-03-24,2017-03-26,2017-03-26,2,7,2025-11-24 02:06:42,mysql_database
798,619,4,2017-03-26,2017-03-28,2017-03-29,1,3,2025-11-24 02:06:42,mysql_database
799,607,4,2017-03-27,2017-03-28,2017-03-29,1,3,2025-11-24 02:06:42,mysql_database
800,1057,4,2017-03-27,2017-03-29,2017-03-28,2,6,2025-11-24 02:06:42,mysql_database
801,78,4,2017-03-28,2017-03-29,2017-03-30,1,2,2025-11-24 02:06:42,mysql_database
802,340,4,2017-03-28,2017-03-29,2017-03-30,2,6,2025-11-24 02:06:42,mysql_database
803,1105,4,2017-03-28,2017-03-31,2017-03-30,3,8,2025-11-24 02:06:42,mysql_database
804,95,4,2017-03-29,2017-03-31,2017-03-30,2,6,2025-11-24 02:06:42,mysql_database
805,420,4,2017-03-29,2017-03-30,2017-04-01,2,6,2025-11-24 02:06:42,mysql_database
806,234,4,2017-03-30,2017-03-31,2017-03-31,2,7,2025-11-24 02:06:42,mysql_database
807,1148,4,2017-03-30,2017-04-01,2017-04-02,2,6,2025-11-24 02:06:42,mysql_database
808,315,4,2017-03-31,2017-04-02,2017-04-02,2,6,2025-11-24 02:06:42,mysql_database
809,1222,4,2017-03-31,2017-04-03,2017-04-03,2,7,2025-11-24 02:06:42,mysql_database
810,153,3,2017-04-01,2017-04-01,,3,8,2025-11-24 02:06:42,mysql_database
811,524,4,2017-04-01,2017-04-04,2017-04-04,2,7,2025-11-24 02:06:42,mysql_database
812,1164,4,2017-04-01,2017-04-02,2017-04-03,2,7,2025-11-24 02:06:42,mysql_database
813,1203,4,2017-04-01,2017-04-03,2017-04-02,3,9,2025-11-24 02:06:42,mysql_database
814,629,4,2017-04-02,2017-04-05,2017-04-03,2,7,2025-11-24 02:06:42,mysql_database
815,1251,4,2017-04-03,2017-04-05,2017-04-04,1,3,2025-11-24 02:06:42,mysql_database
816,811,4,2017-04-03,2017-04-05,2017-04-05,2,6,2025-11-24 02:06:42,mysql_database
817,301,4,2017-04-04,2017-04-05,2017-04-07,2,7,2025-11-24 02:06:42,mysql_database
818,1319,4,2017-04-04,2017-04-07,2017-04-07,2,6,2025-11-24 02:06:42,mysql_database
819,221,4,2017-04-04,2017-04-07,2017-04-05,3,9,2025-11-24 02:06:42,mysql_database
820,725,4,2017-04-05,2017-04-08,2017-04-07,2,7,2025-11-24 02:06:42,mysql_database
821,1181,4,2017-04-05,2017-04-07,2017-04-08,2,7,2025-11-24 02:06:42,mysql_database
822,294,4,2017-04-06,2017-04-08,2017-04-09,2,7,2025-11-24 02:06:42,mysql_database
823,415,4,2017-04-06,2017-04-07,2017-04-08,3,8,2025-11-24 02:06:42,mysql_database
824,993,4,2017-04-07,2017-04-09,2017-04-10,1,2,2025-11-24 02:06:42,mysql_database
825,10,4,2017-04-07,2017-04-08,2017-04-09,2,7,2025-11-24 02:06:42,mysql_database
826,45,4,2017-04-07,2017-04-10,2017-04-10,2,6,2025-11-24 02:06:42,mysql_database
827,666,4,2017-04-07,2017-04-10,2017-04-10,2,7,2025-11-24 02:06:42,mysql_database
828,246,4,2017-04-09,2017-04-10,2017-04-12,2,6,2025-11-24 02:06:42,mysql_database
829,674,4,2017-04-09,2017-04-10,2017-04-10,2,7,2025-11-24 02:06:42,mysql_database
830,431,4,2017-04-11,2017-04-14,2017-04-12,2,6,2025-11-24 02:06:42,mysql_database
831,1000,4,2017-04-11,2017-04-12,2017-04-12,2,7,2025-11-24 02:06:42,mysql_database
832,1215,4,2017-04-11,2017-04-12,2017-04-12,2,7,2025-11-24 02:06:42,mysql_database
833,406,4,2017-04-12,2017-04-14,2017-04-15,2,7,2025-11-24 02:06:42,mysql_database
834,890,4,2017-04-12,2017-04-13,2017-04-15,2,6,2025-11-24 02:06:42,mysql_database
835,940,4,2017-04-13,2017-04-15,2017-04-14,1,2,2025-11-24 02:06:42,mysql_database
836,455,4,2017-04-13,2017-04-16,2017-04-14,2,6,2025-11-24 02:06:42,mysql_database
837,948,4,2017-04-13,2017-04-16,2017-04-14,2,7,2025-11-24 02:06:42,mysql_database
838,1395,4,2017-04-14,2017-04-17,2017-04-15,2,7,2025-11-24 02:06:42,mysql_database
839,1332,4,2017-04-15,2017-04-18,2017-04-16,1,3,2025-11-24 02:06:42,mysql_database
840,372,4,2017-04-15,2017-04-16,2017-04-16,2,6,2025-11-24 02:06:42,mysql_database
841,428,4,2017-04-15,2017-04-18,2017-04-17,2,7,2025-11-24 02:06:42,mysql_database
842,1133,4,2017-04-15,2017-04-18,2017-04-16,2,6,2025-11-24 02:06:42,mysql_database
843,1059,4,2017-04-16,2017-04-17,2017-04-19,2,7,2025-11-24 02:06:42,mysql_database
844,1436,4,2017-04-16,2017-04-17,2017-04-18,2,6,2025-11-24 02:06:42,mysql_database
845,662,4,2017-04-17,2017-04-18,2017-04-18,2,7,2025-11-24 02:06:42,mysql_database
846,715,4,2017-04-17,2017-04-19,2017-04-19,2,6,2025-11-24 02:06:42,mysql_database
847,329,4,2017-04-18,2017-04-19,2017-04-19,2,7,2025-11-24 02:06:42,mysql_database
848,597,4,2017-04-18,2017-04-20,2017-04-20,2,7,2025-11-24 02:06:42,mysql_database
849,776,4,2017-04-19,2017-04-20,2017-04-21,1,2,2025-11-24 02:06:42,mysql_database
850,1346,4,2017-04-19,2017-04-22,2017-04-22,1,3,2025-11-24 02:06:42,mysql_database
851,1139,4,2017-04-20,2017-04-21,2017-04-22,2,6,2025-11-24 02:06:42,mysql_database
852,13,4,2017-04-21,2017-04-23,2017-04-22,3,9,2025-11-24 02:06:42,mysql_database
853,883,4,2017-04-21,2017-04-24,2017-04-24,3,8,2025-11-24 02:06:42,mysql_database
854,177,4,2017-04-22,2017-04-25,2017-04-23,2,6,2025-11-24 02:06:42,mysql_database
855,775,4,2017-04-22,2017-04-23,2017-04-25,2,6,2025-11-24 02:06:42,mysql_database
856,477,4,2017-04-23,2017-04-25,2017-04-26,2,6,2025-11-24 02:06:42,mysql_database
857,1402,4,2017-04-24,2017-04-25,2017-04-26,2,7,2025-11-24 02:06:42,mysql_database
858,162,4,2017-04-25,2017-04-27,2017-04-28,2,6,2025-11-24 02:06:42,mysql_database
859,644,4,2017-04-25,2017-04-26,2017-04-26,2,6,2025-11-24 02:06:42,mysql_database
860,473,4,2017-04-27,2017-04-29,2017-04-28,2,7,2025-11-24 02:06:42,mysql_database
861,1177,4,2017-04-27,2017-04-29,2017-04-30,2,7,2025-11-24 02:06:42,mysql_database
862,1230,4,2017-04-27,2017-04-30,2017-04-29,3,8,2025-11-24 02:06:42,mysql_database
863,446,4,2017-04-28,2017-04-30,2017-05-01,2,7,2025-11-24 02:06:42,mysql_database
864,902,4,2017-04-28,2017-04-30,2017-04-29,2,6,2025-11-24 02:06:42,mysql_database
865,974,4,2017-04-29,2017-05-02,2017-05-01,2,6,2025-11-24 02:06:42,mysql_database
866,1410,4,2017-04-29,2017-04-30,2017-05-01,2,6,2025-11-24 02:06:42,mysql_database
867,97,4,2017-05-01,2017-05-03,2017-05-02,1,3,2025-11-24 02:06:42,mysql_database
868,868,4,2017-05-01,2017-05-04,2017-05-02,1,3,2025-11-24 02:06:42,mysql_database
869,844,4,2017-05-01,2017-05-04,2017-05-02,2,7,2025-11-24 02:06:42,mysql_database
870,1416,4,2017-05-01,2017-05-04,2017-05-02,2,6,2025-11-24 02:06:42,mysql_database
871,358,4,2017-05-02,2017-05-04,2017-05-03,2,7,2025-11-24 02:06:42,mysql_database
872,394,4,2017-05-03,2017-05-06,2017-05-06,1,3,2025-11-24 02:06:42,mysql_database
873,829,4,2017-05-03,2017-05-05,2017-05-05,2,7,2025-11-24 02:06:42,mysql_database
874,661,4,2017-05-04,2017-05-05,2017-05-06,2,7,2025-11-24 02:06:42,mysql_database
875,386,4,2017-05-05,2017-05-06,2017-05-08,1,3,2025-11-24 02:06:42,mysql_database
876,1046,4,2017-05-05,2017-05-08,2017-05-06,2,7,2025-11-24 02:06:42,mysql_database
877,784,4,2017-05-06,2017-05-07,2017-05-08,2,6,2025-11-24 02:06:42,mysql_database
878,224,4,2017-05-07,2017-05-10,2017-05-09,1,3,2025-11-24 02:06:42,mysql_database
879,214,4,2017-05-08,2017-05-09,2017-05-09,2,7,2025-11-24 02:06:42,mysql_database
880,1206,4,2017-05-08,2017-05-11,2017-05-10,2,6,2025-11-24 02:06:42,mysql_database
881,1024,4,2017-05-08,2017-05-11,2017-05-11,3,9,2025-11-24 02:06:42,mysql_database
882,196,4,2017-05-09,2017-05-12,2017-05-10,2,6,2025-11-24 02:06:42,mysql_database
883,507,4,2017-05-11,2017-05-13,2017-05-14,2,6,2025-11-24 02:06:42,mysql_database
884,871,4,2017-05-11,2017-05-13,2017-05-12,2,7,2025-11-24 02:06:42,mysql_database
885,66,3,2017-05-13,2017-05-13,,3,8,2025-11-24 02:06:42,mysql_database
886,1396,4,2017-05-13,2017-05-14,2017-05-15,1,2,2025-11-24 02:06:42,mysql_database
887,1195,4,2017-05-13,2017-05-15,2017-05-15,2,6,2025-11-24 02:06:42,mysql_database
888,1038,4,2017-05-14,2017-05-16,2017-05-16,2,7,2025-11-24 02:06:42,mysql_database
889,830,4,2017-05-14,2017-05-17,2017-05-15,3,8,2025-11-24 02:06:42,mysql_database
890,171,4,2017-05-15,2017-05-18,2017-05-18,2,6,2025-11-24 02:06:42,mysql_database
891,384,4,2017-05-15,2017-05-18,2017-05-16,2,6,2025-11-24 02:06:42,mysql_database
892,651,4,2017-05-15,2017-05-18,2017-05-17,2,7,2025-11-24 02:06:42,mysql_database
893,1293,4,2017-05-16,2017-05-19,2017-05-19,2,7,2025-11-24 02:06:42,mysql_database
894,1320,4,2017-05-16,2017-05-19,2017-05-19,2,6,2025-11-24 02:06:42,mysql_database
895,857,4,2017-05-18,2017-05-21,2017-05-19,2,6,2025-11-24 02:06:42,mysql_database
896,376,4,2017-05-19,2017-05-22,2017-05-21,3,9,2025-11-24 02:06:42,mysql_database
897,47,4,2017-05-20,2017-05-21,2017-05-21,1,2,2025-11-24 02:06:42,mysql_database
898,352,4,2017-05-20,2017-05-21,2017-05-22,2,6,2025-11-24 02:06:42,mysql_database
899,605,4,2017-05-20,2017-05-21,2017-05-21,2,7,2025-11-24 02:06:42,mysql_database
900,971,4,2017-05-20,2017-05-21,2017-05-22,2,6,2025-11-24 02:06:42,mysql_database
901,345,4,2017-05-21,2017-05-22,2017-05-24,2,7,2025-11-24 02:06:42,mysql_database
902,1278,4,2017-05-21,2017-05-24,2017-05-22,2,6,2025-11-24 02:06:42,mysql_database
903,179,4,2017-05-22,2017-05-23,2017-05-24,2,7,2025-11-24 02:06:42,mysql_database
904,1020,4,2017-05-23,2017-05-26,2017-05-24,1,2,2025-11-24 02:06:42,mysql_database
905,609,4,2017-05-23,2017-05-26,2017-05-24,2,6,2025-11-24 02:06:42,mysql_database
906,877,4,2017-05-23,2017-05-26,2017-05-26,2,7,2025-11-24 02:06:42,mysql_database
907,120,4,2017-05-24,2017-05-26,2017-05-27,1,2,2025-11-24 02:06:42,mysql_database
908,402,4,2017-05-25,2017-05-28,2017-05-27,2,7,2025-11-24 02:06:42,mysql_database
909,188,4,2017-05-26,2017-05-27,2017-05-28,1,2,2025-11-24 02:06:42,mysql_database
910,342,4,2017-05-26,2017-05-28,2017-05-28,2,7,2025-11-24 02:06:42,mysql_database
911,887,4,2017-05-26,2017-05-29,2017-05-29,2,6,2025-11-24 02:06:42,mysql_database
912,519,4,2017-05-27,2017-05-29,2017-05-29,1,2,2025-11-24 02:06:42,mysql_database
913,699,4,2017-05-27,2017-05-29,2017-05-29,2,6,2025-11-24 02:06:42,mysql_database
914,1068,4,2017-05-28,2017-05-31,2017-05-31,1,2,2025-11-24 02:06:42,mysql_database
915,215,4,2017-05-28,2017-05-30,2017-05-30,2,6,2025-11-24 02:06:42,mysql_database
916,718,4,2017-05-28,2017-05-29,2017-05-29,2,6,2025-11-24 02:06:42,mysql_database
917,881,4,2017-05-29,2017-05-31,2017-06-01,1,2,2025-11-24 02:06:42,mysql_database
918,242,4,2017-05-30,2017-05-31,2017-05-31,1,3,2025-11-24 02:06:42,mysql_database
919,781,4,2017-05-30,2017-05-31,2017-05-31,2,7,2025-11-24 02:06:42,mysql_database
920,966,4,2017-05-30,2017-06-01,2017-06-02,2,7,2025-11-24 02:06:42,mysql_database
921,628,4,2017-05-31,2017-06-02,2017-06-02,2,6,2025-11-24 02:06:42,mysql_database
922,656,4,2017-05-31,2017-06-01,2017-06-03,2,6,2025-11-24 02:06:42,mysql_database
923,769,4,2017-05-31,2017-06-03,2017-06-02,2,7,2025-11-24 02:06:42,mysql_database
924,68,3,2017-06-02,2017-06-02,,3,8,2025-11-24 02:06:42,mysql_database
925,1316,4,2017-06-02,2017-06-05,2017-06-03,2,7,2025-11-24 02:06:42,mysql_database
926,233,4,2017-06-03,2017-06-05,2017-06-06,1,2,2025-11-24 02:06:42,mysql_database
927,1438,4,2017-06-03,2017-06-05,2017-06-06,1,2,2025-11-24 02:06:42,mysql_database
928,957,4,2017-06-05,2017-06-06,2017-06-06,1,3,2025-11-24 02:06:42,mysql_database
929,472,4,2017-06-05,2017-06-06,2017-06-08,2,6,2025-11-24 02:06:42,mysql_database
930,1224,4,2017-06-05,2017-06-06,2017-06-06,3,9,2025-11-24 02:06:42,mysql_database
931,631,4,2017-06-07,2017-06-08,2017-06-08,2,6,2025-11-24 02:06:42,mysql_database
932,804,4,2017-06-07,2017-06-08,2017-06-09,2,6,2025-11-24 02:06:42,mysql_database
933,909,4,2017-06-07,2017-06-10,2017-06-08,2,6,2025-11-24 02:06:42,mysql_database
934,93,4,2017-06-09,2017-06-10,2017-06-12,2,7,2025-11-24 02:06:42,mysql_database
935,43,3,2017-06-10,2017-06-10,,3,8,2025-11-24 02:06:42,mysql_database
936,265,4,2017-06-10,2017-06-13,2017-06-12,2,6,2025-11-24 02:06:42,mysql_database
937,73,4,2017-06-11,2017-06-14,2017-06-13,2,7,2025-11-24 02:06:42,mysql_database
938,129,4,2017-06-11,2017-06-12,2017-06-12,2,6,2025-11-24 02:06:42,mysql_database
939,1407,4,2017-06-11,2017-06-12,2017-06-14,2,6,2025-11-24 02:06:42,mysql_database
940,585,4,2017-06-12,2017-06-14,2017-06-13,1,2,2025-11-24 02:06:42,mysql_database
941,736,4,2017-06-12,2017-06-14,2017-06-14,1,2,2025-11-24 02:06:42,mysql_database
942,537,4,2017-06-13,2017-06-16,2017-06-15,2,6,2025-11-24 02:06:42,mysql_database
943,1025,4,2017-06-13,2017-06-15,2017-06-15,2,6,2025-11-24 02:06:42,mysql_database
944,138,4,2017-06-14,2017-06-15,2017-06-17,1,3,2025-11-24 02:06:42,mysql_database
945,167,4,2017-06-14,2017-06-15,2017-06-16,2,7,2025-11-24 02:06:42,mysql_database
946,525,4,2017-06-14,2017-06-16,2017-06-15,2,6,2025-11-24 02:06:42,mysql_database
947,278,4,2017-06-15,2017-06-18,2017-06-17,1,3,2025-11-24 02:06:42,mysql_database
948,618,4,2017-06-15,2017-06-17,2017-06-17,2,6,2025-11-24 02:06:42,mysql_database
949,867,4,2017-06-16,2017-06-18,2017-06-17,1,3,2025-11-24 02:06:42,mysql_database
950,142,4,2017-06-16,2017-06-19,2017-06-18,2,6,2025-11-24 02:06:42,mysql_database
951,339,4,2017-06-16,2017-06-19,2017-06-19,2,7,2025-11-24 02:06:42,mysql_database
952,355,4,2017-06-16,2017-06-18,2017-06-18,2,7,2025-11-24 02:06:42,mysql_database
953,658,4,2017-06-16,2017-06-18,2017-06-17,2,7,2025-11-24 02:06:42,mysql_database
954,611,4,2017-06-17,2017-06-20,2017-06-20,2,6,2025-11-24 02:06:42,mysql_database
955,880,4,2017-06-17,2017-06-19,2017-06-18,2,6,2025-11-24 02:06:42,mysql_database
956,1184,4,2017-06-17,2017-06-19,2017-06-20,2,6,2025-11-24 02:06:42,mysql_database
957,722,4,2017-06-17,2017-06-20,2017-06-20,3,9,2025-11-24 02:06:42,mysql_database
958,1276,4,2017-06-18,2017-06-20,2017-06-19,1,2,2025-11-24 02:06:42,mysql_database
959,650,4,2017-06-18,2017-06-21,2017-06-21,2,7,2025-11-24 02:06:42,mysql_database
960,1390,4,2017-06-18,2017-06-19,2017-06-19,2,7,2025-11-24 02:06:42,mysql_database
961,82,4,2017-06-19,2017-06-21,2017-06-22,1,2,2025-11-24 02:06:42,mysql_database
962,570,4,2017-06-19,2017-06-22,2017-06-20,2,7,2025-11-24 02:06:42,mysql_database
963,1432,4,2017-06-19,2017-06-21,2017-06-21,2,6,2025-11-24 02:06:42,mysql_database
964,404,4,2017-06-20,2017-06-22,2017-06-22,2,7,2025-11-24 02:06:42,mysql_database
965,457,4,2017-06-20,2017-06-22,2017-06-23,2,6,2025-11-24 02:06:42,mysql_database
966,389,4,2017-06-20,2017-06-22,2017-06-22,3,8,2025-11-24 02:06:42,mysql_database
967,1323,4,2017-06-21,2017-06-24,2017-06-24,2,6,2025-11-24 02:06:42,mysql_database
968,1403,4,2017-06-21,2017-06-23,2017-06-23,2,6,2025-11-24 02:06:42,mysql_database
969,248,4,2017-06-21,2017-06-24,2017-06-22,3,9,2025-11-24 02:06:42,mysql_database
970,836,4,2017-06-22,2017-06-25,2017-06-23,2,7,2025-11-24 02:06:42,mysql_database
971,1426,4,2017-06-22,2017-06-23,2017-06-24,3,8,2025-11-24 02:06:42,mysql_database
972,270,4,2017-06-23,2017-06-24,2017-06-25,2,7,2025-11-24 02:06:42,mysql_database
973,238,4,2017-06-24,2017-06-27,2017-06-27,2,6,2025-11-24 02:06:42,mysql_database
974,511,4,2017-06-24,2017-06-27,2017-06-27,3,8,2025-11-24 02:06:42,mysql_database
975,1092,4,2017-06-25,2017-06-27,2017-06-28,2,6,2025-11-24 02:06:42,mysql_database
976,1266,4,2017-06-25,2017-06-28,2017-06-27,3,9,2025-11-24 02:06:42,mysql_database
977,400,4,2017-06-26,2017-06-28,2017-06-27,2,7,2025-11-24 02:06:42,mysql_database
978,1123,4,2017-06-26,2017-06-28,2017-06-27,2,6,2025-11-24 02:06:42,mysql_database
979,1190,4,2017-06-26,2017-06-29,2017-06-27,2,6,2025-11-24 02:06:42,mysql_database
980,328,4,2017-06-26,2017-06-28,2017-06-27,3,9,2025-11-24 02:06:42,mysql_database
981,687,4,2017-06-26,2017-06-29,2017-06-28,3,8,2025-11-24 02:06:42,mysql_database
982,1423,4,2017-06-26,2017-06-29,2017-06-28,3,9,2025-11-24 02:06:42,mysql_database
983,1158,4,2017-06-27,2017-06-28,2017-06-29,2,6,2025-11-24 02:06:42,mysql_database
984,1287,4,2017-06-27,2017-06-28,2017-06-29,2,7,2025-11-24 02:06:42,mysql_database
985,461,4,2017-06-30,2017-07-02,2017-07-01,2,6,2025-11-24 02:06:42,mysql_database
986,556,4,2017-06-30,2017-07-03,2017-07-01,2,7,2025-11-24 02:06:42,mysql_database
987,172,4,2017-07-02,2017-07-04,2017-07-04,1,2,2025-11-24 02:06:42,mysql_database
988,436,4,2017-07-02,2017-07-04,2017-07-05,2,6,2025-11-24 02:06:42,mysql_database
989,1145,4,2017-07-02,2017-07-04,2017-07-03,2,6,2025-11-24 02:06:42,mysql_database
990,706,4,2017-07-04,2017-07-07,2017-07-07,2,7,2025-11-24 02:06:42,mysql_database
991,751,4,2017-07-06,2017-07-07,2017-07-09,1,2,2025-11-24 02:06:42,mysql_database
992,723,4,2017-07-07,2017-07-10,2017-07-09,2,7,2025-11-24 02:06:42,mysql_database
993,1415,4,2017-07-09,2017-07-11,2017-07-11,1,3,2025-11-24 02:06:42,mysql_database
994,419,4,2017-07-09,2017-07-11,2017-07-11,2,7,2025-11-24 02:06:42,mysql_database
995,621,4,2017-07-11,2017-07-13,2017-07-14,1,2,2025-11-24 02:06:42,mysql_database
996,915,4,2017-07-11,2017-07-12,2017-07-12,1,2,2025-11-24 02:06:42,mysql_database
997,485,4,2017-07-11,2017-07-13,2017-07-14,2,7,2025-11-24 02:06:42,mysql_database
998,219,4,2017-07-12,2017-07-13,2017-07-14,2,7,2025-11-24 02:06:42,mysql_database
999,590,4,2017-07-12,2017-07-13,2017-07-14,2,6,2025-11-24 02:06:42,mysql_database
1000,645,4,2017-07-12,2017-07-14,2017-07-15,2,7,2025-11-24 02:06:42,mysql_database
1001,354,4,2017-07-13,2017-07-16,2017-07-15,2,6,2025-11-24 02:06:42,mysql_database
1002,1418,4,2017-07-14,2017-07-16,2017-07-16,1,3,2025-11-24 02:06:42,mysql_database
1003,503,4,2017-07-14,2017-07-16,2017-07-16,2,7,2025-11-24 02:06:42,mysql_database
1004,1389,4,2017-07-14,2017-07-17,2017-07-16,2,6,2025-11-24 02:06:42,mysql_database
1005,266,4,2017-07-15,2017-07-17,2017-07-16,2,7,2025-11-24 02:06:42,mysql_database
1006,1070,4,2017-07-15,2017-07-18,2017-07-17,2,7,2025-11-24 02:06:42,mysql_database
1007,1115,4,2017-07-16,2017-07-17,2017-07-17,2,6,2025-11-24 02:06:42,mysql_database
1008,1345,4,2017-07-16,2017-07-18,2017-07-18,2,6,2025-11-24 02:06:42,mysql_database
1009,1064,4,2017-07-16,2017-07-19,2017-07-19,3,8,2025-11-24 02:06:42,mysql_database
1010,8,3,2017-07-18,2017-07-18,,2,7,2025-11-24 02:06:42,mysql_database
1011,495,4,2017-07-18,2017-07-21,2017-07-21,1,3,2025-11-24 02:06:42,mysql_database
1012,620,4,2017-07-18,2017-07-20,2017-07-20,2,7,2025-11-24 02:06:42,mysql_database
1013,174,4,2017-07-19,2017-07-22,2017-07-21,2,6,2025-11-24 02:06:42,mysql_database
1014,748,4,2017-07-19,2017-07-21,2017-07-21,2,6,2025-11-24 02:06:42,mysql_database
1015,799,4,2017-07-19,2017-07-22,2017-07-21,2,7,2025-11-24 02:06:42,mysql_database
1016,1417,4,2017-07-19,2017-07-20,2017-07-21,3,9,2025-11-24 02:06:42,mysql_database
1017,168,4,2017-07-20,2017-07-21,2017-07-23,2,6,2025-11-24 02:06:42,mysql_database
1018,290,4,2017-07-22,2017-07-23,2017-07-23,2,6,2025-11-24 02:06:42,mysql_database
1019,408,4,2017-07-22,2017-07-23,2017-07-24,2,7,2025-11-24 02:06:42,mysql_database
1020,16,3,2017-07-23,2017-07-23,,2,6,2025-11-24 02:06:42,mysql_database
1021,125,4,2017-07-23,2017-07-24,2017-07-26,2,6,2025-11-24 02:06:42,mysql_database
1022,353,4,2017-07-23,2017-07-26,2017-07-24,2,7,2025-11-24 02:06:42,mysql_database
1023,356,4,2017-07-23,2017-07-26,2017-07-25,2,6,2025-11-24 02:06:42,mysql_database
1024,837,4,2017-07-23,2017-07-25,2017-07-26,2,7,2025-11-24 02:06:42,mysql_database
1025,1304,4,2017-07-23,2017-07-26,2017-07-26,2,6,2025-11-24 02:06:42,mysql_database
1026,1370,4,2017-07-26,2017-07-28,2017-07-29,1,2,2025-11-24 02:06:42,mysql_database
1027,588,4,2017-07-26,2017-07-28,2017-07-28,2,6,2025-11-24 02:06:42,mysql_database
1028,1273,4,2017-07-27,2017-07-28,2017-07-30,2,7,2025-11-24 02:06:42,mysql_database
1029,407,4,2017-07-29,2017-07-30,2017-08-01,1,3,2025-11-24 02:06:42,mysql_database
1030,161,4,2017-07-29,2017-07-30,2017-07-31,2,6,2025-11-24 02:06:42,mysql_database
1031,1308,4,2017-07-30,2017-08-01,2017-08-02,1,2,2025-11-24 02:06:42,mysql_database
1032,429,4,2017-07-30,2017-08-02,2017-08-01,2,6,2025-11-24 02:06:42,mysql_database
1033,582,4,2017-07-30,2017-07-31,2017-08-02,2,7,2025-11-24 02:06:42,mysql_database
1034,895,4,2017-07-30,2017-07-31,2017-07-31,2,7,2025-11-24 02:06:42,mysql_database
1035,1283,4,2017-07-30,2017-08-02,2017-08-02,2,6,2025-11-24 02:06:42,mysql_database
1036,1442,4,2017-07-30,2017-08-01,2017-07-31,2,6,2025-11-24 02:06:42,mysql_database
1037,1229,4,2017-07-31,2017-08-02,2017-08-03,2,6,2025-11-24 02:06:42,mysql_database
1038,1281,4,2017-07-31,2017-08-01,2017-08-03,2,7,2025-11-24 02:06:42,mysql_database
1039,1077,4,2017-08-02,2017-08-04,2017-08-03,2,7,2025-11-24 02:06:42,mysql_database
1040,1225,4,2017-08-04,2017-08-07,2017-08-05,1,2,2025-11-24 02:06:42,mysql_database
1041,70,4,2017-08-04,2017-08-06,2017-08-05,2,7,2025-11-24 02:06:42,mysql_database
1042,539,4,2017-08-06,2017-08-07,2017-08-07,2,7,2025-11-24 02:06:42,mysql_database
1043,1235,4,2017-08-06,2017-08-09,2017-08-08,2,6,2025-11-24 02:06:42,mysql_database
1044,1270,4,2017-08-07,2017-08-10,2017-08-08,2,7,2025-11-24 02:06:42,mysql_database
1045,185,4,2017-08-07,2017-08-09,2017-08-10,3,9,2025-11-24 02:06:42,mysql_database
1046,1134,4,2017-08-07,2017-08-09,2017-08-08,3,8,2025-11-24 02:06:42,mysql_database
1047,116,3,2017-08-08,2017-08-08,,3,8,2025-11-24 02:06:42,mysql_database
1048,777,4,2017-08-08,2017-08-10,2017-08-09,2,7,2025-11-24 02:06:42,mysql_database
1049,194,4,2017-08-09,2017-08-11,2017-08-10,1,2,2025-11-24 02:06:42,mysql_database
1050,239,4,2017-08-09,2017-08-12,2017-08-12,1,3,2025-11-24 02:06:42,mysql_database
1051,209,4,2017-08-10,2017-08-11,2017-08-11,2,7,2025-11-24 02:06:42,mysql_database
1052,460,4,2017-08-10,2017-08-12,2017-08-13,2,6,2025-11-24 02:06:42,mysql_database
1053,1439,4,2017-08-10,2017-08-11,2017-08-12,2,6,2025-11-24 02:06:42,mysql_database
1054,189,4,2017-08-11,2017-08-12,2017-08-12,2,7,2025-11-24 02:06:42,mysql_database
1055,140,4,2017-08-12,2017-08-15,2017-08-15,2,6,2025-11-24 02:06:42,mysql_database
1056,325,4,2017-08-12,2017-08-15,2017-08-13,2,7,2025-11-24 02:06:42,mysql_database
1057,456,4,2017-08-12,2017-08-15,2017-08-13,2,7,2025-11-24 02:06:42,mysql_database
1058,782,4,2017-08-13,2017-08-16,2017-08-14,2,6,2025-11-24 02:06:42,mysql_database
1059,6,4,2017-08-14,2017-08-17,2017-08-17,2,7,2025-11-24 02:06:42,mysql_database
1060,182,4,2017-08-15,2017-08-18,2017-08-17,2,6,2025-11-24 02:06:42,mysql_database
1061,655,4,2017-08-15,2017-08-18,2017-08-18,2,7,2025-11-24 02:06:42,mysql_database
1062,1210,4,2017-08-15,2017-08-17,2017-08-18,2,6,2025-11-24 02:06:42,mysql_database
1063,198,4,2017-08-16,2017-08-19,2017-08-19,3,8,2025-11-24 02:06:42,mysql_database
1064,898,4,2017-08-16,2017-08-18,2017-08-19,3,9,2025-11-24 02:06:42,mysql_database
1065,25,4,2017-08-17,2017-08-19,2017-08-19,2,7,2025-11-24 02:06:42,mysql_database
1066,106,4,2017-08-17,2017-08-20,2017-08-19,2,7,2025-11-24 02:06:42,mysql_database
1067,225,4,2017-08-17,2017-08-19,2017-08-19,2,7,2025-11-24 02:06:42,mysql_database
1068,453,4,2017-08-17,2017-08-20,2017-08-19,2,7,2025-11-24 02:06:42,mysql_database
1069,493,4,2017-08-17,2017-08-19,2017-08-18,2,6,2025-11-24 02:06:42,mysql_database
1070,596,4,2017-08-17,2017-08-20,2017-08-18,2,7,2025-11-24 02:06:42,mysql_database
1071,602,4,2017-08-17,2017-08-20,2017-08-18,3,8,2025-11-24 02:06:42,mysql_database
1072,47,3,2017-08-18,2017-08-18,,1,3,2025-11-24 02:06:42,mysql_database
1073,911,4,2017-08-18,2017-08-19,2017-08-21,2,7,2025-11-24 02:06:42,mysql_database
1074,11,3,2017-08-19,2017-08-19,,2,6,2025-11-24 02:06:42,mysql_database
1075,1003,4,2017-08-19,2017-08-21,2017-08-22,1,3,2025-11-24 02:06:42,mysql_database
1076,42,4,2017-08-19,2017-08-22,2017-08-22,2,6,2025-11-24 02:06:42,mysql_database
1077,412,4,2017-08-19,2017-08-20,2017-08-21,2,6,2025-11-24 02:06:42,mysql_database
1078,793,4,2017-08-19,2017-08-21,2017-08-20,2,6,2025-11-24 02:06:42,mysql_database
1079,812,4,2017-08-19,2017-08-20,2017-08-20,2,7,2025-11-24 02:06:42,mysql_database
1080,1086,4,2017-08-19,2017-08-20,2017-08-20,2,7,2025-11-24 02:06:42,mysql_database
1081,1106,4,2017-08-19,2017-08-22,2017-08-22,2,6,2025-11-24 02:06:42,mysql_database
1082,1327,4,2017-08-20,2017-08-22,2017-08-21,2,6,2025-11-24 02:06:42,mysql_database
1083,1372,4,2017-08-20,2017-08-23,2017-08-23,2,6,2025-11-24 02:06:42,mysql_database
1084,2,4,2017-08-21,2017-08-24,2017-08-23,1,2,2025-11-24 02:06:42,mysql_database
1085,305,4,2017-08-21,2017-08-23,2017-08-23,1,3,2025-11-24 02:06:42,mysql_database
1086,220,4,2017-08-21,2017-08-23,2017-08-24,2,7,2025-11-24 02:06:42,mysql_database
1087,675,4,2017-08-22,2017-08-23,2017-08-25,3,8,2025-11-24 02:06:42,mysql_database
1088,1160,4,2017-08-22,2017-08-23,2017-08-23,3,8,2025-11-24 02:06:42,mysql_database
1089,46,3,2017-08-23,2017-08-23,,1,2,2025-11-24 02:06:42,mysql_database
1090,1427,4,2017-08-24,2017-08-26,2017-08-26,1,2,2025-11-24 02:06:42,mysql_database
1091,1260,4,2017-08-24,2017-08-25,2017-08-25,2,7,2025-11-24 02:06:42,mysql_database
1092,40,4,2017-08-25,2017-08-28,2017-08-27,1,2,2025-11-24 02:06:42,mysql_database
1093,326,4,2017-08-25,2017-08-28,2017-08-26,1,3,2025-11-24 02:06:42,mysql_database
1094,828,4,2017-08-25,2017-08-27,2017-08-28,2,6,2025-11-24 02:06:42,mysql_database
1095,1382,4,2017-08-26,2017-08-28,2017-08-27,3,9,2025-11-24 02:06:42,mysql_database
1096,589,4,2017-08-27,2017-08-29,2017-08-29,1,2,2025-11-24 02:06:42,mysql_database
1097,1311,4,2017-08-27,2017-08-30,2017-08-28,2,6,2025-11-24 02:06:42,mysql_database
1098,752,4,2017-08-28,2017-08-30,2017-08-30,1,2,2025-11-24 02:06:42,mysql_database
1099,1128,4,2017-08-28,2017-08-29,2017-08-30,2,6,2025-11-24 02:06:42,mysql_database
1100,1392,4,2017-08-28,2017-08-29,2017-08-29,2,7,2025-11-24 02:06:42,mysql_database
1101,379,4,2017-08-29,2017-08-30,2017-08-30,2,7,2025-11-24 02:06:42,mysql_database
1102,1317,4,2017-08-29,2017-08-31,2017-08-31,2,6,2025-11-24 02:06:42,mysql_database
1103,1394,4,2017-08-31,2017-09-02,2017-09-02,2,7,2025-11-24 02:06:42,mysql_database
1104,268,4,2017-09-01,2017-09-04,2017-09-03,2,6,2025-11-24 02:06:42,mysql_database
1105,747,4,2017-09-01,2017-09-04,2017-09-03,3,8,2025-11-24 02:06:42,mysql_database
1106,1009,4,2017-09-02,2017-09-04,2017-09-04,2,6,2025-11-24 02:06:42,mysql_database
1107,1424,4,2017-09-02,2017-09-05,2017-09-05,2,7,2025-11-24 02:06:42,mysql_database
1108,735,4,2017-09-03,2017-09-05,2017-09-04,1,3,2025-11-24 02:06:42,mysql_database
1109,23,4,2017-09-03,2017-09-04,2017-09-04,2,6,2025-11-24 02:06:42,mysql_database
1110,912,4,2017-09-04,2017-09-07,2017-09-07,2,6,2025-11-24 02:06:42,mysql_database
1111,930,4,2017-09-04,2017-09-06,2017-09-05,2,6,2025-11-24 02:06:42,mysql_database
1112,798,4,2017-09-05,2017-09-08,2017-09-07,2,7,2025-11-24 02:06:42,mysql_database
1113,388,4,2017-09-06,2017-09-08,2017-09-07,2,7,2025-11-24 02:06:42,mysql_database
1114,1036,4,2017-09-06,2017-09-08,2017-09-08,2,6,2025-11-24 02:06:42,mysql_database
1115,1100,4,2017-09-07,2017-09-09,2017-09-09,2,6,2025-11-24 02:06:42,mysql_database
1116,52,4,2017-09-08,2017-09-10,2017-09-10,2,7,2025-11-24 02:06:42,mysql_database
1117,334,4,2017-09-08,2017-09-10,2017-09-10,2,6,2025-11-24 02:06:42,mysql_database
1118,1023,4,2017-09-08,2017-09-11,2017-09-11,2,6,2025-11-24 02:06:42,mysql_database
1119,749,4,2017-09-10,2017-09-12,2017-09-13,1,2,2025-11-24 02:06:42,mysql_database
1120,1269,4,2017-09-10,2017-09-12,2017-09-13,2,7,2025-11-24 02:06:42,mysql_database
1121,143,4,2017-09-11,2017-09-13,2017-09-12,2,7,2025-11-24 02:06:42,mysql_database
1122,1132,4,2017-09-12,2017-09-14,2017-09-14,2,6,2025-11-24 02:06:42,mysql_database
1123,598,4,2017-09-13,2017-09-14,2017-09-14,2,7,2025-11-24 02:06:42,mysql_database
1124,275,4,2017-09-13,2017-09-14,2017-09-16,3,9,2025-11-24 02:06:42,mysql_database
1125,945,4,2017-09-14,2017-09-15,2017-09-15,2,7,2025-11-24 02:06:42,mysql_database
1126,1213,4,2017-09-14,2017-09-16,2017-09-15,3,8,2025-11-24 02:06:42,mysql_database
1127,494,4,2017-09-15,2017-09-16,2017-09-16,2,7,2025-11-24 02:06:42,mysql_database
1128,936,4,2017-09-15,2017-09-17,2017-09-16,2,6,2025-11-24 02:06:42,mysql_database
1129,663,4,2017-09-17,2017-09-18,2017-09-20,2,6,2025-11-24 02:06:42,mysql_database
1130,69,4,2017-09-18,2017-09-20,2017-09-20,1,3,2025-11-24 02:06:42,mysql_database
1131,1178,4,2017-09-18,2017-09-20,2017-09-19,1,3,2025-11-24 02:06:42,mysql_database
1132,351,4,2017-09-19,2017-09-20,2017-09-20,2,6,2025-11-24 02:06:42,mysql_database
1133,517,4,2017-09-19,2017-09-21,2017-09-21,2,7,2025-11-24 02:06:42,mysql_database
1134,978,4,2017-09-19,2017-09-22,2017-09-20,2,6,2025-11-24 02:06:42,mysql_database
1135,1347,4,2017-09-19,2017-09-21,2017-09-20,2,6,2025-11-24 02:06:42,mysql_database
1136,1050,4,2017-09-20,2017-09-21,2017-09-21,2,6,2025-11-24 02:06:42,mysql_database
1137,810,4,2017-09-20,2017-09-23,2017-09-23,3,8,2025-11-24 02:06:42,mysql_database
1138,254,4,2017-09-21,2017-09-23,2017-09-22,1,2,2025-11-24 02:06:42,mysql_database
1139,1006,4,2017-09-21,2017-09-22,2017-09-23,1,2,2025-11-24 02:06:42,mysql_database
1140,1063,4,2017-09-21,2017-09-22,2017-09-22,3,8,2025-11-24 02:06:42,mysql_database
1141,1076,4,2017-09-22,2017-09-23,2017-09-24,1,2,2025-11-24 02:06:42,mysql_database
1142,554,4,2017-09-23,2017-09-26,2017-09-26,1,3,2025-11-24 02:06:42,mysql_database
1143,1087,4,2017-09-24,2017-09-26,2017-09-27,1,2,2025-11-24 02:06:42,mysql_database
1144,1414,4,2017-09-24,2017-09-27,2017-09-27,2,7,2025-11-24 02:06:42,mysql_database
1145,617,4,2017-09-25,2017-09-27,2017-09-26,2,6,2025-11-24 02:06:42,mysql_database
1146,757,4,2017-09-25,2017-09-26,2017-09-28,2,7,2025-11-24 02:06:42,mysql_database
1147,1344,4,2017-09-25,2017-09-26,2017-09-27,2,6,2025-11-24 02:06:42,mysql_database
1148,1379,4,2017-09-25,2017-09-26,2017-09-27,2,7,2025-11-24 02:06:42,mysql_database
1149,787,4,2017-09-27,2017-09-30,2017-09-30,2,7,2025-11-24 02:06:42,mysql_database
1150,1183,4,2017-09-28,2017-10-01,2017-09-30,2,7,2025-11-24 02:06:42,mysql_database
1151,708,4,2017-09-29,2017-09-30,2017-09-30,1,3,2025-11-24 02:06:42,mysql_database
1152,1244,4,2017-09-29,2017-10-02,2017-10-01,2,6,2025-11-24 02:06:42,mysql_database
1153,720,4,2017-09-30,2017-10-03,2017-10-03,2,7,2025-11-24 02:06:42,mysql_database
1154,789,4,2017-09-30,2017-10-03,2017-10-03,2,7,2025-11-24 02:06:42,mysql_database
1155,865,4,2017-09-30,2017-10-01,2017-10-01,2,7,2025-11-24 02:06:42,mysql_database
1156,869,4,2017-09-30,2017-10-03,2017-10-03,2,7,2025-11-24 02:06:42,mysql_database
1157,24,4,2017-10-01,2017-10-03,2017-10-04,1,3,2025-11-24 02:06:42,mysql_database
1158,889,4,2017-10-01,2017-10-03,2017-10-02,1,2,2025-11-24 02:06:42,mysql_database
1159,1221,4,2017-10-01,2017-10-02,2017-10-03,1,3,2025-11-24 02:06:42,mysql_database
1160,1262,4,2017-10-01,2017-10-02,2017-10-04,1,2,2025-11-24 02:06:42,mysql_database
1161,41,4,2017-10-01,2017-10-04,2017-10-02,2,7,2025-11-24 02:06:42,mysql_database
1162,888,4,2017-10-01,2017-10-03,2017-10-03,2,6,2025-11-24 02:06:42,mysql_database
1163,934,4,2017-10-01,2017-10-02,2017-10-02,2,6,2025-11-24 02:06:42,mysql_database
1164,1067,4,2017-10-01,2017-10-02,2017-10-03,2,6,2025-11-24 02:06:42,mysql_database
1165,652,4,2017-10-02,2017-10-03,2017-10-05,2,7,2025-11-24 02:06:42,mysql_database
1166,286,4,2017-10-03,2017-10-04,2017-10-04,2,7,2025-11-24 02:06:42,mysql_database
1167,900,4,2017-10-04,2017-10-07,2017-10-06,1,2,2025-11-24 02:06:42,mysql_database
1168,1031,4,2017-10-04,2017-10-05,2017-10-06,2,6,2025-11-24 02:06:42,mysql_database
1169,1421,4,2017-10-04,2017-10-06,2017-10-07,2,7,2025-11-24 02:06:42,mysql_database
1170,534,4,2017-10-05,2017-10-07,2017-10-06,2,6,2025-11-24 02:06:42,mysql_database
1171,826,4,2017-10-05,2017-10-06,2017-10-08,2,6,2025-11-24 02:06:42,mysql_database
1172,1339,4,2017-10-07,2017-10-10,2017-10-09,2,7,2025-11-24 02:06:42,mysql_database
1173,548,4,2017-10-08,2017-10-10,2017-10-09,2,7,2025-11-24 02:06:42,mysql_database
1174,1109,4,2017-10-08,2017-10-10,2017-10-11,2,6,2025-11-24 02:06:42,mysql_database
1175,292,4,2017-10-09,2017-10-11,2017-10-12,2,6,2025-11-24 02:06:42,mysql_database
1176,1111,4,2017-10-10,2017-10-13,2017-10-11,3,9,2025-11-24 02:06:42,mysql_database
1177,21,3,2017-10-12,2017-10-12,,3,9,2025-11-24 02:06:42,mysql_database
1178,771,4,2017-10-12,2017-10-15,2017-10-13,2,6,2025-11-24 02:06:42,mysql_database
1179,1150,4,2017-10-12,2017-10-15,2017-10-15,3,9,2025-11-24 02:06:42,mysql_database
1180,1065,4,2017-10-13,2017-10-16,2017-10-16,1,3,2025-11-24 02:06:42,mysql_database
1181,1022,4,2017-10-13,2017-10-16,2017-10-15,2,7,2025-11-24 02:06:42,mysql_database
1182,1422,4,2017-10-13,2017-10-14,2017-10-16,2,7,2025-11-24 02:06:42,mysql_database
1183,216,4,2017-10-14,2017-10-17,2017-10-17,2,6,2025-11-24 02:06:42,mysql_database
1184,369,4,2017-10-14,2017-10-15,2017-10-16,2,6,2025-11-24 02:06:42,mysql_database
1185,960,4,2017-10-14,2017-10-16,2017-10-17,2,6,2025-11-24 02:06:42,mysql_database
1186,1120,4,2017-10-14,2017-10-16,2017-10-15,2,6,2025-11-24 02:06:42,mysql_database
1187,486,4,2017-10-15,2017-10-18,2017-10-16,2,6,2025-11-24 02:06:42,mysql_database
1188,647,4,2017-10-15,2017-10-18,2017-10-17,2,7,2025-11-24 02:06:42,mysql_database
1189,1090,4,2017-10-15,2017-10-17,2017-10-18,2,6,2025-11-24 02:06:42,mysql_database
1190,34,4,2017-10-16,2017-10-19,2017-10-17,2,6,2025-11-24 02:06:42,mysql_database
1191,186,4,2017-10-17,2017-10-18,2017-10-18,2,6,2025-11-24 02:06:42,mysql_database
1192,1114,4,2017-10-17,2017-10-19,2017-10-18,2,6,2025-11-24 02:06:42,mysql_database
1193,1412,4,2017-10-17,2017-10-19,2017-10-19,2,7,2025-11-24 02:06:42,mysql_database
1194,192,4,2017-10-19,2017-10-22,2017-10-22,1,2,2025-11-24 02:06:42,mysql_database
1195,229,4,2017-10-19,2017-10-21,2017-10-21,2,7,2025-11-24 02:06:42,mysql_database
1196,508,4,2017-10-19,2017-10-21,2017-10-20,2,6,2025-11-24 02:06:42,mysql_database
1197,269,4,2017-10-21,2017-10-23,2017-10-23,2,6,2025-11-24 02:06:42,mysql_database
1198,1289,4,2017-10-22,2017-10-24,2017-10-24,2,7,2025-11-24 02:06:42,mysql_database
1199,318,4,2017-10-23,2017-10-24,2017-10-26,1,2,2025-11-24 02:06:42,mysql_database
1200,48,4,2017-10-23,2017-10-25,2017-10-26,2,6,2025-11-24 02:06:42,mysql_database
1201,201,4,2017-10-23,2017-10-24,2017-10-24,2,6,2025-11-24 02:06:42,mysql_database
1202,593,4,2017-10-24,2017-10-25,2017-10-25,2,6,2025-11-24 02:06:42,mysql_database
1203,1191,4,2017-10-25,2017-10-27,2017-10-26,2,7,2025-11-24 02:06:42,mysql_database
1204,1277,4,2017-10-25,2017-10-28,2017-10-28,2,6,2025-11-24 02:06:42,mysql_database
1205,1091,4,2017-10-26,2017-10-28,2017-10-28,1,2,2025-11-24 02:06:42,mysql_database
1206,222,4,2017-10-26,2017-10-29,2017-10-29,2,6,2025-11-24 02:06:42,mysql_database
1207,1002,4,2017-10-26,2017-10-28,2017-10-27,2,6,2025-11-24 02:06:42,mysql_database
1208,1226,4,2017-10-26,2017-10-28,2017-10-27,2,7,2025-11-24 02:06:42,mysql_database
1209,1342,4,2017-10-26,2017-10-27,2017-10-29,2,7,2025-11-24 02:06:42,mysql_database
1210,730,4,2017-10-26,2017-10-27,2017-10-29,3,8,2025-11-24 02:06:42,mysql_database
1211,19,4,2017-10-27,2017-10-28,2017-10-29,2,7,2025-11-24 02:06:42,mysql_database
1212,213,4,2017-10-27,2017-10-30,2017-10-29,2,6,2025-11-24 02:06:42,mysql_database
1213,669,4,2017-10-27,2017-10-29,2017-10-29,3,9,2025-11-24 02:06:42,mysql_database
1214,783,4,2017-10-28,2017-10-29,2017-10-29,2,6,2025-11-24 02:06:42,mysql_database
1215,807,4,2017-10-28,2017-10-31,2017-10-30,2,7,2025-11-24 02:06:42,mysql_database
1216,886,4,2017-10-28,2017-10-30,2017-10-29,2,7,2025-11-24 02:06:42,mysql_database
1217,1155,4,2017-10-28,2017-10-31,2017-10-30,2,7,2025-11-24 02:06:42,mysql_database
1218,1017,4,2017-10-30,2017-11-01,2017-10-31,1,2,2025-11-24 02:06:42,mysql_database
1219,840,4,2017-10-30,2017-11-02,2017-11-02,2,7,2025-11-24 02:06:42,mysql_database
1220,803,4,2017-10-31,2017-11-03,2017-11-03,2,6,2025-11-24 02:06:42,mysql_database
1221,1290,4,2017-10-31,2017-11-02,2017-11-01,2,7,2025-11-24 02:06:42,mysql_database
1222,482,4,2017-11-01,2017-11-04,2017-11-03,3,9,2025-11-24 02:06:42,mysql_database
1223,1207,4,2017-11-02,2017-11-03,2017-11-03,2,6,2025-11-24 02:06:42,mysql_database
1224,544,4,2017-11-03,2017-11-04,2017-11-04,2,6,2025-11-24 02:06:42,mysql_database
1225,768,4,2017-11-04,2017-11-05,2017-11-07,1,2,2025-11-24 02:06:42,mysql_database
1226,226,4,2017-11-04,2017-11-07,2017-11-06,2,7,2025-11-24 02:06:42,mysql_database
1227,702,4,2017-11-04,2017-11-07,2017-11-06,2,6,2025-11-24 02:06:42,mysql_database
1228,1041,4,2017-11-04,2017-11-06,2017-11-06,2,6,2025-11-24 02:06:42,mysql_database
1229,89,4,2017-11-05,2017-11-08,2017-11-06,1,3,2025-11-24 02:06:42,mysql_database
1230,1107,4,2017-11-05,2017-11-06,2017-11-07,2,6,2025-11-24 02:06:42,mysql_database
1231,1180,4,2017-11-05,2017-11-07,2017-11-06,2,6,2025-11-24 02:06:42,mysql_database
1232,665,4,2017-11-06,2017-11-07,2017-11-09,1,3,2025-11-24 02:06:42,mysql_database
1233,462,4,2017-11-06,2017-11-07,2017-11-08,2,6,2025-11-24 02:06:42,mysql_database
1234,19,3,2017-11-07,2017-11-07,,2,6,2025-11-24 02:06:42,mysql_database
1235,210,4,2017-11-07,2017-11-08,2017-11-09,2,6,2025-11-24 02:06:42,mysql_database
1236,243,4,2017-11-08,2017-11-11,2017-11-09,2,7,2025-11-24 02:06:42,mysql_database
1237,571,4,2017-11-09,2017-11-12,2017-11-11,1,2,2025-11-24 02:06:42,mysql_database
1238,998,4,2017-11-09,2017-11-10,2017-11-11,2,6,2025-11-24 02:06:42,mysql_database
1239,1197,4,2017-11-09,2017-11-10,2017-11-11,2,7,2025-11-24 02:06:42,mysql_database
1240,903,4,2017-11-10,2017-11-11,2017-11-11,2,7,2025-11-24 02:06:42,mysql_database
1241,1170,4,2017-11-10,2017-11-12,2017-11-11,2,7,2025-11-24 02:06:42,mysql_database
1242,303,4,2017-11-11,2017-11-12,2017-11-12,2,6,2025-11-24 02:06:42,mysql_database
1243,346,4,2017-11-11,2017-11-13,2017-11-14,2,6,2025-11-24 02:06:42,mysql_database
1244,333,4,2017-11-12,2017-11-14,2017-11-13,2,6,2025-11-24 02:06:42,mysql_database
1245,1166,4,2017-11-13,2017-11-16,2017-11-14,2,7,2025-11-24 02:06:42,mysql_database
1246,1329,4,2017-11-13,2017-11-16,2017-11-16,2,7,2025-11-24 02:06:42,mysql_database
1247,426,4,2017-11-16,2017-11-18,2017-11-17,1,2,2025-11-24 02:06:42,mysql_database
1248,1367,4,2017-11-16,2017-11-17,2017-11-18,1,3,2025-11-24 02:06:42,mysql_database
1249,545,4,2017-11-17,2017-11-18,2017-11-20,2,6,2025-11-24 02:06:42,mysql_database
1250,1188,4,2017-11-17,2017-11-19,2017-11-18,2,6,2025-11-24 02:06:42,mysql_database
1251,289,4,2017-11-17,2017-11-19,2017-11-19,3,9,2025-11-24 02:06:42,mysql_database
1252,110,4,2017-11-18,2017-11-20,2017-11-21,1,3,2025-11-24 02:06:42,mysql_database
1253,44,4,2017-11-18,2017-11-21,2017-11-21,2,6,2025-11-24 02:06:42,mysql_database
1254,1098,4,2017-11-18,2017-11-19,2017-11-19,2,7,2025-11-24 02:06:42,mysql_database
1255,375,4,2017-11-19,2017-11-20,2017-11-21,2,6,2025-11-24 02:06:42,mysql_database
1256,458,4,2017-11-19,2017-11-20,2017-11-22,2,6,2025-11-24 02:06:42,mysql_database
1257,1136,4,2017-11-19,2017-11-22,2017-11-20,2,7,2025-11-24 02:06:42,mysql_database
1258,1099,4,2017-11-20,2017-11-21,2017-11-22,2,7,2025-11-24 02:06:42,mysql_database
1259,4,3,2017-11-21,2017-11-21,,2,7,2025-11-24 02:06:42,mysql_database
1260,1117,4,2017-11-22,2017-11-23,2017-11-24,2,6,2025-11-24 02:06:42,mysql_database
1261,435,4,2017-11-23,2017-11-25,2017-11-24,2,7,2025-11-24 02:06:42,mysql_database
1262,509,4,2017-11-23,2017-11-26,2017-11-26,2,6,2025-11-24 02:06:42,mysql_database
1263,1408,4,2017-11-23,2017-11-26,2017-11-26,2,6,2025-11-24 02:06:42,mysql_database
1264,113,4,2017-11-24,2017-11-27,2017-11-25,2,6,2025-11-24 02:06:42,mysql_database
1265,950,4,2017-11-24,2017-11-27,2017-11-27,2,7,2025-11-24 02:06:42,mysql_database
1266,387,4,2017-11-25,2017-11-28,2017-11-27,2,6,2025-11-24 02:06:42,mysql_database
1267,467,4,2017-11-25,2017-11-26,2017-11-26,2,6,2025-11-24 02:06:42,mysql_database
1268,774,4,2017-11-26,2017-11-28,2017-11-29,1,3,2025-11-24 02:06:42,mysql_database
1269,1236,4,2017-11-26,2017-11-29,2017-11-29,2,6,2025-11-24 02:06:42,mysql_database
1270,1388,4,2017-11-26,2017-11-29,2017-11-29,2,6,2025-11-24 02:06:42,mysql_database
1271,734,4,2017-11-27,2017-11-30,2017-11-30,2,6,2025-11-24 02:06:42,mysql_database
1272,935,4,2017-11-27,2017-11-29,2017-11-30,2,6,2025-11-24 02:06:42,mysql_database
1273,1268,4,2017-11-27,2017-11-29,2017-11-29,2,6,2025-11-24 02:06:42,mysql_database
1274,1364,4,2017-11-28,2017-11-29,2017-12-01,2,7,2025-11-24 02:06:42,mysql_database
1275,165,4,2017-11-29,2017-12-01,2017-11-30,1,2,2025-11-24 02:06:42,mysql_database
1276,893,4,2017-11-30,2017-12-03,2017-12-02,2,6,2025-11-24 02:06:42,mysql_database
1277,227,4,2017-12-01,2017-12-04,2017-12-02,2,6,2025-11-24 02:06:42,mysql_database
1278,980,4,2017-12-01,2017-12-02,2017-12-04,2,7,2025-11-24 02:06:42,mysql_database
1279,1014,4,2017-12-01,2017-12-04,2017-12-03,2,6,2025-11-24 02:06:42,mysql_database
1280,123,4,2017-12-01,2017-12-03,2017-12-03,3,9,2025-11-24 02:06:42,mysql_database
1281,1060,4,2017-12-02,2017-12-05,2017-12-05,2,6,2025-11-24 02:06:42,mysql_database
1282,320,4,2017-12-03,2017-12-05,2017-12-05,2,6,2025-11-24 02:06:42,mysql_database
1283,85,4,2017-12-04,2017-12-07,2017-12-07,2,7,2025-11-24 02:06:42,mysql_database
1284,128,4,2017-12-04,2017-12-06,2017-12-07,2,7,2025-11-24 02:06:42,mysql_database
1285,262,4,2017-12-04,2017-12-07,2017-12-07,2,7,2025-11-24 02:06:42,mysql_database
1286,1033,4,2017-12-04,2017-12-07,2017-12-06,2,7,2025-11-24 02:06:42,mysql_database
1287,279,4,2017-12-07,2017-12-10,2017-12-09,1,3,2025-11-24 02:06:42,mysql_database
1288,778,4,2017-12-07,2017-12-10,2017-12-09,3,9,2025-11-24 02:06:42,mysql_database
1289,1292,4,2017-12-08,2017-12-11,2017-12-10,1,3,2025-11-24 02:06:42,mysql_database
1290,967,4,2017-12-08,2017-12-10,2017-12-10,2,6,2025-11-24 02:06:42,mysql_database
1291,1284,4,2017-12-09,2017-12-11,2017-12-12,2,6,2025-11-24 02:06:42,mysql_database
1292,285,4,2017-12-10,2017-12-13,2017-12-11,2,6,2025-11-24 02:06:42,mysql_database
1293,1401,4,2017-12-10,2017-12-12,2017-12-11,2,7,2025-11-24 02:06:42,mysql_database
1294,947,4,2017-12-11,2017-12-13,2017-12-14,1,2,2025-11-24 02:06:42,mysql_database
1295,37,4,2017-12-11,2017-12-12,2017-12-14,2,7,2025-11-24 02:06:42,mysql_database
1296,231,4,2017-12-14,2017-12-17,2017-12-15,1,3,2025-11-24 02:06:42,mysql_database
1297,108,4,2017-12-14,2017-12-17,2017-12-16,2,6,2025-11-24 02:06:42,mysql_database
1298,533,4,2017-12-14,2017-12-17,2017-12-16,3,9,2025-11-24 02:06:42,mysql_database
1299,1216,4,2017-12-15,2017-12-18,2017-12-16,1,2,2025-11-24 02:06:42,mysql_database
1300,824,4,2017-12-15,2017-12-17,2017-12-17,2,6,2025-11-24 02:06:42,mysql_database
1301,1088,4,2017-12-16,2017-12-19,2017-12-19,1,3,2025-11-24 02:06:42,mysql_database
1302,322,4,2017-12-16,2017-12-18,2017-12-19,2,7,2025-11-24 02:06:42,mysql_database
1303,878,4,2017-12-16,2017-12-19,2017-12-18,2,7,2025-11-24 02:06:42,mysql_database
1304,1409,4,2017-12-16,2017-12-17,2017-12-17,2,6,2025-11-24 02:06:42,mysql_database
1305,257,4,2017-12-17,2017-12-19,2017-12-18,2,7,2025-11-24 02:06:42,mysql_database
1306,28,4,2017-12-20,2017-12-21,2017-12-22,2,6,2025-11-24 02:06:42,mysql_database
1307,1384,4,2017-12-22,2017-12-23,2017-12-25,1,2,2025-11-24 02:06:42,mysql_database
1308,713,4,2017-12-22,2017-12-24,2017-12-24,2,7,2025-11-24 02:06:42,mysql_database
1309,821,4,2017-12-22,2017-12-25,2017-12-24,2,6,2025-11-24 02:06:42,mysql_database
1310,444,4,2017-12-24,2017-12-25,2017-12-26,1,3,2025-11-24 02:06:42,mysql_database
1311,1021,4,2017-12-24,2017-12-26,2017-12-27,2,6,2025-11-24 02:06:42,mysql_database
1312,311,4,2017-12-25,2017-12-28,2017-12-26,1,3,2025-11-24 02:06:42,mysql_database
1313,1294,4,2017-12-25,2017-12-27,2017-12-27,1,3,2025-11-24 02:06:42,mysql_database
1314,1027,4,2017-12-25,2017-12-26,2017-12-28,2,7,2025-11-24 02:06:42,mysql_database
1315,931,4,2017-12-25,2017-12-27,2017-12-28,3,9,2025-11-24 02:06:42,mysql_database
1316,846,4,2017-12-26,2017-12-29,2017-12-27,1,3,2025-11-24 02:06:42,mysql_database
1317,418,4,2017-12-27,2017-12-28,2017-12-29,1,3,2025-11-24 02:06:42,mysql_database
1318,75,4,2017-12-27,2017-12-30,2017-12-29,2,6,2025-11-24 02:06:42,mysql_database
1319,604,4,2017-12-27,2017-12-30,2017-12-30,2,6,2025-11-24 02:06:42,mysql_database
1320,244,4,2017-12-28,2017-12-30,2017-12-29,1,3,2025-11-24 02:06:42,mysql_database
1321,217,4,2017-12-30,2017-12-31,2017-12-31,1,3,2025-11-24 02:06:42,mysql_database
1322,39,4,2017-12-31,2018-01-03,2018-01-02,2,7,2025-11-24 02:06:42,mysql_database
1323,273,4,2017-12-31,2018-01-01,2018-01-01,2,6,2025-11-24 02:06:42,mysql_database
1324,862,4,2018-01-01,2018-01-04,2018-01-03,2,6,2025-11-24 02:06:42,mysql_database
1325,68,4,2018-01-01,2018-01-02,2018-01-03,3,8,2025-11-24 02:06:42,mysql_database
1326,567,4,2018-01-01,2018-01-03,2018-01-02,3,9,2025-11-24 02:06:42,mysql_database
1327,1026,4,2018-01-02,2018-01-03,2018-01-05,2,6,2025-11-24 02:06:42,mysql_database
1328,1083,4,2018-01-02,2018-01-03,2018-01-03,2,6,2025-11-24 02:06:42,mysql_database
1329,443,4,2018-01-04,2018-01-05,2018-01-06,1,3,2025-11-24 02:06:42,mysql_database
1330,761,4,2018-01-04,2018-01-05,2018-01-07,2,7,2025-11-24 02:06:42,mysql_database
1331,1122,4,2018-01-05,2018-01-06,2018-01-08,2,6,2025-11-24 02:06:42,mysql_database
1332,256,4,2018-01-06,2018-01-07,2018-01-09,2,7,2025-11-24 02:06:42,mysql_database
1333,203,4,2018-01-06,2018-01-07,2018-01-07,3,8,2025-11-24 02:06:42,mysql_database
1334,425,4,2018-01-07,2018-01-09,2018-01-10,2,6,2025-11-24 02:06:42,mysql_database
1335,955,4,2018-01-07,2018-01-08,2018-01-08,2,7,2025-11-24 02:06:42,mysql_database
1336,904,4,2018-01-09,2018-01-10,2018-01-12,1,2,2025-11-24 02:06:42,mysql_database
1337,970,4,2018-01-09,2018-01-12,2018-01-12,2,7,2025-11-24 02:06:42,mysql_database
1338,905,4,2018-01-10,2018-01-11,2018-01-13,2,6,2025-11-24 02:06:42,mysql_database
1339,580,4,2018-01-11,2018-01-14,2018-01-13,1,3,2025-11-24 02:06:42,mysql_database
1340,1066,4,2018-01-12,2018-01-13,2018-01-13,1,3,2025-11-24 02:06:42,mysql_database
1341,1258,4,2018-01-12,2018-01-13,2018-01-14,2,7,2025-11-24 02:06:42,mysql_database
1342,1393,4,2018-01-12,2018-01-13,2018-01-15,2,7,2025-11-24 02:06:42,mysql_database
1343,594,4,2018-01-13,2018-01-15,2018-01-14,2,6,2025-11-24 02:06:42,mysql_database
1344,916,4,2018-01-13,2018-01-16,2018-01-15,2,6,2025-11-24 02:06:42,mysql_database
1345,1037,4,2018-01-14,2018-01-15,2018-01-15,2,6,2025-11-24 02:06:42,mysql_database
1346,136,4,2018-01-14,2018-01-15,2018-01-15,3,8,2025-11-24 02:06:42,mysql_database
1347,247,4,2018-01-15,2018-01-18,2018-01-18,1,2,2025-11-24 02:06:42,mysql_database
1348,1214,4,2018-01-15,2018-01-17,2018-01-17,1,2,2025-11-24 02:06:42,mysql_database
1349,464,4,2018-01-15,2018-01-17,2018-01-16,2,6,2025-11-24 02:06:42,mysql_database
1350,637,4,2018-01-15,2018-01-18,2018-01-17,2,7,2025-11-24 02:06:42,mysql_database
1351,1016,4,2018-01-16,2018-01-19,2018-01-19,2,7,2025-11-24 02:06:42,mysql_database
1352,1433,4,2018-01-16,2018-01-18,2018-01-18,2,6,2025-11-24 02:06:42,mysql_database
1353,502,4,2018-01-17,2018-01-19,2018-01-18,2,6,2025-11-24 02:06:42,mysql_database
1354,476,4,2018-01-19,2018-01-20,2018-01-21,1,3,2025-11-24 02:06:42,mysql_database
1355,1010,4,2018-01-19,2018-01-21,2018-01-20,2,7,2025-11-24 02:06:42,mysql_database
1356,1161,4,2018-01-19,2018-01-21,2018-01-22,2,6,2025-11-24 02:06:42,mysql_database
1357,440,4,2018-01-20,2018-01-23,2018-01-21,2,6,2025-11-24 02:06:42,mysql_database
1358,253,4,2018-01-21,2018-01-23,2018-01-24,1,2,2025-11-24 02:06:42,mysql_database
1359,1008,4,2018-01-21,2018-01-22,2018-01-22,3,9,2025-11-24 02:06:42,mysql_database
1360,71,4,2018-01-22,2018-01-25,2018-01-24,2,6,2025-11-24 02:06:42,mysql_database
1361,1084,4,2018-01-22,2018-01-24,2018-01-23,2,7,2025-11-24 02:06:42,mysql_database
1362,310,4,2018-01-23,2018-01-24,2018-01-25,2,6,2025-11-24 02:06:42,mysql_database
1363,860,4,2018-01-24,2018-01-25,2018-01-25,2,6,2025-11-24 02:06:42,mysql_database
1364,122,4,2018-01-25,2018-01-28,2018-01-28,2,6,2025-11-24 02:06:42,mysql_database
1365,689,4,2018-01-25,2018-01-28,2018-01-27,2,7,2025-11-24 02:06:42,mysql_database
1366,1441,4,2018-01-26,2018-01-27,2018-01-28,2,6,2025-11-24 02:06:42,mysql_database
1367,1118,4,2018-01-27,2018-01-28,2018-01-28,1,3,2025-11-24 02:06:42,mysql_database
1368,765,4,2018-01-27,2018-01-28,2018-01-29,2,6,2025-11-24 02:06:42,mysql_database
1369,92,4,2018-01-28,2018-01-30,2018-01-30,2,6,2025-11-24 02:06:42,mysql_database
1370,115,4,2018-01-28,2018-01-29,2018-01-29,2,7,2025-11-24 02:06:42,mysql_database
1371,937,4,2018-01-29,2018-01-30,2018-02-01,2,7,2025-11-24 02:06:42,mysql_database
1372,1013,4,2018-01-29,2018-02-01,2018-01-30,2,6,2025-11-24 02:06:42,mysql_database
1373,427,4,2018-01-29,2018-01-31,2018-01-31,3,9,2025-11-24 02:06:42,mysql_database
1374,1330,4,2018-01-30,2018-02-01,2018-02-01,1,3,2025-11-24 02:06:42,mysql_database
1375,312,4,2018-01-30,2018-02-01,2018-02-01,3,8,2025-11-24 02:06:42,mysql_database
1376,1186,4,2018-02-01,2018-02-02,2018-02-03,1,2,2025-11-24 02:06:42,mysql_database
1377,1007,4,2018-02-01,2018-02-03,2018-02-03,2,7,2025-11-24 02:06:42,mysql_database
1378,983,4,2018-02-02,2018-02-05,2018-02-04,1,2,2025-11-24 02:06:42,mysql_database
1379,1256,4,2018-02-02,2018-02-05,2018-02-05,2,6,2025-11-24 02:06:42,mysql_database
1380,818,4,2018-02-05,2018-02-08,2018-02-08,1,3,2025-11-24 02:06:42,mysql_database
1381,680,4,2018-02-05,2018-02-06,2018-02-08,2,7,2025-11-24 02:06:42,mysql_database
1382,1303,4,2018-02-06,2018-02-09,2018-02-08,2,6,2025-11-24 02:06:42,mysql_database
1383,488,4,2018-02-07,2018-02-08,2018-02-08,1,3,2025-11-24 02:06:42,mysql_database
1384,1126,4,2018-02-08,2018-02-10,2018-02-09,2,7,2025-11-24 02:06:42,mysql_database
1385,866,4,2018-02-08,2018-02-11,2018-02-09,3,9,2025-11-24 02:06:42,mysql_database
1386,1254,4,2018-02-09,2018-02-10,2018-02-11,1,2,2025-11-24 02:06:42,mysql_database
1387,11,4,2018-02-09,2018-02-11,2018-02-11,2,7,2025-11-24 02:06:42,mysql_database
1388,323,4,2018-02-09,2018-02-12,2018-02-12,2,7,2025-11-24 02:06:42,mysql_database
1389,491,4,2018-02-11,2018-02-12,2018-02-14,2,7,2025-11-24 02:06:42,mysql_database
1390,63,4,2018-02-12,2018-02-13,2018-02-13,2,7,2025-11-24 02:06:42,mysql_database
1391,914,4,2018-02-13,2018-02-14,2018-02-14,2,7,2025-11-24 02:06:42,mysql_database
1392,1187,4,2018-02-13,2018-02-14,2018-02-14,2,6,2025-11-24 02:06:42,mysql_database
1393,547,4,2018-02-14,2018-02-15,2018-02-15,2,7,2025-11-24 02:06:42,mysql_database
1394,906,4,2018-02-14,2018-02-16,2018-02-16,3,8,2025-11-24 02:06:42,mysql_database
1395,1052,4,2018-02-15,2018-02-18,2018-02-16,1,3,2025-11-24 02:06:42,mysql_database
1396,856,4,2018-02-15,2018-02-18,2018-02-16,2,7,2025-11-24 02:06:42,mysql_database
1397,920,4,2018-02-15,2018-02-17,2018-02-16,2,6,2025-11-24 02:06:42,mysql_database
1398,1383,4,2018-02-16,2018-02-19,2018-02-19,1,3,2025-11-24 02:06:42,mysql_database
1399,146,4,2018-02-16,2018-02-18,2018-02-18,2,6,2025-11-24 02:06:42,mysql_database
1400,987,4,2018-02-17,2018-02-18,2018-02-18,2,6,2025-11-24 02:06:42,mysql_database
1401,15,4,2018-02-18,2018-02-19,2018-02-20,2,7,2025-11-24 02:06:42,mysql_database
1402,1171,4,2018-02-19,2018-02-21,2018-02-21,2,6,2025-11-24 02:06:42,mysql_database
1403,452,4,2018-02-21,2018-02-22,2018-02-22,2,7,2025-11-24 02:06:42,mysql_database
1404,1240,4,2018-02-23,2018-02-26,2018-02-24,1,3,2025-11-24 02:06:42,mysql_database
1405,100,4,2018-02-25,2018-02-28,2018-02-27,2,6,2025-11-24 02:06:42,mysql_database
1406,1053,4,2018-02-25,2018-02-27,2018-02-27,2,7,2025-11-24 02:06:42,mysql_database
1407,18,3,2018-02-26,2018-02-26,,2,6,2025-11-24 02:06:42,mysql_database
1408,1172,4,2018-02-26,2018-02-27,2018-03-01,2,6,2025-11-24 02:06:42,mysql_database
1409,21,4,2018-02-26,2018-02-28,2018-02-28,3,8,2025-11-24 02:06:42,mysql_database
1410,1005,4,2018-02-27,2018-02-28,2018-02-28,2,7,2025-11-24 02:06:42,mysql_database
1411,109,4,2018-03-01,2018-03-02,2018-03-02,1,2,2025-11-24 02:06:42,mysql_database
1412,1043,4,2018-03-01,2018-03-02,2018-03-04,2,7,2025-11-24 02:06:42,mysql_database
1413,56,4,2018-03-01,2018-03-03,2018-03-04,3,8,2025-11-24 02:06:42,mysql_database
1414,293,4,2018-03-03,2018-03-05,2018-03-06,2,7,2025-11-24 02:06:42,mysql_database
1415,839,4,2018-03-03,2018-03-04,2018-03-05,2,7,2025-11-24 02:06:42,mysql_database
1416,566,4,2018-03-03,2018-03-04,2018-03-06,3,8,2025-11-24 02:06:42,mysql_database
1417,300,4,2018-03-04,2018-03-06,2018-03-07,1,2,2025-11-24 02:06:42,mysql_database
1418,364,4,2018-03-04,2018-03-05,2018-03-07,2,6,2025-11-24 02:06:42,mysql_database
1419,474,4,2018-03-04,2018-03-07,2018-03-07,2,6,2025-11-24 02:06:42,mysql_database
1420,838,4,2018-03-04,2018-03-05,2018-03-07,2,7,2025-11-24 02:06:42,mysql_database
1421,1176,4,2018-03-05,2018-03-07,2018-03-07,2,7,2025-11-24 02:06:42,mysql_database
1422,599,4,2018-03-05,2018-03-06,2018-03-08,3,8,2025-11-24 02:06:42,mysql_database
1423,1231,4,2018-03-06,2018-03-07,2018-03-07,1,2,2025-11-24 02:06:42,mysql_database
1424,1445,4,2018-03-07,2018-03-10,2018-03-10,1,2,2025-11-24 02:06:42,mysql_database
1425,126,4,2018-03-07,2018-03-09,2018-03-09,2,6,2025-11-24 02:06:42,mysql_database
1426,938,4,2018-03-07,2018-03-08,2018-03-10,2,6,2025-11-24 02:06:42,mysql_database
1427,999,4,2018-03-07,2018-03-08,2018-03-08,2,6,2025-11-24 02:06:42,mysql_database
1428,195,4,2018-03-08,2018-03-10,2018-03-11,2,7,2025-11-24 02:06:42,mysql_database
1429,1116,4,2018-03-08,2018-03-09,2018-03-09,2,6,2025-11-24 02:06:42,mysql_database
1430,1239,4,2018-03-10,2018-03-13,2018-03-11,2,7,2025-11-24 02:06:42,mysql_database
1431,308,4,2018-03-11,2018-03-12,2018-03-14,2,6,2025-11-24 02:06:42,mysql_database
1432,483,4,2018-03-11,2018-03-12,2018-03-14,2,6,2025-11-24 02:06:42,mysql_database
1433,1142,4,2018-03-11,2018-03-13,2018-03-12,2,7,2025-11-24 02:06:42,mysql_database
1434,595,4,2018-03-14,2018-03-16,2018-03-16,2,6,2025-11-24 02:06:42,mysql_database
1435,744,4,2018-03-14,2018-03-15,2018-03-16,2,6,2025-11-24 02:06:42,mysql_database
1436,1044,4,2018-03-14,2018-03-17,2018-03-16,2,6,2025-11-24 02:06:42,mysql_database
1437,518,4,2018-03-15,2018-03-16,2018-03-16,1,2,2025-11-24 02:06:42,mysql_database
1438,263,4,2018-03-15,2018-03-17,2018-03-16,2,6,2025-11-24 02:06:42,mysql_database
1439,463,4,2018-03-15,2018-03-16,2018-03-17,2,7,2025-11-24 02:06:42,mysql_database
1440,859,4,2018-03-15,2018-03-18,2018-03-16,3,8,2025-11-24 02:06:42,mysql_database
1441,982,4,2018-03-15,2018-03-16,2018-03-18,3,8,2025-11-24 02:06:42,mysql_database
1442,478,4,2018-03-16,2018-03-17,2018-03-17,2,7,2025-11-24 02:06:42,mysql_database
1443,972,4,2018-03-16,2018-03-17,2018-03-17,2,7,2025-11-24 02:06:42,mysql_database
1444,1154,4,2018-03-16,2018-03-17,2018-03-19,2,6,2025-11-24 02:06:42,mysql_database
1445,515,4,2018-03-17,2018-03-18,2018-03-20,2,7,2025-11-24 02:06:42,mysql_database
1446,820,4,2018-03-17,2018-03-18,2018-03-18,2,6,2025-11-24 02:06:42,mysql_database
1447,1419,4,2018-03-18,2018-03-20,2018-03-20,1,3,2025-11-24 02:06:42,mysql_database
1448,228,4,2018-03-18,2018-03-19,2018-03-21,2,6,2025-11-24 02:06:42,mysql_database
1449,330,4,2018-03-18,2018-03-19,2018-03-20,2,7,2025-11-24 02:06:42,mysql_database
1450,296,4,2018-03-19,2018-03-20,2018-03-22,2,7,2025-11-24 02:06:42,mysql_database
1451,822,4,2018-03-19,2018-03-22,2018-03-20,2,6,2025-11-24 02:06:42,mysql_database
1452,287,4,2018-03-20,2018-03-23,2018-03-23,1,3,2025-11-24 02:06:42,mysql_database
1453,601,4,2018-03-20,2018-03-23,2018-03-22,1,3,2025-11-24 02:06:42,mysql_database
1454,395,4,2018-03-20,2018-03-21,2018-03-22,2,6,2025-11-24 02:06:42,mysql_database
1455,405,4,2018-03-20,2018-03-22,2018-03-21,2,6,2025-11-24 02:06:42,mysql_database
1456,754,4,2018-03-20,2018-03-21,2018-03-23,2,7,2025-11-24 02:06:42,mysql_database
1457,1411,4,2018-03-20,2018-03-23,2018-03-23,2,6,2025-11-24 02:06:42,mysql_database
1458,1029,4,2018-03-20,2018-03-22,2018-03-21,3,8,2025-11-24 02:06:42,mysql_database
1459,9,4,2018-03-21,2018-03-22,2018-03-22,2,7,2025-11-24 02:06:42,mysql_database
1460,1131,4,2018-03-21,2018-03-23,2018-03-23,2,7,2025-11-24 02:06:42,mysql_database
1461,139,4,2018-03-22,2018-03-25,2018-03-23,2,6,2025-11-24 02:06:42,mysql_database
1462,1101,4,2018-03-22,2018-03-24,2018-03-24,2,6,2025-11-24 02:06:42,mysql_database
1463,692,4,2018-03-23,2018-03-24,2018-03-24,2,7,2025-11-24 02:06:42,mysql_database
1464,1279,4,2018-03-24,2018-03-25,2018-03-25,2,7,2025-11-24 02:06:42,mysql_database
1465,623,4,2018-03-25,2018-03-28,2018-03-28,2,7,2025-11-24 02:06:42,mysql_database
1466,738,4,2018-03-26,2018-03-29,2018-03-28,1,3,2025-11-24 02:06:42,mysql_database
1467,152,4,2018-03-26,2018-03-27,2018-03-29,2,7,2025-11-24 02:06:42,mysql_database
1468,3,4,2018-03-27,2018-03-30,2018-03-29,1,2,2025-11-24 02:06:42,mysql_database
1469,1135,4,2018-03-27,2018-03-28,2018-03-30,3,8,2025-11-24 02:06:42,mysql_database
1470,505,4,2018-03-28,2018-03-31,2018-03-31,2,7,2025-11-24 02:06:42,mysql_database
1471,1310,4,2018-03-28,2018-03-30,2018-03-29,2,7,2025-11-24 02:06:42,mysql_database
1472,114,4,2018-03-29,2018-03-30,2018-03-31,2,6,2025-11-24 02:06:42,mysql_database
1473,302,4,2018-03-30,2018-04-01,2018-04-02,1,2,2025-11-24 02:06:42,mysql_database
1474,816,4,2018-03-30,2018-04-01,2018-04-02,1,3,2025-11-24 02:06:42,mysql_database
1475,112,4,2018-03-30,2018-04-01,2018-03-31,2,6,2025-11-24 02:06:42,mysql_database
1476,35,4,2018-03-31,2018-04-01,2018-04-01,2,7,2025-11-24 02:06:42,mysql_database
1477,180,4,2018-03-31,2018-04-03,2018-04-01,2,6,2025-11-24 02:06:42,mysql_database
1478,392,4,2018-03-31,2018-04-02,2018-04-02,2,6,2025-11-24 02:06:42,mysql_database
1479,23,2,2018-04-01,2018-04-01,,2,7,2025-11-24 02:06:42,mysql_database
1480,27,2,2018-04-01,2018-04-01,,2,7,2025-11-24 02:06:42,mysql_database
1481,62,1,2018-04-01,2018-04-01,,2,6,2025-11-24 02:06:42,mysql_database
1482,94,1,2018-04-01,2018-04-01,,2,7,2025-11-24 02:06:42,mysql_database
1483,15,1,2018-04-02,2018-04-02,,2,7,2025-11-24 02:06:42,mysql_database
1484,35,2,2018-04-02,2018-04-02,,2,6,2025-11-24 02:06:42,mysql_database
1485,51,2,2018-04-02,2018-04-02,,2,7,2025-11-24 02:06:42,mysql_database
1486,84,2,2018-04-02,2018-04-02,,2,7,2025-11-24 02:06:42,mysql_database
1487,33,1,2018-04-03,2018-04-03,,1,3,2025-11-24 02:06:42,mysql_database
1488,181,2,2018-04-03,2018-04-03,,1,3,2025-11-24 02:06:42,mysql_database
1489,194,1,2018-04-03,2018-04-03,,1,3,2025-11-24 02:06:42,mysql_database
1490,217,2,2018-04-03,2018-04-03,,1,3,2025-11-24 02:06:42,mysql_database
1491,82,1,2018-04-04,2018-04-04,,1,3,2025-11-24 02:06:42,mysql_database
1492,41,1,2018-04-04,2018-04-04,,2,7,2025-11-24 02:06:42,mysql_database
1493,64,2,2018-04-04,2018-04-04,,3,8,2025-11-24 02:06:42,mysql_database
1494,69,2,2018-04-05,2018-04-05,,1,3,2025-11-24 02:06:42,mysql_database
1495,86,2,2018-04-05,2018-04-05,,2,7,2025-11-24 02:06:42,mysql_database
1496,3,1,2018-04-06,2018-04-06,,1,3,2025-11-24 02:06:42,mysql_database
1497,31,2,2018-04-06,2018-04-06,,1,2,2025-11-24 02:06:42,mysql_database
1498,81,1,2018-04-06,2018-04-06,,1,2,2025-11-24 02:06:42,mysql_database
1499,120,2,2018-04-06,2018-04-06,,1,2,2025-11-24 02:06:42,mysql_database
1500,151,2,2018-04-06,2018-04-06,,1,3,2025-11-24 02:06:42,mysql_database
1501,52,1,2018-04-06,2018-04-06,,2,6,2025-11-24 02:06:42,mysql_database
1502,83,2,2018-04-06,2018-04-06,,2,6,2025-11-24 02:06:42,mysql_database
1503,208,2,2018-04-07,2018-04-07,,1,3,2025-11-24 02:06:42,mysql_database
1504,237,2,2018-04-08,2018-04-08,,1,2,2025-11-24 02:06:42,mysql_database
1505,22,1,2018-04-08,2018-04-08,,2,7,2025-11-24 02:06:42,mysql_database
1506,75,1,2018-04-08,2018-04-08,,2,7,2025-11-24 02:06:42,mysql_database
1507,85,2,2018-04-08,2018-04-08,,2,6,2025-11-24 02:06:42,mysql_database
1508,92,2,2018-04-08,2018-04-08,,2,6,2025-11-24 02:06:42,mysql_database
1509,2,1,2018-04-09,2018-04-09,,1,3,2025-11-24 02:06:42,mysql_database
1510,16,2,2018-04-09,2018-04-09,,2,6,2025-11-24 02:06:42,mysql_database
1511,25,1,2018-04-09,2018-04-09,,2,6,2025-11-24 02:06:42,mysql_database
1512,68,1,2018-04-09,2018-04-09,,3,9,2025-11-24 02:06:42,mysql_database
1513,32,2,2018-04-10,2018-04-10,,1,2,2025-11-24 02:06:42,mysql_database
1514,87,2,2018-04-10,2018-04-10,,1,3,2025-11-24 02:06:42,mysql_database
1515,61,1,2018-04-10,2018-04-10,,3,9,2025-11-24 02:06:42,mysql_database
1516,47,2,2018-04-11,2018-04-11,,1,3,2025-11-24 02:06:42,mysql_database
1517,97,1,2018-04-11,2018-04-11,,1,2,2025-11-24 02:06:42,mysql_database
1518,175,1,2018-04-11,2018-04-11,,1,2,2025-11-24 02:06:42,mysql_database
1519,26,2,2018-04-11,2018-04-11,,2,7,2025-11-24 02:06:42,mysql_database
1520,66,2,2018-04-11,2018-04-11,,3,8,2025-11-24 02:06:42,mysql_database
1521,53,1,2018-04-12,2018-04-12,,1,3,2025-11-24 02:06:42,mysql_database
1522,78,1,2018-04-12,2018-04-12,,1,3,2025-11-24 02:06:42,mysql_database
1523,8,1,2018-04-12,2018-04-12,,2,7,2025-11-24 02:06:42,mysql_database
1524,37,1,2018-04-12,2018-04-12,,2,6,2025-11-24 02:06:42,mysql_database
1525,38,2,2018-04-12,2018-04-12,,2,7,2025-11-24 02:06:42,mysql_database
1526,59,2,2018-04-12,2018-04-12,,2,7,2025-11-24 02:06:42,mysql_database
1527,13,2,2018-04-12,2018-04-12,,3,9,2025-11-24 02:06:42,mysql_database
1528,20,1,2018-04-12,2018-04-12,,3,8,2025-11-24 02:06:42,mysql_database
1529,50,1,2018-04-12,2018-04-12,,3,8,2025-11-24 02:06:42,mysql_database
1530,110,1,2018-04-13,2018-04-13,,1,2,2025-11-24 02:06:42,mysql_database
1531,233,1,2018-04-13,2018-04-13,,1,2,2025-11-24 02:06:42,mysql_database
1532,7,2,2018-04-13,2018-04-13,,2,7,2025-11-24 02:06:42,mysql_database
1533,28,2,2018-04-13,2018-04-13,,2,6,2025-11-24 02:06:42,mysql_database
1534,18,2,2018-04-14,2018-04-14,,2,7,2025-11-24 02:06:42,mysql_database
1535,19,2,2018-04-14,2018-04-14,,2,7,2025-11-24 02:06:42,mysql_database
1536,34,2,2018-04-14,2018-04-14,,2,7,2025-11-24 02:06:42,mysql_database
1537,36,1,2018-04-15,2018-04-15,,2,6,2025-11-24 02:06:42,mysql_database
1538,79,2,2018-04-15,2018-04-15,,2,6,2025-11-24 02:06:42,mysql_database
1539,116,1,2018-04-15,2018-04-15,,3,9,2025-11-24 02:06:42,mysql_database
1540,187,1,2018-04-16,2018-04-16,,1,2,2025-11-24 02:06:42,mysql_database
1541,10,2,2018-04-16,2018-04-16,,2,7,2025-11-24 02:06:42,mysql_database
1542,58,2,2018-04-16,2018-04-16,,2,6,2025-11-24 02:06:42,mysql_database
1543,76,1,2018-04-16,2018-04-16,,2,6,2025-11-24 02:06:42,mysql_database
1544,5,1,2018-04-17,2018-04-17,,1,2,2025-11-24 02:06:42,mysql_database
1545,67,1,2018-04-17,2018-04-17,,1,3,2025-11-24 02:06:42,mysql_database
1546,91,2,2018-04-17,2018-04-17,,1,3,2025-11-24 02:06:42,mysql_database
1547,169,1,2018-04-17,2018-04-17,,1,3,2025-11-24 02:06:42,mysql_database
1548,170,1,2018-04-17,2018-04-17,,1,2,2025-11-24 02:06:42,mysql_database
1549,17,1,2018-04-17,2018-04-17,,2,7,2025-11-24 02:06:42,mysql_database
1550,39,1,2018-04-17,2018-04-17,,2,6,2025-11-24 02:06:42,mysql_database
1551,70,1,2018-04-17,2018-04-17,,2,7,2025-11-24 02:06:42,mysql_database
1552,73,1,2018-04-17,2018-04-17,,2,7,2025-11-24 02:06:42,mysql_database
1553,30,2,2018-04-18,2018-04-18,,1,3,2025-11-24 02:06:42,mysql_database
1554,172,1,2018-04-18,2018-04-18,,1,3,2025-11-24 02:06:42,mysql_database
1555,1,1,2018-04-18,2018-04-18,,2,7,2025-11-24 02:06:42,mysql_database
1556,4,2,2018-04-18,2018-04-18,,2,6,2025-11-24 02:06:42,mysql_database
1557,121,2,2018-04-19,2018-04-19,,1,3,2025-11-24 02:06:42,mysql_database
1558,63,1,2018-04-19,2018-04-19,,2,6,2025-11-24 02:06:42,mysql_database
1559,42,2,2018-04-20,2018-04-20,,2,6,2025-11-24 02:06:42,mysql_database
1560,57,1,2018-04-20,2018-04-20,,2,7,2025-11-24 02:06:42,mysql_database
1561,65,2,2018-04-20,2018-04-20,,2,7,2025-11-24 02:06:42,mysql_database
1562,88,1,2018-04-20,2018-04-20,,2,7,2025-11-24 02:06:42,mysql_database
1563,77,2,2018-04-20,2018-04-20,,3,9,2025-11-24 02:06:42,mysql_database
1564,46,1,2018-04-21,2018-04-21,,1,3,2025-11-24 02:06:42,mysql_database
1565,60,2,2018-04-21,2018-04-21,,1,2,2025-11-24 02:06:42,mysql_database
1566,72,1,2018-04-21,2018-04-21,,1,3,2025-11-24 02:06:42,mysql_database
1567,89,2,2018-04-21,2018-04-21,,1,2,2025-11-24 02:06:42,mysql_database
1568,192,2,2018-04-21,2018-04-21,,1,3,2025-11-24 02:06:42,mysql_database
1569,29,2,2018-04-22,2018-04-22,,2,7,2025-11-24 02:06:42,mysql_database
1570,54,2,2018-04-22,2018-04-22,,2,7,2025-11-24 02:06:42,mysql_database
1571,80,1,2018-04-22,2018-04-22,,2,7,2025-11-24 02:06:42,mysql_database
1572,14,1,2018-04-22,2018-04-22,,3,9,2025-11-24 02:06:42,mysql_database
1573,24,2,2018-04-23,2018-04-23,,1,2,2025-11-24 02:06:42,mysql_database
1574,124,1,2018-04-23,2018-04-23,,1,2,2025-11-24 02:06:42,mysql_database
1575,224,2,2018-04-23,2018-04-23,,1,3,2025-11-24 02:06:42,mysql_database
1576,12,2,2018-04-23,2018-04-23,,2,7,2025-11-24 02:06:42,mysql_database
1577,48,1,2018-04-23,2018-04-23,,2,7,2025-11-24 02:06:42,mysql_database
1578,93,2,2018-04-23,2018-04-23,,2,7,2025-11-24 02:06:42,mysql_database
1579,104,2,2018-04-24,2018-04-24,,1,2,2025-11-24 02:06:42,mysql_database
1580,191,2,2018-04-24,2018-04-24,,1,2,2025-11-24 02:06:42,mysql_database
1581,188,2,2018-04-25,2018-04-25,,1,2,2025-11-24 02:06:42,mysql_database
1582,240,1,2018-04-25,2018-04-25,,1,3,2025-11-24 02:06:42,mysql_database
1583,44,1,2018-04-25,2018-04-25,,2,6,2025-11-24 02:06:42,mysql_database
1584,109,2,2018-04-26,2018-04-26,,1,3,2025-11-24 02:06:42,mysql_database
1585,157,1,2018-04-26,2018-04-26,,1,3,2025-11-24 02:06:42,mysql_database
1586,176,1,2018-04-26,2018-04-26,,1,2,2025-11-24 02:06:42,mysql_database
1587,231,2,2018-04-26,2018-04-26,,1,2,2025-11-24 02:06:42,mysql_database
1588,11,1,2018-04-26,2018-04-26,,2,6,2025-11-24 02:06:42,mysql_database
1589,40,2,2018-04-27,2018-04-27,,1,3,2025-11-24 02:06:42,mysql_database
1590,138,1,2018-04-27,2018-04-27,,1,3,2025-11-24 02:06:42,mysql_database
1591,165,2,2018-04-27,2018-04-27,,1,2,2025-11-24 02:06:42,mysql_database
1592,6,2,2018-04-27,2018-04-27,,2,7,2025-11-24 02:06:42,mysql_database
1593,9,1,2018-04-27,2018-04-27,,2,6,2025-11-24 02:06:42,mysql_database
1594,45,1,2018-04-28,2018-04-28,,2,7,2025-11-24 02:06:42,mysql_database
1595,71,2,2018-04-28,2018-04-28,,2,7,2025-11-24 02:06:42,mysql_database
1596,21,2,2018-04-28,2018-04-28,,3,8,2025-11-24 02:06:42,mysql_database
1597,56,1,2018-04-28,2018-04-28,,3,9,2025-11-24 02:06:42,mysql_database
1598,239,2,2018-04-29,2018-04-29,,1,3,2025-11-24 02:06:42,mysql_database
1599,49,1,2018-04-29,2018-04-29,,2,7,2025-11-24 02:06:42,mysql_database
1600,90,1,2018-04-29,2018-04-29,,2,6,2025-11-24 02:06:42,mysql_database
1601,43,1,2018-04-29,2018-04-29,,3,8,2025-11-24 02:06:42,mysql_database
1602,55,1,2018-04-30,2018-04-30,,2,6,2025-11-24 02:06:42,mysql_database
1603,74,2,2018-04-30,2018-04-30,,2,6,2025-11-24 02:06:42,mysql_database
1604,7,3,2018-06-17,2018-06-17,,2,7,2025-11-24 02:06:42,mysql_database
1605,123,3,2018-07-01,2018-07-01,,3,8,2025-11-24 02:06:42,mysql_database
1606,119,3,2018-07-10,2018-07-10,,3,8,2025-11-24 02:06:42,mysql_database
1607,33,3,2018-07-11,2018-07-11,,1,2,2025-11-24 02:06:42,mysql_database
1608,53,3,2018-07-12,2018-07-12,,1,2,2025-11-24 02:06:42,mysql_database
1609,10,3,2018-08-23,2018-08-23,,2,7,2025-11-24 02:06:42,mysql_database
1610,15,3,2018-08-25,2018-08-25,,2,7,2025-11-24 02:06:42,mysql_database
1611,6,3,2018-09-06,2018-09-06,,2,7,2025-11-24 02:06:42,mysql_database
1612,3,3,2018-10-21,2018-10-21,,1,3,2025-11-24 02:06:42,mysql_database
1613,1,3,2018-11-18,2018-11-18,,2,6,2025-11-24 02:06:42,mysql_database
1614,135,3,2018-11-28,2018-11-28,,3,8,2025-11-24 02:06:42,mysql_database
1615,136,3,2018-12-28,2018-12-28,,3,8,2025-11-24 02:06:42,mysql_database
